id,title,author,published_year,journal,abstract_lang,status,role_codes,env_codes,dropped_by_cap,focus,rationale,full_agreement,error_runs,run_details
ART000860737,온라인 브랜드 공동체 의식이 브랜드 커뮤니티 동일시와 브랜드 태도에 미치는 영향에 관한 연구,서문식(부산대학교),2003,마케팅관리연구,none,NO_ABSTRACT,,,,,초록 없음 (KOR_ABST/ENG_ABST 둘 다 없음),,,
ART001039391,A Study of the Factors Influencing WOM Effects in Online Environments,임종원(서울대학교),2007,아시아마케팅저널,kor,OK,ROLE_FIELD_SOCIALCAPITAL,,run1:없음,"이 논문은 온라인 커뮤니티를 관계·담론이 형성되는 장으로 삼아, 커뮤니티 내 정보 특성(합의, 생생함, 상호작용, 접근성, 유연성)이 WOM 효과에 미치는 메커니즘을 분석한다.","논문은 온라인 커뮤니티를 관계·담론이 형성되는 장으로 보고, 정보 특성이 WOM에 미치는 메커니즘을 분석하므로 관계·연결(사회적 자본) 관점이 가장 부합한다.",True,0/1,run1:ROLE_FIELD_SOCIALCAPITAL
ART000861501,온라인 커뮤니티에서의 공동체 의식이 웹사이트 충성도와 구매의도에 미치는 영향에 관한 연구,박성연(이화여자대학교),2003,경영학연구,kor,OK,ROLE_FIELD_SOCIALCAPITAL,,run1:없음,"이 논문은 온라인 커뮤니티를 관계·담론이 형성되는 장으로 삼아, 그 안에서 형성된 공동체 의식이 웹사이트 충성도와 구매 의도에 미치는 영향을 실증적으로 분석한다.","논문은 온라인 커뮤니티 내에서 형성된 공동체 의식(관계·담론)과 그 효과를 분석하므로, 관계적 자원인 사회적 자본(SOCIALCAPITAL) 역할에 해당한다; 다른 ROLE 및 ENV 코드들은 문장에 근거가 없으므로 낮은 확률로 미부여 처리한다.",True,0/1,run1:ROLE_FIELD_SOCIALCAPITAL
ART000882921,온라인 커뮤니티 마케팅 활동과 친커뮤니티 행동간의 관계에 있어서 몰입의 매개역할,김재욱(고려대학교),2002,마케팅연구,none,NO_ABSTRACT,,,,,초록 없음 (KOR_ABST/ENG_ABST 둘 다 없음),,,
ART001240888,온라인 커뮤니티에서 자기표현 욕구의 영향요인과 디지털 아이템 구매의도에 미치는 효과,고준(전남대학교),2008,Asia Pacific Journal of Information Systems,kor,ERR,,,run1:없음,"이 논문은 온라인 커뮤니티를 사용자가 자기표현과 소속감 욕구를 충족하기 위해 디지털 아이템을 구매하는 동기를 분석하는 장으로 삼아, 자기표현 필요성, 혁신성, 집단 규범, 참여도가 구매 의도에 미치는 영향을 조사한다.","본문은 온라인 커뮤니티를 자기표현·소속감 충족을 위한 구매 동기 분석의 맥락으로만 사용하며, 공론장·관계자원·정치·젠더·혐오·기타 사회현상·커뮤니티 구조·운영·인구통계·생애주기·익명성 등에 대한 논의가 전혀 없으므로 모든 코드가 미부여로 평가된다.",True,1/1,run1:없음
ART001174270,온라인 커뮤니티에서 개인의 참여 동기와 사회적 영향 요인이 몰입에 미치는 영향,이문봉(동의대학교),2005,정보시스템연구,eng,OK,ROLE_FIELD_SOCIALCAPITAL,,run1:없음,"이 논문은 온라인 커뮤니티를 관계·담론이 형성되는 공간으로 삼아, 개인의 참여 동기와 사회적 영향 요인이 사용자의 태도적·행동적 몰입에 미치는 영향을 분석한다.","논문은 온라인 커뮤니티를 관계·담론이 형성되는 공간으로 보고, 사회적 영향 요인이 사용자 몰입에 미치는 효과를 분석하므로, 커뮤니티 내 관계적 자원(신뢰·연대·네트워크) 형성을 다루는 ROLE_FIELD_SOCIALCAPITAL에 가장 부합한다.",True,0/1,run1:ROLE_FIELD_SOCIALCAPITAL
ART001484348,"온라인 관광 구전정보 품질과 신뢰성, 커뮤니티 상호작용성이 구전정보의 유용성과 구전효과에 미치는 영향",김나은(세종대학교),2010,서비스경영학회지,kor,ERR,,,run1:없음,이 논문은 온라인 관광 커뮤니티 내에서 전자 구전(e‑WOM) 특성과 커뮤니티 상호작용이 구전 정보의 유용성과 효과에 미치는 영향을 분석한다.,"본 초점 문장은 온라인 관광 커뮤니티를 e‑WOM 특성과 상호작용 효과를 분석하는 대상(내부 메커니즘)으로만 다루며, 공론장 역할, 사회적 관계 자원, 정치·젠더·혐오 등 외부 사회현상, 혹은 회원제·거버넌스·인구통계·생애주기·익명성 등 환경적 변수를 검토한다는 언급이 전혀 없으므로 모든 코드에 대해 부여되지 않는다.",True,1/1,run1:없음
ART001255675,"온라인 커뮤니티에서 사회적 영향이 플로우, 지각된 유용성, 이용의도에 미치는 영향: 싸이월드를 중심으로",유일(순천대학교),2008,정보시스템연구,kor,OK,ROLE_FIELD_SOCIALCAPITAL,,run1:없음,"이 논문은 사이월드라는 온라인 커뮤니티를 사용자의 사회적 영향, 흐름 경험, 인지된 유용성 및 이용 의도와의 관계를 분석함으로써, 커뮤니티 내에서 개인의 행동과 인식이 어떻게 형성되는지를 조사한다.","논문은 온라인 커뮤니티가 사용자의 사회적 영향과 인식 형성에 미치는 역할을 분석하므로, 관계·연대·신뢰와 같은 사회적 자원의 형성을 다루는 FIELD_SOCIALCAPITAL에 해당한다.",True,0/1,run1:ROLE_FIELD_SOCIALCAPITAL
ART001050092,온라인 커뮤니티 몰입에 미치는 영향 연구: 만족과 커뮤니티 신뢰를 매개로,문영주(공주대학교),2007,정보시스템연구,eng,OK,ROLE_FIELD_SOCIALCAPITAL,,run1:없음,"이 논문은 온라인 커뮤니티를 관계·담론이 형성되는 공간으로 삼아, 사회적 존재감이 유용성·사용용이성·재미성·만족도·커뮤니티 신뢰 등에 미치는 영향을 분석하고, 이들이 커뮤니티 흐름에 어떻게 기여하는지를 조사한다.","초점 문장은 온라인 커뮤니티를 관계·담론이 형성되는 공간으로 보고, 사회적 존재감이 커뮤니티 신뢰 등 관계적 자원에 미치는 영향을 분석하므로, 사회적 자원(신뢰·연대·네트워크) 형성을 다루는 FIELD_SOCIALCAPITAL 코드가 가장 부합한다.",True,0/1,run1:ROLE_FIELD_SOCIALCAPITAL
ART001159097,온라인 커뮤니티와 고객충성도의 관계에 관한 연구: 온라인 커뮤니티 의식의 매개변수적 역할을 중심으로,김상욱(중앙대학교),2004,마케팅관리연구,kor,OK,ROLE_FIELD_SOCIALCAPITAL,,run1:없음,"이 논문은 온라인 커뮤니티를 관계·담론이 형성되는 장으로 삼아, 관리활동이 커뮤니티 의식이라는 매개변수를 통해 고객 충성도라는 결과변수에 미치는 영향을 분석한다.","논문은 온라인 커뮤니티를 관계·담론이 형성되는 장으로 설정해 커뮤니티 의식이라는 관계적 자원이 고객 충성도에 미치는 영향을 분석하므로, ROLE_FIELD_SOCIALCAPITAL 코드가 가장 적합하다.",True,0/1,run1:ROLE_FIELD_SOCIALCAPITAL
ART001316437,온라인 커뮤니티 활동과 개인 특성이 구전 효과에 미치는 영향에 관한 연구,이선로(연세대학교),2008,경영학연구,kor,ERR,,,run1:없음,"이 논문은 온라인 커뮤니티를 관계·담론이 형성되는 장으로 삼아, 커뮤니티 의식과 구전 정보의 효용성이 구전 효과에 미치는 영향을 분석한다.","제시된 초점 문장에서는 온라인 커뮤니티를 관계·담론이 형성되는 장으로만 언급하고, 공론장 역할, 사회적 양극화·젠더·혐오 등 외부 현상, 혹은 회원제·거버넌스·인구통계·생애주기·익명성 등에 대한 비교·분석 내용이 전혀 나타나지 않으므로 모든 코드에 대해 근거가 부족해 확률을 낮게 설정하였다.",True,1/1,run1:없음
ART001158893,온라인 브랜드 커뮤니티의 활동 및 유형이 브랜드 충성도에 미치는 영향,한상린(한양대학교),2006,마케팅관리연구,kor,OK,ROLE_FIELD_SOCIALCAPITAL,,run1:없음,"이 논문은 온라인 브랜드 커뮤니티를 기업이 고객에게 얻고자 하는 브랜드 충성도를 높이는 수단으로 삼아, 커뮤니티 내 활동과 유형이 충성도에 미치는 영향을 정량적으로 분석한다.",논문은 온라인 브랜드 커뮤니티가 고객 충성도를 높이는 관계적 자원(신뢰·연대·네트워크)으로 작용한다는 점을 정량적으로 분석하므로 ROLE_FIELD_SOCIALCAPITAL에 가장 부합한다.,True,0/1,run1:ROLE_FIELD_SOCIALCAPITAL
ART001456717,온라인 커뮤니티의 중심성 변화에 대한 탐색적 연구 : 사회연결망 분석을 이용하여,배순한(한양대학교),2010,지식경영연구,kor,OK,ROLE_FIELD_SOCIALCAPITAL,,run1:없음,"이 논문은 온라인 커뮤니티를 관계·담론이 형성·변화하는 장으로 삼아, 사회연결망 분석을 통해 참여자 간 관계와 중심성의 시간적 변화를 탐색한다.","논문은 온라인 커뮤니티를 관계·담론이 형성·변화하는 공간으로 보고, 사회연결망 분석을 통해 참여자 간 관계와 중심성의 시간적 변화를 탐구하므로 ROLE_FIELD_SOCIALCAPITAL에 가장 부합한다.",True,0/1,run1:ROLE_FIELD_SOCIALCAPITAL
ART001167276,패션 온라인 커뮤니티 특성이 브랜드 충성도에 미치는 영향: 라이프스타일 집단 간 비교,고은주(연세대학교),2006,Journal of Global Scholars of Marketing Science(마케팅과학연구),kor,OK,ROLE_FIELD_SOCIALCAPITAL,,run1:없음,"이 논문은 패션 온라인 커뮤니티를 마케팅 전략의 대상이자 관계·담론이 형성되는 장으로 삼아, 상호작용성·정보제공성·흥미제공성 등 커뮤니티 특성이 라이프스타일 집단별 브랜드 충성도에 미치는 영향을 분석한다.","논문은 온라인 커뮤니티를 관계·담론이 형성되는 장으로 보고, 그 특성이 브랜드 충성도에 미치는 영향을 분석하므로 관계·담론 기반의 사회적 자원(ROLE_FIELD_SOCIALCAPITAL)에 해당한다; 공론장, 정치·젠더·혐오 등 외부 현상, 그리고 커뮤니티의 제도·인구통계·생애주기·익명성 등 환경 요인에 대한 언급이 없으므로 다른 코드는 낮은 확률로 미부여 처리한다.",True,0/1,run1:ROLE_FIELD_SOCIALCAPITAL
ART001847093,온라인 사용 후기 유형에 따른 정보 유용성 및 제품태도에 미치는 영향력의 차이 : 온라인 브랜드 커뮤니티 유형과 자기 감시성의 조절효과를 중심으로,정효진(경북대학교),2014,마케팅관리연구,kor,ERR,,,run1:없음,"이 논문은 온라인 브랜드 커뮤니티를 소비자 리뷰가 생성·교환되는 장으로 삼아, 리뷰 유형이 정보 유용성과 제품 태도에 미치는 영향을 분석하고, 커뮤니티 유형과 자기 감시성이 그 관계를 어떻게 조절하는지를 조사한다.","제시된 초점 문장은 온라인 커뮤니티를 리뷰 교환의 장으로 활용하고 효과와 조절 변수를 분석한다는 내용만 포함하며, 공론장, 사회적 자본, 정치·젠더·혐오 등 외부 사회현상, 혹은 커뮤니티의 회원제·거버넌스·인구통계·생애주기·익명성 등 환경적 특성을 다루는 근거가 전혀 없으므로 모든 코드에 대해 부여 기준을 충족하지 않는다.",True,1/1,run1:없음
ART001221165,사용자의 인지욕구 특성이 온라인 커뮤니티 충성도와 브랜드 태도에 미치는 영향에 관한 연구,이선로(연세대학교),2007,Asia Pacific Journal of Information Systems,kor,OK,ROLE_FIELD_SOCIALCAPITAL,,run1:없음,"이 논문은 온라인 브랜드 커뮤니티를 관계·담론이 형성되는 장으로 삼아, 사용자의 인지욕구(NFC)와 커뮤니티 제공 서비스(상호작용, 정보, 보상, 개인화)가 커뮤니티 소속감, 충성도, 그리고 브랜드 태도에 미치는 영향을 분석한다.","논문은 온라인 브랜드 커뮤니티를 관계·담론이 형성되는 장으로 설정하고, 소속감·충성도·브랜드 태도와 같은 관계적 결과를 분석하므로 ROLE_FIELD_SOCIALCAPITAL에 가장 부합한다.",True,0/1,run1:ROLE_FIELD_SOCIALCAPITAL
ART001002603,"한국과 일본 온라인 게이머의 게임 만족도, 신뢰도, 온라인 게임커뮤니티 인식에 관한 실증적 비교연구: 멀티그룹 공분산 구조분석을 중심으로",엄명용(성균관대학교),2006,Asia Pacific Journal of Information Systems,eng,OK,ROLE_FIELD_SOCIALCAPITAL,,run1:없음,"이 논문은 온라인 게임 커뮤니티를 게이머들의 만족도·신뢰도·사회적 평판 등에 영향을 미치는 요인으로 삼아, 한국과 일본 게이머 간의 이러한 관계와 차이를 실증적으로 분석한다.","논문은 온라인 게임 커뮤니티가 만족도·신뢰도·사회적 평판에 미치는 영향을 분석함으로써 관계적 자원(신뢰·연대) 형성을 다루며, 이는 ROLE_FIELD_SOCIALCAPITAL에 해당한다.",True,0/1,run1:ROLE_FIELD_SOCIALCAPITAL
ART001140393,온라인 커뮤니티 형성과 유지에 관한 연구-규범적 몰입과 감성적 몰입의 매개역할을 중심으로-,강명수(한성대학교),2005,대한경영학회지,kor,OK,ROLE_FIELD_SOCIALCAPITAL,,run1:없음,"이 논문은 온라인 커뮤니티를 기업과 고객 간 관계·참여가 형성·유지되는 장으로 삼아, 규범적·감성적 몰입과 상호작용·공유·책임·의례전통이 재방문 의도와 참여 의도에 미치는 영향을 분석한다.","논문은 온라인 커뮤니티를 기업‑고객 관계·참여가 형성·유지되는 공간으로 보고, 이 관계적 자원의 효과(재방문·참여 의도)를 분석하므로 ROLE_FIELD_SOCIALCAPITAL에 해당한다; 다른 ROLE 및 ENV 코드는 문장에 근거가 없으므로 미부여로 평가한다.",True,0/1,run1:ROLE_FIELD_SOCIALCAPITAL
ART001005547,온라인 커뮤니티기반 블로그 활동에 영향을 미치는프라이버시 정보의 유형과 조절변수 연구,신지영(이화여자대학교),2006,경영학연구,kor,ERR,,,run1:없음,"이 논문은 온라인 블로그를 개인 정보 교환과 프라이버시 우려가 발생하는 관계·담론 형성의 장으로 삼아, 어떤 유형의 개인정보가 교환되는지와 그 교환이 프라이버시 염려에 미치는 부정적 영향을 조절변수를 통해 분석한다.","주어진 문장은 온라인 블로그를 개인 정보 교환과 프라이버시 우려가 발생하는 관계·담론 형성의 장으로만 언급하고, 공론장, 사회적 자원, 정치·젠더·혐오 현상, 혹은 커뮤니티의 구조·운영·인구통계·생애주기·익명성 등에 대한 분석을 제시하지 않는다.",True,1/1,run1:없음
ART001870234,"온라인 여행 커뮤니티에서 지각된 가치와 정보공유 만족의 결정요인에 관한 연구: 개인의 혁신성, 혁신저항, 전문성",정남호(경희대학교),2014,고객만족경영연구,kor,OK,ROLE_FIELD_SOCIALCAPITAL,,run1:없음,"이 논문은 온라인 여행 커뮤니티를 관계·담론이 형성되는 장으로 삼아, 개인의 혁신성·전문성·혁신저항이 지각된 가치와 정보공유 만족에 미치는 영향을 분석한다.","논문은 온라인 여행 커뮤니티를 관계·담론이 형성되는 장으로 활용해 개인 특성이 지각된 가치와 정보공유 만족에 미치는 영향을 분석하므로, 관계·담론 형성이라는 사회적 자원(사회적 자본) 관점이 가장 부합한다.",True,0/1,run1:ROLE_FIELD_SOCIALCAPITAL
ART001593397,소셜네트워크 연결밀도와 중심성에 따른 소셜쇼핑 구매의도의 차이 -온라인커뮤니티와 SNS를 중심으로-,천명환(목원대학교),2011,경영과 정보연구,kor,ERR,,,run1:없음,"이 논문은 온라인 커뮤니티와 SNS를 구조적 특성(연결밀도·중심성)이라는 환경 조건으로 비교하면서, 이러한 네트워크 구조가 소셜쇼핑 구매 의도에 미치는 영향을 분석한다.","제시된 문장은 네트워크 구조와 구매 의도 간의 관계를 분석하는 데 초점을 맞추고 있어, 공론장·관계자원·정치·젠더·혐오·기타 사회현상·회원제·운영·인구통계·생애주기·익명성 등 11개 코드와는 직접적인 연관성이 없으므로 모두 미부여로 판단한다.",True,1/1,run1:없음
ART000953287,"온라인 커뮤니티에서 공동체의식과 관계의 질, 고객충성도간의 관계에 관한 연구 : 만족, 신뢰, 몰입의 매개효과를 중심으로",최혁라(순천대학교),2005,Journal of Information Technology Applications & Management,eng,OK,ROLE_FIELD_SOCIALCAPITAL,,run1:없음,"이 논문은 온라인 커뮤니티를 관계·담론이 형성되는 공간으로 삼아, 공동체 의식이 관계의 질에 미치는 영향과 그 관계가 고객 충성도로 이어지는 과정을 분석한다.","논문은 온라인 커뮤니티를 관계·담론이 형성되는 공간으로 보고, 공동체 의식이 관계의 질과 고객 충성도에 미치는 영향을 분석하므로 사회적 자원(신뢰·연대·네트워크) 형성을 다루는 ROLE_FIELD_SOCIALCAPITAL에 해당한다; 다른 ROLE 및 ENV 코드는 초점 문장에 근거가 없으므로 미부여로 평가한다.",True,0/1,run1:ROLE_FIELD_SOCIALCAPITAL
ART001104517,온라인 브랜드 커뮤니티의 이용 동기에 대한 해석주의적 연구,강태중(중앙대학교),2005,광고연구,kor,ERR,,,run1:없음,"이 논문은 온라인 브랜드 커뮤니티를 관계·담론이 형성되는 공간으로 보고, 구성원들의 심리적 이용 동기와 그 특성을 해석주의적 방법으로 분석한다.","논문은 온라인 브랜드 커뮤니티를 관계와 담론이 형성되는 내부 공간으로만 다루며, 공론장 역할, 사회적 자원 형성, 외부 사회현상(정치·젠더·혐오 등) 또는 커뮤니티 구조·운영·인구통계·생애주기·익명성 비교와 같은 요소들을 분석 대상으로 삼지 않는다.",True,1/1,run1:없음
ART001904581,경험수집 소비행동에 대한 통합적 연구,이수현(서울대학교),2014,소비자학연구,kor,ERR,,,run1:없음,"이 논문은 경험수집 행동을 분석하고, SNS·온라인 커뮤니티를 경험 공유와 확산의 수단으로 언급한다.","논문은 온라인 커뮤니티를 경험 공유와 확산의 도구로만 언급하고, 공론장, 사회자본, 정치·젠더·혐오 등 특정 사회현상이나 커뮤니티 자체의 역할·구조를 분석하지 않으므로 모든 코드에 해당하지 않는다.",True,1/1,run1:없음
ART001002523,온라인 게이머의 라이프스타일에 관한 탐색적 연구 : 비게이머와의 비교 및 게이머 세분시장별 비교,김정구(성균관대학교),2003,경영학연구,kor,OK,ROLE_FIELD_SOCIALCAPITAL,,run1:없음,"이 논문은 온라인 게이머 집단을 연구 대상으로 삼아, 그들의 라이프스타일과 세분시장별 특성을 분석하고, 사회적 상호작용·플로우·마케팅 요인 등이 게임 애호도에 미치는 영향을 조사한다.","논문은 온라인 게이머 집단 내부의 사회적 상호작용과 흐름, 마케팅 요인이 게임 애호도에 미치는 영향을 분석하므로, 커뮤니티 내 관계·자원의 형성을 다루는 FIELD_SOCIALCAPITAL에 가장 부합한다.",True,0/1,run1:ROLE_FIELD_SOCIALCAPITAL
ART001081741,"여행도매업체 온라인 브랜드 커뮤니티 특성이 커뮤니티 의식, 커뮤니티 충성도와 브랜드 태도에 미치는 영향 연구",천민호(동양공업전문대학 관광경영학과),2007,서비스경영학회지,eng,OK,ROLE_FIELD_SOCIALCAPITAL,,run1:없음,"이 논문은 온라인 브랜드 커뮤니티를 관계·담론이 형성되는 장으로 보고, 그 특성이 커뮤니티 의식, 충성도 및 브랜드 태도에 미치는 영향을 분석한다.","논문은 온라인 브랜드 커뮤니티를 관계·담론이 형성되는 장으로 보며, 이는 이용자 간 신뢰·연대·네트워크와 같은 사회적 자원의 형성을 의미하므로 ROLE_FIELD_SOCIALCAPITAL에 부여한다.",True,0/1,run1:ROLE_FIELD_SOCIALCAPITAL
ART001351065,온라인 커뮤니티에서 조직시민행동의 영향요인이 지식공헌에 미치는 영향,김경규(연세대학교),2009,지식경영연구,eng,OK,ROLE_FIELD_SOCIALCAPITAL,,run1:없음,"이 논문은 온라인 커뮤니티를 관계·담론이 형성되는 공간으로 삼아, 조직시민행동과 친밀성·감정 유사성이 지식공헌에 미치는 영향을 분석한다.","논문은 온라인 커뮤니티를 관계·담론이 형성되는 공간으로 설정하고, 조직시민행동·친밀성·감정 유사성이 지식공헌에 미치는 영향을 분석하므로, 이용자 간 신뢰·연대·네트워크와 같은 관계적 자원의 형성과 효과를 다루는 FIELD_SOCIALCAPITAL에 가장 부합한다.",True,0/1,run1:ROLE_FIELD_SOCIALCAPITAL
ART001318356,온라인 커뮤니티의 신뢰형성이 구매의도에 미치는 영향,문영주(공주대학교),2008,전자상거래학회지,kor,OK,ROLE_FIELD_SOCIALCAPITAL,,run1:없음,"이 논문은 온라인 커뮤니티를 관계·담론이 형성되는 공간으로 삼아, 커뮤니티 명성·사회적 실재감·즐거움이 신뢰 형성에 미치는 요인을 분석하고, 그 신뢰가 구매 의도에 미치는 영향을 조사한다.","논문은 온라인 커뮤니티를 관계·담론이 형성되는 공간으로 보고, 명성·사회적 실재감·즐거움이 신뢰를 형성하고 구매 의도에 영향을 미치는 과정을 분석하므로 사회적 자본(신뢰) 역할에 해당한다.",True,0/1,run1:ROLE_FIELD_SOCIALCAPITAL
ART001676790,"온라인 커뮤니티 시민행동, 신뢰, 보상이 정보공헌에 미치는 영향",강재정(제주대학교),2012,인터넷전자상거래연구,kor,OK,ROLE_FIELD_SOCIALCAPITAL,,run1:없음,"이 논문은 온라인 커뮤니티를 관계·담론이 형성되는 장으로 삼아, 시민행동, 신뢰, 보상이 정보공헌에 미치는 직접적·조절적 영향을 분석한다.","논문은 온라인 커뮤니티를 관계·담론이 형성되는 공간으로 보고 신뢰와 보상의 정보공헌 효과를 분석하므로, 사회적 자원(신뢰·연대) 형성을 다루는 ROLE_FIELD_SOCIALCAPITAL 코드에 가장 부합한다.",True,0/1,run1:ROLE_FIELD_SOCIALCAPITAL
ART001654168,사회 네트워크 분석기법을 이용한 온라인 공동체의 네트워크 구조 탐색,김병석(한양대학교),2012,Entrue Journal of Information Technology,kor,OK,ROLE_FIELD_SOCIALCAPITAL,,run1:없음,"이 논문은 온라인 공동체를 관계·담론이 형성되는 장으로 삼아, 참여자 간 상호작용 패턴과 네트워크 구조의 변화를 사회네트워크 분석을 통해 탐색하고, 이러한 구조 변천이 정치·경제·문화 등 외부 사회현상에 미치는 영향을 함께 설명한다.","논문은 온라인 공동체를 관계·담론이 형성되는 장으로 분석하고 네트워크 구조 변화를 탐색하므로, 관계적 자원(신뢰·연대·네트워크) 형성에 초점을 둔 ROLE_FIELD_SOCIALCAPITAL이 가장 부합한다.",True,0/1,run1:ROLE_FIELD_SOCIALCAPITAL
ART001589977,온라인 브랜드 커뮤니티 몰입이 브랜드 충성도에 미치는 영향,곽기영(국민대학교),2011,한국경영과학회지,kor,OK,ROLE_FIELD_SOCIALCAPITAL,,run1:없음,"이 논문은 온라인 브랜드 커뮤니티를 관계·담론이 형성되는 공간으로 삼아, 상호작용·목적·놀이성·보상이라는 요인이 커뮤니티 몰입을 촉진하고, 그 몰입이 사회정체성 이론 관점에서 브랜드 충성도에 미치는 영향을 분석한다.","논문은 온라인 브랜드 커뮤니티를 관계와 담론이 형성되는 공간으로 보고, 상호작용·목적·놀이성·보상이 몰입을 촉진한다는 점에서 커뮤니티 내 관계적 자원(신뢰·연대·네트워크)의 형성과 효과를 분석하므로 ROLE_FIELD_SOCIALCAPITAL 코드에 부합한다.",True,0/1,run1:ROLE_FIELD_SOCIALCAPITAL
ART001463025,"라인 브랜드 커뮤니티의 이용 동기, 플로우(Flow), 커뮤니티 동일시, 브랜드 애착 간의 구조적 관계에 관한 연구",한광석(남서울대학교),2010,경영과 정보연구,kor,OK,ROLE_FIELD_SOCIALCAPITAL,,run1:없음,"이 논문은 온라인 브랜드 커뮤니티를 관계·담론이 형성되는 장으로 삼아, 이용 동기가 플로우와 커뮤니티 동일시, 그리고 브랜드 애착에 미치는 구조적 관계를 분석한다.","논문은 온라인 브랜드 커뮤니티를 관계·담론이 형성되는 장으로 설정해 그 내부의 관계적 자원(사회적 자본)과 이용 동기의 구조적 영향을 분석하므로 ROLE_FIELD_SOCIALCAPITAL에 높은 확률을 부여하고, 공론장, 정치·젠더·혐오 등 외부 현상(윈도우)이나 커뮤니티 환경 요인에 대한 언급이 없으므로 나머지 코드는 낮은 확률로 미부여 처리한다.",True,0/1,run1:ROLE_FIELD_SOCIALCAPITAL
ART002058437,온라인 커뮤니티에서 개인의 감정과 공동체의식(SOVC)이 사용자의 지식공유의도에 미치는 영향에 관한 실증연구,전현규(성균관대학교),2015,경영학연구,kor,OK,ROLE_FIELD_SOCIALCAPITAL,,run1:없음,"이 논문은 온라인 지식공유 커뮤니티를 연구 대상으로 삼아, 개인 감정과 공동체 의식이 지식공유 의도에 미치는 영향을 분석하고, 경쟁심의 강도에 따른 감정 요인 차이를 조사한다.","논문은 개인 감정과 공동체 의식이 지식공유 의도에 미치는 영향을 분석함으로써, 온라인 커뮤니티 내에서 신뢰·연대·소속감과 같은 관계적 자원(사회적 자본)의 형성과 효과를 다루고 있다.",True,0/1,run1:ROLE_FIELD_SOCIALCAPITAL
ART001098969,사용자의 특성이 온라인 게임 충성도에 미치는 영향에 관한 연구: 자극추구성향을 중심으로,이선로(연세대학교),2006,경영학연구,kor,ERR,,,run1:없음,"이 논문은 온라인 게임 이용자의 자극추구성향과 플로우 경험이 게임 충성도에 미치는 영향을 분석하며, 커뮤니티 활동은 충성도 유지 수단으로만 언급된다.","논문은 자극추구와 플로우가 게임 충성도에 미치는 영향을 분석하고, 커뮤니티 활동을 충성도 유지 수단으로만 언급하므로, 공론장, 사회자본, 정치·젠더·혐오·기타 사회현상 창 역할, 혹은 커뮤니티 구조·거버넌스·인구통계·생애주기·익명성 등 11개 코드와는 관련이 없다.",True,1/1,run1:없음
ART001766567,마케팅 영역의 소셜 미디어 연구 지식 구조 분석,임승희(수원대학교),2013,마케팅연구,kor,ERR,,,run1:없음,"이 논문은 마케팅 분야에서 소셜 미디어 연구들의 지식구조를 분석하면서, 온라인 커뮤니티를 주요 연구 주제·키워드 중 하나로 다루어 그 학문적 위치와 연계성을 조사한다.","FOCUS 문장은 온라인 커뮤니티를 연구 주제·키워드로서의 학문적 위치와 연계성을 조사한다는 내용만을 담고 있어, 공론장 기능, 관계 자원, 정치·젠더·혐오 등 특정 사회현상, 혹은 커뮤니티의 구독·거버넌스·인구통계·생애주기·익명성 등 환경적 측면을 다루는 근거가 전혀 없으므로 모든 코드에 대해 prob이 0.5 미만으로 평가되어 미부여가 된다.",True,1/1,run1:없음
ART000958779,마케팅에서 커뮤니티 개념의 도입과 활용에 관한 연구,강명수(한성대학교),2004,Korea Business Review,kor,OK,ROLE_FIELD_SOCIALCAPITAL,,run1:없음,"이 논문은 온라인 커뮤니티를 마케팅 전략과 기업·고객·기업 간 관계를 조직·조정하는 도구로 삼아, 커뮤니티가 거래와 관계 형성에 어떻게 활용되는지를 분석한다.","논문은 온라인 커뮤니티를 기업과 고객 간 관계를 조직·조정하고 거래·관계 형성에 활용하는 도구로 분석하므로, 관계·연대·네트워크와 같은 사회적 자원 형성을 다루는 ROLE_FIELD_SOCIALCAPITAL에 가장 부합한다.",True,0/1,run1:ROLE_FIELD_SOCIALCAPITAL
ART001280845,친교욕구와 자기표현욕구가 디지털 아이템 구매의도에 미치는 영향: 성별과 구매경험의 조절효과를 중심으로,신선진(세계한상문화연구소 전임연구원),2008,정보시스템연구,kor,ERR,,,run1:없음,"이 논문은 사이버 커뮤니티인 Cyworld를 이용자들의 친교욕구와 자기표현욕구가 디지털 아이템 구매 의도에 미치는 영향을, 성별과 구매경험이 이를 어떻게 조절하는지를 분석하는 사례로 삼는다.","논문은 Cyworld를 이용자 친교·자기표현 욕구와 디지털 아이템 구매 의도 간 관계를 분석하는 사례로 삼으며, 공론장 기능, 관계 자원, 정치·젠더·혐오 등 외부 사회현상, 혹은 커뮤니티의 회원제·거버넌스·인구통계·생애주기·익명성 등을 비교·분석 대상으로 삼지 않는다.",True,1/1,run1:없음
ART002088891,모바일SNS 특성이 서비스 관계품질과 농산물 구매의도에 미치는 영향：온라인 커뮤니티를 중심으로,권금남(안동대학교),2016,경영경제연구,kor,ERR,,,run1:없음,"이 논문은 온라인 커뮤니티를 기술·제도적 환경 조건으로 삼아, SNS의 정보제공성·상호작용성·댓글 호감성이 서비스 관계품질과 농산물 구매의도에 미치는 영향을 분석한다.","초점 문장은 온라인 커뮤니티를 분석 대상이 아닌 기술·제도적 환경 변수로만 다루며, 공론장·관계자원·정치·젠더·혐오·기타 사회현상·회원제·운영·인구통계·생애주기·익명성 등에 대한 언급이 없어 모든 ROLE·ENV 코드가 적용되지 않는다.",True,1/1,run1:없음
ART001177765,"포털사이트에서 온라인 커뮤니티의 상호작용성, 보상, 몰입과 충성도가구매의도에 미치는 영향",안태윤(성균관대학교),2006,한국IT서비스학회지,eng,ERR,,,run1:없음,"이 논문은 포털사이트 내 온라인 커뮤니티를 기업 마케팅 환경의 한 요소로 삼아, 상호작용성·보상·몰입·충성도가 구매 의도에 미치는 영향을 분석한다.","논문은 온라인 커뮤니티를 마케팅 환경의 변수로 활용해 구매 의도에 미치는 영향을 분석하지만, 커뮤니티 자체를 공론장, 사회적 자본, 혹은 사회현상의 창으로 보거나, 회원제·운영·인구통계·생애주기·익명성 등 환경적 특성을 비교·분석하지 않는다.",True,1/1,run1:없음
ART001214054,의류 브랜드 커뮤니티의 이용욕구 충족과 커뮤니티 몰입의 관계: 의류 브랜드 이미지의 조절효과,홍희숙(제주대학교),2007,Journal of Global Scholars of Marketing Science(마케팅과학연구),kor,OK,ROLE_FIELD_SOCIALCAPITAL,,run1:없음,"이 논문은 의류 브랜드 온라인 커뮤니티를 관계·담론이 형성되는 장으로 삼아, 이용욕구 충족이 커뮤니티 몰입에 미치는 영향을 브랜드 이미지가 어떻게 조절하는지를 분석한다.","논문은 온라인 커뮤니티를 관계·담론이 형성되는 장으로 설정해, 이용욕구 충족과 몰입 사이의 메커니즘을 탐구하므로 사회적 자원(신뢰·연대·네트워크) 형성에 초점을 맞춘 사회자본(Field_SocialCapital)으로 가장 잘 부합한다.",True,0/1,run1:ROLE_FIELD_SOCIALCAPITAL
ART001923682,소비자의 브랜드 에반젤리즘에 관한 실증연구: 소비자 개성-브랜드 에반젤리즘-가치공동창출 및 브랜드 컬티즘 모형과 자아일치성의 조절효과,황금주(중앙대학교),2014,마케팅관리연구,kor,OK,ROLE_FIELD_SOCIALCAPITAL,,run1:없음,"이 논문은 애플 제품을 사용하는 온라인 커뮤니티 회원을 조사 대상자로 삼아, 소비자 개성과 브랜드 에반젤리즘, 가치공동창출 및 브랜드 컬티즘 간의 관계를 분석한다.","논문은 온라인 커뮤니티 회원 간의 가치공동창출과 브랜드 컬티즘 관계를 분석하므로, 회원 간 관계·연결(사회적 자본) 형성을 다루는 FIELD_SOCIALCAPITAL 코드에 가장 부합한다.",True,0/1,run1:ROLE_FIELD_SOCIALCAPITAL
ART002520448,"온라인 구전의 정보 특성과 커뮤니티 특성이 게스트 하우스 브랜드 이미지, 브랜드 태도 그리고 관광객 행동의도에 미치는 영향",반선(경희대학교),2019,인터넷전자상거래연구,kor,OK,ROLE_FIELD_SOCIALCAPITAL,,run1:없음,"이 논문은 온라인 커뮤니티를 관계·담론이 형성되는 장으로 삼아, SNS에 나타난 eWOM과 커뮤니티 유대 강도가 게스트하우스 브랜드 이미지·태도 및 관광객 행동 의도에 미치는 영향을 분석한다.",논문은 온라인 커뮤니티를 관계·담론이 형성되는 장으로 설정해 사회적 관계와 자본(연대·신뢰) 형성을 분석하므로 ROLE_FIELD_SOCIALCAPITAL에 해당한다.,True,0/1,run1:ROLE_FIELD_SOCIALCAPITAL
ART000945361,온라인 커뮤니티 회원의 동일시에 영향을 미치는 요인에 관한 연구,서문식(부산대학교),2002,Journal of Global Scholars of Marketing Science(마케팅과학연구),eng,OK,ROLE_FIELD_SOCIALCAPITAL,,run1:없음,"이 논문은 온라인 커뮤니티를 관계·담론이 형성되는 장으로 삼아, 구성원들의 동일시 형성에 영향을 미치는 요인들을 분석한다.","논문은 온라인 커뮤니티를 관계와 담론이 형성되는 장으로 설정해 구성원 동일시 형성 요인을 분석하므로, 관계·담론 형성이라는 근거를 바탕으로 사회적 자원(관계·연대) 형성에 초점을 둔 ROLE_FIELD_SOCIALCAPITAL에 부여한다.",True,0/1,run1:ROLE_FIELD_SOCIALCAPITAL
ART002460283,온라인 육아 커뮤니티 참여가 만족도와 지속이용의도에 미치는 영향 : 주부와 워킹맘의 지각혜택 매개경로 비교를 중심으로,이윤혜(고려대학교세종캠퍼스),2019,고객만족경영연구,kor,OK,ROLE_FIELD_SOCIALCAPITAL,,run1:없음,"이 논문은 온라인 육아 커뮤니티를 참여와 인식된 혜택이 만족도와 지속 이용 의도에 미치는 영향을 분석하는 장(field)으로 삼아, 전업주부와 워킹맘 간의 차이를 비교한다.",논문은 온라인 육아 커뮤니티를 참여와 인식된 혜택이라는 관계적 자원(사회적 자본)의 형성과 그 효과를 분석 대상으로 삼아 FIELD_SOCIALCAPITAL 역할에 가장 부합한다.,True,0/1,run1:ROLE_FIELD_SOCIALCAPITAL
ART001732710,브랜드커뮤니티 내 상호작용성이 브랜드 충성도에 미치는 영향:중국 온라인커뮤니티를 대상으로,이지나(숭의여자대학),2012,기업경영연구,kor,OK,ROLE_FIELD_SOCIALCAPITAL,,run1:없음,"이 논문은 온라인 브랜드 커뮤니티를 관계·담론이 형성되는 장으로 삼아, 상호작용성이 커뮤니티 몰입과 브랜드 충성도에 미치는 영향을 분석한다.","논문은 온라인 브랜드 커뮤니티를 관계·담론이 형성되는 장으로 설정해 상호작용이 몰입과 충성도에 미치는 영향을 분석하므로, 관계·담론 형성이라는 사회적 자원(사회적 자본) 관점이 중심이며, 공론장·정치·젠더·혐오·기타 사회현상·환경적 요인에 대한 언급은 없다.",True,0/1,run1:ROLE_FIELD_SOCIALCAPITAL
ART001049366,정보 리터러시가 소상공인의 온라인 활동 수준에 미치는 영향,이재관(숭실대학교),2007,중소기업연구,kor,ERR,,,run1:없음,"이 논문은 소상공인의 온라인 활동 수준, 특히 온라인 커뮤니티 참여가 정보 리터러시 수준에 의해 어떻게 영향을 받는지를 분석한다.","제시된 문장은 온라인 커뮤니티 참여와 정보 리터러시 간의 관계를 분석한다는 내용만 포함하고 있어, 커뮤니티가 공론장이나 사회적 자원으로 작용한다는 FIELD 시각, 혹은 외부 사회현상을 보여주는 WINDOW 시각, 그리고 커뮤니티의 구독·운영·인구통계·생애주기·익명성 등 ENV 조건을 다루는 근거가 전혀 없으므로 모든 코드에 대해 낮은 확률을 부여한다.",True,1/1,run1:없음
ART001310795,"A Study on the Relationship Between Online Community Characteristics and Loyalty : Focused on Mediating Roles of Self-Congruency, Consumer Experience, and Consumer to Consumer Interactivity",김문태(부산 가톨릭대학교 유통경영정보학부),2008,Journal of Global Scholars of Marketing Science(마케팅과학연구),kor,OK,ROLE_FIELD_SOCIALCAPITAL,,run1:없음,"이 논문은 온라인 커뮤니티를 관계·담론이 형성되는 공간 자체로 삼아, 커뮤니티 특성 및 상호작용이 소비자 충성도와 구매 행동에 미치는 메커니즘을 분석한다.","논문은 온라인 커뮤니티를 관계와 담론이 형성되는 공간으로 보고, 그 상호작용이 소비자 충성도와 구매 행동에 미치는 메커니즘을 분석함으로써 사회적 자본(관계·네트워크) 관점에 가장 부합한다.",True,0/1,run1:ROLE_FIELD_SOCIALCAPITAL
ART001768723,온라인 커뮤니티 참여도와 공동구매의도에 영향을 미치는 요인: 한국과 중국을 중심으로,박철(고려대학교),2013,경영정보학연구,kor,OK,ROLE_FIELD_SOCIALCAPITAL,,run1:없음,"이 논문은 온라인 커뮤니티를 관계·담론이 형성되는 장으로 삼아, 커뮤니티 특성이 이용자 참여와 공동구매 의도에 미치는 영향을 한국과 중국 소비자 집단을 비교 분석한다.","논문은 온라인 커뮤니티를 관계·담론이 형성되는 장으로 보고, 커뮤니티 특성이 이용자 참여와 공동구매 의도에 미치는 영향을 분석하므로, 커뮤니티 내 신뢰·연대·네트워크와 같은 관계적 자원의 형성과 효과를 다루는 ROLE_FIELD_SOCIALCAPITAL에 해당한다.",True,0/1,run1:ROLE_FIELD_SOCIALCAPITAL
ART001389624,온라인 커뮤니티 활동과 사적 관계구축이 구전 및 구매행동에 미치는 영향에 관한 연구,이진용(중앙대학교),2009,유통연구,kor,OK,ROLE_FIELD_SOCIALCAPITAL,,run1:없음,"이 논문은 온라인 커뮤니티를 관계·담론이 형성되는 장으로 삼아, 커뮤니티 활동과 사적 관계구축이 오프라인 매장 방문, 구매 및 구전 행동에 미치는 영향을 실증적으로 분석한다.","논문은 온라인 커뮤니티를 관계·담론이 형성되는 장으로 보고, 사적 관계구축이 오프라인 구매·구전 행동에 미치는 영향을 분석하므로 사회적 자원(관계·신뢰·네트워크) 형성에 초점을 맞춘 사회자본 역할에 해당한다.",True,0/1,run1:ROLE_FIELD_SOCIALCAPITAL
ART002500217,"온라인 토론 커뮤니티에서의 익명성과 개인 및 집단 정체성, 토론의 질 간의 영향 연구",이애리(상명대학교),2019,경영정보학연구,kor,OK,ROLE_FIELD_SOCIALCAPITAL,,run1:없음,"이 논문은 익명성이 보장된 온라인 토론 커뮤니티를 인간 행위와 정체성이 형성·조절되는 장으로 삼아, 정체성·동기·집단 규범이 토론 질에 미치는 인과관계를 분석한다.",논문은 익명 토론 커뮤니티를 정체성·동기·집단 규범이라는 관계적 자원의 형성과 조절이 이루어지는 공간으로 분석하므로 ROLE_FIELD_SOCIALCAPITAL에 가장 부합한다.,True,0/1,run1:ROLE_FIELD_SOCIALCAPITAL
ART001208597,온라인 커뮤니티 의식 측정을 위한 척도 개발,임언석(오리콤 브랜드전략연구소),2007,마케팅연구,kor,OK,ROLE_FIELD_SOCIALCAPITAL,,run1:없음,"이 논문은 온라인 커뮤니티를 관계·담론이 형성되는 공간으로 삼아, 그 구성요소와 차원을 규명하고 측정할 수 있는 척도를 개발한다.","초점 문장은 온라인 커뮤니티를 관계·담론이 형성되는 공간으로 규정하고, 그 구성요소와 차원을 측정하는 척도를 개발한다는 점에서 관계적 자원(신뢰·연대·네트워크) 형성·작동을 분석하는 FIELD_SOCIALCAPITAL에 가장 부합한다.",True,0/1,run1:ROLE_FIELD_SOCIALCAPITAL
ART001500560,온라인상에서 기업이슈 생성 및 확산,김종현(성균관대학교),2010,Korea Business Review,kor,OK,ROLE_WINDOW_MISC,,run1:없음,"이 논문은 온라인 커뮤니티를 기업 평판에 영향을 미치는 이슈가 생성·확산되는 현상의 사례로 삼아, 그 메커니즘과 확산 경로를 분석한다.",논문은 온라인 커뮤니티를 기업 평판에 영향을 미치는 이슈의 생성·확산 현상을 보여주는 창(window)으로 활용하므로 ROLE_WINDOW_MISC 코드가 가장 적합하다.,True,0/1,run1:ROLE_WINDOW_MISC
ART002115246,온라인 브랜드 커뮤니티 내 리뷰어의 내적속성과 사회적 지지에 따른 정보행동에 관한 연구,박지연(울산대학교 기업경영연구소),2016,경영학연구,kor,OK,ROLE_FIELD_SOCIALCAPITAL,,run1:없음,"이 논문은 온라인 브랜드 커뮤니티를 관계·담론이 형성되는 공간으로 삼아, 리뷰어의 내적속성(자기고양적 동기와 공적 자의식)과 수신자의 사회적 지지(정서·정보적 지지)가 정보생성·전달 행동에 미치는 영향을 분석한다.","논문은 온라인 브랜드 커뮤니티를 관계·담론이 형성되는 공간으로 설정하여, 이용자 간의 신뢰·연대·네트워크와 같은 관계적 자원의 역할을 분석하므로 ROLE_FIELD_SOCIALCAPITAL 코드에 부여한다.",True,0/1,run1:ROLE_FIELD_SOCIALCAPITAL
ART001775659,온라인 채용시험정보 커뮤니티 내에서 지식공유의도에 영향을 미치는 요인에 관한 연구,전현규(경희대학교),2013,지식경영연구,kor,OK,ROLE_FIELD_SOCIALCAPITAL,,run1:없음,"이 논문은 온라인 채용시험 정보 커뮤니티를 지식 공유와 관계·동기 형성이 이루어지는 장으로 삼아, 개인 동기, 관계 자본, 공동체 의식 및 경쟁 의식이 지식 공유 의도에 미치는 영향을 분석한다.","논문은 온라인 커뮤니티를 지식 공유와 관계·동기 형성이 이루어지는 장으로 설정하고, 관계 자본을 주요 분석 변수로 다루므로 사회적 자본 역할이 가장 부합한다.",True,0/1,run1:ROLE_FIELD_SOCIALCAPITAL
ART001816673,국제항공특송의 경쟁력 실증분석에 관한 연구,정연봉(인천대학교),2013,한국항공경영학회지,kor,ERR,,,run1:없음,"이 논문은 온라인 커뮤니티를 전혀 언급하지 않고, 항공특송의 경쟁력을 비용·서비스·시간 등 다양한 측면에서 분석한다.","논문이 온라인 커뮤니티를 전혀 다루지 않으므로 모든 ROLE 및 ENV 코드에 해당 근거가 없으며, 따라서 모든 코드는 미부여로 평가된다.",True,1/1,run1:없음
ART001513763,온실가스 규제와 기업 CEO의 탄소 전략: EU 및 일본 사례를 중심으로,김현진(서울과학종합대학원),2010,전문경영인연구,kor,ERR,,,run1:없음,이 논문은 온라인 커뮤니티를 연구 대상이나 분석 도구로 전혀 활용하지 않는다.,"논문이 온라인 커뮤니티를 연구 대상이나 분석 도구로 전혀 사용하지 않으므로, 모든 ROLE 및 ENV 코드에 해당하는 근거가 없으며, 따라서 모든 코드가 미부여로 평가된다.",True,1/1,run1:없음
ART001150309,한국기업의 지식경영 성공요인에 관한 실증적 연구,김찬중(충북대학교),2004,조직과 인사관리연구,kor,ERR,,,run1:없음,"이 논문은 온라인 커뮤니티를 연구 대상으로 삼지 않으며, 기업의 지식경영 성공요인을 분석한다.",논문은 온라인 커뮤니티를 분석 대상이나 사례 창으로 사용하지 않고 기업 지식경영 성공요인만을 다루므로 모든 ROLE 및 ENV 코드에 해당하지 않는다.,True,1/1,run1:없음
ART002227956,온라인 커뮤니티에서 개인의 수직적 특성이 구전요인과 구전효과의 관계에 미치는 영향,박성호(경북대학교),2017,한국생산관리학회지,kor,OK,ROLE_FIELD_SOCIALCAPITAL,,run1:없음,"이 논문은 온라인 커뮤니티를 관계·담론이 형성되는 장으로 삼아, 개인의 수직적 특성이 커뮤니티 유대·구전 신뢰성 등 구전 요인에 미치는 영향을 분석한다.","논문은 온라인 커뮤니티를 관계·담론이 형성되는 공간으로 보고, 개인의 특성이 커뮤니티 유대와 구전 신뢰성(관계·연대·신뢰)에 미치는 영향을 분석하므로 ROLE_FIELD_SOCIALCAPITAL에 해당한다.",True,0/1,run1:ROLE_FIELD_SOCIALCAPITAL
ART001712583,온라인 쇼핑몰에서 라이프스타일 유형이 커뮤니티활동과 고객관계형성에 미치는 영향,문승제(건국대학교),2012,상업경영연구,kor,OK,ROLE_FIELD_SOCIALCAPITAL,,run1:없음,"이 논문은 온라인 쇼핑몰 내 커뮤니티를 관계·담론이 형성되는 공간으로 삼아, 소비자 라이프스타일 유형이 커뮤니티 활동과 고객관계 형성에 미치는 영향을 분석한다.","논문은 온라인 커뮤니티를 관계와 담론이 형성되는 공간으로 보고, 소비자 라이프스타일이 커뮤니티 활동 및 고객관계 형성에 미치는 영향을 분석하므로, 사회적 자원(신뢰·연대·네트워크) 형성에 초점을 맞춘 FIELD_SOCIALCAPITAL 역할이 가장 부합한다.",True,0/1,run1:ROLE_FIELD_SOCIALCAPITAL
ART001563874,온라인 커뮤니티에서 자기결정성이 현실감과 몰입에 미치는 영향,권두순(서강대학교),2011,정보시스템연구,kor,OK,ROLE_FIELD_SOCIALCAPITAL,,run1:없음,"이 논문은 온라인 커뮤니티를 관계·담론이 형성되는 장으로 삼아, 자율성·역량·관계성 등 자기결정 이론의 변수들이 현실감, 몰입, 신뢰, 충성도에 어떻게 영향을 미치는지를 분석한다.",논문은 온라인 커뮤니티 내에서 신뢰와 충성도 등 관계적 자원의 형성과 영향을 분석하므로 ROLE_FIELD_SOCIALCAPITAL 코드에 가장 부합한다.,True,0/1,run1:ROLE_FIELD_SOCIALCAPITAL
ART002097982,인적자원이 지각하는 직장 내 체험적 요인이 직원 간 상호작용 및 직무만족에 미치는 영향,김문태(부산가톨릭대학교),2016,인적자원관리연구,kor,ERR,,,run1:없음,"이 논문은 직장 내 체험적 요인이 직원 간 상호작용과 직무만족에 미치는 영향을 검증하며, 온라인 커뮤니티는 연구 배경으로만 언급된다.",온라인 커뮤니티가 연구 배경으로만 언급되고 실제 분석 대상이나 역할이 논문에서 다루어지지 않아 모든 ROLE 및 ENV 코드에 해당 근거가 없으므로 전부 미부여로 판단한다.,True,1/1,run1:없음
ART002123292,육아커뮤니티에서 온라인 구전정보 조회 수에 영향을 미치는 요인에 관한 연구,이윤혜(고려대학교),2016,인터넷전자상거래연구,kor,OK,ROLE_FIELD_SOCIALCAPITAL,,run1:없음,"이 논문은 육아 커뮤니티를 관계·담론이 형성되는 공간으로 삼아, 리뷰의 조회수에 영향을 미치는 요인들을 분석한다.","논문은 육아 커뮤니티를 관계와 담론이 형성되는 공간으로 설정하고, 그 내부의 관계적 자원(신뢰·연대·네트워크)과 리뷰 조회수 간의 연관성을 분석하므로 ROLE_FIELD_SOCIALCAPITAL에 가장 부합한다.",True,0/1,run1:ROLE_FIELD_SOCIALCAPITAL
ART001565149,관광 웹사이트 명성과 커뮤니티 의식이 온라인 구전효과에 미치는 영향에 관한 연구,김나은(백석예술대학),2011,서비스경영학회지,kor,ERR,,,run1:없음,"이 논문은 관광 웹사이트의 평판과 커뮤니티 의식을 온라인 구전 효과의 매개·조절 변수로 삼아, 그들이 구전 유용성, 수용, 확산에 미치는 영향을 분석한다.","논문은 온라인 커뮤니티를 구전 효과의 매개·조절 변수로만 활용하며, 공론장 역할, 사회적 자원 형성, 특정 사회현상(정치·젠더·혐오) 창 역할, 혹은 커뮤니티 구조·운영·인구통계·생애주기·익명성 등 환경적 요인을 분석 대상으로 삼지 않는다.",True,1/1,run1:없음
ART001927428,창업 플랫폼으로서 온라인 커뮤니티 평가와 투자의향에 관한 연구,김성우(전자부품연구원),2014,대한경영학회지,kor,ERR,,,run1:없음,"이 논문은 온라인 커뮤니티를 사업화·투자 대상인 환경 조건으로 삼아, 커뮤니티의 가치평가 모델을 도출하고 가입자의 투자 의향을 실증적으로 분석한다.","논문은 온라인 커뮤니티를 사업화·투자 대상이라는 환경 조건으로 설정하고 가치평가와 투자 의향을 분석하지만, 공론장 기능, 사회현상 창 역할, 혹은 회원제·거버넌스·인구통계·생애주기·익명성 등 구체적 환경 요인을 비교·분석하지 않는다.",True,1/1,run1:없음
ART002482937,사회적 지지가 목표달성 의도에 미치는 영향: 판촉 보상물 획득 과정을 중심으로,정난희(연세대학교 경영대학 박사과정),2019,소비자학연구,kor,OK,ROLE_FIELD_SOCIALCAPITAL,,run1:없음,"이 논문은 온라인 커뮤니티를 사회적 지지의 제공자라는 관계·담론이 형성되는 공간으로 삼아, 친밀함 정도에 따라 목표달성 의도에 미치는 차별적 영향을 실험적으로 분석한다.","논문은 온라인 커뮤니티를 사회적 지지가 형성되는 관계·담론의 공간으로 보고 친밀함이 목표달성 의도에 미치는 차이를 실험적으로 분석하므로, 관계·담론·지지라는 내용이 ROLE_FIELD_SOCIALCAPITAL에 해당한다.",True,0/1,run1:ROLE_FIELD_SOCIALCAPITAL
ART001694517,온라인 쇼핑몰의 사회적 지원 기능이 고객 태도에 미치는 영향 연구: 자기효능감과 소속감의 인식을 중심으로,이윤재(영남대학교),2012,상품학연구,kor,OK,ROLE_FIELD_SOCIALCAPITAL,,run1:없음,"이 논문은 온라인 쇼핑몰을 사회적 지원 기능을 제공하는 기술·제도적 환경으로 삼아, 그 기능이 소비자의 자기효능감, 소속감 인식 및 긍정적 태도에 미치는 영향을 분석한다.","논문은 온라인 쇼핑몰을 사회적 지원을 제공하는 환경으로 보고, 그 지원이 소비자의 자기효능감·소속감·긍정적 태도에 미치는 영향을 분석하므로 ROLE_FIELD_SOCIALCAPITAL에 해당한다; 다른 ROLE 및 ENV 코드는 문장에 근거가 없어 미부여로 판단한다.",True,0/1,run1:ROLE_FIELD_SOCIALCAPITAL
ART002639852,네트워크 허브를 이용한 바이럴 마케팅 시딩 전략: 네트워크 밀도가 미치는 조절 효과 중심으로,최강준(연세대학교),2020,소비자학연구,kor,OK,ROLE_FIELD_SOCIALCAPITAL,,run1:없음,"이 논문은 온라인 커뮤니티를 관계·담론이 형성되는 장으로 삼아, 네트워크 밀도가 허브의 사회적 영향력에 미치는 조절 효과를 분석한다.","논문은 온라인 커뮤니티를 관계·담론이 형성되는 장으로 보고 네트워크 밀도와 허브 영향력의 조절 효과를 분석하므로, 관계·연결·신뢰 등 사회적 자원 형성을 다루는 ROLE_FIELD_SOCIALCAPITAL에 해당한다.",True,0/1,run1:ROLE_FIELD_SOCIALCAPITAL
ART001769318,소셜 미디어 시대의 인간 상호작용: 가능성과 위험,윤영민(한양대학교),2013,Entrue Journal of Information Technology,kor,OK,ROLE_WINDOW_MISC,,run1:없음,"이 논문은 소셜 미디어와 그 속에서 형성되는 온라인 공동체를 인간 상호작용의 외부 사회현상을 관찰하는 사례로 삼아, 기술적 특성이 사회적 가능성과 위험을 어떻게 초래하는지를 분석한다.","논문은 온라인 공동체를 외부 사회현상의 관찰 창으로 활용하며, 기술적 특성이 초래하는 가능성과 위험을 분석한다는 점에서 WINDOW_MISC 코드에 가장 부합한다.",True,0/1,run1:ROLE_WINDOW_MISC
ART001839552,온라인 브랜드커뮤니티 구성원들의 제품개발참여의도에 관한 구조적 관계,장영혜(계명대학교),2013,마케팅논집(Journal of Marketing Studies),kor,OK,ROLE_FIELD_SOCIALCAPITAL,,run1:없음,"이 논문은 온라인 브랜드커뮤니티를 관계·담론이 형성되는 공간으로 삼아, 구성원들의 지각된 가치와 참여활동이 브랜드애착 및 제품개발 참여의도에 미치는 구조적 관계를 분석한다.","논문은 온라인 브랜드커뮤니티를 관계·담론이 형성되는 공간으로 보고, 그 안에서의 관계적 자원(사회적 자본)의 효과를 분석하므로 ROLE_FIELD_SOCIALCAPITAL에 해당한다.",True,0/1,run1:ROLE_FIELD_SOCIALCAPITAL
ART001744265,온라인 게임의 상호작용성이 사용자 충성도에 미치는 영향에 관한 연구 : 게임 장르별 연구,한영춘(영남대학교),2013,경영연구,kor,OK,ROLE_FIELD_SOCIALCAPITAL,,run1:없음,"이 논문은 온라인 게임 커뮤니티를 사용자 간 정보 교환·집단 형성이라는 관계·담론이 형성되는 공간으로 삼아, 그 상호작용이 몰입과 충성도에 미치는 영향을 분석하고, 장르별 차이를 탐색한다.","논문은 온라인 게임 커뮤니티를 사용자 간 관계·담론이 형성되는 공간으로 보고, 그 상호작용이 몰입과 충성도에 미치는 영향을 분석하므로, 커뮤니티가 신뢰·연대·네트워크와 같은 관계적 자원을 형성·작동하는 장소라는 FIELD_SOCIALCAPITAL 시각에 가장 부합한다.",True,0/1,run1:ROLE_FIELD_SOCIALCAPITAL
ART001156039,e-CRM에 기반한 온라인 커뮤니티 사이트 활성화 모형: 방송사 사례를 중심으로,김창수(영남대학교),2004,경영정보학연구,kor,OK,,ENV_COMMUNITY_LIFECYCLE,run1:없음,"이 논문은 방송사 온라인 커뮤니티를 e-CRM 적용을 통한 활성화와 지속 가능성을 위한 조직·기술적 환경 조건으로 삼아, 커뮤니티 활성화 모형과 단계별 관리 이슈를 분석한다.","논문은 온라인 커뮤니티를 e-CRM 적용을 위한 조직·기술적 환경으로 설정하고, 활성화 단계와 관리 이슈를 분석하므로 커뮤니티의 생애주기(‘단계별 관리 이슈’)와 조직·기술적 조건(‘조직·기술적 환경 조건’)에 초점을 맞추어 해당 ENV 코드를 높은 확률로 부여한다.",True,0/1,run1:ENV_COMMUNITY_LIFECYCLE
ART001157484,국내 중소 게임 개발기업의 개발전략에 대한 탐색적 연구: 국내 온라인 게임의 장르별 충성도 관련 요인을 중심으로,정재진(한국소프트웨어진흥원),2004,기업가정신과 벤처연구,kor,OK,ROLE_FIELD_SOCIALCAPITAL,,run1:없음,"이 논문은 온라인 게임 장르별 고객 충성도 요인을 탐색하면서, 플로우, 구전, 도전·보상, 사회적 규범, 그리고 게임 내 길드·동호회와 같은 온라인 커뮤니티가 충성도 유지에 어떻게 기여하는지를 분석한다.","연구는 온라인 게임 내 길드·동호회 등 커뮤니티가 고객 충성도 유지에 기여하는 메커니즘을 분석함으로써, 커뮤니티를 신뢰·연대·네트워크와 같은 관계적 자원이 형성·작동하는 공간(사회적 자본)으로 다룬다.",True,0/1,run1:ROLE_FIELD_SOCIALCAPITAL
ART001513501,통합적 마케팅커뮤니케이션 도구로써 온라인 브랜드 커뮤니티의 역할,강용수(울산과학대학),2010,경영과 정보연구,kor,OK,ROLE_FIELD_SOCIALCAPITAL,,run1:없음,"이 논문은 온라인 브랜드 커뮤니티를 관계·담론이 형성되는 장으로 삼아, 그 내부의 광고·구전·감정 등 상호작용이 소비자 경험과 브랜드 신뢰·충성도에 미치는 메커니즘을 분석한다.","논문은 온라인 브랜드 커뮤니티를 관계·담론이 형성되는 공간으로 보고, 그 내부 상호작용이 브랜드 신뢰와 충성도라는 관계적 자원에 미치는 메커니즘을 분석하므로 ROLE_FIELD_SOCIALCAPITAL이 가장 부합한다.",True,0/1,run1:ROLE_FIELD_SOCIALCAPITAL
ART001517475,정부주도의 농촌 정보화마을 전자상거래 모델의 성공요인과 수익성에 대한 연구,정수현(조선대학교),2010,경영정보학연구,kor,ERR,,,run1:없음,"이 논문은 농촌 전자상거래 성공요인을 분석하기 위해 온라인 커뮤니티(홈페이지 커뮤니티)의 활성화와 지식공유가 매출에 미치는 영향을 조사하고, 이를 환경 조건으로서 활용한다.","제시된 문장은 온라인 커뮤니티를 농촌 전자상거래의 환경 요인으로 활용한다는 점에만 초점을 맞추며, 공론장 역할, 사회적 자본 형성, 정치·젠더·혐오 현상 등 WINDOW·FIELD 시각을 다루지 않고, 또한 회원제·거버넌스·인구통계·생애주기·익명성 등 구체적인 환경 속성 비교도 언급하지 않으므로 모든 코드에 대해 근거가 부족해 미부여로 판단한다.",True,1/1,run1:없음
ART001717000,A Study on the Chinese Consumers’ Attitude and Intention toward Online Group-Buying,"Chang, I-Chun(상하이 교통대학 평생교육원)",2012,대한경영학회지,kor,OK,ROLE_FIELD_SOCIALCAPITAL,,run1:없음,"이 논문은 온라인 커뮤니티를 관계·담론이 형성되는 공간으로 삼아, 가상 커뮤니티 신뢰가 소비자의 온라인 공동구매 참여 의도에 미치는 영향을 분석한다.","논문은 온라인 커뮤니티를 관계·담론이 형성되는 공간으로 보고, 가상 커뮤니티 신뢰라는 관계적 자원의 효과를 분석하므로 ROLE_FIELD_SOCIALCAPITAL에 해당한다.",True,0/1,run1:ROLE_FIELD_SOCIALCAPITAL
ART002528642,빅데이터와 네트노그라피 분석을 통합한 온라인 커뮤니티 고객 욕구 도출 방안: 천기저귀 온라인 커뮤니티 사례를 중심으로,박순화(경상대학교),2019,경영정보학연구,kor,OK,ROLE_WINDOW_MISC,,run1:없음,"이 논문은 온라인 커뮤니티를 소비자 욕구와 행동을 파악하기 위한 자료원으로 삼아, 빅데이터와 네트노그라피를 결합해 커뮤니티 내 패턴과 구조적 변화를 분석한다.","논문은 온라인 커뮤니티를 소비자 욕구·행동이라는 외부 현상을 관찰하는 창으로 활용하므로 WINDOW_MISC 코드가 가장 부합한다; 공론장·사회자본·정치·젠더·혐오 등 다른 역할에 대한 언급은 없으며, 커뮤니티의 구독·운영·인구통계·생애주기·익명성에 대한 비교·분석도 제시되지 않는다.",True,0/1,run1:ROLE_WINDOW_MISC
ART001492552,드라마 산업의 마인드 셋(MindSets) 탐구: 온라인 드라마 커뮤니티와 스타(Stars)의 合奏,김경묵(덕성여자대학교),2010,경영학연구,kor,ERR,,,run1:없음,"이 논문은 온라인 드라마 커뮤니티를 드라마 시청률에 영향을 미치는 환경 조건으로 삼아, 커뮤니티 규모와 스타(배우·작가·연출가) 지명도의 상호작용이 시청률에 미치는 효과를 분석한다.","논문은 온라인 커뮤니티를 시청률에 영향을 주는 외부 환경 변수로만 다루며, 커뮤니티 자체의 공론장 역할, 사회적 자본 형성, 혹은 특정 사회현상(정치·젠더·혐오 등)의 창 역할을 분석하지 않는다; 또한 회원제, 운영·통제, 인구통계, 생애주기 변화, 익명성 등 환경 특성에 대한 비교·대조도 제시하지 않는다.",True,1/1,run1:없음
ART002115253,웹 개발자들의 HTML5 채택 저항 요인에 관한 연구,송해엽(카이스트),2016,경영학연구,kor,ERR,,,run1:없음,"이 논문은 온라인 커뮤니티를 웹 개발자들의 정보 습득 경로이자 기술 채택 의사에 영향을 미치는 환경 조건으로 삼아, HTML5 채택 저항 요인을 분석한다.","초점 문장은 온라인 커뮤니티를 정보 습득·기술 채택에 영향을 주는 환경 조건으로만 다루며, 공론장·관계 자원·정치·젠더·혐오 등 외부 현상을 보여주는 창 역할이나 커뮤니티 내부의 회원제·거버넌스·인구통계·생애주기·익명성 비교 분석을 언급하지 않는다.",True,1/1,run1:없음
ART002456903,고객의 조직 사회화를 위한 조건 탐색: 고객의 심리적 권한위임이 커뮤니티-구성원 교환관계에 미치는 영향에 있어서 고객 참여의 매개효과를 중심으로,나동만(한국직업능력개발원 연구위원),2019,대한경영학회지,kor,OK,ROLE_FIELD_SOCIALCAPITAL,,run1:없음,"이 논문은 기업이 제공하는 온라인 커뮤니티를 고객과 기업 간의 관계·담론이 형성·강화되는 장으로 삼아, 고객의 심리적 권한위임이 커뮤니티‑구성원 교환과 참여 행동에 미치는 영향을 분석한다.","논문은 온라인 커뮤니티를 고객‑기업 관계와 담론이 형성·강화되는 공간으로 보고, 교환과 참여 행동에 초점을 맞추어 사회적 자원(신뢰·연대·네트워크) 형성을 분석하므로 ROLE_FIELD_SOCIALCAPITAL에 해당하고, 공론장 기능이나 외부 사회현상, 환경적 변수에 대한 언급이 없으므로 다른 코드는 미부여로 판단한다.",True,0/1,run1:ROLE_FIELD_SOCIALCAPITAL
ART001112366,온라인 브랜드 공동체에 대한 반응이 어떻게 브랜드로 전이되는가?,김진교(서울대학교),2006,마케팅연구,kor,OK,ROLE_FIELD_SOCIALCAPITAL,,run1:없음,"이 논문은 온라인 브랜드 공동체를 관계·담론이 형성되는 공간으로 삼아, 공동체에 대한 구성원들의 반응이 어떻게 여러 중간 단계를 거쳐 브랜드 인식으로 전이되는지를 분석한다.","논문은 온라인 브랜드 공동체를 관계·담론이 형성되는 공간으로 설정해, 구성원 간의 관계적 자원(신뢰·연대·네트워크)의 형성과 그 효과를 분석하므로 ROLE_FIELD_SOCIALCAPITAL에 해당한다.",True,0/1,run1:ROLE_FIELD_SOCIALCAPITAL
ART001700943,온라인 커뮤니티에서의 지식공유행동의 동기요인에 관한 연구,김유경(신라대학교),2012,경영과 정보연구,kor,ERR,,,run1:없음,"이 논문은 온라인 커뮤니티를 지식공유 행동이 형성·발현되는 장으로 삼아, 그 구성원들의 동기요인을 규명하고 분석한다.","FOCUS 문장은 온라인 커뮤니티를 지식공유와 동기요인 분석의 장으로만 제시하고, 공론장, 사회적 자본, 정치·젠더·혐오 현상, 혹은 커뮤니티의 구독·거버넌스·인구통계·생애주기·익명성 등 구체적 요소를 언급하지 않으므로 모든 코드에 대한 근거가 부족하다.",True,1/1,run1:없음
ART002247973,온라인 커뮤니티 혜택이 참여도와 공동구매의도에 미치는 영향과 집단주의의 조절효과에 대한 연구,박찬권(경북대학교),2017,고객만족경영연구,kor,ERR,,,run1:없음,"이 논문은 온라인 커뮤니티를 참여와 공동구매 의도를 촉진하는 혜택이 제공되는 장(field)으로 삼아, 기능적·사회적·쾌락적 혜택이 참여도와 구매 의도에 미치는 영향을 분석하고, 집단주의가 그 관계를 어떻게 조절하는지를 검증한다.","제시된 초점 문장은 온라인 커뮤니티를 혜택 제공의 장으로만 다루며, 공론장, 사회적 자원, 정치·젠더·혐오 현상, 혹은 커뮤니티 구조·운영·인구통계·생애주기·익명성 등과 관련된 구체적 언급이 없어 모든 코드에 대한 근거가 부족하다.",True,1/1,run1:없음
ART003127476,디지털 교육 참여자의 역량 증진 탐색: S대학교 디지털 교수법 강사과정을 중심으로,문복현(서원대학교 평생교육학과),2024,문화산업연구,kor,ERR,,,run1:없음,"이 논문은 디지털 교수법 강사과정의 역량 증진을 연구 대상으로 삼으며, 온라인 커뮤니티는 교육 활동을 지원하는 수단으로만 언급된다.","온라인 커뮤니티가 교육 활동을 지원하는 도구로만 언급되어, 공론장, 관계형 자원, 혹은 사회현상 창 역할을 분석 대상으로 삼지 않으며, 커뮤니티의 구독·거버넌스·인구통계·생애주기·익명성 등 환경적 특성을 비교·분석하는 내용도 포함되지 않는다.",True,1/1,run1:없음
ART001406357,온라인 브랜드 커뮤니티 애착의 영향요인과 결과변수에 관한 연구,김유경(신라대학교),2009,고객만족경영연구,kor,OK,ROLE_FIELD_SOCIALCAPITAL,,run1:없음,"이 논문은 온라인 브랜드 커뮤니티를 관계·담론이 형성되는 장으로 삼아, 커뮤니티 애착에 영향을 미치는 요인과 그가 브랜드 애착·애호도에 미치는 영향을 분석한다.","논문은 온라인 브랜드 커뮤니티를 관계·담론이 형성되는 장으로 설정하여 커뮤니티 내 애착이 브랜드 애착·애호도에 미치는 영향을 분석하므로, 커뮤니티 내 관계·연결(사회적 자본) 역할이 핵심이며, 다른 역할이나 환경 요인에 대한 언급은 없으므로 해당 코드만 부여한다.",True,0/1,run1:ROLE_FIELD_SOCIALCAPITAL
ART001672525,온라인커뮤니티에서 공부와 게임의 재미와 플로우 관계,권순재(대구대학교),2012,정보시스템연구,kor,ERR,,,run1:없음,"이 논문은 온라인 커뮤니티를 개인의 학습·게임 활동이 이루어지는 환경으로 삼아, 즐거움·편안함·만족이 흐름 상태에 미치는 영향을 분석한다.","논문은 온라인 커뮤니티를 개인 학습·게임 활동의 환경으로 활용해 흐름 상태에 대한 심리적 요인을 분석하므로, 공론장·관계 자원·정치·젠더·혐오·기타 사회현상·회원제·운영·인구통계·생애주기·익명성 등과 관련된 코드에 해당하는 근거가 전혀 제시되지 않는다.",True,1/1,run1:없음
ART002149503,Knowledge Contributors’ Intrinsic and Extrinsic Motivation on Social Connectedness and Satisfaction,박소라(제주대학교),2016,정보시스템연구,kor,OK,ROLE_FIELD_SOCIALCAPITAL,,run1:없음,"이 논문은 가상 커뮤니티를 지식 기여자들의 내·외재적 동기와 그에 따른 사회적 연결감 및 만족도를 분석하는 장으로 삼아, 동기가 어떻게 커뮤니티 내 관계 형성과 개인 만족에 영향을 미치는지를 조사한다.","논문은 동기가 커뮤니티 내 관계 형성과 만족에 미치는 영향을 분석하므로, 온라인 커뮤니티를 관계·연결(사회적 자본) 형성의 장으로 보는 FIELD_SOCIALCAPITAL 역할이 가장 부합한다.",True,0/1,run1:ROLE_FIELD_SOCIALCAPITAL
ART002039666,온라인 커뮤니티에서 자기결정성이 행복과 애착 및 애호도에 미치는 영향,김유경(신라대학교),2015,서비스경영학회지,kor,OK,ROLE_FIELD_SOCIALCAPITAL,,run1:없음,"이 논문은 온라인 커뮤니티를 관계·담론이 형성되는 장으로 삼아, 자기결정성이 이용자 행복에 미치는 영향과 그 행복이 커뮤니티에 대한 애착 및 충성도로 이어지는 과정을 분석한다.","논문은 온라인 커뮤니티를 관계·담론이 형성되는 공간으로 보고, 자기결정성이 이용자 행복에 미치는 영향과 그 행복이 커뮤니티에 대한 애착·충성도로 이어지는 과정을 분석하므로, 관계·연결·신뢰와 같은 사회적 자원(사회적 자본) 형성을 중심으로 한다.",True,0/1,run1:ROLE_FIELD_SOCIALCAPITAL
ART002186444,온라인 게임 애착의 원인과 애착 후 행동에 관한 연구: 온라인 커뮤니티 참여행동과 시도행동을 중심으로,박승배(서일대학교),2016,서비스경영학회지,kor,ERR,,,run1:없음,"이 논문은 온라인 게임 커뮤니티를 플레이어의 애착 이후 행동이 나타나는 장으로 삼아, 인지적 요인과 즐거움이 참여·시도 행동에 미치는 영향을 분석한다.","논문은 온라인 게임 커뮤니티를 행동 발생의 장으로 활용해 인지·감정 요인이 참여 행동에 미치는 영향을 분석하지만, 공론장 기능, 관계 자원, 정치·젠더·혐오 등 외부 사회현상, 혹은 커뮤니티 구조·운영·인구통계·생애주기·익명성 등 환경 요인을 다루지 않는다.",True,1/1,run1:없음
ART001085214,A Study on Trust Building Model in Online Shopping Mall- Focusing on Social Presence -,김광수(부산대학교),2007,마케팅관리연구,kor,OK,ROLE_FIELD_SOCIALCAPITAL,,run1:없음,"이 논문은 온라인 쇼핑몰 내에서 사회적 존재감과 커뮤니티 지원이 신뢰 형성에 어떻게 작용하는지를 분석하면서, 온라인 커뮤니티를 관계·담론이 형성되는 장으로 활용한다.","논문은 온라인 커뮤니티를 신뢰 형성이라는 관계·담론이 이루어지는 장으로 활용하므로, 관계·연결을 통한 사회적 자원(신뢰·연대) 형성을 분석하는 ROLE_FIELD_SOCIALCAPITAL에 해당한다.",True,0/1,run1:ROLE_FIELD_SOCIALCAPITAL
ART002168382,사용자 고착을 위한 네트워크 외부성과 전환비용의 측정 요인: 1인 미디어와 소셜 네트워킹 시장을 중심으로,최재원(한국과학기술원 테크노경영대학원),2010,기업경영리뷰,kor,ERR,,,run1:없음,"이 논문은 1인 미디어와 소셜 네트워킹 시장을 사례로 삼아, 네트워크 외부성과 전환비용이라는 기술·제도적 환경 조건이 사용자 고착에 미치는 영향을 경제·경영학적 관점에서 분석한다.","논문은 네트워크 외부성과 전환비용이라는 기술·제도적 요인이 사용자 고착에 미치는 영향을 분석하지만, 온라인 커뮤니티를 공론장, 사회적 자본, 혹은 정치·젠더·혐오 등 사회현상의 창으로 다루지 않으며, 회원제·거버넌스·인구통계·생애주기·익명성 등 환경 변수와도 직접 비교·분석하지 않는다.",True,1/1,run1:없음
ART001865118,온라인 여행 커뮤니티에서 커뮤니케이션 유형에 따른 관광객의 행동 변화,정남호(경희대학교),2014,지식경영연구,kor,OK,ROLE_FIELD_SOCIALCAPITAL,,run1:없음,"이 논문은 온라인 여행 커뮤니티를 관계·담론이 형성되는 공간으로 삼아, 공식·비공식 커뮤니케이션 유형이 관광객 행동 변화에 미치는 메커니즘을 분석한다.","논문은 온라인 여행 커뮤니티를 관계와 담론이 형성되는 공간으로 설정하고, 커뮤니케이션 유형이 관광객 행동 변화에 미치는 메커니즘을 분석하므로 관계·담론 형성이라는 사회적 자원(관계·연대)의 역할을 강조한다(ROLE_FIELD_SOCIALCAPITAL). 공론장 역할이나 정치·젠더·혐오 등 외부 현상을 설명하는 창(window) 역할은 언급되지 않으며, 커뮤니티의 회원제·운영·인구통계·생애주기·익명성에 대한 비교·분석도 제시되지 않는다.",True,0/1,run1:ROLE_FIELD_SOCIALCAPITAL
ART001598476,Understanding the Interacting Roles of Online and Offline Brand Communities in Building Brand Loyalty,김용호(부산가톨릭대학교),2011,마케팅관리연구,kor,OK,ROLE_FIELD_SOCIALCAPITAL,,run1:없음,"이 논문은 온라인 브랜드 커뮤니티를 관계·담론이 형성되는 공간으로 삼아, 그 안에서의 소비자 경험과 상호작용이 브랜드 충성도에 미치는 영향을 분석한다.","논문은 온라인 브랜드 커뮤니티를 관계·담론이 형성되는 공간으로 보고, 그 안에서의 소비자 경험·상호작용이 브랜드 충성도에 미치는 영향을 분석하므로 FIELD_SOCIALCAPITAL 역할이 가장 부합한다.",True,0/1,run1:ROLE_FIELD_SOCIALCAPITAL
ART001078016,"관광관련 온라인 브랜드 커뮤니티의 상호작용성이 관계품질, 브랜드 충성도와 브랜드 사랑에 미치는 영향: Flow 경험의 매개역할을 중심으로",박희석(남서울대학교),2007,고객만족경영연구,kor,OK,ROLE_FIELD_SOCIALCAPITAL,,run1:없음,"이 논문은 관광 분야 온라인 브랜드 커뮤니티를 관계·담론이 형성되는 공간으로 삼아, 상호작용성이 관계품질 요소와 브랜드 충성도·브랜드 사랑에 미치는 영향을 분석한다.","논문은 온라인 브랜드 커뮤니티를 관계·담론이 형성되는 공간으로 보고, 상호작용이 관계품질과 브랜드 충성도에 미치는 영향을 분석하므로 관계·담론 형성이라는 사회적 자원(신뢰·연대·네트워크) 생성에 초점을 맞춘다.",True,0/1,run1:ROLE_FIELD_SOCIALCAPITAL
ART002978982,온라인 커뮤니티에 드러난 MZ세대의 감성과 여론조사 간 상관관계에 관한 연구,최한별(명지대학교),2023,한국IT서비스학회지,kor,OK,ROLE_WINDOW_MISC,,run1:없음,"이 논문은 온라인 커뮤니티를 외부 사회현상을 관찰하는 사례로 삼아, MZ세대의 온라인 감성 텍스트와 여론조사 지지율 간의 상관관계를 분석한다.",논문은 온라인 커뮤니티를 외부 사회현상을 보여주는 창으로 활용해 MZ세대 감성 텍스트와 여론조사 지지율의 상관관계를 분석하므로 WINDOW_MISC 코드가 가장 적합하다.,True,0/1,run1:ROLE_WINDOW_MISC
ART002341850,부정적 언론보도 상황에서 인증과 온라인 커뮤니티의 추천이 지각된 위험과 제품태도에 미치는 영향,김은광(서울시립대학교),2018,고객만족경영연구,kor,OK,ROLE_WINDOW_MISC,,run1:없음,"이 논문은 온라인 커뮤니티를 제품에 대한 추천을 제공하는 매개체로 삼아, 부정적 언론보도 상황에서 온라인 커뮤니티 추천이 지각된 위험과 제품태도에 미치는 영향을 실험적으로 분석한다.","논문은 온라인 커뮤니티를 제품 추천이라는 외부 현상을 보여주는 사례로 사용하므로 WINDOW_MISC 코드가 가장 적합하고, 다른 ROLE 및 ENV 코드들은 근거가 없으므로 부여되지 않는다.",True,0/1,run1:ROLE_WINDOW_MISC
ART001104446,"안티사이트에서의 콘텐츠 속성, 공유의 가치, 신뢰, 몰입간 구조적 관계",김훈(세명대학교),2005,광고연구,kor,OK,ROLE_FIELD_SOCIALCAPITAL,,run1:없음,"이 논문은 기업 안티사이트라는 온라인 커뮤니티를 신뢰 형성 메커니즘이 작동하는 관계·담론의 장으로 삼아, 콘텐츠 속성과 회원 간 공유 가치가 신뢰와 몰입 행동에 어떻게 영향을 미치는지를 분석한다.","논문은 온라인 커뮤니티를 신뢰와 공유 가치를 매개로 하는 관계·담론의 장으로 분석하므로, 사회적 자원인 신뢰(사회적 자본) 형성에 초점을 맞추고 있으며, 외부 현상을 보여주는 창(window)이나 공론장 역할, 환경적 변수는 언급되지 않는다.",True,0/1,run1:ROLE_FIELD_SOCIALCAPITAL
ART000993250,락앤락: 밀폐용기 시장의 작은 거인,차태훈(한국외국어대학교),2006,Korea Business Review,kor,OK,ROLE_FIELD_SOCIALCAPITAL,,run1:없음,"이 논문은 온라인 커뮤니티를 제품 마케팅 수단으로 활용하며, 커뮤니티 활동이 브랜드 신뢰도와 애착 형성에 미치는 효과를 기술한다.",논문은 온라인 커뮤니티를 브랜드 신뢰와 애착이라는 관계적 자원을 형성·작동하는 공간으로 보고 있어 ROLE_FIELD_SOCIALCAPITAL에 해당한다.,True,0/1,run1:ROLE_FIELD_SOCIALCAPITAL
ART002247977,고객 서비스 네트워크에서의 고객가치창출에 관한 연구: 의료 커뮤니티를 중심으로,김지영(연세대학교),2017,고객만족경영연구,kor,ERR,,,run1:없음,"이 논문은 의료 분야 온라인 커뮤니티를 고객 상호작용이 이루어지는 장으로 삼아, 그 상호작용이 인지·감정적 가치와 삶의 질에 미치는 영향을 분석한다.","논문은 온라인 커뮤니티를 고객 상호작용의 장으로 활용해 인지·감정적 가치와 삶의 질에 미치는 영향을 분석하지만, 공론장 기능, 관계 자원, 정치·젠더·혐오 현상, 혹은 커뮤니티의 구독·거버넌스·인구통계·생애주기·익명성 등 11개 코드가 요구하는 구체적 요소를 언급하지 않아 모두 미부여로 판단한다.",True,1/1,run1:없음
ART001707998,온라인 브랜드커뮤니티에서 구성원들의 유형과 영향력,장영혜(계명대학교),2012,경영교육연구,kor,ERR,,,run1:없음,"이 논문은 온라인 브랜드커뮤니티를 관계·담론이 형성되는 장으로 삼아, 구성원들의 참여행동 유형과 의견 선도자의 영향력이 정보 확산, 브랜드 애착 및 제품 개발 참여 의도에 어떻게 작용하는지를 분석한다.","제시된 문장은 온라인 브랜드커뮤니티를 관계·담론이 형성되는 장으로만 언급하고, 신뢰·연대·네트워크와 같은 관계적 자원이나 공론장 역할, 혹은 외부 사회현상(정치·젠더·혐오 등)이나 커뮤니티 구조·운영 특성에 대한 비교·분석을 제시하지 않으므로 모든 코드에 대해 근거가 부족해 확률이 0.5 이하로 평가된다.",True,1/1,run1:없음
ART002076897,Antecedents and Consequences of Participation and Browsing in Social Network Communities,웬 티 웨트 민(울산대학교),2016,마케팅관리연구,kor,OK,ROLE_FIELD_SOCIALCAPITAL,,run1:없음,"이 논문은 온라인 커뮤니티를 관계·담론이 형성·활동되는 장으로 삼아, 기능적·쾌락적 이익과 친밀감·친근감 같은 사회적 상호작용이 참여와 열람 행동에 미치는 영향을 분석하고, 이러한 행동이 구매 의도와 회원 지속 의도에 미치는 결과를 탐구한다.","논문은 온라인 커뮤니티 내에서 관계·담론이 형성되는 과정을 분석하고, 친밀감·친근감 등 사회적 상호작용이 행동에 미치는 영향을 탐구하므로 사회적 자원(신뢰·연대·네트워크) 형성을 강조하는 SOCIALCAPITAL 역할에 가장 부합한다.",True,0/1,run1:ROLE_FIELD_SOCIALCAPITAL
ART001918062,"사회적 자본, 지식 품질 그리고 온라인 브랜드 커뮤니티의 성공",윤철호(목포대학교),2014,한국IT서비스학회지,kor,OK,ROLE_FIELD_SOCIALCAPITAL,,run1:없음,"이 논문은 온라인 브랜드 커뮤니티를 관계·담론이 형성되는 장으로 삼아, 사회적 자본과 지식 품질이 구성원 참여와 브랜드 신뢰·충성도에 미치는 영향을 분석한다.","논문은 온라인 브랜드 커뮤니티를 관계·담론이 형성되는 장으로 보고, 사회적 자본이 구성원 참여와 브랜드 신뢰·충성도에 미치는 영향을 분석하므로 ROLE_FIELD_SOCIALCAPITAL에 가장 부합한다.",True,0/1,run1:ROLE_FIELD_SOCIALCAPITAL
ART002850607,온라인 커뮤니티 이용자 참여 증진을 위한 관리자의 운영 전략: 대학별 대나무숲 분석을 중심으로,김혜정(연세대학교),2022,지식경영연구,kor,OK,"ROLE_FIELD_PUBLICSPHERE, ROLE_FIELD_SOCIALCAPITAL",,run1:ENV_COMMUNITY_GOVERNANCE,"이 논문은 대학별 대나무숲이라는 온라인 커뮤니티를 관리자의 운영 전략이 이용자 참여(소극적·적극적)와 담론 형성에 어떻게 영향을 미치는지를 분석함으로써, 커뮤니티 자체가 관계·담론이 형성되는 장(field)이며 동시에 관리·제도적 조건이 참여 행동에 미치는 효과를 탐구한다.","논문은 관리자의 운영 전략이 참여와 담론에 미치는 영향을 분석하고, 커뮤니티를 관계·담론이 형성되는 장(field)으로 보아 공론장 및 사회적 자원(관계·신뢰) 역할을 강조하므로 FIELD_PUBLICSPHERE, FIELD_SOCIALCAPITAL, 그리고 GOVERNANCE 코드를 부여한다.",True,0/1,"run1:ROLE_FIELD_PUBLICSPHERE,ROLE_FIELD_SOCIALCAPITAL"
ART002979434,청년층의 커뮤니티 이용 동기와 창업 태도와의 관계에서 사회자본의 매개효과에 대한 실증연구,하준식(호서대 벤처대학원 정보경영학과),2023,경영컨설팅연구,kor,OK,ROLE_FIELD_SOCIALCAPITAL,,run1:없음,"이 논문은 청년층이 온라인·오프라인 커뮤니티를 이용하는 동기가 사회자본(연결적·결속적) 형성에 어떻게 기여하고, 그 사회자본이 창업 태도에 미치는 영향을 실증적으로 분석한다.","청년층의 커뮤니티 이용 동기가 사회자본(연결·결속) 형성에 기여한다는 서술이 존재하므로 ROLE_FIELD_SOCIALCAPITAL에 높은 확률을 부여하고, 다른 ROLE 및 ENV 코드들은 해당 내용이 없으므로 낮은 확률로 미부여 처리한다.",True,0/1,run1:ROLE_FIELD_SOCIALCAPITAL
ART001958544,Effects of Consumer Participation in Online Brand Communities on Consumer Behavioral Intentions,웬티 풍 타오(울산대학교),2015,마케팅관리연구,kor,OK,ROLE_FIELD_SOCIALCAPITAL,,run1:없음,"이 논문은 온라인 브랜드 커뮤니티를 관계·담론이 형성되는 공간으로 삼아, 참여자의 기능적·사회적·쾌락적 이익이 참여 태도와 행동 의도에 미치는 영향을 분석한다.","논문은 온라인 브랜드 커뮤니티를 관계·담론이 형성되는 공간으로 보고, 참여자의 기능적·사회적·쾌락적 이익이 행동에 미치는 영향을 분석하므로, 커뮤니티 내 관계적 자원(사회적 자본) 형성이 주요 분석 대상이다.",True,0/1,run1:ROLE_FIELD_SOCIALCAPITAL
ART002452930,데이터 마이닝을 활용한 가짜뉴스의 선제적 대응을 위한 연구 : M 온라인 커뮤니티 게시물을 중심으로,임문영(호서대학교),2019,한국IT서비스학회지,kor,OK,"ROLE_FIELD_PUBLICSPHERE, ROLE_WINDOW_MISC",,run1:없음,"이 논문은 온라인 커뮤니티를 가짜뉴스라는 외부 사회현상을 사전 탐지하기 위한 사례로 삼으며, 동시에 커뮤니티 내 게시물·행동 양식을 분석하여 담론과 행동이 어떻게 형성·강화되는지를 조사한다.","논문은 온라인 커뮤니티를 가짜뉴스라는 외부 현상을 관찰하는 창(MISC)으로 활용하고, 동시에 커뮤니티 내 담론·행동 형성 과정을 분석함으로써 공론장 역할을 검증한다.",True,0/1,"run1:ROLE_FIELD_PUBLICSPHERE,ROLE_WINDOW_MISC"
ART001617761,행위자기반모형을 활용한 확산 시뮬레이션 연구,홍재원(동서대학교),2011,기업경영연구,kor,ERR,,,run1:없음,"이 논문은 온라인 커뮤니티를 정보 확산이 일어나는 구조적·특성적 환경으로 삼아, 구성원의 이질성·허브 역할이 확산 규모와 속도에 미치는 영향을 시뮬레이션으로 분석한다.","논문은 온라인 커뮤니티를 정보 확산의 구조적·특성적 환경으로만 다루며, 공론장, 사회적 자본, 정치·젠더·혐오 등 특정 사회현상이나 커뮤니티 내부의 회원제·거버넌스·인구통계·생애주기·익명성 등을 분석 대상으로 삼지 않는다.",True,1/1,run1:없음
ART002043525,내집단 지위와 메시지 준거점이 소비자 정보평가에 미치는 영향: 집단동일시의 조절효과를 중심으로,허다경(서울시립대학교),2015,마케팅관리연구,kor,ERR,,,run1:없음,"이 논문은 온라인 커뮤니티를 실험 환경으로 삼아, 내집단·외집단 메시지와 집단지위·동일시가 소비자 정보평가에 미치는 상호작용을 분석한다.","논문은 온라인 커뮤니티를 실험 매개체로 사용해 내·외집단 메시지와 집단지위·동일시의 상호작용을 분석하지만, 공론장·관계자원·정치·젠더·혐오·기타 사회현상·커뮤니티 구조·거버넌스·인구통계·생애주기·익명성 등 어떠한 ROLE·ENV 관점도 다루지 않는다.",True,1/1,run1:없음
ART001147410,온라인 환경에서 정보 특성요인과 커뮤니티 특성요인이 구전효과에 미치는 영향에 관한 연구,이은영(한국기술교육대학교),2005,고객만족경영연구,none,NO_ABSTRACT,,,,,초록 없음 (KOR_ABST/ENG_ABST 둘 다 없음),,,
ART003067872,시골장터 기반 로컬 커뮤니티가 지역활성화에 미치는 영향에 대한 온라인 네트워크 분석,박정선(경상국립대학교(칠암) 아름다운마을연구소),2024,정보시스템연구,kor,OK,ROLE_FIELD_SOCIALCAPITAL,,run1:없음,"이 논문은 온라인 커뮤니티를 지역 활성화를 촉진하는 현장의 사례로 삼아, 커뮤니티 내 구성원의 관계·중심성 구조를 분석하고, 그 네트워크가 지역 사회의 경제·사회적 회복에 어떻게 기여하는지를 탐구한다.","논문은 온라인 커뮤니티 내 구성원 간 관계와 중심성 구조를 분석하고, 그 네트워크가 지역 경제·사회 회복에 기여한다는 점을 강조하므로, 사회적 자원(신뢰·연대·네트워크)으로서의 역할, 즉 ROLE_FIELD_SOCIALCAPITAL에 가장 부합한다.",True,0/1,run1:ROLE_FIELD_SOCIALCAPITAL
ART001995309,성장전략에 기반한 혁신,김현정(상지영서대학교),2015,Korea Business Review,kor,ERR,,,run1:없음,이 논문은 온라인 커뮤니티를 브랜드 충성도 제고와 기업 이미지 형성을 위한 마케팅 수단으로 활용한다.,"논문은 온라인 커뮤니티를 마케팅 도구로 활용한다는 점에만 초점을 맞추며, 공론장 역할, 관계 자원, 정치·젠더·혐오 등 사회현상 창, 혹은 커뮤니티의 회원제·거버넌스·인구통계·생애주기·익명성 등 환경적 특성을 분석하지 않는다.",True,1/1,run1:없음
ART001976330,상향식 공정분석을 통한 국내 유리산업의 온실가스 인벤토리 산정,백천현(동의대학교),2015,경영과학,kor,ERR,,,run1:없음,"이 논문은 온라인 커뮤니티를 연구 대상으로 삼지 않고, 유리산업의 온실가스 배출량을 산정하는 데 초점을 맞춘다.","논문이 온라인 커뮤니티를 분석 대상이 아닌 유리산업 온실가스 배출량 산정에만 초점을 두고 있어, 모든 ROLE 및 ENV 코드에 해당하지 않는다.",True,1/1,run1:없음
ART002923065,온라인 커뮤니티에서 허브가 신제품 확산에 미치는 영향 : 집단 내 선호의 편향성에 의한 조절 효과를 중심으로,박주영(연세대학교),2022,전문경영인연구,kor,OK,ROLE_FIELD_SOCIALCAPITAL,,run1:없음,"이 논문은 온라인 커뮤니티를 신제품 확산 메커니즘을 연구하는 장(field)으로 삼아, 허브의 사회적 영향력이 집단 내 선호 편향성에 따라 어떻게 달라지는지를 분석한다.","논문은 온라인 커뮤니티를 신제품 확산의 장(field)으로 활용해 허브의 사회적 영향력(관계·연결·신뢰 등) 변화를 분석하므로, 사회적 관계 자원인 SOCIALCAPITAL 코드가 가장 부합한다.",True,0/1,run1:ROLE_FIELD_SOCIALCAPITAL
ART002878522,스택오버플로 배지 시스템의 게임화 효과에 관한 연구,남정인(고려대학교),2022,지식경영연구,kor,ERR,,,run1:없음,이 논문은 스택오버플로 커뮤니티 내 배지 시스템이 사용자 참여와 참여 질에 미치는 영향을 분석한다.,"논문은 배지 시스템이라는 내부 메커니즘이 참여와 질에 미치는 영향을 분석하지만, 공론장 역할, 사회적 자본, 정치·젠더·혐오 등 외부 현상, 혹은 회원제·거버넌스·인구통계·생애주기·익명성 등 환경 요인을 비교·분석한다는 근거가 전혀 제시되지 않는다.",True,1/1,run1:없음
ART002703107,중국온라인 커뮤니티 형성과 공동구매에 관한 실증 연구,박주희(계명대학교),2021,국제경영리뷰,kor,OK,ROLE_FIELD_SOCIALCAPITAL,,run1:없음,"이 논문은 온라인 공동구매 커뮤니티를 관계·담론이 형성되는 장으로 삼아, 참여자들의 상호작용·정보공유·협상력 등이 커뮤니티 형성에 미치는 요인을 규명하고, 이러한 커뮤니티 형성이 소비자 구매 의도와 가성비 중심의 구매 가치에 어떻게 영향을 미치는지를 분석한다.","논문은 온라인 공동구매 커뮤니티를 참여자 간 상호작용·정보공유·협상력이라는 관계적 자원의 형성 장으로 분석하고, 이 관계·담론이 소비자 구매 의도와 가치에 미치는 영향을 규명한다.",True,0/1,run1:ROLE_FIELD_SOCIALCAPITAL
ART003223834,워킹맘의 양육스트레스와 음악활용에 관한 인식 조사,박은정(고신대학교),2025,문화예술융합연구,kor,ERR,,,run1:없음,"이 논문은 온라인 커뮤니티를 워킹맘을 대상으로 설문조사를 수행하기 위한 모집·연구 수단으로 활용하고, 커뮤니티 자체나 그 안의 담론·관계는 분석 대상이 아니다.","논문은 온라인 커뮤니티를 설문 대상 모집 수단으로만 사용하고, 커뮤니티 자체의 공론장 기능, 관계 자원, 혹은 외부 사회현상 창 역할을 분석하지 않으며, 커뮤니티의 회원제·운영·인구통계·생애주기·익명성 등 환경적 특성도 비교·대조하지 않는다.",True,1/1,run1:없음
ART002303914,온라인 커뮤니티에서의 건강 관련 콘텐츠 분류 모형 개발,김태윤(충북대학교),2017,정보시스템연구,kor,ERR,,,run1:없음,"이 논문은 네이버 지식인이라는 온라인 커뮤니티의 Q&A 게시글을 자료로 삼아, 사용자들이 제공하는 건강 관련 정보의 신뢰성을 평가하고, 답변의 의료 근거 수준과 광고 포함 여부를 분석한다.","논문은 건강 정보의 신뢰성·의료 근거·광고 포함 여부를 평가하는 데 초점을 맞추며, 온라인 커뮤니티의 공론장 역할, 사회적 자원 형성, 정치·젠더·혐오 등 외부 사회현상, 혹은 회원제·거버넌스·인구통계·생애주기·익명성 등 환경 요인을 분석하지 않는다.",True,1/1,run1:없음
ART001839986,온라인 커뮤니티의 지속적 사용에 대한 이해：기술적 관점과 사회적 관점의 비교,함주연(고려대학교),2013,한국IT서비스학회지,kor,OK,ROLE_FIELD_SOCIALCAPITAL,,run1:없음,"이 논문은 온라인 커뮤니티를 구성원들의 지속적 사용 의도를 설명하는 현상으로 삼아, 기술적 관점과 사회적(사회자본) 관점을 비교·분석한다.","논문은 온라인 커뮤니티를 지속적 사용 의도의 설명 대상으로 삼으며, 사회자본 관점을 분석에 포함하고 있어 ROLE_FIELD_SOCIALCAPITAL에 해당한다.",True,0/1,run1:ROLE_FIELD_SOCIALCAPITAL
ART002485261,넷노그래피를 활용한 성경의 핵심어 네트워크 분석,임병학(부산외국어대학교),2019,로고스경영연구,kor,ERR,,,run1:없음,"이 논문은 온라인 커뮤니티를 질적 연구 방법인 넷노그래피를 적용하는 도구로 삼아, 성경 텍스트의 핵심어 네트워크를 분석한다.","논문은 온라인 커뮤니티를 연구 대상이 아닌 분석 도구로만 활용하고, 커뮤니티 자체의 역할이나 환경적 특성에 대한 논의가 없으므로 모든 코드에 해당하지 않는다.",True,1/1,run1:없음
ART002858986,COVID-19 상황하에서 온라인 브랜드 커뮤니티 유형별 서비스 품질 결정요인이 사용자 만족도에 미치는 영향,하유신(우송대학교),2022,인터넷전자상거래연구,kor,ERR,,,run1:없음,"이 논문은 온라인 브랜드 커뮤니티를 기업이 운영·제공하는 서비스 환경으로 삼아, 커뮤니티 유형별 서비스 품질 결정요인이 사용자 만족도에 미치는 영향을 분석한다.","논문은 온라인 브랜드 커뮤니티를 서비스 환경으로 활용해 서비스 품질과 만족도를 분석하지만, 공론장 역할, 관계 자원, 정치·젠더·혐오 등 외부 사회현상, 혹은 회원제·거버넌스·인구통계·생애주기·익명성 등 환경 요인을 다루지 않으므로 모든 코드가 미부여된다.",True,1/1,run1:없음
ART003226632,Research on Risk Identification and Assessment of the UK High-Speed Rail HS2 Project Based on the AHP-ISM Model,한강월(신라대학교 산업디자인대학원),2025,기업경영연구,kor,ERR,,,run1:없음,"이 논문은 온라인 커뮤니티를 언급하지 않고, 영국 고속철도 HS2 프로젝트의 위험 식별 및 평가를 위해 AHP-ISM 모델을 적용한 연구이다.","논문은 온라인 커뮤니티를 전혀 다루지 않으며, HS2 프로젝트 위험 평가에만 초점을 맞추고 있기 때문에 모든 ROLE 및 ENV 코드에 해당하지 않는다.",True,1/1,run1:없음
ART003183436,Decentralized Networks and Social Influence in New Product Diffusion: A Study within Online Affinity Groups,이수빈(연세대학교 경영대학),2025,전문경영인연구,kor,ERR,,,run1:없음,"이 논문은 온라인 커뮤니티를 환경 조건(네트워크 중심화)으로 삼아, 그 구조가 신제품 확산 과정에서 사회적 영향에 미치는 영향을 분석한다.","주어진 문장은 온라인 커뮤니티를 신제품 확산에 영향을 미치는 환경 요인으로 다루며, 공론장 역할, 사회적 자원(신뢰·연대·네트워크) 형성, 정치·젠더·혐오 현상 등 구체적 현상을 설명하거나 회원제·거버넌스·인구통계·생애주기·익명성 등 비교 조건을 제시하지 않으므로 모든 코드에 대한 근거가 부족하다.",True,1/1,run1:없음
ART003258410,온라인 커뮤니티 특성이 참여도와 구매의도에 미치는 영향 : 오피니언 리더십의 조절효과,장성초(신한대학교 글로벌경영학과),2025,고객만족경영연구,kor,ERR,,,run1:없음,"이 논문은 온라인 커뮤니티를 사용자 참여와 구매 의도를 형성하는 환경 조건으로 보고, 그 특성(명성, 신뢰성, 효율성, 상호작용성)이 참여도와 구매 의도에 미치는 영향을 분석한다.","주어진 초점은 온라인 커뮤니티의 특성이 사용자 참여와 구매 의도에 미치는 영향을 분석하는 것으로, 공론장 역할, 사회적 자원 형성, 정치·젠더·혐오 현상 설명, 혹은 회원제·거버넌스·인구통계·생애주기·익명성 비교와 같은 시각을 다루지 않으므로 모든 코드에 해당하지 않는다.",True,1/1,run1:없음
ART003357604,온라인 커뮤니티 관여도와 디지털 자산 거래 성과,장영진(연세대학교),2026,경영컨설팅연구,kor,ERR,,,run1:없음,"이 논문은 NFT 프로젝트의 성공을 결정짓는 환경 요인으로서 온라인 커뮤니티의 관여도와 토픽을 분석하고, 그 관여도가 NFT 컬렉션의 거래량과 가격에 미치는 영향을 실증적으로 조사한다.","논문은 온라인 커뮤니티의 관여도와 토픽을 NFT 시장 성과에 미치는 요인으로 분석하지만, 공론장 역할, 사회적 자본, 정치·젠더·혐오 등 특정 사회현상, 혹은 회원제·거버넌스·인구통계·생애주기·익명성 등 커뮤니티 구조적 특성을 다루지 않으므로 모든 코드에 해당하지 않는다.",True,1/1,run1:없음
ART002244338,The Coexistance of Online Communities: An Agent-Based Simulation from an Ecological Perspective,Luyang Han(National University of Singapore),2017,경영정보학연구,kor,ERR,,,run1:없음,"이 논문은 온라인 커뮤니티를 생태학적·조직적 환경으로 보고, 커뮤니티 규모, 참여 비용, 관심사 분포 등이 공존과 성공에 미치는 영향을 에이전트 기반 시뮬레이션으로 분석한다.","주어진 문장은 온라인 커뮤니티를 분석 대상인 생태·조직 환경으로만 다루며, 공론장, 사회자본, 정치·젠더·혐오 현상 등 WINDOW·FIELD 시각이나 회원제·거버넌스·인구통계·생애주기·익명성 등 ENV 조건에 대한 언급이 없으므로 모든 코드에 대해 근거가 부족해 미부여로 판단한다.",True,1/1,run1:없음
ART003066298,온라인 건강 지식 커뮤니티에서의 커뮤니티 정체성 인식이 심리적 계약과 지식 기여 사이의 관계에 미치는 영향: 지식 공유 자기효능감의 조절 역할,장형유(경상국립대학교 경영학부),2024,마케팅논집(Journal of Marketing Studies),kor,OK,ROLE_FIELD_SOCIALCAPITAL,,run1:없음,"이 논문은 온라인 건강 지식 커뮤니티를 관계·담론이 형성되는 장으로 삼아, 심리적 계약과 커뮤니티 정체성이 지식 기여에 미치는 영향을 분석하고, 지식 공유 자기효능감이 그 관계를 어떻게 조절하는지를 규명한다.","논문은 온라인 건강 지식 커뮤니티를 ‘관계·담론이 형성되는 장’으로 설정해 심리적 계약·정체성과 지식 기여 사이의 메커니즘을 탐구하므로, 관계·연대와 같은 사회적 자원을 강조하는 ROLE_FIELD_SOCIALCAPITAL 코드에 가장 부합한다.",True,0/1,run1:ROLE_FIELD_SOCIALCAPITAL
ART003116907,Mechanism of Quantified-Self Consciousness in Customer Participation Behavior: Based on Self Concept Theory,"진홍(Business College, Jiangxi Normal University)",2024,글로벌경영학회지,kor,OK,ROLE_FIELD_SOCIALCAPITAL,,run1:없음,"이 논문은 온라인 커뮤니티를 고객들의 참여 행동과 상호작용이 형성·조정되는 장으로 삼아, 양적 자기 인식이 어떻게 정보·업무·개인 상호작용 행동에 영향을 미치는지와 그 과정에서 외향성 및 커뮤니티 내 유대 강도가 어떻게 조절 역할을 하는지를 분석한다.","논문은 온라인 커뮤니티를 참여·상호작용이 형성·조정되는 공간으로 보고, 특히 커뮤니티 내 유대 강도가 조절 변수로 작용한다는 점에서 관계적 자원(사회적 자본) 분석에 초점을 맞추고 있다.",True,0/1,run1:ROLE_FIELD_SOCIALCAPITAL
ART002913072,How User-Generated Content Characteristics Influence the Impulsive Consumption: Moderating Effect of Tie Strength,"라위의(Hunan Institute of Humanities, Science and Technology, China)",2022,지식경영연구,kor,OK,ROLE_FIELD_SOCIALCAPITAL,,run1:없음,이 논문은 온라인 커뮤니티를 사용자 생성 콘텐츠와 생산자·소비자 간 관계(유대 강도)가 소비자의 위험 인식과 충동 구매에 미치는 메커니즘을 분석하는 장(field)으로 삼는다.,논문은 온라인 커뮤니티를 생산자·소비자 간 관계(유대 강도)라는 관계적 자원의 형성과 효과를 분석 대상으로 삼아 FIELD_SOCIALCAPITAL에 해당한다.,True,0/1,run1:ROLE_FIELD_SOCIALCAPITAL
ART003250677,기술과 창작의 경계: 생성형 AI의 가능성과 제약 탐구,박하은(경희대학교),2025,지식경영연구,kor,ERR,,,run1:없음,"이 논문은 생성형 AI 사용자들의 온라인 커뮤니티 담론을 자료로 삼아, 기술이 창작의 가능성을 확장하고 제약하는 과정을 분석하면서, 그 과정에서 드러나는 사용자·기술·플랫폼 간의 사회기술적 상호작용을 조명한다.","주어진 문장은 온라인 커뮤니티를 창작 가능성 확대·제한의 사례로 삼아 사회기술적 상호작용을 분석한다는 점에 초점이 맞춰져 있어, 공론장 역할, 신뢰·연대·네트워크 형성, 정치·젠더·혐오 등 외부 사회현상, 혹은 커뮤니티의 회원제·거버넌스·인구통계·생애주기·익명성 등 환경적 요인을 다루고 있지 않다.",True,1/1,run1:없음
ART003358895,전통시장 바가지요금 온라인 담론과 가격공정성 : 소셜 빅데이터 텍스트마이닝 분석,이형태(숭실대학교 벤처중소기업학과),2026,벤처혁신연구,kor,OK,ROLE_WINDOW_MISC,,run1:없음,"이 논문은 온라인 커뮤니티와 기타 온라인 매체에 나타난 바가지요금 담론을 자료로 삼아, 전통시장의 가격공정성 및 신뢰 인식이라는 외부 사회현상을 어떻게 형성·연결되는지를 분석한다.",논문은 온라인 커뮤니티 담론을 전통시장의 가격공정성·신뢰 인식이라는 외부 사회현상을 보여주는 사례(window)로 활용하므로 ROLE_WINDOW_MISC만 높은 확률을 부여한다.,True,0/1,run1:ROLE_WINDOW_MISC
ART003228515,온라인 비디오 추천 시스템의 프라이버시 논의 동향: GDPR 도입 전후 텍스트 마이닝을 중심으로,김주영(한국과학기술원),2025,윤리경영연구,kor,OK,ROLE_FIELD_PUBLICSPHERE,,run1:없음,"이 논문은 Reddit의 r/cybersecurity 서브레딧을 온라인 커뮤니티 자체로 삼아, GDPR 도입 전후의 프라이버시 담론과 감성 변화를 텍스트 마이닝으로 분석한다.","본 연구는 r/cybersecurity 서브레딧을 프라이버시 논쟁이 전개되는 공론장으로 활용해 텍스트 마이닝으로 담론과 감성 변화를 분석하므로, FIELD_PUBLICSPHERE 역할이 가장 부합한다.",True,0/1,run1:ROLE_FIELD_PUBLICSPHERE
ART001262167,온라인 커뮤니티 회원들의 가치제안이 브랜드 애착에 미치는 영향,한광석(남서울대학교),2007,경영과 정보연구,eng,OK,ROLE_FIELD_SOCIALCAPITAL,,run1:없음,"이 논문은 온라인 커뮤니티를 구성원들의 가치제안이 교환되는 장으로 삼아, 그 가치제안이 브랜드 애착에 미치는 영향을 분석한다.","논문은 온라인 커뮤니티를 가치제안이 교환되는 장으로 보고, 이러한 교환이 관계적 자원(신뢰·연대·네트워크) 형성에 기여한다는 점을 분석하므로 ROLE_FIELD_SOCIALCAPITAL에 해당한다.",True,0/1,run1:ROLE_FIELD_SOCIALCAPITAL
ART002730754,온라인 커뮤니티의 네트노그라피 분석을 통한 창업 아이디어 도출 통합모델 제안,오승희(한양대학교),2021,Journal of Information Technology Applications & Management,kor,OK,ROLE_FIELD_PUBLICSPHERE,,run1:없음,"이 논문은 온라인 커뮤니티를 소비자 문제와 요구가 논의되는 장으로 삼아, 그 담론을 분석해 고객 중심의 창업 아이디어를 도출하는 과정을 제시한다.","논문은 온라인 커뮤니티를 소비자 문제·요구가 논의되는 공론장으로 활용해 담론을 분석하고 창업 아이디어를 도출하므로, 공론장 역할(ROLE_FIELD_PUBLICSPHERE)이 가장 부합한다.",True,0/1,run1:ROLE_FIELD_PUBLICSPHERE
ART002397003,"How do Online Product-Related Electronic Network of Interest Grow?: The Role of Content, Communication Activity, and Structure",배성주(연세대학교),2018,연세경영연구,kor,OK,ROLE_FIELD_SOCIALCAPITAL,,run1:없음,"이 논문은 제품 관련 온라인 커뮤니티(eNoI)를 연구 대상으로 삼아, 콘텐츠, 커뮤니케이션 활동, 네트워크 구조가 커뮤니티 성장에 미치는 영향을 분석한다.","논문은 커뮤니티 성장에 대한 네트워크 구조와 커뮤니케이션 활동을 분석하므로, 이용자 간 관계·연결·네트워크(사회적 자본) 형성을 중심으로 다루며, 공론장 기능이나 외부 사회현상(윈도우) 및 환경적 변수에 대한 언급이 없으므로 ROLE_FIELD_SOCIALCAPITAL만 부여한다.",True,0/1,run1:ROLE_FIELD_SOCIALCAPITAL
ART003200514,A study on the factors influencing consumers' intention to use community group buying platforms,이일녕(우석대학교),2025,글로벌경영학회지,kor,ERR,,,run1:없음,"이 논문은 온라인 커뮤니티를 기술·제도적 환경 조건으로 삼아, IT 품질이 소비자 신뢰와 이용 의도에 미치는 영향을 분석한다.","제시된 문장은 온라인 커뮤니티를 단순히 기술·제도적 환경 변수로 사용한다는 점만을 밝히며, 공론장 기능, 사회적 자본 형성, 정치·젠더·혐오 등 특정 사회현상, 혹은 회원제·거버넌스·인구통계·생애주기·익명성 등 구체적인 환경 특성에 대한 언급이 없어 모든 코드에 대한 근거가 부족하다.",True,1/1,run1:없음
ART002612507,코로나19 펜데믹(pandemic) 상황에서 고등학교 경력 체육 교사가 겪는 온라인 수업 실천의 어려움과 극복 전략 탐색,이의재(서강대학교),2020,학습자중심교과교육연구,kor,ERR,,,run1:없음,"이 논문은 고등학교 체육 교사의 온라인 수업 실천 과정을 연구하며, 온라인 커뮤니티는 교육 수행의 수단으로만 언급된다.","논문은 온라인 커뮤니티를 교육 수행의 도구로만 언급하고, 그 자체의 공론장 기능, 관계형 자원, 혹은 사회현상을 보여주는 창 역할을 분석하지 않으므로 모든 ROLE 및 ENV 코드에 해당하지 않는다.",True,1/1,run1:없음
ART001540563,온라인 교사공동체의 협력적 전문성 개발 : 인디스쿨 사례연구,서경혜(이화여자대학교),2011,한국교원교육연구,kor,OK,ROLE_FIELD_SOCIALCAPITAL,,run1:없음,"이 논문은 온라인 교사공동체를 관계·담론이 형성되는 장으로 삼아, 교사들의 협력적 전문성 개발 활동과 그 특징을 분석한다.","논문은 온라인 교사공동체를 관계와 담론이 형성되는 장으로 설정해 교사들의 협력적 전문성 개발을 분석하므로, 관계·담론 형성이라는 핵심 표현이 사회적 자원(신뢰·연대·네트워크) 형성에 초점을 둔 FIELD_SOCIALCAPITAL에 가장 부합한다.",True,0/1,run1:ROLE_FIELD_SOCIALCAPITAL
ART001433331,교사공동체의 실천적 지식,서경혜(이화여자대학교),2010,한국교원교육연구,kor,OK,ROLE_FIELD_SOCIALCAPITAL,,run1:없음,"이 논문은 온라인 교사공동체인 인디스쿨을 관계·담론이 형성되는 장으로 삼아, 실천적 지식의 외현·공유·검증·재구성 과정을 어떻게 이루어지는지를 분석한다.","초점이 온라인 교사공동체를 관계·담론이 형성되는 장으로 설정해 실천적 지식의 공유·검증·재구성을 분석하므로, 커뮤니티 내 신뢰·연대·네트워크와 같은 관계적 자원의 형성을 다루는 사회적 자본(SOCIALCAPITAL) 관점에 가장 부합한다.",True,0/1,run1:ROLE_FIELD_SOCIALCAPITAL
ART001250917,교사들의 지식공유 및 전문성 향상을 위한네트워크 기반 실천공동체의 발달과정: 인디스쿨 사례연구,김도헌(진주교육대학교),2008,교육공학연구,kor,OK,ROLE_FIELD_SOCIALCAPITAL,ENV_COMMUNITY_LIFECYCLE,run1:없음,"이 논문은 교사들이 자생적으로 만든 온라인 실천공동체를 관계·담론이 형성·발전하는 장으로 삼아, 그 공동체의 생성·성숙·변화 과정을 단계별로 분석한다.","논문은 온라인 실천공동체를 관계와 담론이 형성·발전하는 장으로 보고, 그 공동체의 생성·성숙·변화 단계(라이프사이클)를 분석함으로써 사회적 관계(사회자본)와 커뮤니티의 성장 과정을 중심으로 다룬다.",True,0/1,"run1:ENV_COMMUNITY_LIFECYCLE,ROLE_FIELD_SOCIALCAPITAL"
ART002881427,유아교사의 디지털역량 강화를 위한 교육 프로그램 개발,김교령(가톨릭대학교),2022,육아지원연구,kor,ERR,,,run1:없음,이 논문은 온라인 커뮤니티를 유아교사의 디지털역량 강화 교육 프로그램을 운영하는 도구로 활용한다.,"초점 문장은 온라인 커뮤니티를 교육 프로그램 운영 도구로만 언급하고, 커뮤니티 자체의 공론장 역할, 관계 자원 형성, 사회현상 창 역할, 혹은 회원제·거버넌스·인구통계·생애주기·익명성 등 환경적 특성을 분석하지 않으므로 모든 코드가 적용되지 않는다.",True,1/1,run1:없음
ART002024110,대학생의 자기수용이 대인관계능력에 미치는 영향: 자아존중감과 의사소통능력의 매개효과,이어진(부산대학교),2015,상담학연구,kor,ERR,,,run1:없음,"이 논문은 대학생의 자기수용이 대인관계능력에 미치는 영향을 자아존중감과 의사소통능력의 매개효과를 통해 분석하며, 온라인 커뮤니티는 표본 모집 수단으로만 활용한다.","논문은 온라인 커뮤니티를 표본 모집 수단으로만 사용하고, 그 자체의 공론장·관계자원·사회현상 창 역할을 분석하지 않으므로 모든 ROLE 및 ENV 코드에 해당하지 않는다.",True,1/1,run1:없음
ART002178575,대학생들은 플립드러닝수업을 통해 어떤 경험을 하는가?,임상훈(한양대학교),2016,교육정보미디어연구,kor,OK,ROLE_FIELD_PUBLICSPHERE,,run1:없음,"이 논문은 플립드러닝 수업에서 학생들의 학습 경험을 조사하기 위해 온라인 커뮤니티를 관찰하고, 그 안에서 형성되는 상호작용과 담론을 분석한다.","논문은 온라인 커뮤니티 내에서 형성되는 상호작용과 담론을 분석함으로써, 커뮤니티가 의견·담론이 교환되는 공론장 역할을 하는지를 탐구한다.",True,0/1,run1:ROLE_FIELD_PUBLICSPHERE
ART000942978,영유아보육시설과 유아교육기관에서 영유아의 참여권의 신장방안,이용교(광주대학교),2004,아동과 권리,kor,ERR,,,run1:없음,"이 논문은 영유아의 참여권을 강화하기 위한 방안을 제시하며, 온라인 공동체는 제안된 수단 중 하나로 언급된다.","논문은 온라인 공동체를 영유아 참여권 강화 방안의 하나로 제시할 뿐, 그 자체의 공론장 역할, 관계형 자원, 혹은 사회현상 창 역할을 분석하지 않으며, 회원제·거버넌스·인구통계·생애주기·익명성 등 환경적 측면도 비교·대조하지 않는다.",True,1/1,run1:없음
ART001115235,온라인 수업에서 학습자들의 상호작용 증진을 위한 공동체의식 형성에 관한 고찰,이동주(The University of Texas at Austin),2004,교육공학연구,kor,OK,ROLE_FIELD_SOCIALCAPITAL,,run1:없음,"이 논문은 온라인 학습 환경에서 학습자들의 공동체의식 형성이라는 관계·담론이 형성되는 장으로 삼아, 상호작용, 수업 설계, 개인차 등 요인들이 학습에 미치는 영향을 분석한다.","논문은 온라인 학습 공동체 내에서 관계와 담론이 형성되는 과정을 분석하므로, 관계·담론이 형성되는 장이라는 표현이 사회적 자원(신뢰·연대·네트워크) 형성을 의미하는 ROLE_FIELD_SOCIALCAPITAL에 가장 부합한다.",True,0/1,run1:ROLE_FIELD_SOCIALCAPITAL
ART002702516,COVID-19로 인한 비대면 학습 환경에서 대학생의 학교소속감과 대학생활만족도가 학업지속의향에 미치는 영향,이하연(건국대학교 교육공학과),2021,進路敎育硏究,kor,ERR,,,run1:없음,"이 논문은 비대면 학습 환경에서 대학생의 소속감과 만족도를 높이기 위한 방안으로 온라인 커뮤니티를 환경 조건으로 활용한다는 점에 초점을 맞추어, 온라인 커뮤니티 활성화가 학업 지속 의향에 미치는 영향을 탐색한다.","제시된 초점 문장은 온라인 커뮤니티를 학업 지속 의향에 영향을 미치는 환경 요인으로 다루며, 공론장 기능, 관계 자원 형성, 정치·젠더·혐오 등 외부 사회현상, 혹은 커뮤니티의 구독·거버넌스·인구통계·생애주기·익명성 등 구체적 특성을 분석하지 않으므로 모든 코드에 대해 근거가 부족해 미부여로 평가한다.",True,1/1,run1:없음
ART001340968,온라인 학습 환경에서 학습자의 공동체의식과 학습준비도가 학습효과에 미치는 영향,김정겸(충남대학교),2009,학습자중심교과교육연구,kor,OK,ROLE_FIELD_SOCIALCAPITAL,,run1:없음,"이 논문은 온라인 학습 환경을 관계·담론이 형성되는 공간으로 삼아, 학습자들의 공동체 의식과 학습준비도가 학습효과에 미치는 영향을 분석한다.","논문은 온라인 학습 환경을 관계·담론이 형성되는 공간으로 보고, 학습자들의 공동체 의식(사회적 연대·네트워크)과 학습준비도가 학습효과에 미치는 영향을 분석하므로 ROLE_FIELD_SOCIALCAPITAL이 가장 부합한다.",True,0/1,run1:ROLE_FIELD_SOCIALCAPITAL
ART001591183,온라인 학습공동체에서 학습성과와 사회적 실재감 수준에 따른 상호작용 양상의 차이 규명,강명희(이화여자대학교),2011,평생교육 · HRD연구,kor,OK,ROLE_FIELD_SOCIALCAPITAL,,run1:없음,"이 논문은 온라인 학습공동체를 관계·담론이 형성되는 공간으로 삼아, 학습성과와 사회적 실재감 수준에 따른 상호작용 유형과 빈도의 차이를 분석한다.","논문은 온라인 학습공동체를 관계·담론이 형성되는 공간으로 분석하므로, 관계·연결(사회적 자본) 형성에 초점을 맞춘 FIELD_SOCIALCAPITAL 코드가 가장 부합한다.",True,0/1,run1:ROLE_FIELD_SOCIALCAPITAL
ART001001199,온라인 탐구환경에서의 학습경험: 효과적인 탐구학습 설계를 위한 시사,임병노(경희대학교),2003,교육공학연구,kor,ERR,,,run1:없음,"이 논문은 온라인 탐구학습 환경을 학습 설계와 경험 분석의 대상으로 삼아, 학습자들이 온라인 커뮤니티 내에서 겪는 탐구 경험과 그 효과를 조사하고, 이를 바탕으로 효과적인 온라인 학습 환경 설계 시 고려해야 할 점을 제시한다.","논문은 온라인 커뮤니티를 학습 설계와 경험 분석의 대상으로 삼아 탐구 경험과 효과를 조사하므로, 공론장, 사회적 자본, 정치·젠더·혐오·기타 사회현상, 혹은 커뮤니티 구조·운영·인구통계·생애주기·익명성 등과 관련된 시각을 다루지 않는다.",True,1/1,run1:없음
ART000909903,온라인 수업의 실시간 토론 내용 분석,이옥화(충북대학교),2003,교육공학연구,kor,OK,ROLE_FIELD_SOCIALCAPITAL,,run1:없음,"이 논문은 사이버 대학생들의 실시간 토론 내용을 자료로 삼아, 토론 참여와 내용이 학습자 특성·시간에 따라 어떻게 달라지는지를 분석하고, 이를 통해 온라인 학습 커뮤니티의 소속감 형성과 발전 조건을 탐구한다.","논문은 학습자 특성과 시간에 따른 토론 참여·내용 변화를 분석해 온라인 학습 커뮤니티 내 소속감 형성과 발전 조건을 탐구하므로, 이용자 간 관계·연대·소속감이라는 사회적 자원 형성에 초점을 맞춘다(ROLE_FIELD_SOCIALCAPITAL). 다른 ROLE 및 ENV 코드들은 초점 문장에 해당 근거가 없으므로 낮은 확률을 부여한다.",True,0/1,run1:ROLE_FIELD_SOCIALCAPITAL
ART001556992,초등 교사들의 온라인상에서의 수업자료 공유에 대한 사례연구,서경혜(이화여자대학교),2011,초등교육연구,kor,OK,ROLE_FIELD_SOCIALCAPITAL,,run1:없음,"이 논문은 온라인 교사공동체를 교사들이 수업자료를 교류·공유하는 장으로 삼아, 그 실태와 자료의 특성을 분석하고 교육 현장에의 시사점을 도출한다.","논문은 온라인 교사공동체를 교사 간 수업자료 교류·공유의 장으로 활용함으로써, 이용자 간 자원·네트워크 형성을 강조하고 있어 사회적 자본(신뢰·연대·네트워크) 역할에 해당한다.",True,0/1,run1:ROLE_FIELD_SOCIALCAPITAL
ART001771294,인터넷 문화기술지의 방법적 특징 및 연구 절차 탐색,오영범(진주교육대학교),2013,교육인류학연구,kor,ERR,,,run1:없음,"이 논문은 온라인 커뮤니티를 연구 대상이자 자료 수집 장소로 삼아, 인터넷 문화기술지라는 질적 방법론의 절차와 특징을 제시한다.","제시된 문장은 온라인 커뮤니티를 연구 대상과 자료 수집 장소로만 언급하고, 공론장·관계자원·정치·젠더·혐오 등 외부 현상이나 커뮤니티 내부 구조·운영·인구통계 등을 분석한다는 근거가 없으므로 모든 코드에 해당하지 않는다.",True,1/1,run1:없음
ART002244989,NCS 기반 교육과정의 효율적 운영을 위한 교수･학습 및 평가 방법 요구 분석,이민욱(한국직업능력개발원),2017,직업교육연구,kor,ERR,,,run1:없음,이 논문은 온라인 커뮤니티를 NCS 기반 교육과정의 정책 지원 및 운영 수단으로 제시한다.,"논문은 온라인 커뮤니티를 NCS 교육과정의 정책 지원·운영 도구로 제시하지만, 공론장·관계자원 역할, 사회현상 창 역할, 혹은 커뮤니티 구조·운영·인구통계·생애주기·익명성 등 11개 코드가 요구하는 구체적 분석 대상이나 비교·대조 내용이 전혀 언급되지 않는다.",True,1/1,run1:없음
ART002719196,온라인 영어학습공동체에서 학습실재감과 학습몰입이 학습성과에 미치는 영향,홍수민(이화여자대학교),2021,외국어교육연구,kor,ERR,,,run1:없음,"이 논문은 온라인 영어학습공동체를 학습자들의 실재감·학습몰입·학습성과가 어떻게 상호작용하는지를 분석하는 장으로 삼아, 해당 변인들의 구조적 관계와 효과를 규명한다.","논문은 온라인 영어학습공동체 내 변인들의 구조적 관계와 효과를 규명하는 데 초점을 맞추며, 공론장·사회적 자본·정치·젠더·혐오·기타 사회현상·커뮤니티 구독·운영·인구통계·생애주기·익명성 등과 관련된 분석을 제시하지 않는다.",True,1/1,run1:없음
ART001197018,가상학습공동체 형성 과정 모형 연구,나일주(서울대학교),2003,교육공학연구,kor,OK,,ENV_COMMUNITY_LIFECYCLE,run1:없음,"이 논문은 온라인 가상학습공동체를 자체적인 성장·발달 과정이 연구 대상인 장(field)으로 삼아, 그 형성·발전·소멸 단계와 영향을 미치는 요인들을 모델링하고 운영 지침을 제시한다.","논문은 온라인 가상학습공동체의 성장·발달 과정을 장(field)으로 삼아 단계별(형성·발전·소멸)와 요인들을 모델링하므로, 커뮤니티 라이프사이클에 대한 분석이 핵심이며, 다른 ROLE·WINDOW·ENV 시각은 근거가 제시되지 않는다.",True,0/1,run1:ENV_COMMUNITY_LIFECYCLE
ART001930079,온라인 교사공동체 전문성 발달의 특징에 관한 질적 사례 연구,오영범(부산대학교),2014,평생학습사회,kor,OK,ROLE_FIELD_SOCIALCAPITAL,,run1:없음,"이 논문은 온라인 교사공동체를 관계·담론이 형성되는 장으로 삼아, 교사들의 전문성 신장 과정과 공동체의 특징을 질적 사례 분석을 통해 탐구한다.","논문은 온라인 교사공동체를 관계와 담론이 형성되는 장으로 설정하여 교사들의 전문성 신장과 공동체 특성을 탐구하므로, 관계·연결을 강조하는 FIELD_SOCIALCAPITAL 코드에 가장 부합한다.",True,0/1,run1:ROLE_FIELD_SOCIALCAPITAL
ART001952403,"온라인 카페(online cafe) 활용 체육수업을 통한 여고생들의 교실공동체, 상호학습 및 수업 만족도",류민정(경남대학교),2014,교과교육학연구,kor,OK,ROLE_FIELD_SOCIALCAPITAL,,run1:없음,"이 논문은 온라인 카페를 교육 도구·환경으로 활용하여 여고생들의 교실공동체 의식, 상호학습 및 체육수업 만족도가 어떻게 변화하는지를 분석한다.",온라인 카페를 교육 환경으로 활용해 교실공동체 의식과 상호학습을 증진시키는 점이 관계·연대·네트워크와 같은 사회적 자원의 형성을 분석하는 FIELD_SOCIALCAPITAL에 해당한다.,True,0/1,run1:ROLE_FIELD_SOCIALCAPITAL
ART002824399,90년대생 교사 특성 분석: 세대 특성과 개인 특성을 중심으로,박상완(부산교육대학교),2022,한국교원교육연구,kor,ERR,,,run1:없음,"이 논문은 90년대생 교사의 특성을 분석하면서, 온라인 커뮤니티를 교사들이 동료와 교류하는 수단으로 언급하지만, 그 자체를 분석 대상이나 환경 조건으로 다루지는 않는다.","논문은 온라인 커뮤니티를 교사 간 교류 수단으로만 언급하고, 그 자체를 분석 대상이나 환경 요인으로 다루지 않으므로 모든 코드에 해당하지 않는다.",True,1/1,run1:없음
ART002806832,초등 전문상담교사의 교직적응에 관한 현상학적 연구-코로나19 팬데믹 상황에서 초임교사를 중심으로-,한유나(이화여자대학교),2022,교원교육,kor,ERR,,,run1:없음,"이 논문은 온라인 커뮤니티를 교내 상담교사의 전문성 신장과 교직 적응을 지원하는 수단으로 활용하면서, 초임 상담교사의 교직 적응 과정과 그 어려움을 현상학적으로 분석한다.","제시된 문장은 온라인 커뮤니티를 지원 도구로 언급하지만, 공론장 기능, 사회적 자원 형성, 정치·젠더·혐오 등 특정 사회현상, 혹은 커뮤니티의 구독·거버넌스·인구통계·생애주기·익명성 등 환경적 특성을 분석한다는 근거가 전혀 없으므로 모든 코드가 미부여로 평가된다.",True,1/1,run1:없음
ART001087846,초등학교 온라인 교사 학습 공동체에서의 지속적 지도력,이성은(이화여자대학교),2007,초등교육연구,kor,OK,ROLE_FIELD_SOCIALCAPITAL,,run1:없음,"이 논문은 초등학교 온라인 교사 학습 공동체를 관계·담론이 형성되는 장으로 삼아, 지속적 지도력의 특성과 그 작동 방식을 분석한다.",초등학교 온라인 교사 학습 공동체를 관계·담론이 형성되는 장으로 설정한 점이 커뮤니티 내에서 신뢰·연대·네트워크와 같은 관계적 자원의 형성과 작동을 분석한다는 의미이므로 ROLE_FIELD_SOCIALCAPITAL에 부여한다.,True,0/1,run1:ROLE_FIELD_SOCIALCAPITAL
ART001612050,교사공동체의 온라인상 협력을 통한 수업자료 개발의 실제와 쟁점,서경혜(이화여자대학교),2011,교육과학연구,kor,OK,ROLE_FIELD_SOCIALCAPITAL,,run1:없음,"이 논문은 온라인 교사공동체를 협력과 공동생산이 이루어지는 장으로 삼아, 수업자료 개발 과정과 그에 따른 협력·재생산·개방·질관리 등의 쟁점을 분석한다.","논문은 온라인 교사공동체를 협력·공동생산이 이루어지는 장으로 분석함으로써 관계적 자원(협력·네트워크) 형성을 강조하고, 공론장·정치·젠더·혐오 등 외부 현상이나 커뮤니티의 구조·운영 특성에 대한 논의는 포함하지 않는다.",True,0/1,run1:ROLE_FIELD_SOCIALCAPITAL
ART001918323,앱 인벤터를 활용한 초·중등 프로그래밍 교육 방안,안상진(한국교원대학교),2014,컴퓨터교육학회 논문지,kor,ERR,,,run1:없음,"이 논문은 온라인 커뮤니티를 연구 대상으로 삼지 않으며, 앱 인벤터를 활용한 프로그래밍 교육 방안을 제시한다.","논문은 온라인 커뮤니티를 분석 대상이나 사례로 사용하지 않고, 교육 방안 제시에만 초점을 두므로 모든 ROLE 및 ENV 코드에 해당하지 않는다.",True,1/1,run1:없음
ART002445820,자생적 온라인 교사 공동체의 질문분석을 통한 초등교사의 과학 교수 관련 어려움 탐색 -인디스쿨의 물리 관련 질문 게시글을 중심으로-,김윤화(서울대학교),2019,한국과학교육학회지,kor,ERR,,,run1:없음,"이 논문은 자생적 온라인 교사 공동체인 인디스쿨을 교사들의 과학 교수 관련 질문과 담론이 형성·축적되는 장으로 삼아, 그 게시글들을 분석함으로써 초등교사들이 겪는 과학 지식(SMK) 및 교수 지식(PCK)상의 어려움을 규명한다.","제시된 초점은 인디스쿨 내 교사들의 과학 교수 질문과 담론을 분석해 교사의 SMK·PCK 어려움을 규명하는 데에만 초점이 맞춰져 있어, 공론장 역할, 사회적 관계 자원, 정치·젠더·혐오 등 외부 사회현상, 혹은 커뮤니티의 회원제·운영·인구통계·생애주기·익명성 등 환경적 특성을 분석한다는 근거가 전혀 포함되지 않는다.",True,1/1,run1:없음
ART002172248,앱 인벤터와 아두이노를 이용한 피지컬 컴퓨팅 교육이 공업계 고등학생의 창의·융합적 사고에 미치는 영향,최숙영(우석대학교),2016,컴퓨터교육학회 논문지,kor,ERR,,,run1:없음,"이 논문은 온라인 커뮤니티를 연구 대상이나 분석 단위로 활용하지 않고, 앱 인벤터와 아두이노를 이용한 피지컬 컴퓨팅 교육이 고등학생의 창의·융합적 사고에 미치는 영향을 조사한다.","논문은 온라인 커뮤니티를 분석 대상이나 사례 창으로 사용하지 않으며, 교육 효과를 조사하는 데 초점을 맞추고 있어 모든 ROLE 및 ENV 코드에 해당하지 않는다.",True,1/1,run1:없음
ART002572920,온라인 커뮤니티에 참여한 특수교사들의 학부모에 대한 인식과 경험,홍정숙(대구대학교),2020,특수교육저널:이론과 실천,kor,OK,ROLE_WINDOW_MISC,,run1:없음,"이 논문은 온라인 커뮤니티에 게시된 특수교사들의 글을 자료로 삼아, 교사와 학부모 사이의 관계에서 겪는 어려움과 보람을 분석한다.","논문은 온라인 커뮤니티의 글을 활용해 교사와 학부모 사이의 관계적 어려움과 보람이라는 외부 사회현상을 분석하므로, WINDOW_MISC 코드가 가장 적합하다.",True,0/1,run1:ROLE_WINDOW_MISC
ART001713568,실과 환경 영역의 스마트교육 전략 활용 방안,금지헌(한국교육개발원),2012,실과교육연구,kor,ERR,,,run1:없음,"이 논문은 온라인 커뮤니티를 스마트교육 전략의 활용 수단으로 언급하며, 온라인 커뮤니티 자체를 분석하거나 외부 현상을 관찰하는 대상으로 삼지는 않는다.","논문은 온라인 커뮤니티를 스마트교육 전략의 도구로만 언급하고, 그 자체의 공론장 역할, 관계자원 형성, 혹은 외부 사회현상을 보여주는 창 역할을 다루지 않으며, 커뮤니티의 구독제, 거버넌스, 인구통계, 생애주기, 익명성 등 환경적 특성도 비교·분석 대상으로 삼지 않으므로 모든 코드가 미부여된다.",True,1/1,run1:없음
ART002514673,가정과 의생활 메이커스페이스 구축에 관한 연구,김샛별(성산고등학교),2019,학습자중심교과교육연구,kor,ERR,,,run1:없음,"이 논문은 온라인 커뮤니티를 메이커스페이스 내의 하나의 물리적·디지털 공간으로 제시하며, 온라인 커뮤니티 자체를 분석하거나 외부 현상을 관찰하는 사례로 활용하지 않는다.","논문은 온라인 커뮤니티를 메이커스페이스 내 물리·디지털 공간으로 제시하지만, 그 공간의 공론장 역할, 관계자원 형성, 혹은 외부 사회현상을 보여주는 창 역할을 분석하지 않으며, 커뮤니티의 구독·거버넌스·인구통계·생애주기·익명성 등 환경적 변수를 비교·대조하지도 않는다.",True,1/1,run1:없음
ART001749261,유아 부모의 육아일기에 나타난 자녀 양육 경험,모정아(놀뫼유치원 교사),2013,열린유아교육연구,kor,OK,ROLE_WINDOW_MISC,,run1:없음,"이 논문은 온라인 커뮤니티에 게시된 육아일기 블로그를 자료로 삼아, 부모들의 육아 경험과 감정, 그리고 양육지원 환경의 부족을 분석한다.","논문은 육아일기 블로그를 통해 부모들의 경험과 감정, 그리고 양육지원 환경 부족을 분석하므로, 온라인 커뮤니티를 사회현상을 보여주는 창으로 활용한다(ROLE_WINDOW_MISC); 공론장 기능이나 관계형 자원, 정치·젠더·혐오 양극화 등은 다루지 않는다.",True,0/1,run1:ROLE_WINDOW_MISC
ART002528515,유아기 어머니가 경험한 부모교육의 현실태 및 요구 분석,김주연(대구대학교),2019,학습자중심교과교육연구,kor,ERR,,,run1:없음,이 논문은 온라인 커뮤니티의 댓글 텍스트를 자료로 삼아 유아기 어머니들의 부모교육 실태와 요구를 분석한다.,"논문은 온라인 커뮤니티 댓글을 부모교육 실태와 요구를 파악하기 위한 자료로만 사용하며, 커뮤니티 자체의 공론장 기능, 사회적 자본, 정치·젠더·혐오·기타 사회현상 창 역할, 혹은 회원제·운영·인구통계·생애주기·익명성 등 환경적 측면을 분석 대상으로 삼지 않는다.",True,1/1,run1:없음
ART002255570,앱 인벤터 활용 SW 교육이 초등학생의 컴퓨팅 사고력과 컴퓨터에 대한 태도에 미치는 영향,김거현(대구교육대학교),2017,정보교육학회논문지,kor,ERR,,,run1:없음,"이 논문은 온라인 커뮤니티를 교육 도구로 활용하는 사례가 아니라, 초등학생의 컴퓨팅 사고력과 컴퓨터에 대한 태도를 향상시키기 위한 앱 인벤터 기반 SW 교육 프로그램을 개발·적용하고 그 효과를 검증한다.","논문은 온라인 커뮤니티 자체의 역할이나 특성을 분석·평가하지 않고, 교육 프로그램 개발 및 효과 검증에만 초점을 맞추고 있어 모든 ROLE·ENV 코드에 해당하지 않는다.",True,1/1,run1:없음
ART000995571,혼합형 학습에서 교사의 역할에 관한 중요도와 실행도의 차이 분석,주영주(이화여자대학교),2006,초등교육연구,kor,ERR,,,run1:없음,"이 논문은 교실 수업과 온라인 커뮤니티를 결합한 혼합형 학습 환경을 기술·제도적 조건으로 삼아, 교사의 역할에 대한 중요도와 실행도의 차이를 분석한다.","논문은 교사의 역할 중요도와 실행도 차이를 분석하는 데 초점을 맞추며, 온라인 커뮤니티를 학습 환경의 한 요소로만 활용하고 그 자체의 공론장 기능, 사회자본 형성, 혹은 정치·젠더·혐오 등 사회현상 창 역할을 다루지 않으며, 회원제·거버넌스·인구통계·생애주기·익명성 등 환경적 변수를 비교·분석하지 않는다.",True,1/1,run1:없음
ART002642073,빅데이터를 사용한 온라인 육아 커뮤니티 영유아 부모의 자녀양육 고민 분석: 딥러닝 기법의 적용,정옥경(총신대학교),2020,교육문화연구,kor,OK,ROLE_FIELD_SOCIALCAPITAL,,run1:없음,"이 논문은 온라인 육아 커뮤니티를 관계·담론이 형성되는 공간으로 삼아, 부모들이 올린 게시글을 분석해 자녀양육 고민 유형과 연령별 변화를 탐구한다.","논문은 온라인 육아 커뮤니티를 관계와 담론이 형성되는 공간으로 분석 대상에 삼아, 이용자 간 신뢰·연대·네트워크 같은 관계적 자원의 형성을 탐구하므로 ROLE_FIELD_SOCIALCAPITAL에 해당한다.",True,0/1,run1:ROLE_FIELD_SOCIALCAPITAL
ART002747358,원격 수업 관련 교사의 경험과 실제 - O초등학교 중심으로 -,조용훈(청주교육대학교),2021,학교와 수업 연구,kor,ERR,,,run1:없음,"이 논문은 온라인 교육 환경에서 원격 수업을 수행하는 교사들의 경험과 실천 과정을 사례로 삼으며, 온라인 커뮤니티는 교사학습공동체와 콘텐츠 공유·협업을 위한 수단으로만 언급된다.","본문에서는 온라인 커뮤니티를 교사학습공동체와 콘텐츠 공유·협업을 위한 도구로만 언급하고, 공론장, 사회적 자본, 정치·젠더·혐오 등 외부 현상, 혹은 커뮤니티의 구조·운영·인구통계·생애주기·익명성 등에 대한 분석을 전혀 다루지 않으므로 모든 ROLE·ENV 코드가 적용되지 않는다.",True,1/1,run1:없음
ART002096703,예비교사의 프로그래밍 교수내용지식 향상을 위한 프로그래밍 교육프로그램 설계,안상진(한국교원대학교),2016,컴퓨터교육학회 논문지,kor,ERR,,,run1:없음,이 논문은 온라인 커뮤니티를 교육 프로그램의 운영 수단이나 연구 대상으로 전혀 언급하지 않는다.,"논문이 온라인 커뮤니티를 교육 프로그램의 운영 수단이나 연구 대상으로 전혀 다루지 않으므로, 모든 ROLE 및 ENV 코드에 해당 근거가 없으며 전부 미부여로 판단한다.",True,1/1,run1:없음
ART002298485,특수교사의 온라인 커뮤니티 참여 경험에 관한 질적 연구,김정연(조선대학교),2017,특수교육교과교육연구,kor,OK,ROLE_FIELD_SOCIALCAPITAL,,run1:없음,"이 논문은 특수교사들의 온라인 커뮤니티를 교사들의 인식·행동에 영향을 미치는 관계·담론이 형성되는 공간으로 삼아, 참여 경험과 그 의미·어려움·형태·개선방향을 질적으로 분석한다.","논문은 온라인 커뮤니티를 교사들 간 관계·담론이 형성되는 공간으로 분석하므로, 관계 자원의 형성과 효과를 다루는 FIELD_SOCIALCAPITAL이 가장 부합한다.",True,0/1,run1:ROLE_FIELD_SOCIALCAPITAL
ART002442105,고령자의 온라인공동체 활동에 나타난 확장학습 경험에 관한 연구,차혜경(성결대학교),2019,교육문화연구,kor,ERR,,,run1:없음,이 논문은 고령자들이 온라인 공동체에서 게시물 읽기·쓰기와 오프라인 활동을 통해 관계를 형성하고 정체성을 재구성하며 학습 주체로 변화하는 과정을 분석한다.,"제시된 문장은 고령자들의 관계 형성·정체성 재구성·학습 주체 변화를 다루지만, 공론장 기능, 신뢰·연대·네트워크와 같은 사회적 자원, 정치·젠더·혐오와 같은 외부 현상, 혹은 커뮤니티의 회원제·운영·인구통계·생애주기·익명성 등 환경적 요소를 언급하지 않아 모든 코드에 대한 근거가 부족하다.",True,1/1,run1:없음
ART001408770,온라인학습커뮤니티를 활용한 교사교육: 미국의 사례 분석에 기초한 성공 요인,조미헌(청주교육대학교),2009,정보교육학회논문지,kor,OK,ROLE_FIELD_SOCIALCAPITAL,,run1:없음,"이 논문은 교사교육을 위한 온라인학습커뮤니티를 실천·운영의 장으로 삼아, 미국 사례들을 비교·분석하여 성공 요인과 운영 전략을 제시한다.","논문은 온라인학습커뮤니티를 교사교육 실천·운영의 장으로 활용해 성공 요인과 전략을 제시하므로, 커뮤니티 내에서 신뢰·연대·네트워크 등 관계적 자원이 형성·작동한다는 사회자본 관점이 가장 부합한다.",True,0/1,run1:ROLE_FIELD_SOCIALCAPITAL
ART002382639,“온라인 학습 공동체” 관련 국내 연구동향 분석: 초·중등 온라인 과학 학습 공동체 구성을 위한 시사점을 중심으로,장진아(서울대학교 교육종합연구원),2018,교과교육학연구,kor,OK,ROLE_FIELD_SOCIALCAPITAL,,run1:없음,"이 논문은 온라인 학습 공동체를 교육 현장에서 관계·담론이 형성되는 장으로 삼아, 그 유형·특징·학습에 영향을 미치는 요인들을 분석하고 초·중등 과학 교육에 적용하기 위한 설계 시사점을 제시한다.","논문은 온라인 학습 공동체를 관계와 담론이 형성되는 장으로 보고 있어, 이용자 간 관계적 자원의 형성과 그 효과를 분석한다는 점에서 ROLE_FIELD_SOCIALCAPITAL에 가장 부합한다.",True,0/1,run1:ROLE_FIELD_SOCIALCAPITAL
ART001821767,자문화기술지를 통한 온라인 교사공동체 운영경험 분석,정민수(전주교육대학교),2013,열린교육연구,kor,OK,ROLE_FIELD_SOCIALCAPITAL,,run1:없음,이 논문은 온라인 교사공동체를 운영·조직 메커니즘 자체(집중·구조화·분산화된 통제기제)와 그 안에서 나타나는 협력적 전문성·지속적 지도력의 형성을 분석한다.,"논문은 온라인 교사공동체 내부에서 협력적 전문성과 지속적 지도력이라는 관계적 자원의 형성을 분석하므로, ROLE_FIELD_SOCIALCAPITAL 코드에 가장 부합한다.",True,0/1,run1:ROLE_FIELD_SOCIALCAPITAL
ART002946354,온라인 커뮤니티 분석을 통한 초등교사의 인공지능 교육 현황 및 관심사 분석,이철현(경인교육대학교),2023,한국실과교육학회지,kor,OK,ROLE_WINDOW_MISC,,run1:없음,"이 논문은 초등교사 온라인 커뮤니티의 게시글을 자료로 삼아 인공지능 교육 현황과 교사들의 관심사를 분석하고, 그 담론이 드러내는 교육 정책 및 실천 과제를 탐색한다.","연구는 온라인 커뮤니티 게시글을 통해 인공지능 교육이라는 외부 사회현상을 조명하고 정책·실천 과제를 도출하므로, WINDOW_MISC 역할에 가장 부합한다.",True,0/1,run1:ROLE_WINDOW_MISC
ART002696260,대학교수의 온라인 수업 경험 탐색: 교수법 공동체 사례,김진희(안동대학교),2021,교육과 학습: Global Creative Leader,kor,ERR,,,run1:없음,"이 논문은 온라인 교수법 공동체를 관계·담론이 형성되는 장으로 삼아, 교수자들의 온라인 수업 경험, 역할 인식 및 정체성 갈등을 분석한다.","제시된 초점 문장은 온라인 교수법 공동체를 관계·담론이 형성되는 공간으로만 언급하고, 공론장 기능, 신뢰·연대·네트워크, 정치·젠더·혐오 등 외부 사회현상, 혹은 커뮤니티의 회원제·운영·인구통계·생애주기·익명성 등에 대한 구체적 언급이 없어 모든 코드에 대한 근거가 부족하다.",True,1/1,run1:없음
ART001204097,온라인 커뮤니티 유형별 다중비교를 통한 커뮤니티 특성요인의 설명력에 관한 연구,한재용((주)ITNC21 CIO),2007,상업경영연구,kor,ERR,,,run1:없음,"이 논문은 온라인 커뮤니티를 다양한 특성요인(기술·동기·관리 측면)으로 분석하여, 그 요인들이 커뮤니티 유형을 어떻게 구분하고 설명하는지를 조사한다.","논문은 온라인 커뮤니티의 내부 특성요인(기술·동기·관리)만을 분석하고, 공론장 역할, 사회자본, 정치·젠더·혐오 현상, 혹은 커뮤니티 구독·거버넌스·인구통계·생애주기·익명성 등 외부·환경적 관점을 다루지 않으므로 모든 코드가 미부여로 평가된다.",True,1/1,run1:없음
ART002820088,영유아 대상 영어교육과 증강현실 활용에 대한 교사의 인식,채진영(부산대학교),2022,학습자중심교과교육연구,kor,ERR,,,run1:없음,"이 논문은 영유아 교사의 영어교육 및 증강현실 활용에 대한 인식을 조사하기 위해 온라인 커뮤니티를 참여자 모집 수단으로 활용했으며, 온라인 커뮤니티 자체를 분석 대상이나 연구 창으로 삼지는 않는다.","논문은 온라인 커뮤니티를 단순히 참여자 모집 수단으로만 활용하고, 그 자체를 분석하거나 사회현상을 설명하는 창으로 사용하지 않으므로 모든 ROLE 및 ENV 코드에 대한 근거가 없으며, 따라서 모든 코드가 미부여로 평가된다.",True,1/1,run1:없음
ART002943365,초등교사의 다문화 감수성과 다문화 교수효능감의 관계에서 다문화 사회정의역량의 매개효과,이공숙(전북대학교),2023,한국교원교육연구,kor,ERR,,,run1:없음,"이 논문은 초등교사 온라인 커뮤니티를 연구 대상자의 표본을 모집하는 수단으로 활용하여, 교사의 다문화 감수성, 교수효능감, 그리고 사회정의역량 간의 관계와 매개효과를 분석한다.","논문은 온라인 커뮤니티를 표본 모집 수단으로만 활용하고, 커뮤니티 자체의 공론장 역할, 사회자본 형성, 정치·젠더·혐오 현상 창, 혹은 커뮤니티 구조·운영·인구통계·생애주기·익명성 등을 분석하지 않으므로 모든 코드가 적용되지 않는다.",True,1/1,run1:없음
ART002646885,교육실습 플랫폼의 설계전략 탐색을 위한 요구분석: 교육대학 사례를 중심으로,안정현(공주교육대학교 글로벌인재교육센터),2020,학습자중심교과교육연구,kor,ERR,,,run1:없음,"이 논문은 교육실습을 지원하기 위한 온라인 시스템을 설계하고 요구를 분석하며, 온라인 커뮤니티는 실습생의 성찰 활동을 돕는 수단으로만 언급된다.","논문은 온라인 커뮤니티를 실습생 성찰을 돕는 도구로만 언급하고, 그 자체의 공론장 기능, 관계자원 형성, 정치·젠더·혐오 등 사회현상 창 역할, 혹은 커뮤니티 구조·거버넌스·인구통계·생애주기·익명성 등 환경적 측면을 분석 대상으로 삼지 않으므로 모든 코드가 미부여로 평가된다.",True,1/1,run1:없음
ART002882608,앱 인벤터를 활용한 SW프로젝트 교육이 컴퓨팅 사고력 기반 문제해결력과 SW학습 과제가치 인식에 미치는 효과: 인문사회계열 신입생을 대상으로,유지원(가천대학교 교육대학원 AI융합교육전공),2022,컴퓨터교육학회 논문지,kor,ERR,,,run1:없음,이 논문은 온라인 커뮤니티를 교육 프로그램을 운영하는 수단으로만 언급한다.,"논문이 온라인 커뮤니티를 교육 프로그램 운영 수단으로만 언급하고, 그 자체의 공론장 역할, 사회자본 형성, 혹은 사회현상 창 역할 등을 분석하지 않으므로 모든 코드에 대해 근거가 없으며, 따라서 모두 미부여로 판단한다.",True,1/1,run1:없음
ART002994348,"해외 인성교육 정책 및 실천의 변화 동향과 시사점 -미국, 영국, 싱가포르 사례를 중심으로-",김윤경(금파중학교),2023,인격교육,kor,ERR,,,run1:없음,"이 논문은 온라인 커뮤니티를 연구 대상이나 분석 도구로 활용하지 않고, 해외 인성교육 정책 및 실천의 변화를 조사하여 우리나라 인성교육에 대한 시사점을 도출한다.","논문은 온라인 커뮤니티를 분석 대상이나 도구로 전혀 사용하지 않고, 해외 인성교육 정책 변화를 조사하는 데 초점을 두므로, ROLE 및 ENV 코드 모두 적용 근거가 없으며 모두 미부여로 판단한다.",True,1/1,run1:없음
ART002687823,초등교사의 미술 수업에서 온라인 교사 커뮤니티 활용에 대한 경험,공완욱(일산초등학교),2021,미술교육연구논총,kor,OK,ROLE_FIELD_SOCIALCAPITAL,,run1:없음,"이 논문은 초등교사가 미술 수업을 설계하고 진행하는 과정에서 온라인 교사 커뮤니티를 활용하는 경험을 분석하며, 그 경험이 교사의 자신감 회복, 수업 자료 제공, 그리고 학생의 자존감 향상에 어떻게 기여하는지를 탐구한다.","연구는 온라인 교사 커뮤니티를 교사의 자신감 회복과 수업 자료 제공이라는 관계적 자원으로 활용함으로써, 커뮤니티가 신뢰·연대·네트워크와 같은 사회적 자본을 형성·작동하는 공간으로 작용한다는 점을 강조한다.",True,0/1,run1:ROLE_FIELD_SOCIALCAPITAL
ART002563128,과학 수업에서 비주얼씽킹 도입에 대한 초등교사의 인식과 실행- 교사 온라인 커뮤니티 자료를 중심으로 -,박지원(남산초등학교),2020,초등과학교육,kor,OK,ROLE_WINDOW_MISC,,run1:없음,이 논문은 교사 온라인 커뮤니티에 공유된 비주얼씽킹 자료를 분석함으로써 초등교사의 VT 인식과 실천을 외부 현상으로 조명한다.,"논문은 비주얼씽킹 자료를 통해 초등교사의 VT 인식·실천이라는 외부 현상을 조명하므로, 온라인 커뮤니티를 사회현상을 보여주는 창(window)으로 활용한다는 점에서 ROLE_WINDOW_MISC에 가장 부합한다.",True,0/1,run1:ROLE_WINDOW_MISC
ART001381801,웹2.0 기반 온라인 로봇교육 커뮤니티의 개발,성영훈(진주교육대학교),2009,정보교육학회논문지,kor,ERR,,,run1:없음,"이 논문은 온라인 로봇교육 커뮤니티를 교육 자료와 활동을 공유·교류하기 위한 플랫폼으로 삼으며, 그 기능과 구현을 분석한다.","논문은 온라인 로봇교육 커뮤니티 자체의 기능과 구현을 분석하지만, 공론장 역할, 관계·신뢰·연대 형성, 외부 사회현상(양극화·젠더·혐오 등) 또는 커뮤니티의 회원제·거버넌스·인구통계·생애주기·익명성 비교를 다루지 않으므로 모든 코드에 해당하지 않는다.",True,1/1,run1:없음
ART002263370,특수학급 교사의 ICT 및 온라인 교사 커뮤니티 활용 실제 분석: 디지털 교수학습 자료를 중심으로,박은혜(이화여자대학교),2017,특수아동교육연구,kor,OK,ROLE_FIELD_SOCIALCAPITAL,,run1:없음,"이 논문은 특수학급 교사들이 디지털 교수학습 자료를 제작·수정하고 공유하기 위해 온라인 교사 커뮤니티를 활용하는 실천 과정을 분석하면서, 그 커뮤니티가 교사의 자원 제공·수요 역할과 ICT 환경 조건에 어떻게 작용하는지를 조사한다.",논문은 온라인 교사 커뮤니티를 교사 간 자원 제공·수요라는 관계적 자원의 형성·작용을 분석 대상으로 삼아 사회적 자본(SOCIALCAPITAL) 역할에 초점을 두고 있다.,True,0/1,run1:ROLE_FIELD_SOCIALCAPITAL
ART002850451,온라인 교사공동체에 관한 체계적 문헌고찰,우한솔(펜실베니아주립대학교),2022,교육행정학연구,kor,OK,"ROLE_FIELD_PUBLICSPHERE, ROLE_FIELD_SOCIALCAPITAL",,run1:없음,"이 논문은 온라인 교사공동체를 관계·담론이 형성되는 공간으로 삼아, 그 개념·특징·형성 요인 및 효과를 분석한다.","논문은 온라인 교사공동체를 관계와 담론이 형성되는 공간으로 분석하므로, 관계·연대와 같은 사회적 자원(ROLE_FIELD_SOCIALCAPITAL)과 공론장으로서의 담론 기능(ROLE_FIELD_PUBLICSPHERE)이 중심이며, 다른 WINDOW·ENV 코드들은 근거가 없어 낮은 확률을 부여한다.",True,0/1,"run1:ROLE_FIELD_PUBLICSPHERE,ROLE_FIELD_SOCIALCAPITAL"
ART002850889,텍스트 네트워크 분석을 적용한 온라인 육아 커뮤니티 영유아 부모의 자녀양육 고민 분석: 자녀 연령별 차이를 중심으로,정옥경(총신대학교),2022,교육문화연구,kor,ERR,,,run1:없음,"이 논문은 온라인 육아 커뮤니티를 부모들의 양육 고민과 담론이 형성·변화하는 장으로 삼아, 자녀 연령별 고민 유형과 내용 변화를 텍스트 네트워크 분석을 통해 분석한다.","논문은 온라인 육아 커뮤니티를 양육 고민과 담론이 형성·변화하는 장소로 분석하지만, 공론장 역할, 사회적 관계 자원, 정치·젠더·혐오 등 외부 현상, 혹은 커뮤니티 구조·운영·인구통계·생애주기·익명성 등 환경적 변수를 다루지 않으므로 모든 코드에 대해 근거가 부족해 미부여로 판단한다.",True,1/1,run1:없음
ART002200117,초등정보영재 대상의 앱 인벤터 프로그래밍 교육의 효과,서형석(전주교육대학교),2017,정보교육학회논문지,kor,ERR,,,run1:없음,"이 논문은 온라인 커뮤니티를 연구 대상이나 분석 도구로 활용하지 않고, 초등학생을 위한 앱 인벤터 프로그래밍 교육 프로그램의 효과를 검증한다.","논문은 온라인 커뮤니티를 분석 대상이나 도구로 전혀 사용하지 않으며, 교육 프로그램 효과 검증에만 초점을 맞추고 있어 FIELD, WINDOW, ENV 코드 모두 적용 근거가 없으므로 모두 미부여로 판단한다.",True,1/1,run1:없음
ART003056331,"유아기 자녀를 둔 어머니의 양육 스트레스에 대한 양육 효능감, 아버지 양육 참여 및 사회적 지지의 상대적 영향력",김경민(부경대학교),2024,학습자중심교과교육연구,kor,ERR,,,run1:없음,이 논문은 온라인 커뮤니티를 연구 대상이 아닌 설문 참여자 모집 수단으로 활용한다.,"논문은 온라인 커뮤니티를 설문 참여자 모집 수단으로만 사용하고, 그 자체의 기능이나 사회현상 창 역할, 관계·연대·신뢰 등 어떠한 분석 대상도 제시하지 않으므로 모든 코드에 해당하지 않는다.",True,1/1,run1:없음
ART002212789,"취업 커뮤니티 특성이 취업 커뮤니티 몰입, 구직효능감, 구직행동에 미치는 영향에 관한 연구",김춘근(구리농수산물공사),2017,취업진로연구,kor,OK,ROLE_FIELD_SOCIALCAPITAL,,run1:없음,"이 논문은 구직자들이 활용하는 취업 커뮤니티를 관계·담론이 형성되는 공간으로 보고, 그 커뮤니티 특성이 몰입, 구직효능감 및 구직행동에 미치는 영향을 분석한다.","논문은 취업 커뮤니티를 관계·담론이 형성되는 공간으로 보고, 그 특성이 개인의 몰입과 구직 행동에 미치는 영향을 분석하므로, 관계·담론 형성이라는 점에서 사회적 자원(관계) 형성을 강조하는 FIELD_SOCIALCAPITAL 코드에 가장 부합한다.",True,0/1,run1:ROLE_FIELD_SOCIALCAPITAL
ART001168929,e-PBL에 의한 ‘생태와 환경’ 수업 사례,이명순(경희대학교),2006,환경교육,kor,ERR,,,run1:없음,이 논문은 온라인 커뮤니티를 학습 활동을 지원하고 정보 탐색·교환을 촉진하는 교육 도구로 활용한다.,"논문은 온라인 커뮤니티를 학습 지원 및 정보 교환을 위한 교육 도구로만 언급하며, 공론장, 사회적 자본, 정치·젠더·혐오 등 외부 현상 창, 혹은 커뮤니티 구독·거버넌스·인구통계·생애주기·익명성 등 환경 요인에 대한 분석을 제시하지 않는다.",True,1/1,run1:없음
ART002180726,교육대학교에서 스토리텔링을 활용한 발명수업 설계 방안,김용익(광주교육대학교),2016,한국실과교육학회지,kor,ERR,,,run1:없음,"이 논문은 온라인 커뮤니티를 발명수업 설계에서 활용되는 도구·환경으로 제시하고, 그 자체를 분석하거나 외부 현상을 관찰하는 사례로 삼지는 않는다.","논문은 온라인 커뮤니티를 발명수업 설계의 도구·환경으로만 제시하고, 그 자체를 분석하거나 외부 사회현상을 설명하는 창으로 활용하지 않으므로 모든 ROLE 및 ENV 코드에 해당 근거가 없으며, 따라서 모든 코드가 미부여로 평가된다.",True,1/1,run1:없음
ART002053344,교수자 티칭 포트폴리오의 공개와 수업개선 참여활동이 예비교사의 티칭 포트폴리오 작성 및 수업설계 전문성에 미치는 영향,김민정(단국대학교),2015,학습자중심교과교육연구,kor,OK,ROLE_FIELD_SOCIALCAPITAL,,run1:없음,"이 논문은 온라인 커뮤니티를 예비교사와 교수자가 티칭 포트폴리오를 공유하고 수업개선 활동에 공동 참여하는 장으로 삼아, 이러한 상호작용이 예비교사의 티칭 포트폴리오 작성 및 수업설계 전문성에 미치는 영향을 분석한다.","논문은 온라인 커뮤니티를 예비교사와 교수자가 협업하고 포트폴리오를 공유하는 공간으로 활용해 전문성 향상에 미치는 영향을 분석하므로, 커뮤니티 내 신뢰·연대·네트워크와 같은 관계적 자원의 형성과 효과를 다루는 ROLE_FIELD_SOCIALCAPITAL에 해당한다.",True,0/1,run1:ROLE_FIELD_SOCIALCAPITAL
ART001749253,보육교사의 온라인 교사 커뮤니티 이용 실태와 인식 및 만족도,김미란(경성대학교 유아교육과 박사과정),2013,열린유아교육연구,kor,ERR,,,run1:없음,"이 논문은 보육교사들이 활용하는 온라인 교사 커뮤니티를 교사 간 자료 공유와 의견 교환이 이루어지는 장으로 삼아, 이용 실태·인식·만족도를 조사하고 그 활용상의 문제점을 분석한다.","제시된 초점은 온라인 교사 커뮤니티를 자료 공유와 의견 교환의 실천적 장으로 조사·분석하는 데에만 초점을 맞추고 있어, 공론장 역할, 사회적 자본 형성, 정치·젠더·혐오 등 특정 사회현상 창 역할, 혹은 회원제·운영·인구통계·생애주기·익명성 등 환경적 비교 분석과는 관련이 없다.",True,1/1,run1:없음
ART002673722,온라인 교사공동체 경험이 교사전문성과 효능감에 미치는 영향,이한비(자곡초),2020,한국초등교육,kor,OK,ROLE_FIELD_SOCIALCAPITAL,,run1:없음,"이 논문은 온라인 교사공동체를 교사들 간의 지식공유와 사회적 지지라는 관계·담론이 형성되는 장으로 삼아, 그 경험이 교사전문성과 효능감에 미치는 영향을 구조방정식 모형을 통해 분석한다.","논문은 교사간 지식공유와 사회적 지지라는 관계·담론이 형성되는 온라인 공동체를 분석 대상으로 삼아 교사전문성과 효능감에 미치는 영향을 조사하므로, 관계·연대·네트워크와 같은 사회적 자원 형성을 강조하는 ROLE_FIELD_SOCIALCAPITAL 코드에 가장 부합한다.",True,0/1,run1:ROLE_FIELD_SOCIALCAPITAL
ART002705051,온라인 커뮤니티 익명게시판에 나타난어머니들의 일상적 경험,이혜정(대원대학교),2021,어린이문학교육연구,kor,OK,ROLE_FIELD_SOCIALCAPITAL,,run1:없음,"이 논문은 온라인 커뮤니티 익명게시판을 어머니들의 일상 경험과 상호작용이 형성·전개되는 장으로 삼아, 육아 고민·정보 공유, 새로운 공동체 형성, 일상·생활 정보 교류 과정을 분석한다.","논문은 어머니들의 일상 경험과 상호작용이 이루어지는 공간으로서 온라인 익명게시판을 분석하고, 새로운 공동체 형성과 정보 교류 과정을 강조하므로 사회적 자본(신뢰·연대·네트워크) 형성에 초점을 맞춘다.",True,0/1,run1:ROLE_FIELD_SOCIALCAPITAL
ART001048466,온라인 공간에서의 학습 상호작용 유형에 관한 연구,성경희(국립국악학교),2007,시민교육연구,kor,OK,ROLE_FIELD_SOCIALCAPITAL,,run1:없음,"이 논문은 온라인 커뮤니티를 학습이 이루어지는 장으로 삼아, 교사와 학생 간의 상호작용 유형을 분석한다.","논문은 온라인 커뮤니티를 학습 공간으로 활용해 교사와 학생 간의 상호작용을 분석하므로, 관계·연대·네트워크와 같은 사회적 자원의 형성을 다루는 FIELD_SOCIALCAPITAL에 가장 부합한다.",True,0/1,run1:ROLE_FIELD_SOCIALCAPITAL
ART002847711,청소년의 진로개발역량 잠재전이유형과 관련 변인 연구: 부산교육종단연구를 중심으로,김형란(부산대학교),2022,학습자중심교과교육연구,kor,ERR,,,run1:없음,"이 논문은 청소년 진로개발역량을 분석하며, 온라인 커뮤니티는 정보수집 경험이라는 변인으로만 언급되어 진로설계 집단을 예측하는 데 활용된다.","논문은 온라인 커뮤니티를 단순히 정보수집 변인으로만 사용하고, 그 자체의 공론장 역할, 관계자원, 혹은 사회현상 창 역할을 분석하지 않으며, 커뮤니티의 회원제·거버넌스·인구통계·생애주기·익명성 등 환경적 요인도 비교·대조하지 않으므로 모든 ROLE·ENV 코드가 적용되지 않는다.",True,1/1,run1:없음
ART002114598,유아교사를 위한 액션러닝 기반미디어교육 프로그램의 개발,권연정(경복대학교),2016,어린이미디어연구,kor,ERR,,,run1:없음,"이 논문은 온라인 커뮤니티를 유아교사 미디어교육 프로그램을 보완적으로 활용하는 수단으로 삼으며, 온라인 커뮤니티 자체를 분석하거나 외부 현상을 관찰하는 대상으로는 다루지 않는다.","논문은 온라인 커뮤니티를 교육 프로그램의 보조 수단으로만 언급하고, 커뮤니티 자체의 역할이나 외부 사회현상을 분석·관찰하지 않으므로 모든 ROLE 및 ENV 코드에 해당하지 않는다.",True,1/1,run1:없음
ART003054676,온라인 육아 커뮤니티의 ‘영어유치원’ 담론 분석 : 토픽모델링과 감성분석의 적용,정옥경(총신대학교),2024,교육문화연구,kor,OK,ROLE_WINDOW_MISC,,run1:없음,"이 논문은 온라인 육아 커뮤니티의 담론을 분석 대상으로 삼아, 영어유치원에 대한 토픽과 감성을 탐색함으로써 부모들의 교육 선택 고민과 사회적 불안·경쟁 현상을 조명한다.",논문은 온라인 육아 커뮤니티 담론을 통해 부모들의 교육 선택 고민과 사회적 불안·경쟁이라는 외부 사회현상을 조명하므로 WINDOW_MISC 코드에 가장 부합한다.,True,0/1,run1:ROLE_WINDOW_MISC
ART002793774,팬데믹 온라인 병행 수업 시대 초·중·고 체험·동아리활동 운영 실태와 대안 탐색,이동원(경인교육대학교),2021,경인교육대학교 교육연구원 교육논총,kor,OK,ROLE_FIELD_SOCIALCAPITAL,,run1:없음,"이 논문은 온라인 병행 수업 환경에서 체험·동아리활동을 공동체 형성의 장으로 삼아, 온라인 활동이 학생들의 공동체성 및 정서·사회심리적 발달에 미치는 영향을 분석하고, 에듀테크와의 접목이라는 환경 조건을 고려한 대안 모델을 제시한다.","논문은 온라인 활동을 ‘공동체 형성의 장’으로 활용해 학생들의 공동체성 발달을 분석하므로, 온라인 커뮤니티가 신뢰·연대·네트워크와 같은 관계적 자원을 형성하는 공간이라는 ROLE_FIELD_SOCIALCAPITAL이 가장 부합한다.",True,0/1,run1:ROLE_FIELD_SOCIALCAPITAL
ART002812836,사회적 실재감 향상을 위한 한국어 교사의 수업 전략 연구 - 실시간 온라인 수업을 중심으로 -,한혜민(한국외국어대학교),2022,외국어교육연구,kor,ERR,,,run1:없음,"이 논문은 실시간 온라인 한국어 수업이라는 교육 환경을 대상으로, 교사들이 사회적 실재감을 구현하기 위해 취하는 전략적 행동을 분석한다.","논문은 온라인 교육 현장에서 교사의 사회적 실재감 구현 전략을 분석하며, 온라인 커뮤니티 자체의 공론장·관계자원 역할이나 사회현상(정치·젠더·혐오 등) 창 역할, 혹은 커뮤니티 구조·운영·인구통계·생애주기·익명성 비교를 다루지 않으므로 모든 코드가 미부여로 평가된다.",True,1/1,run1:없음
ART002153851,공업계 특성화고 학생을 위한 피지컬 컴퓨팅 플랫폼 기반의 모형 거북선 개발 및 적용,김원웅(한국교원대학교),2016,대한공업교육학회지,kor,ERR,,,run1:없음,"이 논문은 온라인 커뮤니티를 언급하지 않고, 아두이노와 앱 인벤터를 활용한 피지컬 컴퓨팅 기반 모형 거북선 개발 및 교육 효과를 분석한다.","논문은 온라인 커뮤니티를 전혀 다루지 않으며, 물리 컴퓨팅 기반 거북선 모델과 교육 효과에만 초점을 맞추고 있어 모든 ROLE 및 ENV 코드에 해당하지 않는다.",True,1/1,run1:없음
ART002862588,대학생의 대처유연성과 주도적 대처가 학업소진에 미치는 영향: 위계적 회귀분석을 중심으로,현승주(육군사관학교),2022,학습자중심교과교육연구,kor,ERR,,,run1:없음,이 논문은 대학생을 대상으로 설문조사를 진행하기 위해 온라인 커뮤니티를 참여자 모집 및 데이터 수집 수단으로 활용한다.,"논문은 온라인 커뮤니티를 설문 참여자 모집과 데이터 수집의 도구로만 언급하고, 커뮤니티 자체의 공론장 역할, 관계 자원, 혹은 사회현상 창(window) 역할을 분석하거나, 커뮤니티의 구독·운영·인구통계·생애주기·익명성 등을 비교·검토하지 않는다.",True,1/1,run1:없음
ART001173269,지식정보사회와 청소년문화 제고찰: 청소년의 온라인 커뮤니티 참여화 지식 정보 습득을 중심으로,조혜영(한국청소년개발원),2006,교육인류학연구,kor,ERR,,,run1:없음,이 논문은 청소년이 관심 분야 온라인 커뮤니티에 참여하면서 지식·정보를 습득·공유하고 확산시키는 과정을 분석한다.,"초점 문장은 청소년의 지식·정보 습득·공유 과정을 분석한다는 내용만을 담고 있어, 공론장 역할, 사회적 자원 형성, 정치·젠더·혐오 등 사회현상 창 역할, 혹은 커뮤니티 구조·운영·인구통계·생애주기·익명성 비교와 같은 환경 요인을 다루지 않는다.",True,1/1,run1:없음
ART002625530,어머니의 태아기·영아기 육아 들여다보기,김초롱(고신대학교),2020,학습자중심교과교육연구,kor,OK,ROLE_FIELD_SOCIALCAPITAL,,run1:없음,"이 논문은 온라인 커뮤니티를 육아 상담의 도구·자원으로 언급하며, 어머니들의 태아기·영아기 육아 경험과 어려움을 심층 면담을 통해 분석한다.",논문은 온라인 커뮤니티를 육아 상담의 도구·자원으로 활용한다는 점에서 관계적 자원(사회적 자본) 형성에 초점을 두고 있어 ROLE_FIELD_SOCIALCAPITAL 코드에 부여한다.,True,0/1,run1:ROLE_FIELD_SOCIALCAPITAL
ART002241210,4년제 일반대학 취업준비생의 취업스터디를 통한 경력개발에 대한 질적 연구,김민영(연세대학교),2017,進路敎育硏究,kor,OK,ROLE_FIELD_SOCIALCAPITAL,,run1:없음,"이 논문은 온라인 취업 커뮤니티를 관계·담론이 형성되는 공간으로 삼아, 취업스터디를 통한 경력개발 과정과 공동체 관계 형성, 학습·피드백 메커니즘을 질적으로 분석한다.","논문은 온라인 취업 커뮤니티를 관계·담론이 형성되는 공간으로 분석하여 공동체 관계 형성에 초점을 맞추므로 ROLE_FIELD_SOCIALCAPITAL에 해당하고, 공론장 기능이나 외부 사회현상(윈도우) 및 환경적 변수는 언급되지 않는다.",True,0/1,run1:ROLE_FIELD_SOCIALCAPITAL
ART003049522,강의 평가 텍스트 분석을 통한 수업 개선 방안 연구 : 대학생 온라인 커뮤니티의 강의 평가를 중심으로,박광길(강원대학교),2024,교양학 연구,kor,OK,ROLE_FIELD_PUBLICSPHERE,,run1:없음,"이 논문은 대학생 온라인 커뮤니티의 강의 평가 텍스트를 자료로 삼아, 그 담론을 분석함으로써 강의 개선이라는 교육 현상의 향상을 위한 방안을 제시한다.","논문은 온라인 커뮤니티 내 강의 평가 담론을 분석해 교육 개선 방안을 도출하려 하므로, 커뮤니티를 의견·숙의가 이루어지는 공론장으로 보는 FIELD_PUBLICSPHERE 시각에 가장 부합한다.",True,0/1,run1:ROLE_FIELD_PUBLICSPHERE
ART003123046,"국제화된 대학, 제한된 언어 다양성: 한국 대학 내 다중언어 경관에 대한 인식 연구",장인철(서울대학교),2024,The SNU Journal of Education Research,kor,ERR,,,run1:없음,"이 논문은 국제화된 대학 내 다중언어 경관을 환경 조건으로 삼아, 온라인 커뮤니티와 기계 번역기 사용 등 기술·제도적 요인이 학생들의 언어표지 인식에 어떻게 작용하는지를 분석한다.","제시된 초점은 온라인 커뮤니티와 기술·제도적 요인이 학생들의 언어표지 인식에 미치는 영향을 분석하는 것으로, 공론장 역할, 사회적 자본 형성, 정치·젠더·혐오 등 외부 사회현상의 창 역할, 혹은 커뮤니티의 구독·거버넌스·인구통계·생애주기·익명성 비교와 같은 환경 요인을 다루지 않으므로 모든 코드가 미부여로 평가된다.",True,1/1,run1:없음
ART002851134,중학교 교사의 개별화 교수전략 교육요구도 탐색,정성희(이화여자대학교),2022,한국교원교육연구,kor,ERR,,,run1:없음,이 논문은 온라인 커뮤니티를 중학교 교사들을 대상으로 개별화 교수전략에 관한 설문조사를 수행하기 위한 수단으로 활용한다.,"논문은 온라인 커뮤니티를 설문조사의 도구로만 활용하고, 공론장, 사회적 자본, 정치·젠더·혐오 등 사회현상이나 커뮤니티 자체의 역할·특성을 분석하지 않는다.",True,1/1,run1:없음
ART002926726,20대 남성의 반페미니즘 의식 학습과 전환학습,김현민(한국교원대학교),2023,학습자중심교과교육연구,kor,OK,"ROLE_FIELD_PUBLICSPHERE, ROLE_WINDOW_GENDER",,run1:없음,"이 논문은 온라인 커뮤니티를 반페미니즘 의식이 형성·확산되는 장으로 삼아, 그 담론이 집단적 전환학습 과정을 어떻게 촉진하고 사회적 조건과 연계되는지를 분석한다.","논문은 온라인 커뮤니티를 반페미니즘 의식이 형성·확산되는 장으로 제시해 공론장 역할을 강조하고(ROLE_FIELD_PUBLICSPHERE), 반페미니즘이라는 성별·젠더 갈등 담론을 분석 대상으로 삼아(ROLE_WINDOW_GENDER) 따라서 두 코드를 부여한다.",True,0/1,"run1:ROLE_FIELD_PUBLICSPHERE,ROLE_WINDOW_GENDER"
ART001068315,아바타가 학급 홈페이지 몰입 및 초등학생의 사이버 자아에 미치는 영향에 관한 연구,김성원(광남초등학교),2005,정보교육학회논문지,kor,ERR,,,run1:없음,"이 논문은 학급 홈페이지라는 온라인 커뮤니티를 학습·의사소통의 장으로 삼아, 아바타가 그 안에서 몰입을 촉진하고 초등학생의 사이버 자아 형성에 미치는 영향을 분석한다.","주어진 문장은 온라인 커뮤니티를 학습·의사소통 공간으로 활용하고 아바타 몰입과 사이버 자아 형성을 분석한다는 내용만을 담고 있어, 공론장, 사회적 자본, 정치·젠더·혐오 등 외부 현상, 혹은 회원제·거버넌스·인구통계·생애주기·익명성 등 환경적 요인을 다루는 근거가 전혀 없으므로 모든 코드에 대해 낮은 확률을 부여한다.",True,1/1,run1:없음
ART002021077,Online Communities and their Implementation in Language Education: Supporting Participation in Social Practice,MCNEILLEVI KEITH(숙명여자대학교),2015,외국어교육연구,kor,ERR,,,run1:없음,"이 논문은 온라인 커뮤니티를 언어 교육 현장에 통합하기 위한 실천적 수단으로 삼아, 커뮤니티 활동이 외국어·제2언어 학습과 사회적 실천 참여에 어떻게 기여하는지를 분석한다.","제시된 문장은 온라인 커뮤니티를 언어 학습과 사회적 실천을 위한 실천적 도구로 다루지만, 공론장, 사회자본, 정치·젠더·혐오 현상, 혹은 커뮤니티의 구독·운영·인구통계·생애주기·익명성 등 구체적 요소를 언급하지 않아 어떠한 코드에도 충분한 근거가 없다.",True,1/1,run1:없음
ART002476415,초등 사회과 지도서에 대한 현장 교사 인식 및 개선 방안,한춘희(부산교육대학교),2019,사회과수업연구,kor,ERR,,,run1:없음,"이 논문은 교사들이 사회과 수업을 준비하고 실행하는 데 필요한 자료를 얻기 위해 온라인 커뮤니티를 활용하는 사례를 제시하며, 온라인 커뮤니티 자체를 분석하거나 외부 현상을 관찰하는 대상으로 삼지는 않는다.","논문은 온라인 커뮤니티를 교사의 수업 자료 확보 수단으로만 제시하고, 커뮤니티 자체의 역할이나 외부 사회현상을 분석·관찰하지 않으므로 모든 ROLE 및 ENV 코드에 해당하지 않는다.",True,1/1,run1:없음
ART002299243,IP Meister 프로그램의 교육 효과 분석 연구,이규녀(충남대학교),2017,한국기술교육학회지,kor,OK,ROLE_FIELD_SOCIALCAPITAL,,run1:없음,이 논문은 온라인 커뮤니티를 IP Meister 프로그램의 교육 효과를 높이기 위한 지원·네트워크 형성 수단으로만 언급한다.,"논문은 온라인 커뮤니티를 교육 효과 증진을 위한 지원·네트워크 형성 수단으로만 언급하므로, 관계·연대·네트워크 형성을 강조하는 ROLE_FIELD_SOCIALCAPITAL에 해당한다.",True,0/1,run1:ROLE_FIELD_SOCIALCAPITAL
ART001463636,온라인 학습 공동체(OLC)를 활용한 실과 교수­학습 활동이 아동의 자아존중감에 미치는 영향,신기철(경의초등학교),2010,한국실과교육학회지,kor,ERR,,,run1:없음,"이 논문은 온라인 학습 공동체를 교육적 개입 환경으로 활용하여, 아동의 자아존중감, 특히 학교 관련 자아존중감에 미치는 효과를 실험적으로 분석한다.","논문은 온라인 학습 공동체를 교육적 개입 도구로만 활용하고, 그 자체의 공론장 기능, 사회자본 형성, 혹은 외부 사회현상(양극화·젠더·혐오·기타) 창 역할을 분석하지 않으며, 커뮤니티의 구독·거버넌스·인구통계·생애주기·익명성 등 환경적 변수를 비교·대조하지 않는다.",True,1/1,run1:없음
ART003092595,영어유치원 선택요인 연구 : 텍스트 네트워크 분석,정옥경(총신대학교),2024,교육문화연구,kor,OK,ROLE_FIELD_SOCIALCAPITAL,,run1:없음,"이 논문은 온라인 육아 커뮤니티를 관계·담론이 형성되는 공간으로 삼아, 부모들이 영어유치원을 선택할 때 고려하는 요인들을 담론 및 댓글 네트워크 분석을 통해 밝힌다.","논문은 온라인 육아 커뮤니티를 관계·담론이 형성되는 공간으로 활용해 부모들의 선택 요인을 분석하므로, 관계·담론 형성이라는 점에서 사회적 자원(관계·네트워크) 형성을 강조하는 ROLE_FIELD_SOCIALCAPITAL에 가장 부합한다.",True,0/1,run1:ROLE_FIELD_SOCIALCAPITAL
ART002914733,시각장애학생 교육을 위한 온라인 실천공동체 사례 탐색 및 국내 모델 개발,박진석(이화여자대학교 특수교육연구소),2022,시각장애연구,kor,OK,ROLE_FIELD_SOCIALCAPITAL,,run1:없음,"이 논문은 시각장애학생 교육을 위한 전문 지식·경험 공유와 네트워크 형성을 목표로 하는 온라인 실천공동체를 연구 대상으로 삼아, 그 내용 요소와 의사소통 기능을 분석하고 이를 기반으로 국내 맞춤형 웹사이트를 개발·구축함으로써 교육 현장의 협업·전문성 향상에 활용한다.",논문은 온라인 실천공동체를 통해 전문 지식·경험 공유와 네트워크 형성을 분석·구축함으로써 협업·전문성 향상에 기여한다는 점에서 사회적 자본(신뢰·연대·네트워크) 형성을 강조한다.,True,0/1,run1:ROLE_FIELD_SOCIALCAPITAL
ART002938692,초등 예비교사가 제작한 과학교육용 앱의 특징과 앱 제작 교육에 대한 초등교사의 생각,나지연(춘천교육대학교),2023,초등과학교육,kor,ERR,,,run1:없음,"이 논문은 초등 예비교사들이 제작한 과학교육용 앱을 분석하고, 교사들의 앱 제작 교육에 대한 의견을 조사한다.","초등 예비교사들의 앱 제작과 교사 의견 조사에 초점을 맞추고 있어, 온라인 커뮤니티의 공론장·관계자원 역할, 사회현상 창 역할, 혹은 커뮤니티 구조·운영 특성 등을 분석하지 않는다.",True,1/1,run1:없음
ART002689199,발명체험교육관의 심화 체험 발명교육 프로그램 개발과 활용 방안 연구,최유현(충남대학교),2021,실과교육연구,kor,ERR,,,run1:없음,"이 논문은 온라인 커뮤니티를 언급조차 하지 않으며, 발명체험교육관의 심화 체험 발명교육 프로그램을 개발하고 그 활용 방안을 제시한다.","본문에 온라인 커뮤니티에 대한 언급이나 분석이 전혀 없으므로, 모든 ROLE 및 ENV 코드에 해당하는 근거가 존재하지 않는다.",True,1/1,run1:없음
ART002914262,"메타버스 직업 인식과 일반적 특성에 따른 진로준비행동, 진로유연성, 진로정체감의 차이: 온라인 커뮤니티 이용자 중심으로",박완성(삼육대학교),2022,직업교육연구,kor,ERR,,,run1:없음,이 논문은 온라인 커뮤니티 이용자를 연구 대상(표본)으로 삼아 메타버스 직업 인식과 그에 따른 진로준비행동·진로유연성·진로정체감의 차이를 분석한다.,"논문은 온라인 커뮤니티 이용자를 표본으로 하여 메타버스 직업 인식과 진로 관련 변수를 비교 분석할 뿐, 커뮤니티 자체의 공론장 역할, 관계 자원, 정치·젠더·혐오 현상 창 역할, 혹은 회원제·거버넌스·인구통계·생애주기·익명성 등 환경적 측면을 다루지 않는다.",True,1/1,run1:없음
ART003016994,소셜 빅데이터로 알아본 소아청소년과에 대한 인식,박유경(뉴욕주립대학교),2023,아동과 권리,kor,OK,ROLE_WINDOW_MISC,,run1:없음,"이 논문은 온라인 커뮤니티 게시물들을 자료로 삼아 양육자의 소아청소년과에 대한 인식을 분석하고, 그 인식이 의료 서비스 이용과 운영에 어떻게 반영되는지를 탐구한다.","논문은 온라인 커뮤니티 게시물을 양육자의 의료 인식 분석 자료로 활용하여, 해당 인식이 서비스 이용·운영에 미치는 외부 사회현상을 탐구하므로, 커뮤니티를 사회현상의 '창'으로 보는 WINDOW_MISC 역할이 가장 부합한다.",True,0/1,run1:ROLE_WINDOW_MISC
ART003018304,온라인 교사커뮤니티의 운영형태별 활용목적에 대하여 초등교사가 인식하는 중요도와 실행도 분석,이서교(고려대학교),2023,초등교육연구,kor,OK,ROLE_FIELD_SOCIALCAPITAL,,run1:없음,"이 논문은 온라인 교사커뮤니티를 교사들 간의 친목·자료 공유·연결망 형성 등 관계와 활동이 이루어지는 장으로 삼아, 초등교사가 인식하는 중요도와 실행도를 조사하고 운영형태별 활용목적 및 요구 차이를 분석한다.","논문은 교사들 간의 친목·자료 공유·연결망 형성 등 관계와 활동을 중심으로 온라인 교사커뮤니티를 분석하므로 사회적 자본(SOCIALCAPITAL) 역할에 해당하고, 공론장이나 외부 사회현상(윈도우) 역할, 그리고 커뮤니티 환경 요인에 대한 언급은 없다.",True,0/1,run1:ROLE_FIELD_SOCIALCAPITAL
ART003154341,유아대상 영어학원에 자녀를 보내는 어머니의 경험 및 인식,김희진(이화여자대학교 유아교육과),2024,영유아교육: 이론과 실천,kor,ERR,,,run1:없음,"이 논문은 온라인 커뮤니티를 부모가 유아 대상 영어학원에 대한 정보를 얻는 수단으로만 언급하며, 온라인 커뮤니티 자체를 분석하거나 그 영향을 조사하지 않는다.","논문은 온라인 커뮤니티를 정보 획득 수단으로만 언급하고 그 자체를 분석하거나 영향을 조사하지 않으므로, 모든 ROLE 및 ENV 코드에 해당 근거가 없으며 모두 미부여로 판단한다.",True,1/1,run1:없음
ART003249695,인스타그램 관계망이 초등 교사의 교육 실천에 미치는 영향에 대한 행위자-네트워크 분석,신은하(전북대학교),2025,한국교원교육연구,kor,OK,ROLE_FIELD_SOCIALCAPITAL,,run1:없음,"이 논문은 인스타그램 내 교사 인플루언서와 일반 초등 교사 간의 네트워크와 담론 형성 과정을 분석하면서, 그 관계가 교사들의 교육 실천에 미치는 영향을 조사한다.","논문은 인스타그램 내 교사들 간의 네트워크와 담론 형성을 분석하고, 그 관계가 교육 실천에 미치는 영향을 조사하므로, 관계·연대·네트워크라는 사회적 자원의 형성을 다루는 ROLE_FIELD_SOCIALCAPITAL에 가장 부합한다.",True,0/1,run1:ROLE_FIELD_SOCIALCAPITAL
ART001066515,10대 학생들을 위한 온라인 학습 커뮤니티 설계 및 개발,조미헌(청주교육대학교 컴퓨터교육과),2007,정보교육학회논문지,kor,ERR,,,run1:없음,"이 논문은 온라인 커뮤니티를 학습 활동을 지원하고 청소년의 사회·자아 발달을 촉진하기 위한 교육 환경으로 삼아, 요구 분석과 설계·개발 과정을 통해 학습 커뮤니티의 기능과 구조를 제시한다.","본문은 온라인 커뮤니티를 학습 지원 및 청소년 발달을 위한 교육 환경으로 제시하지만, 공론장, 사회적 자본, 정치·젠더·혐오 현상, 혹은 커뮤니티의 회원제·거버넌스·인구통계·생애주기·익명성 등 구체적 요소를 논하지 않으므로 모든 코드에 대한 근거가 부족하다.",True,1/1,run1:없음
ART002561895,초등학교 어린이를 위한 성미디어 리터러시 교육 사례와 수업안: ‘마이팝스튜디오 모델’의 평가기준을 중심으로,고동연(명지대학교 미술사학과),2020,미술교육연구논총,kor,ERR,,,run1:없음,"이 논문은 성평등 미디어 리터러시 교육을 설계하기 위한 사례로 온라인 커뮤니티를 교육 효과와 전략의 하나로 언급하지만, 실제 분석 대상이나 연구 자료로 활용하지 않는다.",온라인 커뮤니티가 교육 사례로만 언급되고 실제 분석 대상이나 자료로 사용되지 않아 모든 ROLE 및 ENV 코드에 해당하지 않는다.,True,1/1,run1:없음
ART002319597,Humhub 소셜네트워크 소프트웨어를 사용한 온라인 학습 커뮤니티 구축 방안,박종대(배재대학교),2018,정보교육학회논문지,kor,OK,ROLE_FIELD_SOCIALCAPITAL,,run1:없음,"이 논문은 Humhub 기반 온라인 학습 커뮤니티를 구축하고, 그 플랫폼을 통해 질의·응답과 지식 재구성 활동을 지원함으로써 학습자들의 자기 주도적 학습 공동체 형성과 교육적 활용을 분석한다.","본 논문은 온라인 학습 커뮤니티를 자기 주도적 학습 공동체 형성이라는 관계적 자원의 생산·활용 공간으로 분석하므로 ROLE_FIELD_SOCIALCAPITAL에 해당하고, 공론장 기능이나 외부 사회현상(윈도우) 및 환경적 비교 요소는 언급되지 않는다.",True,0/1,run1:ROLE_FIELD_SOCIALCAPITAL
ART003093799,‘엄마표 영어’담론 분석:토픽모델링과 감성분석의 적용,정옥경(총신대학교),2024,한국유아교육연구,kor,OK,ROLE_FIELD_SOCIALCAPITAL,,run1:없음,"이 논문은 온라인 육아 커뮤니티를 관계·담론이 형성되는 공간으로 삼아, 엄마표 영어에 관한 담론의 주제와 감성을 분석한다.","논문은 온라인 육아 커뮤니티를 관계와 담론이 형성되는 공간으로 설정해 엄마표 영어 담론을 분석하므로, 커뮤니티 내에서 신뢰·연대·네트워크와 같은 관계적 자원이 형성된다는 FIELD_SOCIALCAPITAL 시각에 가장 부합한다.",True,0/1,run1:ROLE_FIELD_SOCIALCAPITAL
ART003158146,앱 인벤터를 활용한 문제해결학습 능력 향상 교육 프로그램 제안에 관한 연구,임소현(종덕 초등학교),2024,지능정보융합과 미래교육,kor,ERR,,,run1:없음,이 논문은 온라인 커뮤니티를 교육 프로그램의 운영 수단으로만 언급한다.,논문이 온라인 커뮤니티를 교육 프로그램 운영 수단으로만 언급하고 그 자체를 분석 대상으로 삼지 않으므로 모든 코드에 해당하지 않는다.,True,1/1,run1:없음
ART002847532,한글 문해 앱(App) 제작에 기반한 스마트폰 교육프로그램 개발과 활용 가능성 탐색,이안(경희대학교),2022,학습자중심교과교육연구,kor,ERR,,,run1:없음,"이 논문은 온라인 커뮤니티를 교육 프로그램을 구현하기 위한 운영 수단이나 배경 소재로만 언급하며, 실제로는 한글 문해 앱 개발과 스마트폰 교육 프로그램의 가능성을 탐색한다.","논문은 온라인 커뮤니티를 교육 프로그램 구현을 위한 도구와 배경으로만 언급하고, 커뮤니티 자체의 공론장 역할, 사회자본 형성, 혹은 사회현상(정치·젠더·혐오 등)의 창 역할을 분석하지 않으며, 커뮤니티의 회원제·거버넌스·인구통계·생애주기·익명성 등 환경적 특성에 대한 비교·분석도 제시하지 않는다.",True,1/1,run1:없음
ART002089973,구기종목 운동부의 지도를 위한 ‘무빙 데이터’ 어플리케이션 개발,김세민(공주대학교 박사과정),2015,2015년 하계 학술대회,kor,ERR,,,run1:없음,"이 논문은 온라인 커뮤니티를 연구 대상이나 분석 도구로 전혀 활용하지 않으며, 구기종목 운동부 지도자를 위한 움직임 데이터 기록 앱 개발에만 초점을 맞춘다.","논문은 온라인 커뮤니티를 전혀 연구 대상이나 분석 도구로 사용하지 않으며, 오직 움직임 데이터 기록 앱 개발에만 집중하고 있어 모든 ROLE 및 ENV 코드에 해당하는 근거가 없으므로 모두 미부여로 판단한다.",True,1/1,run1:없음
ART002089913,Fusion Tables 기반의 동료평가 앱 개발,유인환(대구교육대학교),2014,2014년 하계 학술대회,kor,ERR,,,run1:없음,"이 논문은 동료평가를 지원하는 모바일 앱을 개발하고, 온라인 커뮤니티는 평가 자료를 저장하고 교사·학생이 상호작용하는 수단으로만 언급된다.","논문은 온라인 커뮤니티를 평가 자료 저장 및 교사·학생 상호작용의 도구로만 언급하고, 그 자체의 공론장·관계자원·사회현상·환경적 특성을 분석하지 않으므로 모든 코드에 해당하지 않는다.",True,1/1,run1:없음
ART003171557,공립학교 교사를 대상으로 한 MDI 타당화 연구,박성주(김천대학교),2024,아동교육,kor,ERR,,,run1:없음,"이 논문은 온라인 커뮤니티를 연구 대상이나 분석 도구로 전혀 활용하지 않으며, 교사의 정신건강 측정을 위한 자가진단 척도 타당화에만 초점을 맞춘다.","논문은 온라인 커뮤니티를 전혀 연구 대상이나 분석 도구로 사용하지 않으며, 교사의 정신건강 측정 척도 타당화에만 집중하므로 모든 ROLE 및 ENV 코드에 해당하는 근거가 없고, 따라서 모두 미부여로 판단한다.",True,1/1,run1:없음
ART003281591,한국어 교사 온라인 커뮤니티의 언어 지식 질문 유형 분석,임태운(남부대학교),2025,한국어 교육 연구,kor,ERR,,,run1:없음,"이 논문은 한국어 교사 온라인 커뮤니티의 질문·담론을 자료로 삼아, 교사들의 언어 지식 결핍과 탐색 방식을 분석함으로써 교사 교육 및 언어 교육 현상의 문제점을 조명한다.","제시된 초점은 교사들의 언어 지식 결핍과 탐색 방식을 분석하는 데 초점을 맞추며, 온라인 커뮤니티를 공론장, 사회적 자원, 정치·젠더·혐오 등 외부 현상의 창, 혹은 회원제·운영·인구통계·생애주기·익명성 등 환경적 요인을 분석 대상으로 삼지 않는다.",True,1/1,run1:없음
ART003291385,초등교사 온라인 커뮤니티 담론을 통한 사회 교과서 인식 연구,김용민(부산교육대학교),2025,사회과교육,kor,OK,ROLE_FIELD_PUBLICSPHERE,,run1:없음,"이 논문은 초등교사 온라인 커뮤니티를 교과서에 대한 교사 담론이 형성·구성되는 장으로 삼아, 사회 교과서 담론의 구조와 특성을 다른 교과와 비교 분석한다.","논문은 온라인 커뮤니티를 교사 담론이 형성·구성되는 장으로 활용해 공론장 역할을 분석하므로 ROLE_FIELD_PUBLICSPHERE에 해당하고, 다른 ROLE 및 ENV 코드에 대한 근거는 제시되지 않는다.",True,0/1,run1:ROLE_FIELD_PUBLICSPHERE
ART002691359,コミュニティメディアによる地域学習コミュニティの変化 ー日本のオンライン公民館,장지은(고려대학교),2021,한국일본교육학연구,kor,ERR,,,run1:없음,"이 논문은 지역 기반 온라인 공민관이라는 온라인 커뮤니티를 학습과 문화 활동이 이루어지는 장으로 삼아, 그 설립 배경·운영 체제·프로그램·참여 방식 등을 분석함으로써 온라인 커뮤니티가 새로운 학습 경험을 창출하는 과정을 조명한다.","제시된 문장은 온라인 커뮤니티를 학습·문화 활동의 장으로 분석하는 데 초점을 맞추고 있어, 공론장, 사회적 자본, 정치·젠더·혐오 등 외부 현상, 혹은 회원제·거버넌스·인구통계·생애주기·익명성 등 환경적 변수를 다루지 않는다.",True,1/1,run1:없음
ART001175594,온라인 커뮤니티를 중심으로 살펴 본 사이버환경의 교육적 가능성,강경리(대진대학교),2006,중등교육연구,kor,OK,ROLE_FIELD_SOCIALCAPITAL,,run1:없음,"이 논문은 온라인 커뮤니티를 관계·담론이 형성되는 공간으로 삼아, 교육적 영향과 교사·학생 상호작용을 분석한다.","논문은 온라인 커뮤니티를 관계·담론이 형성되는 공간으로 보고 교사·학생 간 상호작용을 분석하므로, 이용자 간 신뢰·연대·네트워크와 같은 관계적 자원의 형성과 효과를 다루는 ROLE_FIELD_SOCIALCAPITAL에 가장 부합한다.",True,0/1,run1:ROLE_FIELD_SOCIALCAPITAL
ART003003281,초등교사의 다문화 감수성과 다문화 교수역량의 관계에서 다문화 교수효능감의 매개효과,이공숙(전북대학교),2023,다문화교육연구,kor,ERR,,,run1:없음,이 논문은 초등교사의 다문화 감수성과 교수역량을 연구하기 위해 온라인 커뮤니티를 설문 조사 대상 및 자료 수집 수단으로 활용한다.,"초등교사의 다문화 감수성과 교수역량을 조사하기 위해 온라인 커뮤니티를 단순히 설문 대상 및 자료 수집 수단으로 활용했으며, 커뮤니티 자체의 공론장 기능, 사회적 자본, 정치·젠더·혐오 현상의 창 역할, 혹은 회원제·거버넌스·인구통계·생애주기·익명성 등과 관련된 분석이 전혀 언급되지 않아 모든 코드가 미부여로 평가된다.",True,1/1,run1:없음
ART003145021,상담자 발달수준과 동성애 혐오 간의 관계: 자기성찰의 조절효과,최현숙(한남대학교 상담학과),2024,학습자중심교과교육연구,kor,ERR,,,run1:없음,"이 논문은 상담자 발달수준과 동성애 혐오 간의 관계를 조사하며, 온라인 커뮤니티는 연구 대상인 상담자를 모집하는 수단으로만 언급된다.","온라인 커뮤니티는 상담자 모집 수단으로만 언급되고, 그 자체의 역할이나 특성에 대한 분석이 없으므로 모든 ROLE 및 ENV 코드에 해당하지 않는다.",True,1/1,run1:없음
ART003261535,유아교사의 회복탄력성이 직무만족도에 미치는 영향: 협동적 조직문화의 매개효과,홍은비(시립노을어린이집),2025,홀리스틱융합교육연구,kor,ERR,,,run1:없음,이 논문은 온라인 커뮤니티를 유아교사 대상 설문을 배포하는 수단으로만 활용한다.,논문은 온라인 커뮤니티를 설문 배포 도구로만 사용하고 그 자체의 기능이나 사회현상과의 연관성을 분석하지 않으므로 모든 코드에 해당하지 않는다.,True,1/1,run1:없음
ART003045271,대학생의 패션 유능감이 사회불안에 미치는 영향: 대인관계능력과 외모 불안의 매개효과를 중심으로,이애우(고려대학교 생활과학과),2023,한국가정과교육학회지,kor,ERR,,,run1:없음,이 논문은 온라인 커뮤니티를 대학생 설문조사를 진행하는 수단으로만 활용한다.,"논문은 온라인 커뮤니티를 설문조사 도구로만 사용하고, 커뮤니티 자체의 공론장 역할, 사회자본 형성, 정치·젠더·혐오 현상 창, 혹은 회원제·거버넌스·인구통계·생애주기·익명성 등 어떠한 구조적·현상적 분석 대상도 제시하지 않는다.",True,1/1,run1:없음
ART003308671,인디스쿨에 나타난 초등교사의 정동 변화 분석: 교육이슈 게시판(2022.9.∼2025.6.)을 중심으로,양연동(한국교원대학교),2026,교육학연구,kor,ERR,,,run1:없음,"이 논문은 인디스쿨 교육이슈 게시판이라는 온라인 커뮤니티를 교사 정동이 형성·변화하는 장으로 삼아, 정동적 실천의 물질적 흔적을 분석하면서 그 정동이 드러내는 법·제도적 모순이라는 구조적 환경 조건을 함께 설명한다.","제시된 초점은 교사 정동의 형성·변화를 분석하고 구조적 법·제도 모순을 설명하는 데 초점이 맞춰져 있어, 공론장 기능, 관계·신뢰·연대, 정치·젠더·혐오 등 외부 현상의 창 역할, 혹은 회원제·운영·인구통계·생애주기·익명성 등 환경 요인을 다루는 근거가 전혀 포함되지 않는다.",True,1/1,run1:없음
ART003237468,"고등학생의 진로활동이 진로성숙, 자기개념, 진학정보인식에 미치는 동시 및 지연효과",이지수(한국외국어대학교),2025,교육문화연구,kor,ERR,,,run1:없음,"이 논문은 온라인 커뮤니티를 진로활동의 한 형태로 삼아, 고등학생의 진로성숙, 자기개념, 진학정보인식에 미치는 영향을 분석한다.","논문은 온라인 커뮤니티를 진로활동의 매개로 사용해 개인의 진로성숙·자기개념·진학정보인식에 미치는 영향을 분석하지만, 커뮤니티 자체가 공론장, 사회적 자본, 정치·젠더·혐오 현상의 창, 혹은 회원제·거버넌스·인구통계·생애주기·익명성 등 환경적 변수를 비교·분석하는 대상으로는 다루지 않으므로 모든 코드에 대해 낮은 확률을 부여한다.",True,1/1,run1:없음
ART003213567,잠재계층성장분석을 활용한 특성화고 학생 진로성숙도 유형의 종단적 변화 및 영향요인 분석,김하정(국립부경대학교),2025,進路敎育硏究,kor,ERR,,,run1:없음,"이 논문은 온라인 커뮤니티를 진로·진학 정보 수집 수단으로 활용되는 요인 중 하나로 다루며, 그 영향이 특성화고 학생들의 진로성숙도 변화에 어떻게 기여하는지를 분석한다.","논문은 온라인 커뮤니티를 진로·진학 정보 제공이라는 기능적 요인으로만 다루며, 공론장 역할, 관계형 사회자본, 정치·젠더·혐오와 같은 외부 사회현상, 혹은 커뮤니티의 회원제·운영·인구통계·생애주기·익명성 등 환경적 특성을 분석 대상으로 삼지 않는다.",True,1/1,run1:없음
ART003037158,건강 장애 유아의 교육실태와 지원방안: 소아암과 희귀난치성 질환 환아의 어머니 및 원격 교육기관 관계자와 교사들의 사례를 중심으로,김성원(중앙대학교),2023,유아교육학논집,kor,ERR,,,run1:없음,"이 논문은 건강 장애 유아와 그 가족을 지원하기 위한 교육 방안을 탐색하면서, 어머니들이 자녀 교육 정보를 얻는 수단으로 온라인 커뮤니티를 활용하는 사례를 분석한다.","논문은 온라인 커뮤니티를 정보 획득 수단으로만 언급하고, 공론장, 사회적 양극화, 성별 갈등, 혐오, 기타 사회현상, 혹은 커뮤니티의 회원제·운영·인구통계·생애주기·익명성 등 구체적인 환경 요인을 분석하지 않는다.",True,1/1,run1:없음
ART003328248,과학탐구대회 지도 경험으로 살펴본 초등교사의 개방형 과학 탐구 전문성과 지원 요구,박지앵(부산대학교),2026,과학교육연구지,kor,ERR,,,run1:없음,이 논문은 초등교사의 과학 탐구대회 지도 경험을 분석하기 위해 온라인 커뮤니티를 설문 조사 수단으로 활용한다.,"논문은 온라인 커뮤니티를 설문 조사 도구로만 활용하고, 커뮤니티 자체의 공론장 역할, 관계 자원, 사회현상 창 역할, 혹은 커뮤니티의 구조·운영 특성을 분석하지 않으므로 모든 코드에 해당하지 않는다.",True,1/1,run1:없음
ART003331914,연대에서 적대로: 서이초 연대의 탈정치화와 정동 전위를 중심으로,양연동(서울한서초등학교),2026,교육학연구,kor,OK,ROLE_FIELD_SOCIALCAPITAL,,run1:없음,"이 논문은 온라인 커뮤니티 ‘인디스쿨’의 담론을 자료로 삼아 교사 연대의 정동·담론 메커니즘을 분석하고, 그 과정에서 나타나는 탈정치화와 내부 분열을 설명한다.","논문은 인디스쿨 내 교사 연대와 담론 메커니즘을 분석함으로써 이용자 간 연대·신뢰·네트워크 같은 관계적 자원의 형성과 작동을 중심으로 다루어, ROLE_FIELD_SOCIALCAPITAL 코드가 가장 적합하다.",True,0/1,run1:ROLE_FIELD_SOCIALCAPITAL
ART003290838,복학생들의 살아남기 : 사회적 시간표와 휴ㆍ복학의 문화적 의미,최승우(서울대학교),2025,교육문화연구,kor,ERR,,,run1:없음,이 논문은 대학생들의 휴·복학 경험을 온라인 커뮤니티의 담론과 인터뷰 자료를 통해 사회적 시간표라는 문화적 구조 속에서 어떻게 재생산되고 의미화되는지를 분석한다.,"논문은 온라인 커뮤니티를 분석 대상 자체가 아닌 문화적 구조(사회적 시간표) 속에서 대학생 휴·복학 경험이 재생산·의미화되는 과정에 초점을 맞추고 있어, 공론장, 사회적 자본, 정치·젠더·혐오 등 외부 현상의 창 역할이나 커뮤니티의 회원제·운영·인구통계·생애주기·익명성 비교와는 관련이 없다.",True,1/1,run1:없음
ART001469879,튜터 지원을 위한 블렌디드 협동학습 시스템 개발,권진하(숭실대학교),2010,평생교육 · HRD연구,kor,ERR,,,run1:없음,"이 논문은 온라인 커뮤니티를 튜터 지원을 위한 블렌디드 협동학습 시스템의 기술·제도적 환경 요소로 활용하며, 이를 통해 오프라인 소그룹 리허설과 연계된 지속적인 교육 지원 메커니즘을 설계하고 평가한다.","논문은 온라인 커뮤니티를 교육 메커니즘 설계·평가의 기술·제도적 환경 요소로만 활용하고, 공론장, 사회적 자원, 정치·젠더·혐오 등 외부 현상, 혹은 회원제·거버넌스·인구통계·생애주기·익명성 등 구체적 환경 변수를 분석하지 않으므로 모든 코드에 해당하지 않는다.",True,1/1,run1:없음
ART002687831,장애대학생의 개인심리 변인에 따른 역량 영향,정소영(한국복지대학교),2021,교육연구논총,kor,ERR,,,run1:없음,이 논문은 온라인 커뮤니티를 장애대학생을 모집하고 온라인 설문조사를 진행하는 수단으로만 활용한다.,"논문은 온라인 커뮤니티를 장애대학생 모집 및 설문조사 수행의 도구로만 사용하고, 커뮤니티 자체의 역할, 사회현상 창, 혹은 환경적 특성을 분석하지 않으므로 모든 코드에 해당하지 않는다.",True,1/1,run1:없음
ART003000129,‘루게릭 네트워크’온라인 환자공동체 참여경험: 근거이론 접근,고형준(강릉원주대학교),2023,열린교육연구,kor,ERR,,,run1:없음,이 논문은 ALS 환자와 보호자들이 ‘루게급 네트워크’라는 온라인 환자공동체에 참여함으로써 경험하는 학습·정보교류·정서적 상호작용과 심리 회복 과정을 탐색한다.,"주어진 초점 문장은 온라인 환자공동체 내 학습·정보교류·정서적 상호작용과 심리 회복을 탐색한다고만 서술하며, 공론장 기능, 신뢰·연대·네트워크와 같은 관계 자원, 정치·젠더·혐오 등 외부 사회현상, 혹은 커뮤니티의 구독·운영·인구통계·생애주기·익명성 비교 등을 언급하지 않으므로 모든 코드에 해당하지 않는다.",True,1/1,run1:없음
ART003248047,영유아 미디어 사용에 대한 어머니의 관심사와 정보탐색: 온라인 육아 커뮤니티 텍스트마이닝 분석,장혜인(연세대학교),2025,어린이미디어연구,kor,ERR,,,run1:없음,"이 논문은 온라인 육아 커뮤니티를 어머니들의 담론이 형성·표현되는 장으로 삼아, 그 텍스트를 분석해 영유아 미디어 사용에 대한 관심사와 정보탐색 유형을 규명하고 맞춤형 지도 방안을 제시한다.","주어진 문장은 온라인 육아 커뮤니티를 어머니들의 담론이 형성·표현되는 장소로 활용해 관심사와 정보탐색 유형을 분석한다는 내용만을 담고 있으며, 공론장 기능, 사회자본 형성, 정치·성별·혐오·기타 외부 현상, 혹은 커뮤니티의 회원제·운영·인구통계·생애주기·익명성 등과 관련된 구체적 언급이 없으므로 모든 코드에 대해 근거가 부족해 부여되지 않는다.",True,1/1,run1:없음
ART002555474,소셜 미디어를 통한 지속 가능한 평화 실현 방안,이기훈(춘천교육대학교 시민교육사업단),2020,초등도덕교육,kor,OK,ROLE_WINDOW_MISC,,run1:없음,"이 논문은 소셜 미디어를 외부 사회현상인 지속 가능한 평화 실현을 관찰하는 사례로 삼아, 소셜 미디어가 사회·세계에 미치는 역할과 그 영향 과정을 분석한다.",논문은 소셜 미디어를 지속 가능한 평화라는 외부 사회현상을 관찰하는 창(window)으로 활용하므로 ROLE_WINDOW_MISC 코드가 가장 적합하다.,True,0/1,run1:ROLE_WINDOW_MISC
ART003330924,세대별 대학생의 디지털 시민성 인식과 실천 양상 비교 분석: Z세대와 중장년 성인학습자를 중심으로,박선미(숙명여자대학교),2026,한국교육,kor,OK,ROLE_FIELD_PUBLICSPHERE,,run1:없음,"이 논문은 온라인 커뮤니티를 세대별 디지털 시민성 인식·실천이 형성·표현되는 장으로 삼아, Z세대와 중장년 학습자들의 가치관·자아구성·참여 역할을 비교 분석한다.","논문은 온라인 커뮤니티를 세대별 디지털 시민성 인식·실천이 형성·표현되는 장으로 설정해 가치관·자아구성·참여 역할을 비교하므로, 커뮤니티가 의견·인식 형성의 공론장 역할을 한다는 점에 가장 부합한다.",True,0/1,run1:ROLE_FIELD_PUBLICSPHERE
ART003002180,Satisfied and Working Hard in Online Courses : The Impact of Achievement Goals Mediated by Classroom Sense of Community,조윤정(성신여자대학교),2023,한국교육학연구,kor,OK,ROLE_FIELD_SOCIALCAPITAL,,run1:없음,"이 논문은 온라인 학습 환경에서 교실 차원의 공동체 의식을 매개 변수로 삼아, 성취 목표와 학습 경험(수강 만족도와 노력) 사이의 관계를 분석한다.","논문은 교실 차원의 공동체 의식을 매개 변수로 사용해 관계를 분석하므로, 온라인 커뮤니티를 관계적 자원(사회적 자본)으로 보는 FIELD_SOCIALCAPITAL 시각에 해당한다; 다른 FIELD, WINDOW, ENV 시각에 대한 근거는 제시되지 않는다.",True,0/1,run1:ROLE_FIELD_SOCIALCAPITAL
ART003343424,Sustainable Teacher Professional Development through Online Professional Learning Communities:  Cases from Bangladesh and Indonesia,황윤정(서울대학교),2026,비교교육연구,kor,OK,ROLE_FIELD_SOCIALCAPITAL,,run1:없음,"이 논문은 온라인 전문학습공동체를 교사들의 지속적인 전문성 개발을 지원하는 장으로 삼아, 그 안에서 형성되는 관계·담론과 협업 학습 과정을 분석하고, 동시에 정부의 제도적 지원이 이러한 환경을 어떻게 조성하고 유지하는지를 탐구한다.","논문은 온라인 전문학습공동체를 교사들의 관계·담론과 협업 학습이 형성되는 사회적 자본의 장으로 분석하므로 ROLE_FIELD_SOCIALCAPITAL에 가장 부합하고, 공론장 기능이나 외부 사회현상(극화·젠더·혐오 등) 역할은 언급되지 않으며, 커뮤니티의 회원제·거버넌스·인구통계·생애주기·익명성 등 구조적 환경도 다루지 않는다.",True,0/1,run1:ROLE_FIELD_SOCIALCAPITAL
ART003331083,온라인 자폐 커뮤니티 사용자의 LLM 기반 대화형 에이전트(CA) 사용 경험 담론: Reddit 사용자를 중심으로,박채원(숭실대학교),2026,자폐성장애연구,kor,OK,ROLE_FIELD_SOCIALCAPITAL,,run1:없음,"이 논문은 온라인 자폐 커뮤니티를 사용자가 LLM 기반 대화형 에이전트를 어떻게 활용하고 경험하는지 탐구하는 장으로 삼아, 기술 사용 경험과 사회적 관계 형성·의존 과정을 분석한다.","논문은 온라인 자폐 커뮤니티 내에서 LLM 기반 에이전트 사용 경험과 사회적 관계 형성·의존을 분석하므로, 관계·연대·네트워크와 같은 사회적 자원 형성을 다루는 ROLE_FIELD_SOCIALCAPITAL 코드에 가장 부합한다.",True,0/1,run1:ROLE_FIELD_SOCIALCAPITAL
ART003285034,디지털 시대의 육아: 육아관련 오픈채팅방에서의 MZ세대 어머니들의 경험과 의미,박지수(University of Utah),2025,육아지원연구,kor,OK,ROLE_FIELD_SOCIALCAPITAL,,run1:없음,"이 논문은 육아 관련 오픈채팅방을 관계·담론이 형성되는 공간으로 삼아, MZ세대 어머니들의 경험과 정서적 지지·상호작용 과정을 현상학적으로 분석한다.","논문은 오픈채팅방을 관계·담론이 형성되는 공간으로 분석하므로, 이용자 간 신뢰·연대·네트워크 같은 관계적 자원의 형성을 다루는 ROLE_FIELD_SOCIALCAPITAL에 해당한다.",True,0/1,run1:ROLE_FIELD_SOCIALCAPITAL
ART003196745,네트노그라피를 활용한 유아교육기관 재선택 고려요인 탐색,정옥경(총신대학교),2025,교육문화연구,kor,OK,ROLE_FIELD_SOCIALCAPITAL,,run1:없음,"이 논문은 온라인 육아 커뮤니티를 관계·담론이 형성되는 장으로 삼아, 부모들의 게시글을 분석함으로써 유아교육기관 재선택 시 고려하는 요인과 선호·비선호 경향을 도출한다.","논문은 온라인 육아 커뮤니티를 관계·담론이 형성되는 장으로 활용해 부모들의 선택 요인을 도출하므로, 커뮤니티 내에서 신뢰·연대·네트워크와 같은 관계적 자원이 형성·작동한다는 사회자본적 역할에 가장 부합한다.",True,0/1,run1:ROLE_FIELD_SOCIALCAPITAL
ART003323732,초등학생들의 온라인 게임 세계에 대한 이해와 시민교육적 시사점,이윤정(대흥초등학교),2026,시민교육연구,kor,OK,"ROLE_FIELD_PUBLICSPHERE, ROLE_FIELD_SOCIALCAPITAL",,run1:없음,"이 논문은 초등학생들의 온라인 게임 세계를 관계·담론이 형성되는 장으로 삼아, 그 경험과 상호작용이 시민성 함양과 사회적 신뢰 형성에 미치는 영향을 분석한다.",초등학생들의 온라인 게임 세계를 관계·담론이 형성되는 장으로 삼아 시민성을 함양하고 사회적 신뢰를 형성한다는 분석 초점은 온라인 커뮤니티를 공론장 역할과 사회적 자본(신뢰) 형성의 공간으로 보는 FIELD 관점을 반영한다.,True,0/1,"run1:ROLE_FIELD_PUBLICSPHERE,ROLE_FIELD_SOCIALCAPITAL"
ART001125717,온라인 환경에서의 정보특성이 구전효과에 미치는 영향에 관한 연구 : 소비자 제품지식의 조절효과를 중심으로,이은영(한국기술교육대학교),2005,광고학연구,kor,ERR,,,run1:없음,"이 논문은 온라인 커뮤니티를 정보 특성이 구전 효과에 미치는 영향을 분석하는 환경 조건으로 삼아, 정보의 동의성·생생함·상호작용·사용자 통제성이 구전 효과에 어떻게 작용하고 소비자 제품지식에 따라 어떻게 조절되는지를 조사한다.","주어진 초점 문장은 온라인 커뮤니티를 구전 효과에 영향을 미치는 환경 변수로만 다루며, 공론장·관계자원·정치·젠더·혐오·기타 사회현상·회원제·운영·인구통계·생애주기·익명성 등에 대한 언급이 없어 모든 코드에 해당하지 않는다.",True,1/1,run1:없음
ART001616387,소셜네트워크서비스에 대한 이용과 충족 연구: 페이스북 이용을 중심으로,김유정(수원대학교),2011,"미디어, 젠더 & 문화",kor,ERR,,,run1:없음,"이 논문은 페이스북이라는 온라인 커뮤니티를 이용동기와 이용행태, 그리고 개인·사회관계적 요인과의 관계를 분석함으로써, 커뮤니티 내에서 정체성표현·사회적 상호작용·유용성 등 다양한 동기가 어떻게 작동하는지를 조사한다.","주어진 초점 문장은 페이스북 내 이용동기와 행태, 정체성·사회적 상호작용·유용성 등 내부 메커니즘을 분석한다는 내용만을 담고 있어, 공론장 역할, 사회자본 형성, 정치·젠더·혐오 등 외부 현상(윈도우) 혹은 커뮤니티 구독·거버넌스·인구통계·생애주기·익명성 등 환경적 변수를 다루는 근거가 전혀 없으므로 모든 코드에 대해 미부여로 판단한다.",True,1/1,run1:없음
ART001475599,"감성 공론장: 여성 커뮤니티, 느끼고 말하고 행하다",김예란(광운대학교),2010,언론과 사회,kor,OK,ROLE_FIELD_PUBLICSPHERE,,run1:없음,"이 논문은 여성 온라인 커뮤니티를 감성·담론이 형성·전달되는 장으로 삼아, 참여자들의 감정·소통·문화·정치·사회 참여 과정을 분석한다.","논문은 여성 온라인 커뮤니티를 감성·담론이 형성·전달되는 장으로 설정해 참여자들의 의견·소통 과정을 분석하므로, 커뮤니티를 공론장으로 보는 FIELD_PUBLICSPHERE 역할에 가장 부합한다.",True,0/1,run1:ROLE_FIELD_PUBLICSPHERE
ART001657200,정치 정보에 대한 선택적 노출이 태도 극화에 미치는 효과 : 비정치적 온라인 커뮤니티 이용자들을 대상으로,노정규(고려대학교),2012,한국언론학보,kor,OK,"ROLE_FIELD_PUBLICSPHERE, ROLE_WINDOW_POLARIZE",,run1:없음,"이 논문은 비정치적 온라인 커뮤니티를 정치 정보가 소통되는 대안적 공간으로 삼아, 이용자들의 선택적 노출이 우호적 여론 지각과 정치적 집단정체감을 매개로 태도 극화에 미치는 메커니즘을 분석한다.",논문은 온라인 커뮤니티를 정치 정보가 교환되는 공론장으로 보고(ROLE_FIELD_PUBLICSPHERE) 동시에 선택적 노출이 태도 극화에 미치는 과정을 분석함으로써(ROLE_WINDOW_POLARIZE) 정치적 양극화 메커니즘을 탐구한다.,True,0/1,"run1:ROLE_FIELD_PUBLICSPHERE,ROLE_WINDOW_POLARIZE"
ART002124866,전략적 여성혐오와 그 모순: 인터넷 커뮤니티 ‘일간베스트저장소’의 게시물 분석을 중심으로,엄진(이화여자대학교),2016,"미디어, 젠더 & 문화",kor,OK,"ROLE_WINDOW_GENDER, ROLE_WINDOW_HATE",,run1:없음,"이 논문은 온라인 커뮤니티 ‘일간베스트저장소’의 여성혐오 담론을 분석하면서, 그 담론이 어떻게 젠더 관계를 통제하고 정치적·사회적 효과를 만들어내는지를 탐구한다.","논문은 여성혐오 담론을 통해 젠더 관계 통제와 정치·사회적 효과를 분석하므로 WINDOW_GENDER와 WINDOW_HATE 코드에 가장 높은 확률을 부여하고, 다른 ROLE 및 모든 ENV 코드는 근거가 없으므로 낮은 확률로 미부여 처리한다.",True,0/1,"run1:ROLE_WINDOW_GENDER,ROLE_WINDOW_HATE"
ART001942026,일베식 “욕”의 법적 규제에 대하여: 온라인상에서의 혐오 표현에 대한 개념적 고찰,김민정(한국외국어대학교),2014,언론과 법,kor,OK,"ROLE_WINDOW_HATE, ROLE_WINDOW_POLARIZE",,run1:없음,"이 논문은 온라인 커뮤니티를 외부 사회현상을 관찰하는 사례로 삼아, 일베식 혐오 표현이 법적 규제와 사회적 양극화에 어떻게 연결되는지를 분석한다.",논문은 온라인 커뮤니티를 외부 현상의 관찰 창으로 사용해 일베식 혐오 표현과 사회적 양극화를 분석하므로 WINDOW_HATE와 WINDOW_POLARIZE 코드가 부여된다.,True,0/1,"run1:ROLE_WINDOW_HATE,ROLE_WINDOW_POLARIZE"
ART001154033,인터넷 상의 소비자 구전활동 동기에 대한 탐색적 연구,백승록(대홍기획),2005,한국광고홍보학보,kor,ERR,,,run1:없음,"이 논문은 온라인 커뮤니티를 소비자 구전 활동이 이루어지는 장으로 삼아, 그 안에서 나타나는 소비자들의 동기 유형을 분석한다.","논문은 온라인 커뮤니티를 소비자 구전 활동의 장으로 활용해 동기 유형을 분석하지만, 공론장 기능, 관계 자원, 정치·젠더·혐오 현상, 혹은 커뮤니티의 구독·거버넌스·인구통계·생애주기·익명성 등 11개 코드가 요구하는 구체적 요소를 제시하지 않는다.",True,1/1,run1:없음
ART002124848,‘좋아요’가 만드는 ‘싫어요’의 세계: 페이스북 ‘여성혐오’ 페이지 분석,김수아(서울대학교),2016,"미디어, 젠더 & 문화",kor,OK,"ROLE_WINDOW_GENDER, ROLE_WINDOW_HATE",,run1:없음,"이 논문은 페이스북 여성혐오 페이지를 관계·담론이 형성되는 공간으로 삼아 그 내부 담론과 전략을 분석하면서, 이를 통해 한국 사회의 젠더 갈등과 권력 구조라는 외부 사회현상을 조명한다.","논문은 페이스북 여성혐오 페이지를 담론이 형성되는 공간으로 분석하고, 이를 통해 한국 사회의 젠더 갈등과 여성혐오(혐오) 현상을 조명하므로 ROLE_WINDOW_GENDER와 ROLE_WINDOW_HATE 코드에 높은 확률을 부여하고, 다른 FIELD·WINDOW·ENV 코드들은 근거가 없으므로 낮은 확률로 미부여한다.",True,0/1,"run1:ROLE_WINDOW_GENDER,ROLE_WINDOW_HATE"
ART002854283,젠더갈등은 어떻게 우리 사회의 주요 담론이 되었는가?: 보수언론의 젠더갈등 기사 분석을 중심으로,홍지아(경희대학교),2022,"미디어, 젠더 & 문화",kor,OK,ROLE_WINDOW_GENDER,,run1:없음,"이 논문은 보수언론이 온라인 남성 커뮤니티와 정치인들의 발언을 인용·재현함으로써 젠더갈등 담론을 생산·전파하는 과정을 분석하고, 그 담론이 사회적 재생산 위기에 미치는 영향을 비판한다.","논문은 보수언론이 온라인 남성 커뮤니티와 정치인 발언을 인용해 젠더갈등 담론을 생산·전파한다는 점에 초점을 맞추고 있어, ROLE_WINDOW_GENDER 코드가 가장 높은 확률을 갖는다.",True,0/1,run1:ROLE_WINDOW_GENDER
ART001012850,동아시아 문화정체성의 형성과 텔레비전의 소비: 배용준의 일본 팬 커뮤니티 가족 담론을 중심으로,양은경(충남대학교),2006,한국방송학보,kor,OK,ROLE_FIELD_PUBLICSPHERE,,run1:없음,"이 논문은 일본의 배용준 온라인 팬 커뮤니티를 연구 대상으로 삼아, 그 담론과 참여 과정을 분석함으로써 문화정체성 형성과 정치·사회적 함의를 탐구한다.","논문은 온라인 팬 커뮤니티의 담론과 참여 과정을 분석해 문화정체성 및 정치·사회적 함의를 탐구하므로, 공론장 역할에 가장 부합한다.",True,0/1,run1:ROLE_FIELD_PUBLICSPHERE
ART002196505,케이팝(K-pop)의 한국 팬덤에 대한 연구: 해외 팬들에 대한 인식을 중심으로,베르비기에 마티유(한국외국어대학교 국제지역대학원 한국학과),2017,한국언론정보학보,kor,OK,ROLE_WINDOW_MISC,,run1:없음,"이 논문은 온라인 커뮤니티를 외부 사회현상을 관찰하는 사례로 삼아, 한국 팬덤이 해외 팬들에 대해 갖는 인식과 차별적 태도를 분석한다.",논문은 온라인 커뮤니티를 외부 현상의 관찰 창으로 활용해 한국 팬덤의 해외 팬에 대한 차별적 인식을 분석하므로 WINDOW_MISC 코드가 가장 적합하다.,True,0/1,run1:ROLE_WINDOW_MISC
ART001277913,촛불문화제에 나타난 청소년의 사회참여 특성에 대한 연구,이창호(한국청소년정책연구원),2008,언론과학연구,kor,OK,ROLE_FIELD_PUBLICSPHERE,,run1:없음,"이 논문은 청소년들이 온라인 커뮤니티와 뉴미디어를 통해 정보를 얻고 의견을 형성하는 과정을 사례로 삼아, 그들이 촛불문화제에 참여하게 된 동기와 사회참여 양태를 분석하면서 동시에 온라인 커뮤니티가 청소년 담론과 행동을 형성·강화하는 장(field)으로서의 역할을 조명한다.","논문은 온라인 커뮤니티를 청소년 담론과 행동을 형성·강화하는 장(field)으로 분석하므로 공론장 역할(FIELD_PUBLICSPHERE)이 중심이며, 다른 FIELD, WINDOW, ENV 코드들은 근거가 없어 낮은 확률로 미부여된다.",True,0/1,run1:ROLE_FIELD_PUBLICSPHERE
ART001013858,오프라인 모임을 통한 온라인 커뮤니티 애착에 관한 탐색적 연구,박성복(한양대학교),2006,언론과학연구,kor,OK,ROLE_FIELD_SOCIALCAPITAL,,run1:없음,"이 논문은 온라인 커뮤니티를 가상공간과 물리공간이 융합되는 현상의 사례로 삼아, 오프라인 번개모임이 온라인 커뮤니티 구성원의 가상 장소감과 애착에 미치는 영향을 분석한다.","논문은 오프라인 번개모임이 구성원의 가상 장소감·애착에 미치는 영향을 분석함으로써, 온라인 커뮤니티 내에서 신뢰·연대·소속감 등 관계적 자원의 형성을 탐구한다(ROLE_FIELD_SOCIALCAPITAL). 다른 FIELD, WINDOW, ENV 코드에 해당하는 내용은 문장에 나타나지 않는다.",True,0/1,run1:ROLE_FIELD_SOCIALCAPITAL
ART001853215,온라인 공론장에서 토론이 합의와 대립에 이르게 하는 요인 분석: 개방형 공론장과 커뮤니티 공론장의 토론 숙의성 비교,박근영(이화여자대학교),2014,한국언론학보,kor,OK,ROLE_FIELD_PUBLICSPHERE,,run1:없음,"이 논문은 온라인 커뮤니티를 사적 관심 분야에서 공적 이슈 토론이 자연스럽게 발생하는 담론 형성의 장으로 삼아, 합의와 대립을 이끄는 요인들을 분석한다.",논문은 온라인 커뮤니티를 공론장으로서의 담론 형성 역할에 초점을 맞추어 합의와 대립 요인을 분석하므로 ROLE_FIELD_PUBLICSPHERE 코드가 가장 부합한다.,True,0/1,run1:ROLE_FIELD_PUBLICSPHERE
ART002723553,청년 세대의 분노와 혐오 표현의 탄생 : 온라인 커뮤니티 <에브리타임>의 ‘혐오-언어’표현 실태 분석을 중심으로,이종임(경희대학교),2021,방송과 커뮤니케이션,kor,OK,ROLE_WINDOW_HATE,,run1:없음,"이 논문은 대학생 온라인 커뮤니티인 에브리타임을 청년 세대의 분노와 혐오 표현이 어떻게 형성·표현되는지를 분석하는 장으로 삼아, 그 담론이 사회적 차별·불평등 인식과 연결되는 과정을 조사한다.","논문은 청년 세대의 분노와 혐오 표현 형성·표현 과정을 분석하고 이를 사회적 차별·불평등 인식과 연결시키므로, 혐오 표현을 보여주는 사례(window)로서 ROLE_WINDOW_HATE가 가장 부합한다.",True,0/1,run1:ROLE_WINDOW_HATE
ART002268597,남성 중심 온라인 커뮤니티에서의 페미니즘 주제 토론 가능성: '역차별' 담론분석을 중심으로,김수아(서울대학교),2017,"미디어, 젠더 & 문화",kor,OK,"ROLE_WINDOW_GENDER, ROLE_WINDOW_POLARIZE",,run1:없음,"이 논문은 남성 중심 온라인 커뮤니티를 담론이 형성·강화되는 공간으로 삼아, ‘역차별’ 담론의 전개와 그 형식·내용을 분석하면서, 이러한 담론이 드러내는 젠더 갈등과 사회적 양극화 현상을 동시에 조명한다.","논문은 온라인 커뮤니티를 담론이 형성·강화되는 공간으로 분석하고, 그 담론이 드러내는 젠더 갈등과 사회적 양극화를 조명하므로 WINDOW_GENDER와 WINDOW_POLARIZE 코드에 높은 확률을 부여한다.",True,0/1,"run1:ROLE_WINDOW_GENDER,ROLE_WINDOW_POLARIZE"
ART002207373,온라인 커뮤니티와 혐오의 문화정치 : 일간베스트저장소와 메갈리아의 사례를 중심으로,장소연(한양대학교 미디어커뮤니케이션학과 석사),2017,한국소통학보,kor,OK,ROLE_WINDOW_HATE,,run1:없음,"이 논문은 일간베스트저장소와 메갈리아라는 온라인 커뮤니티를 사례로 삼아, 그곳의 혐오 담론이 신자유주의 체제와 경제·사회적 불안 속에서 어떻게 생산·전파되는지를 분석한다.",논문은 혐오 담론의 생산·전파 과정을 분석한다는 점에서 혐오(ROLE_WINDOW_HATE) 코드에 가장 부합한다.,True,0/1,run1:ROLE_WINDOW_HATE
ART001145606,온라인 커뮤니티 내의 커뮤니케이션에 관한 연구자아성향(Self-construal)에 따른 관계 중심으로,권상희(성균관대학교),2006,한국언론정보학보,kor,OK,ROLE_FIELD_SOCIALCAPITAL,,run1:없음,"이 논문은 온라인 커뮤니티를 관계·담론이 형성되는 공간으로 삼아, 자아성향이 커뮤니티 특성, 커뮤니케이션 방식, 그리고 회원 간 관계수준에 어떻게 영향을 미치는지를 분석한다.","논문은 온라인 커뮤니티를 관계·담론이 형성되는 공간으로 보고, 자아성향이 회원 간 관계수준에 미치는 영향을 분석하므로 사회적 자본(관계·연대) 형성에 초점을 맞춘다.",True,0/1,run1:ROLE_FIELD_SOCIALCAPITAL
ART001250213,온라인 대인관계의 정서적 애착(emotional attachment)형성에 관한 연구: 온라인 커뮤니티의 번개모임의 영향력을 중심으로,박성복(한양대학교),2007,한국언론학보,kor,OK,ROLE_FIELD_SOCIALCAPITAL,,run1:없음,"이 논문은 온라인 커뮤니티를 관계·담론이 형성되는 장으로 삼아, 오프라인 번개모임을 통한 온라인·오프라인 연계가 정서적 애착을 어떻게 형성하고 대인관계 발전에 영향을 미치는지를 분석한다.","논문은 온라인 커뮤니티를 관계·담론이 형성되는 장으로 보고 정서적 애착과 대인관계 발전을 분석하므로, 관계·연대·네트워크 형성이라는 사회적 자원(ROLE_FIELD_SOCIALCAPITAL)에 가장 부합한다.",True,0/1,run1:ROLE_FIELD_SOCIALCAPITAL
ART001373686,"온라인 커뮤니티 속 오피니언 리더 집단 검증 : 이용 동기, 활동 정도, 대인관계 형성 과정의 비교 분석",최윤정(이화여자대학교),2009,한국언론학보,kor,OK,ROLE_FIELD_SOCIALCAPITAL,,run1:없음,"이 논문은 온라인 커뮤니티를 관계·담론이 형성되는 장으로 삼아, 오피니언 리더 집단의 존재와 이용 동기·활동 정도·대인관계 형성 과정에서의 차이를 분석한다.","논문은 온라인 커뮤니티를 관계와 담론이 형성되는 공간으로 보고, 오피니언 리더의 대인관계 형성 과정을 분석하므로 사회적 관계 자원(신뢰·연대·네트워크) 형성에 초점을 둔 FIELD_SOCIALCAPITAL으로 가장 부합한다.",True,0/1,run1:ROLE_FIELD_SOCIALCAPITAL
ART001557144,사용자간 상호작용성(User-to-User Interactivity)의 측정을 위한 척도 개발과 검증:온라인 브랜드 커뮤니티를 대상으로,황장선(중앙대학교),2011,광고학연구,kor,OK,ROLE_FIELD_SOCIALCAPITAL,,run1:없음,"이 논문은 온라인 브랜드 커뮤니티를 관계·담론이 형성되는 장으로 삼아, 사용자간 상호작용성의 유형과 측정척도를 개발·검증하고 그 영향력을 분석한다.","논문은 온라인 브랜드 커뮤니티를 관계·담론이 형성되는 장으로 설정해 상호작용 유형과 그 영향력을 분석하므로, 이용자 간 신뢰·연대·네트워크와 같은 관계적 자원의 형성과 작동을 다루는 FIELD_SOCIALCAPITAL에 가장 부합한다; 공론장 기능이나 외부 사회현상(윈도우) 및 커뮤니티 환경 요인에 대한 언급은 없으므로 다른 코드는 낮은 확률로 평가된다.",True,0/1,run1:ROLE_FIELD_SOCIALCAPITAL
ART001899500,온라인 여성호명 담론에 대한 질적 연구,황슬하(중앙대학교),2014,한국방송학보,kor,OK,"ROLE_FIELD_PUBLICSPHERE, ROLE_WINDOW_GENDER",,run1:없음,"이 논문은 온라인 커뮤니티를 여성호명 담론이 형성·강화되는 장으로 보고, 그 담론이 드러내는 젠더 갈등과 사회문화적 함의를 분석한다.","논문은 온라인 커뮤니티를 여성호명 담론이 형성·강화되는 장으로 보며, 그 담론이 드러내는 젠더 갈등을 분석하므로 FIELD_PUBLICSPHERE와 WINDOW_GENDER 코드에 가장 높은 확률을 부여한다.",True,0/1,"run1:ROLE_FIELD_PUBLICSPHERE,ROLE_WINDOW_GENDER"
ART001296043,온라인 글쓰기에서의 자기 서사와 정체성 구성,김수아(서울대학교),2008,한국언론학보,kor,OK,ROLE_FIELD_SOCIALCAPITAL,,run1:없음,"이 논문은 온라인 커뮤니티를 관계·담론이 형성되는 공간으로 삼아, 여성들의 자기 서사를 분석하고 이를 통해 정체성 구성과 저항적 실천을 탐구한다.","논문은 온라인 커뮤니티를 ‘관계·담론이 형성되는 공간’으로 설정해 여성들의 정체성 구성과 저항적 실천을 분석하므로, 관계·연대·네트워크 형성이라는 사회적 자원에 초점을 맞춘 ROLE_FIELD_SOCIALCAPITAL 코드가 가장 부합한다.",True,0/1,run1:ROLE_FIELD_SOCIALCAPITAL
ART001209629,온라인 커뮤니티 활동과 커뮤니케이션 형태와 공동체 역할에 관한 연구 : 스포츠 커뮤니티를 중심으로,이재신(중앙대학교),2007,언론과학연구,kor,OK,ROLE_FIELD_SOCIALCAPITAL,,run1:없음,"이 논문은 스포츠 온라인 커뮤니티를 관계·담론이 형성되는 공간으로 삼아, 구성원 간 상호작용과 커뮤니케이션 형태, 그리고 일반 회원의 역할 변화 과정을 사회 연결망 분석을 통해 실증적으로 조사한다.","논문은 온라인 커뮤니티를 관계와 담론이 형성되는 공간으로 설정하고, 구성원 간 상호작용과 역할 변화를 사회 연결망 분석으로 조사하므로, 관계적 자원(신뢰·연대·네트워크)의 형성과 작동을 다루는 ROLE_FIELD_SOCIALCAPITAL에 가장 부합한다.",True,0/1,run1:ROLE_FIELD_SOCIALCAPITAL
ART001512698,"온라인 PR 정보원의 유형 별 커뮤니케이션 효과: 메시지 평가, 구매 의도, 정보원 신뢰도를 중심으로",이상경(어린이집 안전공제회),2010,OOH광고학연구,kor,ERR,,,run1:없음,"이 논문은 온라인 커뮤니티를 기업 PR 활동에 활용되는 정보원 유형 중 하나로 삼아, 메시지에 대한 태도·구매 의도·신뢰도 등 수용자 반응을 다른 매체와 비교 분석한다.","FOCUS 문장은 온라인 커뮤니티를 기업 PR의 정보원으로서 다른 매체와 비교하는 미디어 효과 분석에 초점을 맞추고 있어, 공론장, 사회적 자본, 정치·젠더·혐오 등 사회현상 창 역할, 혹은 커뮤니티의 회원제·거버넌스·인구통계·생애주기·익명성 등 환경 요인과는 관련이 없다.",True,1/1,run1:없음
ART001457377,10대 청소년의 인터넷 이용동기와 온라인 커뮤니케이션 활동의 상관성 연구,설진아(한국방송통신대학교),2010,"미디어, 젠더 & 문화",kor,ERR,,,run1:없음,"이 논문은 온라인 커뮤니티를 청소년들의 인터넷 이용동기와 온라인 커뮤니케이션 활동이 어떻게 연관되는지를 분석하는 장(field)으로 삼아, 성별·동기 차이가 커뮤니티 참여 시간과 형태에 미치는 영향을 조사한다.","논문은 온라인 커뮤니티를 청소년 행동과 동기의 관계를 분석하는 장으로 사용하지만, 공론장 기능, 관계 자원, 정치·젠더·혐오 현상, 혹은 커뮤니티 구조·운영·인구통계·생애주기·익명성 등 구체적 요소를 다루지 않으므로 모든 코드에 대해 낮은 확률을 부여한다.",True,1/1,run1:없음
ART001250486,온라인 서포트 커뮤니티에서의 인지된 익명성: 계층적 개념구조와 공적인 자기노출에 미치는 영향,윤해진(인하대학교),2006,한국언론학보,kor,OK,ROLE_FIELD_SOCIALCAPITAL,ENV_ONLINE_ANNONIMITY,run1:없음,"이 논문은 온라인 서포트 커뮤니티를 관계·담론이 형성되는 공간으로 삼아, 인지된 익명성이 회원들의 공적인 자기노출에 미치는 영향을 분석한다.","연구는 온라인 서포트 커뮤니티를 관계·담론이 형성되는 공간으로 보고, 익명성이 공적 자기노출에 미치는 영향을 분석함으로써 사회적 자원(관계·신뢰·네트워크) 형성과 익명성 수준의 차이를 중심으로 다루고 있다.",True,0/1,"run1:ENV_ONLINE_ANNONIMITY,ROLE_FIELD_SOCIALCAPITAL"
ART002477442,미투 운동 이후 한국 신문에 나타난 성별 갈등 보도 분석,김수아(서울대학교),2019,미디어와 인격권,kor,OK,ROLE_WINDOW_GENDER,,run1:없음,"이 논문은 온라인 커뮤니티에서 생성된 역차별·페미니즘 담론을 자료로 삼아, 성별 갈등이라는 외부 사회현상이 언론 보도와 어떻게 연결되고 전개되는지를 분석한다.","논문은 온라인 커뮤니티의 역차별·페미니즘 담론을 통해 성별 갈등이라는 외부 사회현상의 언론 보도와의 연결을 분석하므로, WINDOW_GENDER 코드가 가장 적합하다.",True,0/1,run1:ROLE_WINDOW_GENDER
ART001366892,온라인 커뮤니티 이용을 통한 사회적 자본이에너지 절약 행동의도에 미치는 영향에 관한 연구,신경아(한양대학교),2009,한국광고홍보학보,kor,OK,ROLE_FIELD_SOCIALCAPITAL,,run1:없음,"이 논문은 온라인 커뮤니티를 사회적 자본이 형성되는 장으로 활용하면서, 그 형성된 사회적 자본이 에너지 절약에 대한 태도와 행동 의도라는 외부 환경 행동에 어떤 영향을 미치는지를 분석한다.","논문은 온라인 커뮤니티를 사회적 자본이 형성되는 장으로 보고, 그 자본이 에너지 절약 행동에 미치는 영향을 분석하므로 ROLE_FIELD_SOCIALCAPITAL만이 근거가 있다.",True,0/1,run1:ROLE_FIELD_SOCIALCAPITAL
ART001533640,정치적 소통의 새로운 전망:20～30대 여성들의 온라인 정치커뮤니티를 중심으로,박창식(한겨레신문사 논설위원),2011,한국언론학보,kor,OK,ROLE_FIELD_PUBLICSPHERE,,run1:없음,"이 논문은 온라인 정치커뮤니티를 관계·담론이 형성되는 공간으로 삼아, 20~30대 여성들의 참여와 소통 양식을 분석하고 그가 대화·감정 민주주의에 미치는 영향을 탐구한다.","논문은 온라인 정치커뮤니티를 ‘관계·담론이 형성되는 공간’으로 설정해 대화·감정 민주주의에 미치는 영향을 분석하므로, 공론장 역할(FIELD_PUBLICSPHERE)에 가장 부합한다; 신뢰·연대·네트워크와 같은 구체적 사회자원(SOCIALCAPITAL)이나 정치·젠더·혐오 등 외부 현상을 보여주는 창(Window) 역할에 대한 언급은 없으며, 커뮤니티의 회원제·운영·인구통계·생애주기·익명성 등 환경적 요인도 다루지 않는다.",True,0/1,run1:ROLE_FIELD_PUBLICSPHERE
ART002201497,한국 뮤지컬 마니아 관객 활동의 문화 정치적 함의: 온라인 커뮤니티 활동을 중심으로,박혜성(한국예술종합학교),2017,언론과 사회,kor,OK,"ROLE_FIELD_SOCIALCAPITAL, ROLE_WINDOW_MISC",,run1:없음,"이 논문은 온라인 뮤지컬 마니아 관객 커뮤니티를 관계·담론이 형성되는 장으로 삼아 그 내부 상호작용과 논의를 분석하면서, 그 담론이 문화 정치적 함의를 드러내는 창으로도 활용한다.","논문은 커뮤니티를 관계·담론이 형성되는 장으로 분석하고, 그 담론을 문화·정치적 함의를 드러내는 창으로 활용하므로 관계·연결을 강조하는 사회자본 역할과, 외부 현상을 보여주는 창 역할(기타 사회현상) 두 가지가 가장 부합한다.",True,0/1,"run1:ROLE_FIELD_SOCIALCAPITAL,ROLE_WINDOW_MISC"
ART002285710,온라인 루머 전파에서 사회적 동조의 역할,민혜민(이화여자대학교),2017,방송과 커뮤니케이션,kor,OK,ROLE_FIELD_SOCIALCAPITAL,,run1:없음,"이 논문은 온라인 커뮤니티를 관계·담론이 형성되는 장으로 삼아, 구성원 간의 정서적 친밀감과 인지된 동질성이 사회적 동조와 루머 신뢰·전파에 미치는 영향을 분석한다.",논문은 온라인 커뮤니티 내 구성원 간 정서적 친밀감과 동질성을 관계·담론 형성의 핵심 자원으로 분석하므로 ROLE_FIELD_SOCIALCAPITAL에 해당한다.,True,0/1,run1:ROLE_FIELD_SOCIALCAPITAL
ART002843579,고령자 1인 가구의 디지털 리터러시와 온라인 커뮤니티 및 사회참여: MZ세대 및 고령자 1인-다인 가구 집단 비교를 중심으로,박노일(차의과학대학교),2022,한국소통학보,kor,OK,ROLE_FIELD_SOCIALCAPITAL,,run1:없음,"이 논문은 고령자 1인 가구의 디지털 리터러시가 사회참여에 미치는 영향을 분석하면서, 온라인 커뮤니티 활동이 그 관계를 매개·촉진하는 장으로서 어떻게 작동하는지를 조사한다.","논문은 온라인 커뮤니티를 고령자 1인 가구의 디지털 리터러시와 사회참여 사이를 매개·촉진하는 장으로 분석하므로, 관계·연대·네트워크와 같은 사회자본 역할에 해당한다.",True,0/1,run1:ROLE_FIELD_SOCIALCAPITAL
ART002196494,"공동체 미디어의 담론 흐름과 연구경향: 학술논문의 주제, 방법, 쟁점에 대한 메타분석을 중심으로",강진숙(중앙대학교),2017,한국언론정보학보,kor,OK,ROLE_FIELD_PUBLICSPHERE,,run1:없음,"이 논문은 온라인 커뮤니티를 관계·담론이 형성되는 장으로 삼아, 학술 논문들의 주제·방법·쟁점 등을 메타분석하여 공동체 미디어 담론의 흐름과 연구경향을 분석한다.","논문은 온라인 커뮤니티를 ‘관계·담론이 형성되는 장’으로 설정해 공동체 미디어 담론의 흐름을 분석하므로, 공론장 역할(FIELD_PUBLICSPHERE)에 가장 부합한다.",True,0/1,run1:ROLE_FIELD_PUBLICSPHERE
ART002918019,온라인 커뮤니티 ‘당근마켓’ 사용에서 기인한 오프라인 관계의 선행요인과 결과요인,이해리(대전청년내일센터),2022,광고연구,kor,OK,ROLE_FIELD_SOCIALCAPITAL,,run1:없음,"이 논문은 온라인 커뮤니티 당근마켓을 관계·담론이 형성되는 공간으로 삼아, 그 기능적 특성과 이용 동기가 오프라인 관계 형성에 미치는 영향을 분석하고, 그 오프라인 관계가 사회자본을 통해 커뮤니티 충성도로 어떻게 환원되는지를 규명한다.","논문은 당근마켓을 관계·담론이 형성되는 공간으로 보고, 오프라인 관계가 사회자본을 매개로 커뮤니티 충성도로 이어지는 과정을 규명하므로 사회자본 역할(ROLE_FIELD_SOCIALCAPITAL)이 중심이며, 공론장, 정치·젠더·혐오 등 창 역할, 그리고 환경적 변수는 언급되지 않는다.",True,0/1,run1:ROLE_FIELD_SOCIALCAPITAL
ART001792485,한국 온라인 팬픽의 인물 형상화 방식,한혜원(이화여자대학교),2013,한국방송학보,kor,OK,ROLE_FIELD_SOCIALCAPITAL,,run1:없음,"이 논문은 온라인 팬픽 커뮤니티를 관계·담론이 형성되는 장으로 삼아, 인물 형상화 방식과 그 과정에서 나타나는 서사적·관계적 메커니즘을 분석한다.","논문은 온라인 팬픽 커뮤니티를 관계·담론이 형성되는 장으로 설정해 인물 형상화와 서사·관계 메커니즘을 분석하므로, 커뮤니티 내에서 관계적 자원(신뢰·연대·네트워크)의 형성과 작동을 다루는 FIELD_SOCIALCAPITAL에 해당한다.",True,0/1,run1:ROLE_FIELD_SOCIALCAPITAL
ART001987148,신(新) ‘카더라통신’의 동기적 요인효과: 경향적 인터넷 루머 전파의도에 대한 문제해결상황이론과 계획행동이론의 통합모형,차유리(서울대학교),2015,한국언론학보,kor,ERR,,,run1:없음,"이 논문은 온라인 커뮤니티 이용자들의 동기와 행동을 분석하여, 루머 전파 의도라는 관계·담론 형성 과정을 설명한다.","주어진 문장은 온라인 커뮤니티 이용자들의 동기·행동과 루머 전파 의도라는 관계·담론 형성 과정을 설명한다는 내용만을 담고 있어, 공론장 역할, 신뢰·연대·네트워크와 같은 사회적 자원, 정치·젠더·혐오 등 외부 현상, 혹은 커뮤니티 구독·거버넌스·인구통계·생애주기·익명성 등 환경적 요인에 대한 언급이 전혀 없으므로 모든 코드에 대해 근거가 부족해 확률을 0.5 이하로 설정하였다.",True,1/1,run1:없음
ART001326749,온라인 커뮤니티를 매개로 한 아파트 공동체 형성에 관한 연구,홍성구(강원대학교),2009,언론과학연구,kor,OK,ROLE_FIELD_SOCIALCAPITAL,,run1:없음,"이 논문은 온라인 커뮤니티를 관계·담론이 형성되는 장으로 삼아, 아파트 오프라인 공동체 활성화에 기여하는 상호작용 유형과 공동체 형성 과정을 분석한다.","논문은 온라인 커뮤니티를 관계·담론이 형성되는 장으로 설정해 아파트 오프라인 공동체 활성화에 기여하는 상호작용과 공동체 형성 과정을 분석하므로, 관계·담론 형성이라는 사회적 자원(신뢰·연대·네트워크) 구축에 초점을 맞춘 FIELD_SOCIALCAPITAL 코드가 가장 부합한다.",True,0/1,run1:ROLE_FIELD_SOCIALCAPITAL
ART001523213,온라인 커뮤니티의 사회적 지원이 청소년의 스트레스 감소에 미치는 영향: 커뮤니티 소속감과 자아탄력성의 매개효과 검증,손해영(연세대학교),2011,한국방송학보,kor,OK,ROLE_FIELD_SOCIALCAPITAL,,run1:없음,"이 논문은 온라인 커뮤니티를 청소년들의 사회적 지원이 제공되는 관계·담론 형성의 장으로 삼아, 소속감과 자아탄력성이 스트레스 감소에 미치는 매개 효과를 분석한다.","논문은 온라인 커뮤니티를 청소년들의 관계·담론이 형성되는 공간으로 보고, 사회적 지원과 소속감·자아탄력성의 매개 효과를 분석하므로 관계·연대·네트워크와 같은 사회적 자원을 강조하는 FIELD_SOCIALCAPITAL에 해당한다.",True,0/1,run1:ROLE_FIELD_SOCIALCAPITAL
ART001602439,"메시지 품질과 토론 연결망의 구조적 위치, 그리고 여론지도력: 서울시 ‘무상급식 논란’의 온라인 정치토론 사례 분석",김경모(연세대학교),2011,한국언론정보학보,kor,OK,"ROLE_FIELD_PUBLICSPHERE, ROLE_FIELD_SOCIALCAPITAL",,run1:없음,"이 논문은 온라인 커뮤니티를 관계·담론이 형성되는 공간으로 삼아, 메시지 품질과 토론 연결망 구조가 여론지도력에 미치는 복합적 영향을 분석한다.","논문은 온라인 커뮤니티를 관계·담론이 형성되는 공간으로 보고, 토론 연결망 구조를 분석함으로써 공론장 역할과 관계적 자원(네트워크) 형성을 동시에 탐구한다.",True,0/1,"run1:ROLE_FIELD_PUBLICSPHERE,ROLE_FIELD_SOCIALCAPITAL"
ART002477326,디지털 시대의 온라인 공중 집단행동에 대한 집단 효능감의 역할: 청와대 국민청원 사이트 참여를 중심으로,박인호(성균관대학교),2019,PR연구,kor,OK,ROLE_FIELD_SOCIALCAPITAL,,run1:없음,"이 논문은 청와대 국민청원 온라인 커뮤니티를 집단 정체성과 효능감이 형성·작용하는 장으로 삼아, 온라인 미디어 특성이 집단 효능감과 참여 의도에 미치는 메커니즘을 분석한다.","논문은 온라인 커뮤니티를 집단 정체성과 효능감이 형성·작용하는 장소로 설정하여, 구성원 간 관계적 자원(집단 효능감)과 참여 의도에 미치는 메커니즘을 분석하므로 ROLE_FIELD_SOCIALCAPITAL에 해당한다.",True,0/1,run1:ROLE_FIELD_SOCIALCAPITAL
ART002663860,수동적 SNS 이용과 우울의 관계: 자기해석양식을 통한 상향비교의 조절된 매개효과,임혜린(고대안산병원 정신건강의학과 임상심리실),2020,"미디어, 젠더 & 문화",kor,ERR,,,run1:없음,"이 논문은 온라인 커뮤니티를 이용자들의 상향비교와 자기해석양식이 우울에 미치는 영향을 분석하는 장(field)으로 삼아, 수동적 SNS 이용이 우울을 유발하는 메커니즘을 규명한다.","주어진 문장은 온라인 커뮤니티를 우울에 영향을 미치는 심리적 메커니즘을 분석하는 장(field)으로 사용한다는 점만 제시하며, 공론장 기능, 사회적 자본, 정치·젠더·혐오 등 외부 현상, 혹은 커뮤니티의 구독·운영·인구통계·생애주기·익명성 등 환경적 변수를 다루지 않는다.",True,1/1,run1:없음
ART001853206,누구와 소통하는가: 연결된 청소년의 공동체적 삶 역량 계발,양소은(서울대학교),2014,한국언론학보,kor,OK,ROLE_FIELD_SOCIALCAPITAL,,run1:없음,"이 논문은 온라인 커뮤니티를 관계·담론이 형성되는 장으로 삼아, 청소년이 온라인에서 누구와 소통하는지가 공동체적 삶 역량 및 시민적 참여에 미치는 차별적 영향을 분석한다.",논문은 청소년이 온라인에서 누구와 소통하는지를 분석함으로써 관계·담론 형성이라는 사회적 자원(신뢰·연대·네트워크) 측면을 강조하므로 ROLE_FIELD_SOCIALCAPITAL에 해당한다; 다른 ROLE 및 ENV 코드들은 본문에 해당 근거가 없으므로 미부여로 평가한다.,True,0/1,run1:ROLE_FIELD_SOCIALCAPITAL
ART001520829,온라인 브랜드 커뮤니티의 시기별 구조적 관계에 대한 사회 네트워크 분석,도선재(중앙대학교),2011,광고학연구,kor,OK,ROLE_FIELD_SOCIALCAPITAL,,run1:없음,"이 논문은 온라인 브랜드 커뮤니티를 관계·담론이 형성되는 장으로 삼아, 구성원 간 상호작용의 구조적 관계가 시간에 따라 어떻게 변화하는지를 사회 네트워크 분석을 통해 탐구한다.","논문은 온라인 브랜드 커뮤니티 내 구성원 간 구조적 관계의 시간적 변화를 사회 네트워크 분석으로 조사하므로, 관계·연결망(사회자본) 분석에 해당한다.",True,0/1,run1:ROLE_FIELD_SOCIALCAPITAL
ART001904204,디시인사이드 ‘주군의 태양’ 갤러리 구성원 유형화를 통한 인터넷 팬 커뮤니티 권력관계 특성연구,권지현(동의대학교),2014,지역과 커뮤니케이션,kor,OK,ROLE_FIELD_SOCIALCAPITAL,,run1:없음,"이 논문은 온라인 팬 커뮤니티를 관계·담론이 형성되는 장으로 삼아, 구성원의 닉네임·활동 경력·문화자본을 기반으로 권력관계와 그 분산·상징적 폭력 메커니즘을 분석한다.","논문은 팬 커뮤니티 내부에서 닉네임·활동 경력·문화자본을 토대로 권력관계와 그 분산·상징적 폭력을 분석하므로, 이용자 간 관계·자원의 형성과 작동을 다루는 사회자본(FIELD_SOCIALCAPITAL) 관점이 가장 부합한다.",True,0/1,run1:ROLE_FIELD_SOCIALCAPITAL
ART001997770,사이버 공간에서의 역사의 내전(內戰)화:<일간베스트저장소>의 5·18 언설을 중심으로,정수영(성균관대학교),2015,한국언론정보학보,kor,OK,"ROLE_FIELD_PUBLICSPHERE, ROLE_WINDOW_POLARIZE",,run1:ROLE_WINDOW_HATE,"이 논문은 <일베>라는 온라인 커뮤니티를 담론이 형성·강화되는 장으로 삼아, 그 안에서 전개되는 극우보수 서사가 5·18 사건을 어떻게 재구성하고 정치·사회적 적대와 역사 내전화를 만들어내는지를 분석한다.",논문은 일베를 담론이 형성·강화되는 공론장으로 보고(ROLE_FIELD_PUBLICSPHERE) 극우보수 서사가 정치·사회적 적대(ROLE_WINDOW_POLARIZE)와 혐오·역사 내전화(ROLE_WINDOW_HATE)를 어떻게 재구성하는지를 분석한다.,True,0/1,"run1:ROLE_FIELD_PUBLICSPHERE,ROLE_WINDOW_POLARIZE"
ART001908006,한국 보수 언론 및 온라인 커뮤니티의 이주노동자 재현과 갈등 은유 분석,채영길(한국외국어대학교),2014,한국언론학보,kor,OK,"ROLE_WINDOW_HATE, ROLE_WINDOW_POLARIZE",,run1:없음,"이 논문은 보수 언론과 온라인 커뮤니티의 은유적 담론을 분석하여, 그 담론이 이주노동자에 대한 사회적 갈등과 혐오를 어떻게 형성·강화하는지를 밝히면서, 동시에 이러한 담론이 한국 사회 전반의 다문화 갈등 구조를 드러내는 사례로 활용한다.","논문은 온라인 커뮤니티와 보수 언론의 은유적 담론이 이주노동자에 대한 혐오와 사회적 갈등을 형성·강화한다는 점을 강조하므로, 혐오(HATE)와 갈등(폴라라이즈) 창 역할이 가장 부합한다.",True,0/1,"run1:ROLE_WINDOW_HATE,ROLE_WINDOW_POLARIZE"
ART002886894,‘기레기 멸칭’에 내재된 언론비판 인식 분석: 주요 온라인 커뮤니티 내용분석을 중심으로,이상호(고려대학교),2022,한국언론정보학보,kor,OK,ROLE_WINDOW_MISC,,run1:없음,"이 논문은 온라인 커뮤니티 게시판에 나타난 ‘기레기’ 담론을 자료로 삼아, 언론에 대한 이용자들의 비판 인식과 문제의식 구조를 분석하고, 이를 자율규제기관의 심의결과와 비교함으로써 언론 비판이라는 외부 사회현상을 조명한다.","논문은 온라인 커뮤니티의 ‘기레기’ 담론을 매개로 언론 비판이라는 외부 사회현상을 조명하므로, WINDOW_MISC 코드가 가장 적합하다.",True,0/1,run1:ROLE_WINDOW_MISC
ART002784511,<조선구마사> 역사 표현의 쟁점과 함의,주창윤(서울여자대학교),2021,커뮤니케이션 이론,kor,OK,"ROLE_WINDOW_HATE, ROLE_WINDOW_POLARIZE",,run1:없음,"이 논문은 온라인 커뮤니티를 역사 드라마에 대한 대중 담론이 형성·전개되는 장으로 삼아, 그 담론이 감정 민족주의와 반중 정서라는 프레임으로 어떻게 구성되는지를 분석한다.","논문은 온라인 커뮤니티를 역사 드라마 담론이 형성되는 장으로 활용해 감정 민족주의와 반중 정서라는 정치·사회적 프레임을 분석하므로, 해당 담론을 보여주는 창(window) 역할에 해당하고, 특히 정치적 양극화와 혐오(반중 정서)와 관련이 높다; 공론장이나 관계 자원, 환경적 요인에 대한 언급은 없으므로 해당 코드는 부여되지 않는다.",True,0/1,"run1:ROLE_WINDOW_HATE,ROLE_WINDOW_POLARIZE"
ART001928070,‘강북’ 청소년들의 일상생활 문화와 계급 정체성 형성에 대한 영상방법론적 연구,이상규(서울대학교),2014,한국언론정보학보,kor,OK,ROLE_FIELD_SOCIALCAPITAL,,run1:없음,"이 논문은 강북 청소년들의 일상과 계급 정체성 형성 과정을 탐구하면서, 그들이 온라인 커뮤니티를 포함한 문화실천을 통해 자기 서사를 구축하고 사회적 관계를 형성하는 방식을 분석한다.","논문은 온라인 커뮤니티를 청소년들의 사회적 관계 형성과 자기 서사 구축의 장으로 분석하므로, 관계·연대·네트워크와 같은 사회적 자원의 형성을 다루는 ROLE_FIELD_SOCIALCAPITAL 코드에 가장 부합한다.",True,0/1,run1:ROLE_FIELD_SOCIALCAPITAL
ART001926218,"온라인 공동체 규범인식과 몰입이 운영방식 만족, 지각된 가치, 오프라인 모임의 참여에 미치는 영향관계",임종섭(서강대학교),2014,한국언론학보,kor,OK,ROLE_FIELD_SOCIALCAPITAL,,run1:없음,"이 논문은 온라인 공동체를 구성원들의 규범 인식과 몰입이라는 관계·담론이 형성되는 장으로 삼아, 이러한 내부 요인들이 운영방식 만족, 지각된 가치, 그리고 오프라인 모임 참여에 어떻게 영향을 미치는지를 분석한다.","논문은 온라인 공동체를 구성원 간 관계·담론이 형성되는 공간으로 보고, 이러한 내부 관계적 요인이 만족도와 참여에 미치는 영향을 분석하므로 사회적 자원(신뢰·연대·네트워크) 형성을 강조하는 ROLE_FIELD_SOCIALCAPITAL에 가장 부합한다.",True,0/1,run1:ROLE_FIELD_SOCIALCAPITAL
ART002949920,온라인 커뮤니티 ‘에펨코리아’로 살펴본 ‘이대남 현상’,김선영(경남대학교),2023,한국언론정보학보,kor,OK,"ROLE_FIELD_PUBLICSPHERE, ROLE_WINDOW_GENDER",,run1:없음,"이 논문은 온라인 커뮤니티 에펨코리아의 게시글을 자료로 삼아 ‘이대남 현상’이라는 사회적 현상을 분석하면서, 그 현상이 커뮤니티 내에서 어떻게 담론으로 형성·강화되는지를 동시에 조명한다.","논문은 ‘이대남 현상’이라는 젠더 관련 사회현상을 다루면서, 해당 현상이 에펨코리아 커뮤니티 내에서 담론으로 어떻게 형성·강화되는지를 분석하므로, FIELD_PUBLICSPHERE와 WINDOW_GENDER 코드에 가장 높은 확률을 부여한다.",True,0/1,"run1:ROLE_FIELD_PUBLICSPHERE,ROLE_WINDOW_GENDER"
ART002865675,여성 주체와 온라인 민족주의: <조선구마사> 방송 중단 운동을 중심으로,신정원(서울대학교),2022,언론정보연구,kor,OK,"ROLE_WINDOW_GENDER, ROLE_WINDOW_POLARIZE",,run1:없음,"이 논문은 온라인 커뮤니티를 여성 네티즌이 주체가 되어 온라인 민족주의와 정치·소비자 운동이 결합되는 담론과 행동이 형성·전개되는 장으로 삼으며, 그 과정에서 나타나는 성별·민족·문화적 갈등과 검열 위험을 분석한다.",논문은 온라인 커뮤니티를 정치·민족주의와 성별·민족·문화 갈등이 드러나는 현장으로 분석하므로 정치 양극화와 젠더 갈등을 설명하는 WINDOW 역할이 가장 부합한다.,True,0/1,"run1:ROLE_WINDOW_GENDER,ROLE_WINDOW_POLARIZE"
ART002054350,"“내 그럴 줄 알았지!”: 인터넷루머 장르, 매체 · 대상 선호도에 따른 수용자 믿음및 전파의도",차유리(서울대학교),2015,한국방송학보,kor,OK,ROLE_WINDOW_MISC,,run1:없음,"이 논문은 온라인 커뮤니티를 루머가 믿음과 전파 의도로 형성·전달되는 장으로 삼아, 루머 장르와 이용자의 매체·대상 선호도가 믿음과 전파 의도에 미치는 영향을 분석한다.",논문은 루머라는 사회현상을 설명하기 위해 온라인 커뮤니티를 사례(window)로 사용하므로 WINDOW_MISC 코드가 가장 부합한다.,True,0/1,run1:ROLE_WINDOW_MISC
ART001878027,한국의 저출산 현상에 대한 기혼 여성들의 인식 및 효과적인 커뮤니케이션 전략 연구,최지현(숙명여자대학교),2014,PR연구,kor,ERR,,,run1:없음,"이 논문은 저출산 현상을 극복하기 위한 커뮤니케이션 전략을 논의하면서, 온라인 커뮤니티를 정책 메시지를 전달하고 공감을 얻기 위한 매체로만 언급한다.","논문은 온라인 커뮤니티를 정책 전달 매체로만 언급하고, 그 자체의 공론장 기능, 관계형 자원, 혹은 사회현상 창 역할을 분석하지 않으며, 커뮤니티의 구조·운영·인구통계 등 환경적 요인도 비교·분석 대상으로 삼지 않는다.",True,1/1,run1:없음
ART002022956,"좋은 루머, 나쁜 루머, 양가적 루머? - 인터넷 루머 전파기대 척도의 타당화",차유리(서울대학교),2015,언론정보연구,kor,ERR,,,run1:없음,"이 논문은 온라인 커뮤니티를 루머가 생성·전파되는 담론·행위의 장으로 삼아, 이용자들의 인지·감정·관계·자기고양 등 심리적 요인이 루머 전파 기대에 어떻게 작용하는지를 분석한다.","논문은 온라인 커뮤니티를 루머 생성·전파의 담론·행위 장으로만 다루며, 공론장 역할, 사회적 관계 자원, 혹은 외부 사회현상의 창 역할을 분석하지 않아 모든 ROLE 및 ENV 코드에 해당하지 않는다.",True,1/1,run1:없음
ART001449054,온라인 브랜드 커뮤니티에서 불만 대응이 커뮤니티 선호도와 브랜드 충성도에 미치는 영향,김정현(중앙대학교),2010,PR연구,kor,OK,ROLE_FIELD_SOCIALCAPITAL,,run1:없음,"이 논문은 온라인 브랜드 커뮤니티를 기업과 소비자 간 관계·담론이 형성되는 공간으로 삼아, 불만 대응에 대한 만족이 커뮤니티 선호도와 궁극적인 브랜드 충성도에 미치는 영향을 분석한다.","논문은 온라인 브랜드 커뮤니티를 기업‑소비자 관계와 담론이 형성되는 공간으로 보고, 그 관계적 자원의 효과(선호도·충성도)를 분석하므로 ROLE_FIELD_SOCIALCAPITAL에 가장 부합한다; 다른 ROLE 및 ENV 코드는 해당 근거가 문장에 없으므로 낮은 확률로 미부여 처리한다.",True,0/1,run1:ROLE_FIELD_SOCIALCAPITAL
ART001119701,온라인 저널리즘의 정치적 동학:' '논객사이트'를 중심으로,장우영(대구가톨릭대학교),2005,언론과 사회,none,NO_ABSTRACT,,,,,초록 없음 (KOR_ABST/ENG_ABST 둘 다 없음),,,
ART002229719,미디어 멀티태스킹과 게이미피케이션을 통해 발현한 실시간 참여 민주주의 : 다이내믹 토픽 모델링(DTM)을 활용한 인터넷 게시판 분석,최선영(이화여자대학교),2017,한국방송학보,kor,OK,ROLE_FIELD_PUBLICSPHERE,,run1:없음,"이 논문은 디시인사이드 주식갤러리 게시판을 외부 정치·사회 현상인 탄핵 청문회의 실시간 진행을 관찰하는 사례로 삼으며, 동시에 그 게시판 내에서 형성·강화되는 담론과 게임화된 참여 행위가 어떻게 실시간 참여 민주주의로 나타나는지를 분석한다.","논문은 디시인사이드 주식갤러리 내 담론과 게임화된 참여를 실시간 참여 민주주의의 공론장으로 분석하므로 ROLE_FIELD_PUBLICSPHERE에 높은 확률을 부여하고, 다른 코드들은 초점 문장에 해당 근거가 없으므로 낮은 확률로 평가한다.",True,0/1,run1:ROLE_FIELD_PUBLICSPHERE
ART002716134,사회적 법익을 침해하는 허위조작정보 대응을 위한 시론적 논의 — 코로나19 관련 허위조작정보를 중심으로 —,정영주(한양대학교 언론정보대학원),2021,언론과 법,kor,OK,ROLE_WINDOW_MISC,,run1:없음,"이 논문은 온라인 커뮤니티를 허위조작정보가 유통되는 매개체로 삼아, 코로나19 관련 허위정보가 사회적 법익을 침해하고 공동체 안위에 미치는 영향을 분석한다.",본 연구는 온라인 커뮤니티를 허위조작정보가 유통되는 사례(윈도우)로 활용해 코로나19 허위정보가 법익과 공동체 안위에 미치는 영향을 분석하므로 WINDOW_MISC 코드가 가장 적합하다.,True,0/1,run1:ROLE_WINDOW_MISC
ART001715215,온라인뉴스 확산행동 혹은 의견 게재행동에 참여하는 이용자 특성에 대한 연구,고영재(대한결핵협회),2012,PR연구,kor,OK,ROLE_FIELD_PUBLICSPHERE,,run1:없음,"이 논문은 온라인 커뮤니티를 의견·뉴스 확산과 토론이 이루어지는 장으로 삼아, 이용자들의 혁신성, 효능감, 마브니즘 등 개인적 성향과 정보교환·합의도출 동기를 분석한다.","논문은 온라인 커뮤니티를 의견·뉴스 확산과 토론이 이루어지는 공론장으로 활용하며, 이용자 개인 성향과 정보교환·합의 동기를 분석하므로 ROLE_FIELD_PUBLICSPHERE만이 근거가 된다.",True,0/1,run1:ROLE_FIELD_PUBLICSPHERE
ART001747144,능동적 이용자와 정보기술의 상호구성 전자게시판 이용자를 중심으로,조동원(중앙대학교),2013,언론과 사회,kor,OK,ROLE_FIELD_SOCIALCAPITAL,,run1:없음,"이 논문은 전자게시판이라는 온라인 커뮤니티를 이용자와 정보기술이 상호구성하는 환경으로 삼아, 이용자의 능동적 행위와 기술적 재구성이 어떻게 초기 온라인 공동체 문화를 형성하고 발전시키는지를 분석한다.","논문은 온라인 커뮤니티 내 이용자와 기술의 상호작용을 통해 초기 공동체 문화가 형성·발전되는 과정을 분석하므로, 커뮤니티가 신뢰·연대·네트워크와 같은 관계적 자원을 형성하는 공간으로서의 역할(FIELD_SOCIALCAPITAL)에 가장 부합한다.",True,0/1,run1:ROLE_FIELD_SOCIALCAPITAL
ART001627852,소비자 주도형 브랜드 커뮤니티의 '맹목성' 연구 : 제품에 대한 위험지각이 브랜드 태도에 미치는 영향,조민정(인포마스터),2012,광고학연구,kor,OK,ROLE_FIELD_SOCIALCAPITAL,,run1:없음,"이 논문은 소비자 주도형 온라인 브랜드 커뮤니티를 관계·담론이 형성되는 장으로 삼아, 커뮤니티 내 제품 후기에서 나타나는 위험지각이 브랜드 충성도와 웹사이트 태도에 미치는 영향을 분석한다.","논문은 온라인 브랜드 커뮤니티를 관계와 담론이 형성되는 공간으로 분석하며, 이는 사회적 자원(신뢰·연대·네트워크) 형성에 초점을 맞춘다; 정치·젠더·혐오 등 외부 사회현상을 보여주는 창 역할이나 커뮤니티 구조·운영·인구통계·생애주기·익명성 비교는 언급되지 않는다.",True,0/1,run1:ROLE_FIELD_SOCIALCAPITAL
ART003173080,데칼코마니 저널리즘: 혐오와 편견의 대량 복제,이서현(제주대학교),2025,한국언론정보학보,kor,OK,ROLE_WINDOW_HATE,,run1:없음,"이 논문은 언론 보도에서 온라인 커뮤니티 게시글을 활용한 사례를 분석하면서, 그 활용이 혐오와 편견을 재생산하고 확대하는 매개체로 작동하는 과정을 조사한다.","본문은 온라인 커뮤니티 게시글이 혐오와 편견을 재생산·확대하는 매개체로 작동한다는 점에 초점을 맞추고 있어, 혐오 현상을 설명하는 WINDOW_HATE 코드에 가장 부합한다.",True,0/1,run1:ROLE_WINDOW_HATE
ART002245240,온라인 커뮤니티 맥락에서 브랜드 위기유형이 소비자의 지각된 위험 및 부정적 반응에 미치는 영향: 정보 생동감과 소비자 외향성의 조절효과를 중심으로,홍일유(중앙대학교),2017,광고학연구,kor,ERR,,,run1:없음,"이 논문은 온라인 커뮤니티를 브랜드 위기 상황에서 소비자들의 위험 인식과 부정적 반응이 형성·변화되는 장으로 삼아, 위기 유형과 정보 생동감·소비자 외향성의 상호작용이 어떻게 구전 의도에 영향을 미치는지를 분석한다.","제시된 초점 문장에서는 온라인 커뮤니티를 브랜드 위기 상황에서 위험 인식·부정적 반응이 형성·변화되는 장으로만 활용하고, 공론장 기능, 관계 자원, 정치·젠더·혐오 현상, 혹은 커뮤니티의 회원제·거버넌스·인구통계·생애주기·익명성 등과 관련된 구체적 언급이 없으므로 모든 코드에 대해 근거가 부족해 미부여로 판단한다.",True,1/1,run1:없음
ART002335946,미디어의 구술성과 토론 주제의 돌출성이 사회적 시청의 수준에 미치는 영향: 2017년 TV 대선 토론에 대한 온라인 커뮤니티와 카카오톡 글 분석을 중심으로,최윤정(이화여자대학교),2018,한국방송학보,kor,OK,ROLE_FIELD_SOCIALCAPITAL,,run1:없음,"이 논문은 온라인 커뮤니티와 카카오톡을 비교 환경으로 삼아, 미디어의 구술·문자성 및 토론 주제의 돌출성이 사회적 시청(담론·감정·유대감·플레이밍 등) 형태에 어떻게 영향을 미치는지를 분석한다.","논문은 미디어 특성이 사회적 시청(특히 유대감·플레이밍) 형태에 미치는 영향을 분석하므로, 이용자 간의 연대·신뢰·네트워크 형성을 다루는 사회적 자본 역할에 해당한다.",True,0/1,run1:ROLE_FIELD_SOCIALCAPITAL
ART001175182,커뮤니티 개설자에 대한 인식정도와 이용자의 커뮤니티 의식의 관계에 관한 연구:기업 개설형 브랜드 커뮤니티를 중심으로,이규완(동아대학교),2006,언론과학연구,kor,OK,ROLE_FIELD_SOCIALCAPITAL,,run1:없음,"이 논문은 기업이 만든 브랜드 커뮤니티를 관계·담론이 형성되는 장으로 삼아, 개설자에 대한 인식과 이용자의 커뮤니티 의식 형성 사이의 관계를 분석한다.","논문은 브랜드 커뮤니티를 관계·담론이 형성되는 공간으로 보고, 이용자와 개설자 사이의 인식 및 커뮤니티 의식 형성을 분석하므로, 관계·연결을 강조하는 FIELD_SOCIALCAPITAL 역할에 가장 부합한다.",True,0/1,run1:ROLE_FIELD_SOCIALCAPITAL
ART001119546,온라인 사회연결망 자본이 지위열망에 미치는 영향:오프라인 사회연결망자본과의 비교를 중심으로,이철주(미국 위스콘신대학),2004,언론과 사회,none,NO_ABSTRACT,,,,,초록 없음 (KOR_ABST/ENG_ABST 둘 다 없음),,,
ART002743903,뉴스에서 의견으로: 온라인 커뮤니티에서 뉴스 공유의 특성,송보영(서울대학교),2021,한국방송학보,kor,OK,"ROLE_FIELD_SOCIALCAPITAL, ROLE_WINDOW_MISC",,run1:없음,"이 논문은 온라인 커뮤니티를 외부 사회현상을 관찰하는 사례와 관계·담론이 형성되는 공간으로 동시에 삼아, 뉴스가 커뮤니티에 어떻게 유입·공유되고 이용자 의견과 결합되는지를 분석하며, 또한 그 과정에서 나타나는 참여자들의 관계망 특성을 탐색한다.",논문은 뉴스 흐름을 외부 현상의 사례로 활용하고(ROLE_WINDOW_MISC) 동시에 참여자들의 관계망을 탐색함으로써(ROLE_FIELD_SOCIALCAPITAL) 관계·담론 형성 공간으로서의 역할을 분석한다.,True,0/1,"run1:ROLE_FIELD_SOCIALCAPITAL,ROLE_WINDOW_MISC"
ART002910918,한국에서의 무성애 지향에 대한 탐색적 연구: 온라인 커뮤니티 분석을 중심으로,조윤희(연세대학교),2022,"미디어, 젠더 & 문화",kor,OK,ROLE_WINDOW_MISC,,run1:없음,"이 논문은 무성애자 온라인 커뮤니티의 게시글과 댓글을 텍스트 분석하여, 그 담론이 어떻게 무성애 정체성을 구성하고 사회적 규범에서의 이탈 과정을 보여주는지를 탐색한다.","본문은 무성애자 커뮤니티 담론이 사회적 규범 이탈을 보여주는 사례로 활용된다는 점에 초점을 맞추므로, WINDOW_MISC 코드가 가장 부합한다.",True,0/1,run1:ROLE_WINDOW_MISC
ART002996424,젠더 갈등으로 대두된 기업 위기와 온라인 커뮤니티의 귀인 양상 Biterm Topic Model을 이용한 댓글 분석을 중심으로,양수민(중앙대학교 일반대학원 미디어커뮤니케이션학과),2023,커뮤니케이션 이론,kor,OK,ROLE_WINDOW_GENDER,,run1:없음,"이 논문은 온라인 커뮤니티를 성별 정체성이 대립하고 귀인 양상이 형성되는 장으로 삼아, 남초·여초 커뮤니티의 댓글 담론을 토픽 모델링으로 분석함으로써 기업 위기 상황에서의 성별 갈등과 책임 귀인의 변화를 탐구한다.",논문은 성별 정체성 대립과 귀인 양상을 분석 대상으로 삼아 성별 갈등을 탐구하므로 ROLE_WINDOW_GENDER 코드가 가장 부합한다.,True,0/1,run1:ROLE_WINDOW_GENDER
ART002854281,연결된 잔혹성: 혐오와 재미 사이의 길고양이 학대와 ‘인터넷 놀이 문화’ 공모 범죄,이진(Curtin University),2022,"미디어, 젠더 & 문화",kor,OK,"ROLE_WINDOW_GENDER, ROLE_WINDOW_HATE",,run1:없음,"이 논문은 온라인 커뮤니티를 인터넷 문화와 익명성 속에서 발생하는 동물 학대·혐오·성별 갈등이라는 사회 현상을 관찰·분석하는 사례로 삼으며, 그 안에서 형성·재생산되는 담론과 행위가 어떻게 여성혐오와 남성성 위기의 연결된 범죄 문화로 전개되는지를 탐구한다.","논문은 온라인 커뮤니티를 동물 학대·혐오·성별 갈등이라는 외부 사회 현상의 사례로 활용해, 특히 성별 갈등(여성혐오)과 혐오 표현이 어떻게 범죄 문화로 전개되는지를 탐구한다.",True,0/1,"run1:ROLE_WINDOW_GENDER,ROLE_WINDOW_HATE"
ART001904428,Exploring the Use of Online Channels for Disseminating HIV/AIDS Knowledge The Diffusion of the “Hug AIDS” Online Campaign among Online Users,신경아(한양대학교),2014,PR연구,kor,OK,ROLE_WINDOW_MISC,,run1:없음,"이 논문은 온라인 커뮤니티를 포함한 온라인 채널을 건강 캠페인 확산의 매개체로 삼아, HIV/AIDS 예방 캠페인이 어떻게 전파되고 각 채택자 집단이 어떤 채널을 이용하는지를 분석한다.","논문은 온라인 커뮤니티를 건강 캠페인 확산의 매개체로 활용함으로써 외부 사회현상(보건 캠페인)의 전파 과정을 보여주는 창(window) 역할을 분석하고, 이는 ROLE_WINDOW_MISC에 가장 부합한다.",True,0/1,run1:ROLE_WINDOW_MISC
ART002934966,메타버스 내 옥외광고(In-Metaverse OOH) 도입에 대한 전문가 인식 연구,김지은(숙명여자대학교),2023,광고PR실학연구,kor,ERR,,,run1:없음,"이 논문은 메타버스라는 가상 환경을 광고 인프라의 기술·제도적 조건으로 삼아, 옥외광고 도입에 필요한 전문가 인식, 시스템·데이터 요구사항 및 정책적 과제를 분석한다.","본 논문은 메타버스 기반 광고 인프라의 기술·제도적 조건을 분석하며, 온라인 커뮤니티의 공론장·사회자본 역할, 사회현상 창(window) 역할, 혹은 커뮤니티 구조·거버넌스·인구통계·생애주기·익명성 등과 관련된 내용이 전혀 제시되지 않아 모든 코드에 해당하지 않는다.",True,1/1,run1:없음
ART002957307,프라이버시권 침해보도의 저널리즘적 특성과 언론에 의한 프라이버시권 침해관행 연구 — 프라이버시권 침해관련 언론중재위원회 시정권고사례 분석을 중심으로 —,김주용(언론중재위원회),2023,언론과 법,kor,OK,ROLE_WINDOW_MISC,,run1:없음,이 논문은 언론이 프라이버시권 침해 보도를 위해 소셜미디어·온라인 동영상플랫폼·온라인커뮤니티 등을 정보원으로 활용하는 방식을 분석한다.,"논문은 온라인 커뮤니티를 프라이버시권 침해 보도의 정보원으로 활용하는 미디어 행태를 사례로 제시하므로, WINDOW_MISC 역할이 가장 부합한다.",True,0/1,run1:ROLE_WINDOW_MISC
ART001940297,"여성 온라인 커뮤니티 이용동기와 효과에 관한 탐색적 연구: 20대 여성 대학(원)생 이용자의 지속적 커뮤니티 이용의도, 페미니즘 성향을 중심으로",이정기(한양대학교),2014,미디어와 공연예술 연구,kor,OK,ROLE_WINDOW_GENDER,,run1:없음,"이 논문은 온라인 여성 커뮤니티를 여성들의 이용동기와 지속적 이용의도, 그리고 페미니즘 성향이라는 관계·담론이 형성되는 공간으로 삼아, 그 내부 동기와 효과를 분석함과 동시에 이러한 커뮤니티 활용이 여성의 정치참여와 양성 평등 인식이라는 외부 사회현상을 촉진하는 방안을 제시한다.","논문은 온라인 여성 커뮤니티를 페미니즘 성향·담론이 형성되는 공간으로 보고, 이를 통해 여성의 정치참여와 양성 평등 인식을 촉진한다는 외부 사회현상을 설명하므로, 가장 부합하는 코드는 성별·젠더 담론을 다루는 ROLE_WINDOW_GENDER이다.",True,0/1,run1:ROLE_WINDOW_GENDER
ART002633117,"새로운 관계성 형성의 장으로서의 인터넷 커뮤니티에 대한 연구 : 그룹 정체성, 멤버 유대감, 커뮤니티 활동시간을 중심으로한 현장실험",김효숙(숭실대학교),2020,광고연구,kor,OK,ROLE_FIELD_SOCIALCAPITAL,,run1:없음,"이 논문은 온라인 커뮤니티를 관계·담론이 형성되는 장으로 삼아, 그룹 정체성과 멤버 유대감이 어떻게 형성되고 이것이 활동 참여 시간에 어떤 영향을 미치는지를 현장 실험을 통해 분석한다.","논문은 온라인 커뮤니티 내에서 그룹 정체성과 멤버 유대감이라는 관계적 자원의 형성과 그 효과를 현장 실험으로 분석하므로, ROLE_FIELD_SOCIALCAPITAL 코드가 가장 부합한다.",True,0/1,run1:ROLE_FIELD_SOCIALCAPITAL
ART002045297,커뮤니케이션 욕구: 개념화와 측정척도 개발,김충현(서강대학교),2015,한국언론학보,kor,ERR,,,run1:없음,"이 논문은 인간의 근원적 커뮤니케이션 욕구를 개념화하고 측정척도를 개발하는 데 초점을 맞추며, 온라인 커뮤니티는 그 욕구가 몰입·관계·사회적 지지 등에 미치는 영향을 검증하기 위한 연구 대상(변수)으로만 언급된다.","FOCUS 문장은 온라인 커뮤니티를 인간 커뮤니케이션 욕구의 영향 검증 변수로만 언급하고, 공론장, 관계 자원, 정치·젠더·혐오 현상, 혹은 커뮤니티의 구독·거버넌스·인구통계·생애주기·익명성 등 어떠한 환경·역할 측면도 다루지 않으므로 모든 코드가 미부여가 된다.",True,1/1,run1:없음
ART002024304,소셜 VS. 온라인 브랜드 커뮤니티 비교연구,김주란(전주대학교),2015,광고PR실학연구,kor,OK,ROLE_FIELD_SOCIALCAPITAL,,run1:없음,"이 논문은 온라인 커뮤니티를 관계·담론이 형성되는 장으로 삼아, 소셜미디어 기반 브랜드 커뮤니티와 온라인 브랜드 커뮤니티의 상호작용성, 광고가치, 태도 및 구매의도 간의 관계를 분석한다.","논문은 온라인 커뮤니티를 관계·담론이 형성되는 장으로 설정해 상호작용성과 광고·구매 의도 간의 관계를 분석하므로, 관계·담론 형성이라는 점에서 사회적 자원(신뢰·연대·네트워크) 형성을 다루는 FIELD_SOCIALCAPITAL에 가장 부합한다.",True,0/1,run1:ROLE_FIELD_SOCIALCAPITAL
ART001257307,언론사 닷컴 이용자의 사이트 재방문 유도요인 분석: 대학생 집단을 중심으로,안재현(청운대학교),2007,한국언론학보,kor,ERR,,,run1:없음,"이 논문은 언론사 웹사이트의 재방문 유도 요인을 분석하면서, 온라인 커뮤니티를 웹사이트 기능·환경 요소 중 하나로 다루어 그 영향력을 검증한다.","논문은 온라인 커뮤니티를 웹사이트 기능·환경 요소로만 다루며, 공론장·사회적 자본·특정 사회현상(양극화·젠더·혐오 등)이나 커뮤니티의 구독·거버넌스·인구통계·생애주기·익명성 등을 비교·분석 대상으로 삼지 않는다.",True,1/1,run1:없음
ART002187031,실시간 가상시청공동체의 행동 특성: 온라인커뮤니티 디시인사이드 ‘별에서 온 그대’ 게시판 분석을 중심으로,김시은(한국경제),2016,정치커뮤니케이션연구,kor,OK,ROLE_FIELD_SOCIALCAPITAL,,run1:없음,"이 논문은 온라인 커뮤니티를 관계·담론이 형성되는 공간으로 삼아, 실시간 가상시청공동체의 미디어 이용·소통 행태와 그 특성을 분석한다.","논문은 온라인 커뮤니티를 관계·담론이 형성되는 공간으로 보고 있어, 이용자 간 신뢰·연대·네트워크와 같은 사회적 자원의 형성을 분석 대상으로 삼는다(ROLE_FIELD_SOCIALCAPITAL). 공론장 역할이나 정치·젠더·혐오 등 외부 현상을 설명하는 창 역할에 대한 언급은 없으며, 커뮤니티의 구독제, 운영·거버넌스, 인구통계, 수명주기, 익명성 등에 대한 비교·분석도 제시되지 않는다.",True,0/1,run1:ROLE_FIELD_SOCIALCAPITAL
ART002352600,인터넷 팬 커뮤니티에서 갈등은어떤 의미가 있는가?,권지현(동의대학교),2018,지역과 커뮤니케이션,kor,OK,ROLE_FIELD_SOCIALCAPITAL,,run1:없음,"이 논문은 인터넷 팬 커뮤니티를 관계·담론이 형성되는 장으로 삼아, 그 안에서 발생하는 갈등이 어떻게 관리되고 구성원들의 행동과 공동체 유지에 어떤 영향을 미치는지를 분석한다.","논문은 팬 커뮤니티 내부에서 관계와 담론이 형성되는 과정을 중심으로 갈등 관리와 그가 구성원 행동·공동체 유지에 미치는 영향을 분석하므로, 관계·연대·네트워크 같은 자원의 형성과 효과를 다루는 ROLE_FIELD_SOCIALCAPITAL 코드에 가장 부합한다.",True,0/1,run1:ROLE_FIELD_SOCIALCAPITAL
ART003210135,포퓰리즘 시대의 청년 정치: 온라인 커뮤니티 담론이 구성하는 청년 정치인의 ‘자격’,김선기(국립부경대학교 글로벌차이나연구소),2025,한국언론정보학보,kor,OK,ROLE_FIELD_PUBLICSPHERE,,run1:없음,"이 논문은 온라인 커뮤니티 클리앙을 청년 정치인에 대한 담론이 형성·구성되는 장으로 삼아, 포퓰리즘 맥락에서 ‘바람직한 청년 정치인의 자격’이 어떻게 규정되는지를 분석한다.",논문은 클리앙을 청년 정치인 담론이 형성·구성되는 공론장으로 활용하므로 ROLE_FIELD_PUBLICSPHERE가 가장 부합한다; 다른 ROLE·WINDOW·ENV 코드는 텍스트에 해당 근거가 없어 낮은 확률로 평가된다.,True,0/1,run1:ROLE_FIELD_PUBLICSPHERE
ART003231870,‘제주 비계 삼겹살’ 보도에 나타난 저널리즘 행위,이서현(제주대학교),2025,한국언론정보학보,kor,OK,ROLE_WINDOW_MISC,,run1:없음,"이 논문은 온라인 커뮤니티 게시글을 저널리즘 보도의 원천으로 삼아, 지역 이슈가 미디어에 어떻게 전이되고 언론 행위가 어떻게 형성되는지를 분석한다.","논문은 온라인 커뮤니티 게시글을 외부 지역 이슈가 미디어에 전이되는 사례로 활용하므로, WINDOW_MISC 역할이 가장 부합한다.",True,0/1,run1:ROLE_WINDOW_MISC
ART001940368,온라인 커뮤니티는 토론 난제(難題)에서도 대안적인가?: ‘개성공단 사태’에 대한 종이신문의 보도양상 및 프레임과의 비교를 중심으로,김동윤(대구대학교),2014,미디어와 공연예술 연구,kor,OK,ROLE_FIELD_PUBLICSPHERE,,run1:없음,"이 논문은 온라인 커뮤니티를 대안적 미디어·토론 공간으로 삼아, ‘개성공단 사태’에 대한 커뮤니티 담론을 신문 보도와 비교 분석함으로써 온라인 토론의 내용적 다양성과 차별성을 검토한다.",논문은 온라인 커뮤니티를 대안적 토론 공간으로서 공론장 역할을 평가하고 있어 ROLE_FIELD_PUBLICSPHERE 코드에 가장 부합한다.,True,0/1,run1:ROLE_FIELD_PUBLICSPHERE
ART002935498,혼틈당선: 윤석열과 보수 재집권 분투 : <Under the Cover of Chaos>를 통해 본 제20대 대통령 선거 국면 분석,이종명(강원대학교 미디어커뮤니케이션학과),2023,한국언론학보,kor,OK,ROLE_WINDOW_POLARIZE,,run1:없음,"이 논문은 온라인 커뮤니티의 반응을 정치·경제·문화 담론의 자료로 삼아, 제20대 대통령 선거와 보수 재집권 전략을 외부 사회현상의 사례로 분석한다.","논문은 온라인 커뮤니티 반응을 정치·경제·문화 담론, 특히 제20대 대통령 선거와 보수 재집권 전략이라는 정치적 현상을 분석하는 창(window)으로 활용하므로 ROLE_WINDOW_POLARIZE에 가장 높은 확률을 부여한다.",True,0/1,run1:ROLE_WINDOW_POLARIZE
ART003094007,"네이버에서 ‘사장님’ 이미지 검색해 보라, 사용자 선호는 어디에 있나?: 성애화된 이미지의 생산, 유통 그리고 소비",윤호영(이화여자대학교 커뮤니케이션·미디어학부),2024,"미디어, 젠더 & 문화",kor,OK,ROLE_WINDOW_GENDER,,run1:없음,"이 논문은 온라인 커뮤니티와 언론·블로그 등에서 생성된 성애화 이미지가 검색 알고리즘에 의해 큐레이션되는 과정을 분석하면서, 그 알고리즘적·제도적 환경이 여성 신체 대상화의 생산·유통·소비를 어떻게 구조화하는지를 밝힌다.","논문은 검색 알고리즘이 여성 신체 대상화(성애화 이미지)를 어떻게 생산·유통·소비 구조화하는지를 분석하므로, 성별(젠더) 갈등·대상화 현상을 보여주는 창 역할에 해당한다(ROLE_WINDOW_GENDER). 다른 ROLE 및 ENV 코드는 문장에 해당 근거가 없으므로 낮은 확률로 미부여 처리한다.",True,0/1,run1:ROLE_WINDOW_GENDER
ART002226341,부정 보도 메시지가 소비자 태도에 미치는 영향에 관한 연구: 온라인 브랜드 커뮤니티 가입여부에 따른 조절효과,이영우(경희대학교),2017,광고학연구,kor,OK,,ENV_COMMUNITY_SUBSCRIPTION,run1:없음,"이 논문은 온라인 브랜드 커뮤니티의 가입 여부를 조절 변수로 삼아, 부정·긍정 메시지가 소비자 태도에 미치는 영향을 실험적으로 분석한다.","논문은 온라인 브랜드 커뮤니티의 가입 여부를 조절 변수로 사용해 메시지 효과를 분석하므로, 회원제 차이에 초점을 둔 ENV_COMMUNITY_SUBSCRIPTION 코드만 높은 확률을 부여하고, 다른 FIELD·WINDOW·ENV 코드들은 근거가 없어 낮은 확률로 미부여 처리한다.",True,0/1,run1:ENV_COMMUNITY_SUBSCRIPTION
ART002201501,1980년대 한국의 인터넷 기술 도입과 개방·공유·참여의 디지털문화 형성,조동원(성공회대학교),2017,언론과 사회,kor,OK,ROLE_FIELD_PUBLICSPHERE,,run1:없음,이 논문은 1980년대 한국에서 인터넷 기술이 도입되고 초기 이용자들이 해킹·게임·자유소프트웨어·온라인 공동체 등을 통해 개방·공유·참여의 디지털문화를 형성하는 과정을 분석한다.,"논문은 초기 온라인 공동체가 개방·공유·참여를 통해 디지털 문화를 형성하는 과정을 분석함으로써, 커뮤니티가 공론장의 역할을 수행한다는 점에 초점을 맞추고 있다.",True,0/1,run1:ROLE_FIELD_PUBLICSPHERE
ART002831995,광고산업을 왜 육성해야 하는가?: 광고산업과 KOBACO 방송통신광고 진흥사업의 경제파급효과를 중심으로,박종구(한국방송광고진흥공사),2022,광고학연구,kor,ERR,,,run1:없음,"이 논문은 온라인 커뮤니티를 연구 대상이나 분석 도구로 활용하지 않으며, 광고산업의 경제파급효과와 정책적 육성 필요성을 논한다.","논문은 온라인 커뮤니티를 분석 대상이나 도구로 전혀 사용하지 않고 광고산업의 경제적·정책적 측면만을 논의하므로, 모든 ROLE 및 ENV 코드에 해당하지 않는다.",True,1/1,run1:없음
ART003037292,경륜(競輪) 베팅서비스 활성화를 위한 경륜 고객 대상 질적 연구 : 페르소나 기법을 중심으로,김진세(국민체육진흥공단),2023,서비스마케팅저널,kor,ERR,,,run1:없음,"이 논문은 온라인 커뮤니티를 연구 대상이나 분석 도구로 활용하지 않으며, 경륜 베팅 고객의 행태와 페르소나를 질적 인터뷰를 통해 조사한다.","논문은 온라인 커뮤니티를 분석 대상이나 도구로 전혀 사용하지 않고, 경륜 베팅 고객을 질적 인터뷰로 조사하므로 모든 ROLE 및 ENV 코드에 해당하지 않는다.",True,1/1,run1:없음
ART003248198,동덕여대 학생은 어떻게 ‘폭도’가 되는가: 언론의 보도 프레임 생산과 댓글의 젠더화된 소비 분석,김채미(서울대학교),2025,"미디어, 젠더 & 문화",kor,OK,ROLE_WINDOW_GENDER,,run1:없음,"이 논문은 동덕여대 시위라는 외부 사회현상을 분석 대상으로 삼고, 네이버 뉴스 기사와 그에 달린 온라인 커뮤니티 댓글을 자료로 활용하여 언론 프레임과 댓글의 젠더화된 담론이 어떻게 형성·재구성되는지를 조사한다.","논문은 동덕여대 시위와 관련된 온라인 커뮤니티 댓글의 젠더화된 담론을 분석 대상으로 삼아, 외부 사회현상을 보여주는 창(window)으로서의 역할을 강조하므로 ROLE_WINDOW_GENDER 코드에 가장 높은 확률을 부여한다.",True,0/1,run1:ROLE_WINDOW_GENDER
ART002801957,무용의 미디어 플랫폼 활용에 대한 비판적 고찰: 대중화 전략을 중심으로,임수진(성균관대학교 트랜스미디어연구소),2018,트랜스-,kor,OK,ROLE_FIELD_SOCIALCAPITAL,,run1:없음,"이 논문은 온라인 커뮤니티를 창작자와 수용자 간 직접적인 의사소통·상호작용이 이루어지는 장으로 삼아, 무용 대중화 전략에서 형성되는 담론과 관계 과정을 분석한다.","논문은 온라인 커뮤니티를 창작자와 수용자 간 직접적인 의사소통·상호작용의 장으로 보고 관계 과정을 분석하므로, 관계·연대·네트워크와 같은 사회적 자원의 형성을 다루는 ROLE_FIELD_SOCIALCAPITAL에 가장 부합한다; 다른 FIELD, WINDOW, ENV 코드들은 해당 초점과 일치하는 근거가 없으므로 낮은 확률을 부여한다.",True,0/1,run1:ROLE_FIELD_SOCIALCAPITAL
ART001593482,온라인 메트로 커뮤니케이션: 서울 메트로 사례를 중심으로,문성준(인하대학교),2011,한국방송학보,kor,ERR,,,run1:없음,"이 논문은 온라인 커뮤니티를 서울 메트로의 홍보 활동을 수행하는 수단으로 삼아, 그 온라인 홍보가 시민의 합리성·간편성·신뢰성에 미치는 효과와 이미지 구축에 어떤 영향을 주는지를 구조 방정식으로 분석한다.","논문은 온라인 커뮤니티를 홍보 수단으로 활용해 시민 인식에 미치는 영향을 구조 방정식으로 분석하지만, 커뮤니티 자체의 공론장 역할, 관계 자원 형성, 정치·젠더·혐오 등 외부 현상의 창 역할, 혹은 회원제·거버넌스·인구통계·생애주기·익명성 등 환경적 특성을 다루지 않으므로 모든 코드가 부여되지 않는다.",True,1/1,run1:없음
ART002808081,재난 상황에서 형성된 온라인 공동체의 사회적 자본과 협치 거버넌스: '우리의 무대를 지켜주세요(Wumuji)' 사례를 중심으로,표시영(이화여자대학교 커뮤니케이션/미디어 연구소),2022,한국방송학보,kor,OK,ROLE_FIELD_SOCIALCAPITAL,,run1:없음,"이 논문은 팬데믹 상황에서 자생적으로 형성된 온라인 공동체를 연구 대상으로 삼아, 그 안에서 형성된 사회적 자본과 협치 거버넌스의 양태를 분석한다.","논문은 팬데믹 상황에서 자생적 온라인 공동체 내에서 형성된 사회적 자본을 분석하므로, FIELD_SOCIALCAPITAL 코드가 가장 적합하다.",True,0/1,run1:ROLE_FIELD_SOCIALCAPITAL
ART003244341,온라인 커뮤니티의 22대 총선 담론에서혐오 표현에 관한 연구: K-MHaS 기반 딥러닝 혐오표현 분류 모형을 중심으로,이현우(한국언론진흥재단 미디어연구센터 선임연구위원),2025,언론과학연구,kor,OK,"ROLE_WINDOW_HATE, ROLE_WINDOW_POLARIZE",,"run1:ENV_COMMUNITY_GOVERNANCE,ENV_ONLINE_ANNONIMITY","이 논문은 선거 관련 온라인 커뮤니티 담론을 자료로 삼아 정치적 양극화와 혐오 표현의 발생·확산 과정을 분석하고, 동시에 플랫폼별 운영 정책·익명성·문화 등 환경 조건이 혐오 표현에 미치는 영향을 탐구한다.","논문은 온라인 커뮤니티를 정치적 양극화와 혐오 표현 현상의 사례(window)로 활용하고, 플랫폼 운영 정책과 익명성이라는 환경 요인을 분석하므로 WINDOW_POLARIZE, WINDOW_HATE, ENV_COMMUNITY_GOVERNANCE, ENV_ONLINE_ANNONIMITY에 높은 확률을 부여한다.",True,0/1,"run1:ROLE_WINDOW_HATE,ROLE_WINDOW_POLARIZE"
ART003190087,갈등은 일대일 정치대화 네트워크 형성에 어떠한 영향을 미치는가: 뽐뿌의 정치자유게시판을 중심으로,주호준(경희대학교),2025,한국방송학보,kor,OK,ROLE_FIELD_SOCIALCAPITAL,,run1:없음,"이 논문은 동질적 정치 토론공간인 뽐뿌의 게시판을 관계·담론이 형성되는 장으로 삼아, 이용자 간 갈등대화 비율이 일대일 정치대화 네트워크 강도에 미치는 영향을 분석한다.","논문은 뽐뿌 게시판을 관계·담론이 형성되는 장으로 보고 이용자 간 갈등대화 비율이 네트워크 강도에 미치는 영향을 분석하므로, 온라인 커뮤니티를 관계·연결 자원이 형성·작동하는 공간(SOCIALCAPITAL)으로 보는 시각이 가장 부합한다.",True,0/1,run1:ROLE_FIELD_SOCIALCAPITAL
ART003280608,‘되기’와 ‘정동’의 관점에서 본 여성 만성질환자의 온라인 커뮤니티 이용 경험,김은진(부산대학교),2025,"미디어, 젠더 & 문화",kor,OK,ROLE_FIELD_SOCIALCAPITAL,,run1:없음,"이 논문은 여성 만성질환자 환우 커뮤니티를 관계·담론이 형성되는 장으로 삼아, 정보·감정·연대와 파레시아·정동적 공명을 통해 구성원들의 정동적 반응과 연대 과정을 분석한다.","논문은 커뮤니티를 관계·담론이 형성되는 장으로 보고 연대와 정동적 공명을 분석하므로, 이용자 간 신뢰·연대·네트워크 같은 관계적 자원의 형성을 다루는 FIELD_SOCIALCAPITAL에 가장 부합한다.",True,0/1,run1:ROLE_FIELD_SOCIALCAPITAL
ART003326730,온라인 커뮤니티 ‘에브리타임’을 이용하는 대학생의 소통 경험: 포커스그룹인터뷰(FGI) 연구,김지희(서울대학교 언론정보연구소),2026,한국언론정보학보,kor,OK,ROLE_WINDOW_GENDER,,run1:없음,"이 논문은 대학생 커뮤니티 ‘에브리타임’을 관계·담론이 형성되는 공간으로 삼아, 이용자들의 소통 경험과 성별에 따른 인식 차이를 심층 인터뷰를 통해 분석한다.","논문은 에브리타임을 관계·담론이 형성되는 공간으로 보고 성별에 따른 인식 차이를 심층 인터뷰로 분석하므로, 젠더 차이를 설명하는 WINDOW_GENDER 코드가 가장 부합한다.",True,0/1,run1:ROLE_WINDOW_GENDER
ART003249234,중립댓글은 중립인가?: 20·30대 온라인 커뮤니티 이용자의 성별갈등을 중심으로,이윤종(서강대학교),2025,한국방송학보,kor,OK,ROLE_WINDOW_GENDER,,run1:없음,"이 논문은 온라인 커뮤니티를 관계·담론이 형성되는 공간으로 삼아, 성별 정체성과 댓글 작성 의도·정보 처리 방식이 어떻게 상호작용하며 중립댓글이 집단 방어 전략으로 나타나는지를 분석한다.","논문은 온라인 커뮤니티 내에서 성별 정체성과 담론·댓글 작성 의도의 상호작용을 분석하므로, 성별 갈등을 설명하는 WINDOW_GENDER 시각이 가장 부합한다.",True,0/1,run1:ROLE_WINDOW_GENDER
ART003274068,디지털 정치부족주의와 미디어의 행위성: 12.3 비상계엄과 탄핵정국에서 미디어는 어떻게 행위하는가,박선희(조선대학교),2025,한국언론정보학보,kor,OK,ROLE_WINDOW_POLARIZE,,run1:없음,"이 논문은 극우 정치부족의 행위자 네트워크를 분석하면서, 온라인 커뮤니티를 포함한 다양한 미디어 매체가 정치적 양극화와 권력 구조를 형성·강화하는 과정의 한 요소로 활용되는 방식을 탐구한다.",논문은 온라인 커뮤니티를 정치적 양극화를 보여주는 사례(window)로 활용한다는 점에서 ROLE_WINDOW_POLARIZE 코드에 가장 부합한다.,True,0/1,run1:ROLE_WINDOW_POLARIZE
ART003320510,지역일간지와 전국일간지의 ‘제주 바가지’ 보도 맥락 탐색,이서현(제주대학교),2026,정치커뮤니케이션연구,kor,OK,ROLE_WINDOW_MISC,,run1:없음,이 논문은 온라인 커뮤니티가 ‘제주 바가지’ 사례와 전국 일간지 보도가 반복적으로 공유되면서 낙인 효과를 형성하는 외부 사회현상의 관찰 창으로 활용한다.,논문은 온라인 커뮤니티를 ‘제주 바가지’와 언론 보도의 반복 공유를 통해 낙인 효과라는 외부 사회현상을 관찰하는 창으로 사용한다는 점에서 WINDOW_MISC 역할에 가장 부합한다.,True,0/1,run1:ROLE_WINDOW_MISC
ART003084169,양방향 대칭적 커뮤니케이션 모델 관점의 유튜브 홍보 콘텐츠와 소비자 반응 간 상호 관계성 분석 : 홈퍼니싱 기업을 중심으로,김현정(디지털산업정책연구소),2024,광고PR실학연구,kor,OK,ROLE_FIELD_PUBLICSPHERE,,run1:없음,"이 논문은 유튜브 커뮤니티를 소비자와 기업 간 담론·상호작용이 형성되는 공간으로 삼아, 영상 콘텐츠 키워드와 소비자 댓글의 군집·연관성을 분석한다.",논문은 유튜브 커뮤니티를 소비자와 기업 간 담론·상호작용이 형성되는 공간으로 설정하여 공론장 역할을 분석하므로 ROLE_FIELD_PUBLICSPHERE에 가장 부합한다.,True,0/1,run1:ROLE_FIELD_PUBLICSPHERE
ART003190032,OTT 플랫폼에서 형성된 온라인 취향공동체와 디지털 컨버전스 컬처 OTT 플랫폼 ‘왓챠’의 취향공동체 ‘왓착즙’ 사례를 중심으로,박지윤(전남대학교 미디어커뮤니케이션학과),2025,언론과학연구,kor,OK,"ROLE_FIELD_PUBLICSPHERE, ROLE_FIELD_SOCIALCAPITAL",,run1:없음,"이 논문은 OTT 플랫폼에서 형성된 온라인 취향공동체를 관계·담론이 형성되는 장으로 삼아, 그 공동체의 문화적 특성, 내부 규칙·상호지원 메커니즘, 그리고 외부 사회문제 논의와 행동 참여를 촉진하는 역할을 현상학적 인터뷰와 참여관찰을 통해 분석한다.",논문은 온라인 취향공동체를 관계·담론이 형성되는 장으로 보고 외부 사회문제 논의와 행동 참여를 촉진하는 역할을 강조함으로써 공론장(PUBLICSPHERE) 기능과 내부 규칙·상호지원 메커니즘을 통한 신뢰·연대·네트워크(SOCIALCAPITAL) 형성을 분석한다.,True,0/1,"run1:ROLE_FIELD_PUBLICSPHERE,ROLE_FIELD_SOCIALCAPITAL"
ART001399324,왜 우리는 타인들과 함께 행동하는가: 목표지향행동과 집단정체감,이규현(한남대학교),2009,소비문화연구,kor,ERR,,,run1:없음,이 논문은 소집단 내 소비자들의 목표지향 행동과 집단정체감이 함께 행동하려는 의도에 미치는 영향을 분석한다.,"문장은 소집단 내 소비자 행동과 집단정체감이 행동 의도에 미치는 영향을 분석한다고만 서술하며, 공론장, 사회자본, 정치·젠더·혐오·기타 사회현상, 혹은 커뮤니티의 구독·거버넌스·인구통계·생애주기·익명성 등 어떠한 환경적 특성도 언급되지 않아 모든 코드에 해당하지 않는다.",True,1/1,run1:없음
ART001940200,사회적 익명성이 온라인 커뮤니티 구성원의 공동체 신뢰도와 인식에 미치는 영향: 인지된 동질성(perceived homophily)과 공감경험(empathy)을 중심으로,윤수진(한양대),2014,사이버커뮤니케이션학보,kor,OK,ROLE_FIELD_SOCIALCAPITAL,,run1:없음,"이 논문은 온라인 커뮤니티를 구성원 간 관계와 공동체 인식·신뢰가 형성·변화하는 장으로 삼아, 사회적 익명성이 인지된 동질성과 공감 경험을 통해 공동체 신뢰도와 의식에 미치는 영향을 분석한다.",논문은 온라인 커뮤니티 내 구성원 간 관계와 신뢰 형성 과정을 분석함으로써 사회적 익명성이 공동체 신뢰도와 의식에 미치는 영향을 탐구한다는 점에서 사회적 자원(신뢰·연대) 형성인 FIELD_SOCIALCAPITAL에 해당한다.,True,0/1,run1:ROLE_FIELD_SOCIALCAPITAL
ART001481586,사이버 커뮤니티에서 유형별 사회자본이 정치적 의견표명과 호응에 미치는 효과: 광우병 촛불집회 사례를 중심으로,전영아(한국지역정보개발원),2010,사이버커뮤니케이션학보,kor,OK,ROLE_FIELD_SOCIALCAPITAL,,run1:없음,"이 논문은 온라인 커뮤니티를 회원 간 사회자본이 형성·작용하는 장으로 삼아, 그 사회자본 유형이 광우병 촛불집회라는 정치적 이슈에 대한 의견표명과 타 회원들의 호응에 어떤 영향을 미치는지를 분석한다.","논문은 온라인 커뮤니티를 사회자본이 형성·작용하는 공간으로 설정하고, 그 사회자본 유형이 정치적 이슈에 대한 의견표명과 타 회원들의 호응에 미치는 영향을 분석하므로 ROLE_FIELD_SOCIALCAPITAL에 해당한다.",True,0/1,run1:ROLE_FIELD_SOCIALCAPITAL
ART001025608,고령층의 온라인 공동체 활동에 관한 연구 : 남성과 여성 간에 차이를 중심으로,구자순(한양대학교),2005,사이버커뮤니케이션학보,none,NO_ABSTRACT,,,,,초록 없음 (KOR_ABST/ENG_ABST 둘 다 없음),,,
ART001830333,온라인-오프라인 자기개방이 공동체 소속감과 행복감에 미치는 영향:수평적 집단주의와 수직적 집단주의의 비교,김소정(고려대학교),2013,사이버커뮤니케이션학보,kor,OK,ROLE_FIELD_SOCIALCAPITAL,,run1:없음,"이 논문은 온라인 커뮤니티를 관계·담론이 형성되는 공간으로 삼아, 온라인·오프라인 자기개방이 공동체 소속감과 행복감에 미치는 영향을 비교·분석한다.","논문은 온라인 커뮤니티를 관계·담론이 형성되는 공간으로 보고, 자기개방이 공동체 소속감과 행복감에 미치는 영향을 분석하므로, 이용자 간 신뢰·연대·소속감 등 관계적 자원의 형성과 효과를 다루는 ROLE_FIELD_SOCIALCAPITAL에 해당한다.",True,0/1,run1:ROLE_FIELD_SOCIALCAPITAL
ART001401701,청소년의 온라인 게임 이용효과에 미치는 영향요인 분석,조영기(동국대학교),2009,사이버커뮤니케이션학보,kor,ERR,,,run1:없음,"이 논문은 청소년들의 온라인 게임 이용이 교육·사회성·중독·폭력성에 미치는 영향을 분석하며, 온라인 커뮤니티는 이러한 효과에 영향을 미치는 요인 중 하나로 다루어질 뿐, 연구의 주요 관찰 대상이나 분석 대상이 아니다.","온라인 커뮤니티가 연구에서 단순히 영향 요인으로 언급될 뿐, 공론장 역할, 관계 자원 형성, 혹은 사회현상의 창 역할을 분석 대상으로 삼지 않으며, 커뮤니티의 구독·거버넌스·인구통계·생애주기·익명성 등 환경적 특성에 대한 비교·분석도 이루어지지 않으므로 모든 코드에 대해 부여되지 않는다.",True,1/1,run1:없음
ART001042706,온라인 쇼핑몰 서비스품질 측정도구 개발에 관한 연구,한장희(전남대학교),2006,소비문화연구,kor,OK,ROLE_FIELD_SOCIALCAPITAL,,run1:없음,"이 논문은 온라인 쇼핑몰 서비스품질을 측정하기 위해 온라인 커뮤니티에서의 고객 간 상호작용을 서비스품질의 하위 차원으로 도입하고, 이를 통해 서비스 개선 및 자원배분 효율성을 분석한다.","논문은 온라인 커뮤니티 내 고객 간 상호작용을 서비스품질의 하위 차원으로 활용함으로써, 커뮤니티가 이용자 간 관계·연결(사회적 자본) 형성에 기여한다는 관점을 분석하고 있다; 다른 역할이나 환경 요인에 대한 언급은 없으므로 해당 코드는 부여되지 않는다.",True,0/1,run1:ROLE_FIELD_SOCIALCAPITAL
ART002697651,지역기반 온라인 육아 커뮤니티 이용이 커뮤니티에서의 공동체의식과 만족도에 미치는 영향: 사회자본과 정서적 특성의 상호작용 효과,김윤경(연세대학교 언론정보학부),2021,사이버커뮤니케이션학보,kor,OK,ROLE_FIELD_SOCIALCAPITAL,,run1:없음,"이 논문은 온라인 육아 커뮤니티를 관계·담론이 형성되는 공간으로 삼아, 이용 주제와 사회자본·정서적 특성의 상호작용이 공동체 의식과 만족도에 미치는 영향을 분석한다.","논문은 온라인 육아 커뮤니티를 관계와 담론이 형성되는 공간으로 보고, 사회자본·정서적 특성이 공동체 의식과 만족도에 미치는 영향을 분석하므로 ROLE_FIELD_SOCIALCAPITAL 코드가 가장 부합한다.",True,0/1,run1:ROLE_FIELD_SOCIALCAPITAL
ART001050588,미니홈피 커뮤니티의 사회문화적 특징 : 대학생 이용자의 사례를 중심으로,윤명희(부산대학교),2007,사이버커뮤니케이션학보,kor,OK,ROLE_FIELD_SOCIALCAPITAL,,run1:없음,"이 논문은 미니홈피 커뮤니티를 관계·담론이 형성되는 공간으로 보고, 이용자들의 인적 구성, 상호작용, 이용문화, 사회적 인식 등을 질적 사례연구를 통해 사회문화적 특징을 분석한다.","논문은 미니홈피를 관계·담론이 형성되는 공간으로 분석하므로, 이용자 간의 관계와 네트워크 형성에 초점을 맞춘 ROLE_FIELD_SOCIALCAPITAL이 가장 부합한다.",True,0/1,run1:ROLE_FIELD_SOCIALCAPITAL
ART001779031,비정치적 온라인 커뮤니티에서의 정치적 의견표현,박영득(한국외국어대학교),2013,사이버커뮤니케이션학보,kor,OK,ROLE_FIELD_SOCIALCAPITAL,,run1:없음,"이 논문은 비정치적 온라인 커뮤니티를 관계·담론이 형성되는 장으로 삼아, 그 안에서 정치적 의견표현을 촉진하는 고립의 공포, 의사소통 효능감, 비관용 경험 등의 요인을 분석한다.","논문은 비정치적 온라인 커뮤니티를 관계와 담론이 형성되는 공간으로 보고, 내부 요인(고립의 공포, 의사소통 효능감, 비관용 경험)으로 정치적 의견표현을 분석하므로 사회적 자원(관계·담론) 형성에 초점을 둔 FIELD_SOCIALCAPITAL에 해당하고, 공론장 기능이나 외부 현상을 보여주는 WINDOW 역할, 그리고 커뮤니티의 구독·운영·인구통계·생애주기·익명성 등 ENV 요소는 언급되지 않는다.",True,0/1,run1:ROLE_FIELD_SOCIALCAPITAL
ART002700188,텍스트 마이닝 기법을 활용한 게임소비자 인식에 관한 연구: 온라인커뮤니티 리뷰(Reddit)를 중심으로,김우혁(인천대학교),2021,소비문화연구,kor,OK,ROLE_FIELD_PUBLICSPHERE,,run1:없음,"이 논문은 Reddit이라는 온라인 커뮤니티를 게임 소비자들의 인식과 감정을 드러내는 담론 형성의 장으로 삼아, 텍스트 마이닝을 통해 토픽과 감성 변화를 분석한다.",Reddit을 게임 소비자들의 인식·감정을 드러내는 담론 형성의 장으로 활용한 점이 공론장 역할을 분석한다는 점에서 ROLE_FIELD_PUBLICSPHERE에 가장 부합한다.,True,0/1,run1:ROLE_FIELD_PUBLICSPHERE
ART002961335,"익명과 이슬람혐오: 온라인 커뮤니티에 담긴 대학생의 인종적 이해, 편견, 그리고 혐오",이소훈(경북대학교),2023,현대사회와 다문화,kor,OK,ROLE_WINDOW_HATE,,run1:없음,"이 논문은 익명 온라인 커뮤니티 ‘에브리타임’을 청년들의 이슬람혐오 담론이 형성·전개되는 장으로 삼아, 그 담론이 드러내는 인종적 이해와 차별 의식을 분석하면서 동시에 이러한 담론을 통해 현대 청년세대의 복합적 차별 의식이라는 외부 사회현상을 조명한다.","본문은 에브리타임을 이슬람혐오 담론이 형성·전개되는 장소로 제시하고, 이를 통해 청년들의 차별 의식을 분석하므로 혐오 표현(HATE) 코드에 가장 부합한다.",True,0/1,run1:ROLE_WINDOW_HATE
ART001890261,온라인 팬 커뮤니티 특성이 팬 커뮤니티 멤버들의 행동적 변화에 미치는 영향: 소녀시대 팬클럽을 중심으로,정수연(세종대학교),2014,소비문화연구,kor,OK,ROLE_FIELD_SOCIALCAPITAL,,run1:없음,"이 논문은 온라인 팬 커뮤니티를 관계·담론이 형성되는 공간으로 삼아, 친밀성·유희성·상호작용성·집중성 등 커뮤니티 특성이 팬덤 일체감, 신뢰, 그리고 행동적 변화에 미치는 직접·간접적 영향을 실증적으로 분석한다.","논문은 온라인 팬 커뮤니티를 관계·담론이 형성되는 공간으로 보고, 친밀성·유희성·상호작용성·집중성 등이 신뢰와 팬덤 일체감 등 관계적 자원에 미치는 영향을 실증적으로 분석하므로 ROLE_FIELD_SOCIALCAPITAL 코드에 해당한다.",True,0/1,run1:ROLE_FIELD_SOCIALCAPITAL
ART001311842,블로그의 사회이론적 탐색: ‘커뮤니티’의 시각에서,윤명희(서강대학교),2008,사이버커뮤니케이션학보,kor,ERR,,,run1:없음,"이 논문은 블로그를 개인지향적 온라인 관계·상호작용의 형태로서, 사회이론적 관점에서 그 커뮤니티 특성을 이분법적·대안적 시각으로 재구성하고 그 의미를 분석한다.","본 초점은 블로그를 개인지향적 관계·상호작용의 공간으로서 사회이론적으로 재구성·분석하는 데에만 초점을 맞추며, 공론장, 사회자본, 정치·젠더·혐오 현상, 혹은 커뮤니티의 회원제·거버넌스·인구통계·생애주기·익명성 등 11개 코드가 요구하는 구체적 요소를 언급하지 않는다.",True,1/1,run1:없음
ART001691334,온라인 여성 커뮤니티에서의 이용자 간 상호작용과 사회연결망에 관한 연구,이세진(국민대학교),2012,사회과학연구,kor,OK,ROLE_FIELD_SOCIALCAPITAL,,run1:없음,"이 논문은 온라인 여성 커뮤니티 자체를 관계·담론이 형성되는 공간으로 삼아, 여성 정체성·여성주의 담론과 이용자 간 상호작용 및 사회연결망 구조를 분석한다.","논문은 온라인 여성 커뮤니티를 관계와 담론이 형성되는 공간으로 보고, 이용자 간 상호작용과 사회연결망 구조를 분석하므로 사회적 관계·연결망(사회자본) 역할에 해당한다.",True,0/1,run1:ROLE_FIELD_SOCIALCAPITAL
ART001936278,5･18역사 왜곡에 대한 고찰- 『역사로서의 5･18』에 대한 분석을 중심으로 -,김희송(전남대학교),2014,민주주의와 인권,kor,OK,ROLE_WINDOW_MISC,,run1:없음,"이 논문은 온라인 커뮤니티(일간베스트 등 5·18 역사 왜곡 인터넷 사이트)에서 생성·유포되는 왜곡 담론을 분석함으로써, 그 담론이 5·18 역사 왜곡이라는 사회현상을 어떻게 재구성하고 확산시키는지를 밝힌다.","논문은 온라인 커뮤니티에서 생성된 왜곡 담론이 5·18 역사 왜곡이라는 기존 사회현상을 재구성·확산시키는 과정을 분석하므로, 해당 현상을 보여주는 창 역할(ROLE_WINDOW_MISC)으로 가장 적합하며, 공론장 기능이나 관계 자원, 정치·젠더·혐오 양극화 등 다른 시각은 근거가 없으므로 부여되지 않는다.",True,0/1,run1:ROLE_WINDOW_MISC
ART001704385,문학 커뮤니티의 집합적 창작(collective creation) 과정에 대한 생태계적 모형 연구: 온라인 커뮤니티 문장(Munjang)을 중심으로,장용호(서강대학교),2012,사이버커뮤니케이션학보,kor,ERR,,,run1:없음,"이 논문은 온라인 문학 커뮤니티인 문장을 집합적 창작과 공유·평가가 이루어지는 공간으로 삼아, 그 내부의 솔루션·창작경험·생산이라는 세 구성 공간과 하이브리드적 공동체 구조를 분석한다.","제시된 문장은 온라인 문학 커뮤니티를 내부 창작·공유·평가의 공간으로 분석하고 있으며, 공론장 역할, 사회적 자원(신뢰·연대·네트워크), 정치·젠더·혐오 등 외부 사회현상, 혹은 회원제·거버넌스·인구통계·생애주기·익명성 등 환경적 비교 요소를 언급하지 않으므로 모든 코드에 해당하지 않는다.",True,1/1,run1:없음
ART001647169,성격특성과 지각된 신념이 온라인 브랜드 커뮤니티의 지속사용의도에 미치는 영향,신종국(부산대학교),2012,소비문화연구,kor,OK,ROLE_FIELD_SOCIALCAPITAL,,run1:없음,"이 논문은 온라인 브랜드 커뮤니티를 관계·담론이 형성되는 공간으로 삼아, 사용자의 성격 특성과 지각된 신념이 지속 사용 의도에 어떻게 영향을 미치는지를 분석한다.","초점 문장에서 온라인 브랜드 커뮤니티를 ‘관계·담론이 형성되는 공간’으로 규정하고 있어, 이용자 간 관계와 네트워크(사회적 자본)의 형성과 그 효과를 분석한다는 점이 가장 부합한다.",True,0/1,run1:ROLE_FIELD_SOCIALCAPITAL
ART000952992,온라인 커뮤니티 애피커시에 영향을 미치는 요인에 관한 요인,서문식(부산대학교),2004,소비문화연구,kor,OK,ROLE_FIELD_SOCIALCAPITAL,,run1:없음,"이 논문은 온라인 커뮤니티를 관계·담론이 형성되는 장으로 삼아, 회원 간 상호작용, 동일시, 변혁적 리더십, 사회적 지원 등이 커뮤니티 애피서시와 그에 따른 공동구매 태도·구전·생산 의도·몰입 등 유효성에 미치는 영향을 분석한다.",논문은 온라인 커뮤니티 내 회원 간 상호작용·동일시·리더십·사회적 지원 등 관계적 자원의 형성과 그 효과를 분석하므로 ROLE_FIELD_SOCIALCAPITAL에 해당한다; 공론장 기능이나 외부 사회현상(윈도우) 및 환경적 변수는 언급되지 않는다.,True,0/1,run1:ROLE_FIELD_SOCIALCAPITAL
ART002151275,온라인 커뮤니티 이용자와 SNS 이용자의 구분요인: 기질성 요인과 활동성 요인을 중심으로,황주성(서울과학기술대학교),2016,정보통신정책연구,kor,ERR,,,run1:없음,"이 논문은 온라인 커뮤니티와 SNS를 비교 대상으로 삼아, 개인의 기질·성격과 활동성 요인이 두 플랫폼 이용자를 어떻게 구분하는지를 분석한다.","초점 문장은 개인 기질·성격과 활동성 요인이 두 플랫폼 이용자를 구분하는지 분석한다는 내용만 담고 있어, 공론장·관계자원·정치·젠더·혐오·기타 사회현상·회원제·운영·인구통계·생애주기·익명성 등 어떤 ROLE·ENV 코드와도 직접적인 연관이 없다.",True,1/1,run1:없음
ART002604036,온라인 커뮤니티 참가자의 유형과 구분요인에 관한 연구: 개인적 특성 요인을 중심으로,황주성(서울과학기술대학교),2020,사이버커뮤니케이션학보,kor,ERR,,,run1:없음,"이 논문은 온라인 커뮤니티를 참여자들의 행동 유형과 개인적 특성(자존감, 성격, 인지욕구 등)이 어떻게 차이를 보이는지 분석하는 장(field)으로 삼아, 네 가지 활동 기반의 집단 구분과 그 특성 요인들을 실증적으로 조사한다.","본문은 온라인 커뮤니티를 행동·특성 차이를 분석하는 연구 장(field)으로만 제시하고, 공론장, 사회적 자본, 정치·젠더·혐오 등 외부 현상, 혹은 회원제·거버넌스·인구통계·생애주기·익명성 비교와 같은 요소를 언급하지 않으므로 모든 코드에 대해 근거가 부족해 미부여로 판단한다.",True,1/1,run1:없음
ART001998734,인터넷 팬 커뮤니티의 규율권력이 어떻게 행사되는가?: 디시인사이드 '주군의 태양' 갤러리의 사례를 중심으로,권지현(동의대학교),2015,사이버커뮤니케이션학보,kor,ERR,,,run1:없음,"이 논문은 디시인사이드 ‘주군의 태양’ 팬 커뮤니티를 규율 권력이 형성·행사되는 장으로 삼아, 참여관찰과 담론 분석을 통해 권력·지식·진리의 구성과 그 작동 과정을 규명한다.","본문은 커뮤니티를 권력·지식·진리 형성의 장으로 분석하지만, 공론장·사회자본·정치·젠더·혐오·기타 외부 현상·회원제·운영·인구통계·생애주기·익명성 등과 관련된 구체적 언급이 없어 모든 코드가 적용되지 않는다.",True,1/1,run1:없음
ART003080328,온라인 커뮤니티 에브리타임을 통해 들여다본 지방대학생들의 불평등과 공정성 담론: 문재인 정부 시기를 중심으로,전아람(전북대학교 사회학과 대학원),2024,사회과학연구,kor,OK,ROLE_WINDOW_GENDER,,run1:없음,"이 논문은 지방대학생들의 불평등·공정성·젠더 갈등 담론을 분석하기 위해 에브리타임 게시글을 자료로 삼으며, 그 담론이 외부 사회현상의 불평등 인식과 갈등을 어떻게 반영하고 형성되는지를 동시에 조명한다.","본 논문은 에브리타임 게시글을 통해 지방대학생들의 젠더 갈등 담론을 분석하고 외부 사회현상의 불평등·공정성 인식을 반영·형성하는 과정을 조명하므로, WINDOW_GENDER 코드가 가장 부합한다.",True,0/1,run1:ROLE_WINDOW_GENDER
ART002067524,해외직접구매에 있어서 소비자 갈등에 관한 근거이론적 분석,이진명(인하대학교),2015,소비문화연구,kor,ERR,,,run1:없음,이 논문은 온라인 커뮤니티 게시글을 자료로 삼아 해외직접구매 과정에서 소비자가 경험하는 내적 갈등과 그 원인·결과·맥락적 조건을 분석한다.,"초점 문장은 해외직접구매 과정에서 소비자의 내적 갈등을 분석한다는 내용만을 다루며, 온라인 커뮤니티의 공론장 역할, 사회자본 형성, 정치·젠더·혐오·기타 사회현상 창 역할, 혹은 커뮤니티 구독·운영·인구통계·생애주기·익명성 등 어떠한 환경적 요인도 언급하지 않는다.",True,1/1,run1:없음
ART002701104,Wenger의 실천공동체(CoP)에 비추어 본 온라인 부모교육 커뮤니티에서 발생하는 학습과정 사례 연구,서주현(한양대학교),2021,열린부모교육연구,kor,OK,ROLE_FIELD_SOCIALCAPITAL,,run1:없음,"이 논문은 온라인 부모교육 커뮤니티를 관계·담론이 형성되는 공간으로 보고, 실천공동체 이론을 적용해 학습 과정과 정서적 상호작용을 분석한다.","논문은 온라인 부모교육 커뮤니티를 관계와 담론이 형성되는 공간으로 분석하므로, 이용자 간 신뢰·연대·네트워크와 같은 관계적 자원의 형성을 다루는 ROLE_FIELD_SOCIALCAPITAL 코드에 가장 부합한다.",True,0/1,run1:ROLE_FIELD_SOCIALCAPITAL
ART001704380,사이버공간 상호작용을 통한 ‘자랑’의 의미 형성: 디시 인사이드의 자랑거리 갤러리에 대한 사례 연구,노명우(아주대학교),2012,사이버커뮤니케이션학보,kor,OK,ROLE_FIELD_SOCIALCAPITAL,,run1:없음,"이 논문은 디시 인사이드의 자랑거리 갤러리를 사례로 삼아, 온라인 커뮤니티 내에서 자랑 행위와 그 의미가 상호작용(포스팅·조회·댓글)과 참여자 간 관계를 통해 어떻게 형성·재구성되는지를 분석한다.","논문은 자랑 행위가 참여자 간 관계를 통해 의미가 형성·재구성되는 과정을 분석하므로, 온라인 커뮤니티를 관계·연대·네트워크 같은 사회적 자원이 형성되는 공간으로 보는 FIELD_SOCIALCAPITAL 시각이 가장 부합한다.",True,0/1,run1:ROLE_FIELD_SOCIALCAPITAL
ART002605854,소비자들의 구매 직전 망설임에 관한 연구: 근거이론적 분석,황정빈(고려대학교),2020,소비문화연구,kor,OK,ROLE_WINDOW_MISC,,run1:없음,"이 논문은 온라인 커뮤니티 게시물을 자료로 활용하여 소비자 구매 직전 망설임이라는 외부 사회현상을 분석하고, 그 원인·과정·결과를 규명한다.",논문은 온라인 커뮤니티 게시물을 소비자 구매 직전 망설임이라는 외부 사회현상을 설명하는 사례로 사용하므로 WINDOW_MISC 코드가 가장 적합하다.,True,0/1,run1:ROLE_WINDOW_MISC
ART001162142,온라인 커뮤니티 애피커시와 공동구매 태도와의관계에서 커뮤니티 유형의 조절효과,김유경(부산대학교),2005,소비문화연구,kor,OK,ROLE_FIELD_SOCIALCAPITAL,,run1:없음,"이 논문은 온라인 커뮤니티를 구성원 간 상호작용과 리더십이 형성되는 장으로 삼아, 상호작용성·명성·리더십이 커뮤니티 애피커시와 애호도·공동구매 태도·의도에 미치는 영향을 분석하고, 커뮤니티 유형에 따른 조절효과를 검증한다.","논문은 온라인 커뮤니티를 구성원 간 상호작용·리더십이 형성되는 공간으로 보고, 이러한 관계적 자원의 효과를 분석하므로 ROLE_FIELD_SOCIALCAPITAL에 해당한다.",True,0/1,run1:ROLE_FIELD_SOCIALCAPITAL
ART001887730,초등 교사의 국어과 교사용 지도서 사용 실태 연구,김지은(서울교육대학교),2014,한국초등교육,kor,OK,ROLE_FIELD_SOCIALCAPITAL,,run1:없음,"이 논문은 교사 온라인 커뮤니티를 교사용 지도서 활용과 자료 확보를 위한 환경 조건으로 삼아, 교사들이 교육 자료를 얻고 수업 활동을 설계하는 데 어떻게 활용되는지를 분석한다.","논문은 교사 온라인 커뮤니티를 교육 자료와 수업 설계에 활용되는 환경 조건으로 분석하므로, 커뮤니티가 교사들 간의 자원·네트워크(사회적 자본) 역할을 하는 것으로 판단된다.",True,0/1,run1:ROLE_FIELD_SOCIALCAPITAL
ART002093498,네이버 밴드와 기존 매체 이용의 상호관계에 관한 연구,이용재(동국대학교),2016,정보통신정책연구,kor,ERR,,,run1:없음,"이 논문은 폐쇄형 SNS인 네이버 밴드를 연구 대상(환경 조건)으로 삼아, 이용 동기와 그 동기가 다른 SNS·온라인 커뮤니티 및 면대면 커뮤니케이션 이용과 어떤 상관관계를 보이는지를 분석한다.","논문은 네이버 밴드 이용 동기와 다른 커뮤니케이션 형태와의 상관관계만을 분석하고, 공론장 기능, 사회적 자본, 정치·젠더·혐오 현상, 혹은 커뮤니티의 구독제·운영·인구통계·생애주기·익명성 등을 비교·검토하지 않으므로 모든 코드에 해당하지 않는다.",True,1/1,run1:없음
ART002887929,‘일베’를 어떻게 인지할 것인가,이길호,2014,시민과 세계,none,NO_ABSTRACT,,,,,초록 없음 (KOR_ABST/ENG_ABST 둘 다 없음),,,
ART001982731,역사인식의 세대차와 시대차 - 5･18 민주항쟁의 사례 -,허석재(목포대학교),2015,민주주의와 인권,kor,OK,ROLE_WINDOW_HATE,,run1:없음,"이 논문은 온라인 커뮤니티인 일베에서 나타나는 5·18 민주항쟁에 대한 폄훼 담론을 사례로 삼아, 세대 간 인식 차이가 어떻게 형성·변화했는지를 분석한다.","논문은 일베의 폄훼 담론을 사례로 세대 간 인식 차이를 분석하므로, 혐오·부정적 담론을 보여주는 창 역할에 해당해 ROLE_WINDOW_HATE에 부여하고, 다른 FIELD·WINDOW·ENV 코드에 대한 근거는 문장에 없으므로 미부여한다.",True,0/1,run1:ROLE_WINDOW_HATE
ART002716835,기자들의 온라인 서비스 목적별 이용도 분석: 취재보도 원칙의 중요도 인식 및 디지털 기술의 인지된 유용성이 미치는 영향,신민재(인하대학교),2021,사회과학연구,kor,ERR,,,run1:없음,"이 논문은 온라인 커뮤니티를 기자들의 온라인 서비스 활용 중 하나로 다루며, 온라인 커뮤니티 자체를 분석 대상이나 환경 조건으로 삼지 않고, 기자들의 이용 목적과 인식·유용성 요인이 온라인 서비스 이용도에 미치는 영향을 조사한다.","논문은 온라인 커뮤니티를 분석 대상이나 환경 요인으로 다루지 않고, 기자들의 이용 목적·인식·유용성에만 초점을 두므로 FIELD·WINDOW·ENV 어느 카테고리에도 해당하지 않는다.",True,1/1,run1:없음
ART002269350,개인중심계획 촉진자 훈련(Person-centered planning facilitator training) 프로그램 개념 모델 기초 연구,김은하(강남대학교),2017,지적장애연구,kor,ERR,,,run1:없음,"이 논문은 개인중심계획 촉진자 훈련 프로그램을 개발·평가하며, 온라인 커뮤니티는 교육·자료 제공의 보조 수단으로만 언급된다.","논문은 온라인 커뮤니티를 교육·자료 제공의 보조 수단으로만 언급하고, 그 자체의 공론장 기능, 사회적 자본 형성, 혹은 사회현상(양극화·젠더·혐오·기타) 창 역할을 분석하지 않으며, 커뮤니티의 회원제·거버넌스·인구통계·생애주기·익명성 등 환경적 특성도 비교·대조하지 않는다.",True,1/1,run1:없음
ART002833145,페미니즘 관점에서 본 20-30대 여성의 주식 담론: 온라인 여성 커뮤니티 사례를 중심으로,김수정(충남대학교),2022,사회과학연구,kor,OK,ROLE_FIELD_PUBLICSPHERE,,run1:없음,"이 논문은 온라인 여성 커뮤니티를 젠더·경제 담론이 형성·전개되는 장으로 삼아, 청년 여성들의 주식 관련 담론이 어떻게 구성되고 의미화되는지를 분석한다.","논문은 온라인 여성 커뮤니티를 젠더·경제 담론이 형성·전개되는 장으로 설정해, 그 안에서 청년 여성들의 주식 담론이 어떻게 구성되는지를 분석함으로써 커뮤니티를 공론장 역할의 공간으로 다룬다.",True,0/1,run1:ROLE_FIELD_PUBLICSPHERE
ART002016590,온라인 커뮤니티 이용자의 네트워크 지위와 욕설 사용의 관계: <일간베스트>를 중심으로,이범준(충남대학교),2015,사회과학연구,kor,OK,ROLE_FIELD_SOCIALCAPITAL,,run1:없음,"이 논문은 온라인 커뮤니티 <일간베스트>를 연구 대상으로 삼아, 욕설 사용과 이용자들의 네트워크 중심성 간의 관계를 분석하고, 이를 통해 커뮤니티 내에서의 소통 패턴과 사회적 주변화 현상을 설명한다.","논문은 욕설 사용과 이용자 네트워크 중심성(관계·연결 강도)을 분석해 사회적 주변화를 설명하므로, 온라인 커뮤니티 내 관계적 자원(네트워크 중심성)의 형성과 효과를 다루는 FIELD_SOCIALCAPITAL에 가장 부합한다.",True,0/1,run1:ROLE_FIELD_SOCIALCAPITAL
ART002658936,"다인종 재미한인들의 온라인 커뮤니티 활동: ""하프코리안닷컴(HalfKorean.com)” 페이스북 그룹을 중심으로",배진숙(건국대학교 모빌리티인문학 연구원),2020,디아스포라연구,kor,OK,ROLE_FIELD_SOCIALCAPITAL,,run1:없음,"이 논문은 다인종 한인들의 온라인 커뮤니티를 관계·담론이 형성되는 장으로 삼아, 커뮤니티의 형성과 유지 요인, 정체성 강화 및 경험 공유 과정을 분석한다.","논문은 온라인 커뮤니티를 관계·담론이 형성되는 장으로 설정해 그 내부에서 신뢰·연대·네트워크와 같은 관계적 자원의 형성과 유지, 정체성 강화 과정을 분석하므로 ROLE_FIELD_SOCIALCAPITAL 코드에 가장 부합한다.",True,0/1,run1:ROLE_FIELD_SOCIALCAPITAL
ART001826076,중국 온라인 커뮤니티에서의 규율 기제 :‘톈야셔취(天涯社區)’를 중심으로,최은진(국민대학교),2013,한국동북아논총,kor,OK,ROLE_FIELD_SOCIALCAPITAL,,run1:없음,"이 논문은 온라인 커뮤니티인 톈야를 연구 대상으로 삼아, 공동체적·권위적 규율 기제가 이용자들의 상호작용과 활동을 어떻게 형성·제어하는지를 분석한다.","논문은 온라인 커뮤니티 내에서 규율 기제가 이용자 상호작용을 형성·제어하는 과정을 분석하므로, 커뮤니티 내부의 관계·신뢰·연대와 같은 사회적 자원의 형성에 초점을 맞춘다(ROLE_FIELD_SOCIALCAPITAL). 다른 FIELD, WINDOW, ENV 코드들은 해당 현상이나 비교·변화 조건을 언급하지 않아 낮은 확률을 부여한다.",True,0/1,run1:ROLE_FIELD_SOCIALCAPITAL
ART002923336,자치경찰제 도입이 시민의 치안서비스 만족도에 미치는 영향,문준섭(가톨릭관동대학교),2022,한국범죄정보연구,kor,OK,ROLE_FIELD_SOCIALCAPITAL,,run1:없음,"이 논문은 온라인 커뮤니티를 지역 주민과 경찰 간 소통·공감 형성의 환경 조건으로 삼아, 온라인 커뮤니티 수준이 치안 인식 및 경찰 서비스 만족도에 미치는 영향을 분석한다.","논문은 온라인 커뮤니티를 주민·경찰 간 소통·공감 형성의 환경 조건으로 보고, 그 수준이 치안 인식과 서비스 만족도에 미치는 영향을 분석하므로, 커뮤니티가 신뢰·연대·네트워크와 같은 관계적 자원을 형성·작동하는 공간(ROLE_FIELD_SOCIALCAPITAL)으로 다루고 있다. 다른 FIELD, WINDOW, ENV 코드들은 초점 문장에 해당 근거가 없으므로 미부여로 평가한다.",True,0/1,run1:ROLE_FIELD_SOCIALCAPITAL
ART001059754,원천 기업에 대한 개인 커뮤니티 몰입과 도덕적 책임감의 역할에 관한 연구,최낙환(전북대학교),2007,소비문화연구,kor,OK,ROLE_FIELD_SOCIALCAPITAL,,run1:없음,"이 논문은 개인 커뮤니티를 관계·담론이 형성되는 공간으로 삼아, 개인 커뮤니티 몰입과 도덕적 책임감이 기업에 대한 소비자의 긍정적 반응에 어떻게 영향을 미치는지를 분석한다.","논문은 개인 커뮤니티를 관계·담론이 형성되는 공간으로 보고, 몰입과 도덕적 책임감이라는 관계적 자원이 기업에 대한 소비자 반응에 미치는 영향을 분석하므로 ROLE_FIELD_SOCIALCAPITAL에 해당한다; 다른 FIELD, WINDOW, ENV 코드들은 초점에 포함되지 않아 부여되지 않는다.",True,0/1,run1:ROLE_FIELD_SOCIALCAPITAL
ART003215754,KcBERT와 KcELECTRA Soft Voting 기반 감성 분석 모델을 활용한 국내 온라인 커뮤니티 정치 편향 연구,김준형(성균관대학교),2025,정보통신정책연구,kor,OK,ROLE_WINDOW_POLARIZE,,run1:없음,"이 논문은 온라인 커뮤니티를 정치적 편향과 양극화를 관찰하는 사례로 삼으며, 각 커뮤니티 내에서 형성되는 정치 성향과 담론을 분석하여 외부 사회현상의 정치적 양극화 현상을 설명한다.",논문은 온라인 커뮤니티를 정치적 편향·양극화라는 외부 현상을 보여주는 창(window)으로 활용하고 있어 ROLE_WINDOW_POLARIZE 코드에 가장 부합한다.,True,0/1,run1:ROLE_WINDOW_POLARIZE
ART003080400,대학입시와 관련한 청소년의 혐오표현 사용에 관한 연구,민웅기(서울대학교 사회학과),2024,사회과학연구,kor,OK,"ROLE_WINDOW_HATE, ROLE_WINDOW_POLARIZE",,run1:없음,"이 논문은 대학입시 온라인 커뮤니티를 사례로 삼아 청소년의 혐오표현과 차별 담론이 어떻게 형성·강화되는지를 분석하면서, 그 담론이 교육 불평등과 사회적 양극화라는 외부 사회현상을 드러내는 창으로 활용한다.",논문은 온라인 커뮤니티를 혐오표현·차별 담론(ROLE_WINDOW_HATE)과 교육 불평등·사회적 양극화(ROLE_WINDOW_POLARIZE)를 드러내는 창으로 활용한다는 점에서 두 WINDOW 코드를 부여한다.,True,0/1,"run1:ROLE_WINDOW_HATE,ROLE_WINDOW_POLARIZE"
ART003185258,토픽모델링을 활용한 생성형 AI 의제 분석: 뉴스 기사와 온라인 커뮤니티 게시글을 중심으로,이각명(성균관대학교 미디어커뮤니케이션학과),2025,사이버커뮤니케이션학보,kor,OK,ROLE_WINDOW_MISC,,run1:없음,"이 논문은 온라인 커뮤니티 게시글을 자료로 삼아, 생성형 AI 의제가 뉴스 매체에서 설정된 후 소셜 미디어, 특히 해당 커뮤니티를 통해 확산·재구성되는 과정을 분석한다.","논문은 생성형 AI 의제의 미디어 설정‑확산‑재구성 과정을 온라인 커뮤니티가 보여주는 창(window)으로 활용하므로, WINDOW_MISC 코드가 가장 부합한다.",True,0/1,run1:ROLE_WINDOW_MISC
ART002063893,Tier2 방법에 따른 온실가스 인벤토리 불확실성 평가: 철강산업을 중심으로,장효미(서울시립대학교),2015,사회과학연구,kor,ERR,,,run1:없음,"이 논문은 온라인 커뮤니티를 다루지 않고, 철강산업의 에너지 사용에 따른 온실가스 배출량 불확실성을 전문가 판단 조사와 몬테카를로 시뮬레이션으로 평가한다.","논문이 온라인 커뮤니티를 전혀 다루지 않으며, 철강산업의 온실가스 배출량 불확실성 평가에만 초점을 두고 있기 때문에 모든 ROLE 및 ENV 코드에 해당하지 않는다.",True,1/1,run1:없음
ART003234843,온라인 커뮤니티는 젠더갈등을 심화시키는가?: 온라인 커뮤니티 이용과 성별의 상호작용이 젠더 정책 태도에 미치는 영향 분석,최경호(경희대학교),2025,사회과학연구,kor,OK,ROLE_WINDOW_GENDER,,run1:없음,"이 논문은 온라인 커뮤니티 이용이 남녀의 젠더 정책 태도 차이를 확대시키는 메커니즘으로 작용한다는 가설을 검증하며, 온라인 커뮤니티 이용 정도가 젠더 갈등 심화에 미치는 영향을 실증적으로 분석한다.",논문은 온라인 커뮤니티 이용이 젠더 정책 태도 차이를 확대하고 젠더 갈등을 심화시키는 메커니즘을 실증적으로 검증한다는 점에서 ROLE_WINDOW_GENDER 코드에 가장 부합한다.,True,0/1,run1:ROLE_WINDOW_GENDER
ART002934330,재미한인의 다원화와 디지털 디아스포라: 다인종 한인 자녀를 둔 부모의 온라인 커뮤니티 활동,배진숙(건국대학교 모빌리티인문학 연구원),2023,현대사회와 다문화,kor,OK,ROLE_FIELD_SOCIALCAPITAL,,run1:없음,"이 논문은 다인종 한인 부모들의 온라인 커뮤니티를 관계·담론이 형성되는 공간으로 삼아, 그 형성과 유지 요인 및 커뮤니티가 자녀의 한국어·문화 교육과 정체성 유지, 인종 차별 경험 공유와 대처에 어떻게 활용되는지를 분석한다.","논문은 온라인 커뮤니티를 관계·담론이 형성되는 공간으로 보고 그 형성과 유지 요인을 분석하므로, 이용자 간 신뢰·연대·네트워크와 같은 관계적 자원의 형성·작동을 다루는 ROLE_FIELD_SOCIALCAPITAL이 가장 부합한다; 다른 FIELD, WINDOW, ENV 코드들은 본문에 해당 근거가 없으므로 낮은 확률로 평가된다.",True,0/1,run1:ROLE_FIELD_SOCIALCAPITAL
ART002254179,온라인 브랜드 커뮤니티의 수명주기(CLC)에서 관계의 의미와 행태에 대한 현상학적 고찰,도선재(중앙대학교),2017,사회과학연구,kor,OK,ROLE_FIELD_SOCIALCAPITAL,ENV_COMMUNITY_LIFECYCLE,run1:없음,"이 논문은 온라인 브랜드 커뮤니티를 관계·담론이 형성되는 공간으로 보고, 커뮤니티 전 생애에 걸친 구성원 간 관계의 의미와 행태가 어떻게 진화하는지를 분석한다.","논문은 온라인 브랜드 커뮤니티를 관계·담론이 형성되는 공간으로 보고 관계와 행태의 진화를 전 생애에 걸쳐 분석하므로, 관계·연결을 강조하는 FIELD_SOCIALCAPITAL와 커뮤니티의 성장·쇠퇴 과정을 다루는 ENV_COMMUNITY_LIFECYCLE에 해당한다.",True,0/1,"run1:ENV_COMMUNITY_LIFECYCLE,ROLE_FIELD_SOCIALCAPITAL"
ART003248717,한국형 정치적 극단주의의 테러리즘 진화 가능성,권오국(경찰대학 치안정책연구소),2025,한국동북아논총,kor,OK,ROLE_FIELD_PUBLICSPHERE,,run1:없음,"이 논문은 온라인 커뮤니티를 개인의 급진화와 집단 정체성 형성이라는 동기로 작용하는 사회적 장으로 보면서, 동시에 유튜브 알고리즘·암호화 앱·초국가적 네트워크와 같은 기술·제도적 환경이 극단주의의 수단을 제공하는 조건으로 분석한다.","논문은 온라인 커뮤니티를 급진화와 집단 정체성 형성의 사회적 장으로 규정함으로써 공론장 역할에 초점을 두고 있으며, 신뢰·연대·네트워크와 같은 관계적 자원이나 특정 사회현상(양극화·젠더·혐오) 창 역할, 그리고 커뮤니티의 제도·인구통계·생애주기·익명성 등 환경적 변수를 분석 대상으로 삼지 않는다.",True,0/1,run1:ROLE_FIELD_PUBLICSPHERE
ART003352752,이주민의 ‘관계적 시민권’과 지역적 삶,이용승(대구대학교),2026,시민과 세계,kor,ERR,,,run1:없음,"이 논문은 온라인 커뮤니티를 이주민들의 관계적 시민권을 구성하는 여러 요소 중 하나로 포함시켜, 이들이 비자·디지털 플랫폼·온라인 커뮤니티 등 결합망 속에서 시민으로 행위하는 과정을 분석한다.","제시된 문장은 온라인 커뮤니티를 관계적 시민권 구성 요소로 언급하지만, 공론장 역할, 특정 사회현상(양극화·젠더·혐오 등) 또는 커뮤니티의 회원제·거버넌스·인구통계·생애주기·익명성 등에 대한 비교·분석 근거가 없으므로 모든 코드에 대해 부여 기준을 충족하지 않는다.",True,1/1,run1:없음
ART002980035,예측할 수 없는 여정 속 우회로 찾기: COVID-19 팬데믹 시기에 학부모로 전이한 맞벌이 부모의 경험에 관한 질적연구,정인혜(연세대학교),2023,가족과 문화,kor,ERR,,,run1:없음,"이 논문은 맞벌이 부모의 COVID-19 팬데믹 시기 양육·교육 경험을 탐구하며, 온라인 커뮤니티는 연구 참여자를 모집하기 위한 수단으로만 활용된다.","온라인 커뮤니티는 연구 참여자 모집 수단으로만 언급되며, 그 자체의 공론장 기능, 관계형 자원, 혹은 사회현상 창 역할이나 커뮤니티 특성(회원제, 거버넌스, 인구통계, 생애주기, 익명성) 등에 대한 분석이 없으므로 모든 코드가 미부여로 평가된다.",True,1/1,run1:없음
ART002724978,Logging in for Medical Transnationalism: Transnational Health Information Seeking among Korean Immigrant Women,장서현(성균관대학교),2021,디아스포라연구,kor,OK,ROLE_WINDOW_MISC,,run1:없음,"이 논문은 한국 이민자 여성들의 초국가적 건강 정보 탐색 현상을 살피기 위해 민족 온라인 커뮤니티의 게시글을 자료로 삼아, 논의되는 정보 유형과 그에 영향을 미치는 요인들을 분석한다.","논문은 온라인 커뮤니티 게시글을 초국가적 건강 정보 탐색이라는 외부 사회현상을 보여주는 사례(window)로 활용하므로 ROLE_WINDOW_MISC에 해당한다; 공론장, 사회자본, 정치·젠더·혐오 양극화 등 다른 WINDOW·FIELD 시각은 언급되지 않아 부여되지 않는다.",True,0/1,run1:ROLE_WINDOW_MISC
ART001667086,새로운 사회운동 방식을 통한 집단기억의 형성과 유지: 스누라이프에서의 태그달기,한신갑(서울대학교),2012,기억과 전망,kor,OK,ROLE_FIELD_PUBLICSPHERE,,run1:없음,"이 논문은 온라인 커뮤니티인 스누라이프를 집단 기억과 사회운동이 형성·유지되는 장으로 삼아, 태그달기라는 실천이 어떻게 담론을 재생산하고 기억을 지속시키는지를 분석한다.","논문은 스누라이프를 집단 기억과 사회운동이 형성·유지되는 장으로 설정해 담론 재생산을 분석하므로 공론장 역할(FIELD_PUBLICSPHERE)이 중심이며, 신뢰·연대·네트워크 등 관계적 자원이나 외부 사회현상(윈도우)·환경적 변수에 대한 언급은 없으므로 다른 코드는 부여되지 않는다.",True,0/1,run1:ROLE_FIELD_PUBLICSPHERE
ART003048867,팬데믹 속 자녀돌봄과 온라인 양육담론의 역동성: 코로나19 3년의 온라인 육아 커뮤니티 분석,도유록(울산대학교 생활과학연구소),2024,한국가족관계학회지,kor,ERR,,,run1:없음,"이 논문은 온라인 육아 커뮤니티를 관계·담론이 형성되는 장으로 삼아, 코로나19 기간 동안 자녀돌봄과 관련된 담론의 변화를 동적 토픽 모델링으로 분석한다.","주어진 초점 문장은 온라인 육아 커뮤니티를 관계·담론이 형성되는 공간으로만 언급하고, 그 공간이 공론장 역할을 하거나 신뢰·연대·네트워크 같은 관계 자원을 형성한다는 근거를 제시하지 않으며, 정치·젠더·혐오 등 외부 사회현상을 보여주는 창 역할도 언급하지 않는다. 또한 커뮤니티의 회원제, 운영·거버넌스, 인구통계, 생애주기, 익명성 등에 대한 비교·분석도 없으므로 모든 코드에 대해 근거가 없으며, 따라서 모든 코드가 미부여로 평가된다.",True,1/1,run1:없음
ART003088806,코로나의 글로벌 거버넌스에 관한 주부의 국가들 간 위계질서의식 - 백신도입문제를 중심으로-,노정화,2024,글로벌 거버넌스와 문화,kor,OK,ROLE_WINDOW_MISC,,run1:없음,"이 논문은 온라인 주부 커뮤니티의 담론을 자료로 삼아, 코로나 시기 주부들이 보이는 백신 선호와 국가 위계에 대한 인식을 분석함으로써 글로벌 거버넌스에 대한 그들의 세계관을 밝힌다.","논문은 온라인 주부 커뮤니티 담론을 통해 백신 선호와 국가 위계 인식을 분석해 글로벌 거버넌스에 대한 세계관을 밝히는 외부 사회현상의 사례를 제시하므로, WINDOW_MISC 코드가 가장 적합하다.",True,0/1,run1:ROLE_WINDOW_MISC
ART001773360,정교화 가능성 모델을 이용한 온라인 여행 커뮤니티 구성원의 관광정보탐색행동과 이용동기별 차이분석,정남호(경희대학교),2013,관광학연구,kor,ERR,,,run1:없음,"이 논문은 온라인 여행 커뮤니티를 구성원들의 정보처리와 이용동기에 따른 행동·인지 변화를 분석하는 장으로 삼아, 중심·주변 단서와 동기 유형이 인지(기술성, 즐거움)와 정보탐색 의도에 미치는 영향을 규명한다.","초점 문장은 온라인 여행 커뮤니티 내 구성원들의 정보처리와 이용동기에 따른 행동·인지 변화를 다루며, 공론장, 사회적 자본, 정치·젠더·혐오 등 외부 사회현상, 혹은 커뮤니티의 구독·거버넌스·인구통계·생애주기·익명성 등 환경적 요인을 분석 대상으로 삼지 않는다.",True,1/1,run1:없음
ART002319802,"온라인 관광 커뮤니티 특성이 정보 유용성, 긍정적 감정, 지속적 이용의도에 미치는 영향: 정교화 가능성 모델을 중심으로",하동희(세종대학교),2018,관광연구,kor,ERR,,,run1:없음,"이 논문은 온라인 관광 커뮤니티를 정보·감정·이용 의도 형성의 장으로 삼아, 커뮤니티 특성(정보 품질, 제공자 전문성·인기 등)이 이용자에게 미치는 영향을 분석한다.","제시된 초점은 온라인 관광 커뮤니티가 이용자의 정보·감정·이용 의도 형성에 미치는 영향을 분석하는 것으로, 공론장 역할, 사회적 자본 형성, 정치·젠더·혐오 등 외부 사회현상 창, 혹은 커뮤니티 구독·거버넌스·인구통계·생애주기·익명성 비교와 같은 요소들을 언급하지 않아 모든 코드에 해당하지 않는다.",True,1/1,run1:없음
ART002446014,"고객참여가 브랜드몰입, 브랜드신뢰, 고객만족에 미치는 영향",김주희(세종대학교),2019,관광연구저널,kor,ERR,,,run1:없음,"이 논문은 온라인 커뮤니티를 설문조사 배포 수단으로만 활용하며, 커뮤니티 자체를 분석하거나 그 안의 관계·담론을 연구 대상으로 삼지 않는다.","논문이 온라인 커뮤니티를 설문 배포 도구로만 사용하고 그 자체를 분석 대상으로 삼지 않으므로 모든 ROLE 및 ENV 코드에 해당 근거가 없으며, 모든 코드에 대해 낮은 확률로 미부여 처리한다.",True,1/1,run1:없음
ART001857653,온라인 여행커뮤니티 정보특성이 사용자의 수용과 확산에 미치는 영향,최동석(경희대학교 관광레져산업학과),2014,관광연구저널,kor,ERR,,,run1:없음,"이 논문은 온라인 여행커뮤니티를 정보와 이용자 행동이 형성·작용하는 장으로 삼아, 정보의 생생함·동의성·상호작용·기술적 특성이 이용자의 정보 수용과 여행상품 구매에 미치는 영향을 분석한다.","제시된 초점은 온라인 여행커뮤니티를 정보·행동 형성의 장으로 분석하며, 공론장, 사회적 자본, 정치·젠더·혐오 등 외부 사회현상, 혹은 회원제·운영·인구통계·생애주기·익명성 등 환경 요인을 다루지 않으므로 모든 코드에 해당하지 않는다.",True,1/1,run1:없음
ART001692240,온라인 여행 커뮤니티의 특성에 따른 소비자의 신뢰와 충성도가 구매결정에 미치는 영향,조인철(대구가톨릭대학교),2012,관광연구,kor,OK,ROLE_FIELD_SOCIALCAPITAL,,run1:없음,"이 논문은 온라인 여행 커뮤니티를 관계·담론이 형성되는 장으로 삼아, 그 특성이 소비자의 신뢰와 충성도에 미치는 영향을 분석한다.","논문은 온라인 여행 커뮤니티를 관계·담론이 형성되는 장으로 보고, 그 특성이 소비자의 신뢰와 충성도에 미치는 영향을 분석하므로 사회적 자본(신뢰·연대) 형성에 초점을 맞춘다.",True,0/1,run1:ROLE_FIELD_SOCIALCAPITAL
ART001747918,온라인 여행 커뮤니티에서 이용자 관여도의 매개적 효과 연구,박상철(협성대학교),2013,호텔경영학연구,kor,ERR,,,run1:없음,"이 논문은 온라인 여행 커뮤니티를 이용자 관여도가 정보 품질·신뢰성과 사용·공유 의도 사이의 관계를 매개하는 메커니즘을 분석하는 장(field)으로 삼아, 설득 과정과 행동 의사결정에 미치는 영향을 규명한다.","본 초점은 온라인 여행 커뮤니티를 분석 대상인 ‘장(field)’으로 설정하고, 이용자 관여와 정보 품질·신뢰성, 사용·공유 의도 간 메커니즘을 탐구한다는 점에서 FIELD와 WINDOW, ENV 어느 카테고리에도 구체적 근거가 제시되지 않아 모든 코드가 미부여로 평가된다.",True,1/1,run1:없음
ART001716006,국내관광 의사결정과 소셜미디어의 관계성 규명 - 내용분석을 중심으로 -,서정호(Michigan State University),2012,관광학연구,kor,ERR,,,run1:없음,"이 논문은 온라인 커뮤니티를 관광 정보 탐색과 의사결정에 영향을 미치는 기술·제도적 환경 조건으로 삼아, 여행 계획 단계에서의 정보 검색이 관광객의 선택에 미치는 영향을 분석한다.","주어진 초점은 온라인 커뮤니티를 관광 정보 탐색에 영향을 주는 환경 요인으로 다루며, 공론장, 사회적 자본, 정치·젠더·혐오 등 외부 현상의 창 역할이나 커뮤니티 내부의 관계·연대·회원제·거버넌스 등 구체적 조건을 분석하지 않으므로 모든 코드에 해당하지 않는다.",True,1/1,run1:없음
ART001729876,소셜 미디어에서 참여혜택과 온라인 정체성을 통한 여행정보 공유에 관한 연구,정남호(경희대학교),2012,관광연구,kor,OK,ROLE_FIELD_SOCIALCAPITAL,,run1:없음,"이 논문은 온라인 여행 커뮤니티를 관계·담론이 형성되는 장으로 삼아, 사회·심리적·기능적 혜택과 온라인 정체성이 커뮤니티 참여와 여행정보 공유 의도에 미치는 영향을 분석한다.","논문은 온라인 여행 커뮤니티를 관계·담론이 형성되는 장으로 설정하고, 이 관계와 담론이 사회·심리적·기능적 혜택 및 정체성 형성에 미치는 영향을 분석하므로, 커뮤니티 내에서 신뢰·연대·네트워크와 같은 관계적 자원이 형성·작동한다는 SOCIALCAPITAL 관점이 가장 부합한다.",True,0/1,run1:ROLE_FIELD_SOCIALCAPITAL
ART001680670,패밀리 레스토랑 온라인 커뮤니티 특성이 충성도와 구매의도에 미치는 영향,김기영(경기대학교),2012,관광연구저널,kor,OK,ROLE_FIELD_SOCIALCAPITAL,,run1:없음,"이 논문은 패밀리 레스토랑 온라인 커뮤니티를 고객 충성도와 구매 의도를 형성·강화하는 관계·담론이 형성되는 공간으로 삼아, 커뮤니티의 평판·실재감·즐거움·정보제공 등 기능이 충성도와 구매 의도에 미치는 영향을 분석한다.","논문은 온라인 커뮤니티를 관계·담론이 형성되는 공간으로 보고, 그 기능이 고객 충성도와 구매 의도에 미치는 영향을 분석하므로, 커뮤니티를 신뢰·연대·네트워크와 같은 관계적 자원(사회적 자본)으로 보는 FIELD_SOCIALCAPITAL 시각이 가장 부합한다.",True,0/1,run1:ROLE_FIELD_SOCIALCAPITAL
ART001786552,온라인 여행커뮤니티 이용동기와 플로우(flow) 경험 및 지속적 이용의도에 관한 연구 - 전문 여행커뮤니티 ‘태사랑’을 대상으로 -,허지현(경기대학교),2013,관광연구,kor,OK,ROLE_FIELD_SOCIALCAPITAL,,run1:없음,"이 논문은 전문 여행 커뮤니티 ‘태사랑’ 내에서 이용동기와 플로우 경험이 지속적 이용 의도에 미치는 영향을 분석함으로써, 온라인 커뮤니티를 관계·담론이 형성되는 장으로 삼아 그 내부 이용자 행동을 조사한다.","논문은 ‘태사랑’ 커뮤니티를 관계·담론이 형성되는 장으로 설정하고 이용동기와 플로우 경험이 지속적 이용 의도에 미치는 영향을 분석하므로, 이용자 간 관계와 담론 형성이라는 사회적 자원(사회적 자본) 분석에 초점을 맞춘다.",True,0/1,run1:ROLE_FIELD_SOCIALCAPITAL
ART002631239,"유학생 라이프스타일이 관광지선택속성과 행동의도, 만족도에 미치는 영향",정총화(전주대학교 관광외식서비스연구소),2020,Tourism Research,kor,ERR,,,run1:없음,"이 논문은 유학생의 라이프스타일이 관광지 선택과 행동에 미치는 영향을 분석하면서, 온라인 커뮤니티와 SNS는 관광 정보 홍보 및 커뮤니티 형성의 수단으로만 언급된다.","논문은 온라인 커뮤니티와 SNS를 단순히 관광 정보 홍보와 커뮤니티 형성의 도구로만 언급하고, 그 자체의 공론장 기능, 관계 자원 형성, 혹은 사회현상(정치·양극화·젠더·혐오 등) 창 역할을 분석하지 않으므로 모든 ROLE 및 ENV 코드가 적용되지 않는다.",True,1/1,run1:없음
ART001867293,온라인커뮤니티 특성에 의한 관계품질이 충성도에 미치는 영향: 커피 전문점을 중심으로,박경태(가야대학교),2014,관광연구저널,kor,OK,ROLE_FIELD_SOCIALCAPITAL,,run1:없음,"이 논문은 커피 전문점의 온라인 커뮤니티를 관계·담론이 형성되는 공간으로 삼아, 커뮤니티 특성이 관계품질(신뢰·만족)에 미치는 영향과 이를 통한 고객 충성도 형성 과정을 분석한다.","논문은 온라인 커뮤니티를 관계·담론이 형성되는 공간으로 보고, 신뢰·만족 등 관계품질과 고객 충성도에 미치는 영향을 분석하므로 관계·연결 자원을 강조하는 ROLE_FIELD_SOCIALCAPITAL에 해당한다.",True,0/1,run1:ROLE_FIELD_SOCIALCAPITAL
ART002667545,UGC(User Generated Contents)형 온라인 여행 커뮤니티의 사이트 특성과 정보 특성이 관광목적지 방문의도에 미치는 영향 : 중국 ‘샤오홍슈’ 애플리케이션을 중심으로,김현지(경희대학교 대학원),2020,관광연구,kor,OK,ROLE_WINDOW_MISC,,run1:없음,"이 논문은 온라인 여행 커뮤니티를 관광 정보가 전달되는 환경·플랫폼으로 삼아, 사이트 특성·정보 특성·제공자와 수용자 간 동질성이 정보 신뢰·유용성 및 관광객의 방문 의도에 미치는 영향을 분석한다.","논문은 온라인 여행 커뮤니티를 관광 정보 전달의 환경·플랫폼으로 활용해 정보 신뢰·유용성 및 방문 의도에 미치는 영향을 분석하므로, 커뮤니티를 외부 사회현상을 보여주는 창으로 보는 WINDOW_MISC 역할에 가장 부합한다.",True,0/1,run1:ROLE_WINDOW_MISC
ART002883873,관광지 만족도를 평가하는 관광지 선택속성에 관한 연구: 텍스트 마이닝과 퍼지셋 질적비교분석의 활용,박지원(세종대학교),2022,관광학연구,kor,OK,ROLE_WINDOW_MISC,,run1:없음,이 논문은 트립어드바이저 온라인 커뮤니티의 리뷰를 자료로 삼아 관광객의 만족도와 선택속성이라는 외부 사회현상을 분석한다.,"논문은 트립어드바이저 리뷰를 이용해 관광객 만족도와 선택속성이라는 외부 사회현상을 분석하므로, 온라인 커뮤니티는 해당 현상을 보여주는 창(window) 역할을 하며, 이는 ROLE_WINDOW_MISC에 해당한다.",True,0/1,run1:ROLE_WINDOW_MISC
ART002194032,"한류 콘텐츠 관여수준에 따른 온라인 커뮤니티 참여, 브랜드 사랑, 방문 의도 간 구조적 관계 - 태권도 커뮤니티를 사례로 -",최진성(한양대학교),2017,관광학연구,kor,OK,ROLE_FIELD_SOCIALCAPITAL,,run1:없음,"이 논문은 온라인 태권도 커뮤니티를 참여와 몰입이라는 관계·담론이 형성되는 장으로 삼아, 한류 콘텐츠에 대한 관여도가 커뮤니티 참여, 국가 브랜드 사랑, 그리고 방문 의도에 미치는 영향을 분석한다.",논문은 온라인 커뮤니티를 관계·담론이 형성되는 장으로 설정해 사회적 관계와 자원의 형성을 분석하므로 ROLE_FIELD_SOCIALCAPITAL에 해당한다.,True,0/1,run1:ROLE_FIELD_SOCIALCAPITAL
ART001487946,외식기업의 온라인 커뮤니티 특성과 전환행동 성과 연구,김기영(경기대학교),2010,관광연구저널,kor,OK,ROLE_FIELD_SOCIALCAPITAL,,run1:없음,"이 논문은 외식기업의 온라인 커뮤니티를 고객 관계와 행동이 형성되는 장으로 삼아, 커뮤니티 특성이 고객 집중도와 전환 행동에 미치는 영향을 분석한다.",논문은 온라인 커뮤니티를 고객 관계와 행동이 형성되는 장으로 활용해 관계·연결(사회적 자본) 효과를 분석하므로 ROLE_FIELD_SOCIALCAPITAL이 가장 부합한다.,True,0/1,run1:ROLE_FIELD_SOCIALCAPITAL
ART002269867,온라인 여행 커뮤니티의 유용성과 의사사회적 상호작용이 이용자의 관광만족과 재방문의도에 미치는 영향: 커뮤니티 참여도의 조절효과를 중심으로,최수영(부산대학교),2017,관광연구,kor,OK,ROLE_FIELD_SOCIALCAPITAL,,run1:없음,"이 논문은 온라인 여행 커뮤니티를 여행자들의 정보·경험 공유와 의사사회적 관계가 형성되는 공간으로 삼아, 그 유용성과 상호작용이 관광만족과 재방문 의도에 미치는 영향을 분석한다.","논문은 온라인 여행 커뮤니티를 정보·경험 공유와 의사사회적 관계가 형성되는 공간으로 보고, 이러한 관계적 자원의 유용성이 관광만족과 재방문 의도에 미치는 영향을 분석하므로 ROLE_FIELD_SOCIALCAPITAL에 부여한다.",True,0/1,run1:ROLE_FIELD_SOCIALCAPITAL
ART002703643,숙박예약 플랫폼 서비스특징과 고객충성도 간의 구조적 관계에 관한 연구: 중저가호텔 예약을 중심으로,박태수(몽골국제대학교),2020,관광연구,kor,ERR,,,run1:없음,이 논문은 온라인 커뮤니티를 운영 수단으로만 언급한다.,논문이 온라인 커뮤니티를 단순히 운영 수단으로만 언급하고 그 자체를 분석 대상으로 삼지 않으므로 모든 ROLE 및 ENV 코드에 해당하지 않는다.,True,1/1,run1:없음
ART001704330,온라인 여행커뮤니티 특성이 커뮤니티의존도와 구매의도에 미치는 영향 연구,오석규(인천재능대학교),2012,관광경영연구,kor,OK,ROLE_FIELD_SOCIALCAPITAL,,run1:없음,"이 논문은 온라인 여행 커뮤니티를 관계·담론이 형성되는 공간으로 삼아, 상호작용·신뢰성·콘텐츠·관심도와 같은 커뮤니티 특성이 커뮤니티 의존도와 구매 의도에 미치는 영향을 분석한다.","논문은 온라인 여행 커뮤니티를 관계·담론이 형성되는 공간으로 보고, 상호작용·신뢰성 등 관계적 자원을 분석 대상으로 삼아 커뮤니티 의존도와 구매 의도에 미치는 영향을 검증한다.",True,0/1,run1:ROLE_FIELD_SOCIALCAPITAL
ART002348857,"온라인 여행 커뮤니티의 신뢰, 구성원의 준사회적 상호작용, 조언수용 및 여행만족간의 관계",김희진(부산대학교),2018,관광경영연구,kor,OK,ROLE_FIELD_SOCIALCAPITAL,,run1:없음,"이 논문은 온라인 여행 커뮤니티를 관계·담론이 형성되는 공간으로 삼아, 신뢰와 준사회적 상호작용이 조언 수용 및 여행 만족에 미치는 구조적 관계를 분석한다.","논문은 온라인 여행 커뮤니티를 관계·담론이 형성되는 공간으로 보고, 신뢰와 준사회적 상호작용이라는 관계적 자원이 조언 수용과 여행 만족에 미치는 구조적 영향을 분석하므로 ROLE_FIELD_SOCIALCAPITAL에 해당한다.",True,0/1,run1:ROLE_FIELD_SOCIALCAPITAL
ART001908190,패밀리레스토랑의 업체별 브랜드 개성과 원천의 관계 연구 - 아웃백 빕스를 중심으로 -,김유진(경희대학교),2014,외식경영연구,kor,ERR,,,run1:없음,"이 논문은 패밀리 레스토랑의 브랜드 개성과 그 개성에 영향을 미치는 다양한 원천들을 분석하며, 온라인 커뮤니티는 그 원천 중 하나로서 브랜드 개성에 미치는 영향을 조사한다.","논문은 온라인 커뮤니티를 브랜드 개성의 원천으로 다루지만, 공론장 역할, 관계 자원 형성, 정치·젠더·혐오 등 외부 현상 창 역할, 혹은 커뮤니티 환경 특성에 대한 비교·분석 근거가 제시되지 않아 모든 코드에 대해 0.5 미만의 확률을 부여한다.",True,1/1,run1:없음
ART001371596,"여행상품에 대한 온라인 여행동호회원의 지각된 가치, 만족, 몰입에 관한 연구",김성혁(세종대학교),2009,관광레저연구,kor,ERR,,,run1:없음,"이 논문은 온라인 여행동호회를 관계·담론이 형성되는 공간으로 삼아, 그 커뮤니티가 제공하는 여행상품이 구성원들의 지각된 가치, 만족도 및 몰입(헌신)에 미치는 영향을 분석한다.","제시된 초점은 온라인 여행동호회를 관계·담론이 형성되는 공간으로 보고, 그 공간이 제공하는 여행상품이 구성원들의 가치·만족·몰입에 미치는 영향을 분석한다는 점에만 초점을 맞추고 있어, 공론장 역할, 사회적 자본, 정치·젠더·혐오 등 외부 현상의 창 역할, 혹은 회원제·거버넌스·인구통계·생애주기·익명성 등 환경적 변인에 대한 언급이 전혀 없으므로 모든 코드에 대해 낮은 확률을 부여한다.",True,1/1,run1:없음
ART002088809,온라인 커뮤니티 특성이 여가관여 및 온라인 커뮤니티 만족에 미치는 영향: 생활육아커뮤니티 ‘송파맘카페’를 중심으로,배소영(경희대학교),2016,관광레저연구,kor,OK,ROLE_FIELD_SOCIALCAPITAL,,run1:없음,"이 논문은 온라인 커뮤니티를 관계·담론이 형성되는 공간으로 삼아, 커뮤니티의 특성이 이용자들의 여가 관여와 만족에 어떤 영향을 미치는지를 분석한다.","논문은 온라인 커뮤니티를 관계·담론이 형성되는 공간으로 보고, 그 특성이 이용자들의 여가 관여와 만족에 미치는 영향을 분석하므로, 관계·연결을 강조하는 사회적 자본(SOCIALCAPITAL) 관점에 가장 부합한다.",True,0/1,run1:ROLE_FIELD_SOCIALCAPITAL
ART002477059,"워킹맘의 온라인 여가로서의 온라인 커뮤니티 이용과 사회적 지지, 일-가족 전이, 그리고 삶의 질 간의 구조적 영향관계 연구",배소영(경희대학교),2019,호텔경영학연구,kor,OK,ROLE_FIELD_SOCIALCAPITAL,,run1:없음,"이 논문은 워킹맘이 온라인 커뮤니티를 사회적 지지를 얻는 여가 공간으로 활용하는 방식을 조사하고, 그 참여가 일‑가족 전이와 삶의 질에 미치는 구조적 영향을 분석한다.",논문은 온라인 커뮤니티를 워킹맘의 사회적 지지와 여가 활용이라는 관계적 자원(사회적 자본)으로 분석하므로 ROLE_FIELD_SOCIALCAPITAL에 해당한다.,True,0/1,run1:ROLE_FIELD_SOCIALCAPITAL
ART002200186,여행 중 온라인 여행 커뮤니티에서의 지식공유: 온라인 커뮤니티 참여와 공유지식 품질이 관광만족에 미치는 영향,최수형(부산대학교),2017,호텔경영학연구,kor,ERR,,,run1:없음,"이 논문은 온라인 여행 커뮤니티를 지식이 공유·형성되는 장으로 삼아, 그 지식 품질과 참여도가 여행자의 태도와 관광 만족도에 미치는 영향을 분석한다.","제시된 초점은 온라인 여행 커뮤니티를 지식 공유·형성의 장으로 보며, 지식 품질·참여도가 여행자 태도와 만족도에 미치는 영향을 분석한다는 내용만 포함하고 있어, 공론장·사회적 자본·정치·젠더·혐오·기타 사회현상·회원제·운영·인구통계·생애주기·익명성 등 어떠한 코드가 요구하는 구체적 요소도 언급되지 않는다.",True,1/1,run1:없음
ART001141215,온라인 공동체 구성원이 지각하는 기능이 공동체와 오프라인 모임에 대한 태도에 미치는 영향,황영현(동아대학교),2005,관광레저연구,eng,OK,ROLE_FIELD_SOCIALCAPITAL,,run1:없음,"이 논문은 온라인 공동체의 기능이 구성원의 공동체 및 오프라인 모임에 대한 태도에 미치는 영향을 분석하면서, 온라인 공동체 자체를 관계·담론이 형성되는 공간으로 삼아 그 내부 기능과 구성원 만족도 사이의 연관성을 조사한다.","논문은 온라인 공동체를 관계·담론이 형성되는 공간으로 보고 내부 기능과 구성원 만족도 연관성을 분석하므로, 관계·연결을 강조하는 ROLE_FIELD_SOCIALCAPITAL에 가장 부합한다.",True,0/1,run1:ROLE_FIELD_SOCIALCAPITAL
ART001528195,고령 문화․관광 포털에 관한 탐색적 연구,최기탁(숙명여자대학교),2011,관광연구,kor,ERR,,,run1:없음,"이 논문은 고령자를 위한 문화·관광 포털 구축 방안을 논의하며, 온라인 커뮤니티는 고령자의 참여 가능성을 설명하는 부수적인 요소로만 언급된다.","온라인 커뮤니티가 고령자 참여 가능성을 설명하는 부수적인 요소로만 언급될 뿐, 공론장·관계형성·정치·젠더·혐오·기타 사회현상·커뮤니티 구조·운영·인구통계·생애주기·익명성 등에 대한 분석이 없으므로 모든 코드가 적용되지 않는다.",True,1/1,run1:없음
ART002798415,실버세대의 건강식 메뉴추구성향이 지각된 가치와 외식 소비행동에 미치는 영향 : 심리적 안녕감을 조절효과로,황희영(강원관광대학교),2021,외식경영연구,kor,ERR,,,run1:없음,"이 논문은 실버세대의 건강식 메뉴 선호와 외식 소비 행동을 분석하고, 온라인 커뮤니티와 SNS는 마케팅·소통 수단으로만 언급된다.","온라인 커뮤니티와 SNS가 마케팅·소통 수단으로만 언급되어, 공론장, 사회적 자본, 사회현상 창, 혹은 커뮤니티 특성(회원제, 거버넌스, 인구통계, 라이프사이클, 익명성) 등을 분석 대상으로 삼지 않으므로 모든 코드가 미부여로 평가된다.",True,1/1,run1:없음
ART002297291,온라인 여행 커뮤니티의 신뢰 구성요인이 지식의 질 및 지식 제공 의도에 미치는 영향,이유안(부산대학교),2017,관광경영연구,kor,OK,ROLE_FIELD_SOCIALCAPITAL,,run1:없음,"이 논문은 온라인 여행 커뮤니티를 관계·담론이 형성되는 공간으로 삼아, 신뢰(정직성, 선의, 역량)가 지식의 질에 미치는 영향과 그 지식 질이 구성원의 지식 제공 의도에 어떻게 연결되는지를 분석한다.","논문은 온라인 여행 커뮤니티를 관계·담론이 형성되는 공간으로 보고, 그 안에서 신뢰라는 관계적 자원이 지식의 질에 미치는 영향을 분석하므로 ROLE_FIELD_SOCIALCAPITAL이 가장 적합하다.",True,0/1,run1:ROLE_FIELD_SOCIALCAPITAL
ART002945067,부산광역시 관광산업 탄소배출량 산정에 관한 연구: 지역 관광위성계정을 활용한 하향식 방법론을 중심으로,홍순기(한양대학교),2023,관광학연구,kor,ERR,,,run1:없음,"이 논문은 온라인 커뮤니티를 전혀 다루지 않으며, 부산시 관광산업의 탄소배출량을 하향식 방법으로 산정한다.","논문이 온라인 커뮤니티를 전혀 다루지 않으므로 모든 ROLE 및 ENV 코드에 해당하는 근거가 없으며, 따라서 모든 코드가 미부여로 평가된다.",True,1/1,run1:없음
ART002701101,여성 고객들의 커피 온라인 커뮤니티 특성이 관계지속의도에 미치는 영향: 고객만족의 매개효과 중심으로,김계영(백석문화대학교),2021,Tourism Research,kor,OK,ROLE_FIELD_SOCIALCAPITAL,,run1:없음,"이 논문은 커피 온라인 커뮤니티를 관계·담론이 형성되는 장으로 삼아, 그 특성이 정보제공·사용편리성 등을 통해 고객만족과 관계지속의도에 미치는 영향을 분석한다.","논문은 온라인 커뮤니티를 관계·담론이 형성되는 장으로 설정하고, 그 특성이 고객만족과 관계지속의도에 미치는 영향을 분석하므로 관계·연결이라는 사회적 자원(사회적 자본) 형성에 초점을 맞춘다.",True,0/1,run1:ROLE_FIELD_SOCIALCAPITAL
ART002741978,항공사 객실승무원의 직장인 온라인 커뮤니티 참여혜택이 감정적 애착 및 후속행동에 미치는 효과 분석,고주희(부산대학교),2021,호텔경영학연구,kor,OK,ROLE_FIELD_SOCIALCAPITAL,,run1:없음,"이 논문은 항공사 객실승무원이 직장인 온라인 커뮤니티에 참여함으로써 얻는 혜택과 감정적 애착을 분석하고, 그 애착이 호혜적 행동 및 발언행동에 미치는 영향을 조사한다.","논문은 온라인 커뮤니티 내에서 승무원들의 감정적 애착과 그에 따른 호혜적 행동을 분석하므로, 이용자 간 관계·신뢰·연대와 같은 사회적 자원의 형성을 다루는 FIELD_SOCIALCAPITAL에 가장 부합한다.",True,0/1,run1:ROLE_FIELD_SOCIALCAPITAL
ART002617025,The Effect of Online Travel Community Members’ Well-being Perception Via Their Benefits on Word of Mouth,Karimova Meerim(부산대학교),2020,동북아관광연구,kor,OK,"ROLE_FIELD_PUBLICSPHERE, ROLE_FIELD_SOCIALCAPITAL",,run1:없음,"이 논문은 온라인 여행 커뮤니티를 구성원들이 경험하는 이익과 그로 인한 웰빙 인식을 분석하고, 그 웰빙 인식이 구전 행동에 미치는 영향을 조사함으로써 관계·담론이 형성되는 공간 자체를 연구한다.","논문은 온라인 여행 커뮤니티를 구성원들의 이익과 웰빙 인식, 그리고 구전 행동을 통해 관계·담론이 형성되는 공간 자체로 분석하므로, 관계·담론 형성(공론장)과 이익·웰빙(사회적 자본) 두 측면이 핵심이며, 외부 사회현상이나 환경적 변인에 대한 논의는 나타나지 않는다.",True,0/1,"run1:ROLE_FIELD_PUBLICSPHERE,ROLE_FIELD_SOCIALCAPITAL"
ART002260451,항공사 승무원 취업 온라인 커뮤니티 몰입이 구직효능감 및 구직활동에 미치는 영향,고민환(경희사이버대학교 호텔관광대학원 관광레저항공MBA),2017,관광연구저널,kor,ERR,,,run1:없음,"이 논문은 항공사 승무원 취업을 준비하는 구직자들의 온라인 커뮤니티 참여와 몰입을 연구 대상으로 삼아, 커뮤니티 특성과 몰입이 구직효능감 및 구직활동에 미치는 영향을 분석한다.","논문은 온라인 커뮤니티를 구직자들의 참여와 몰입을 통한 개인 효능감 및 행동에 대한 영향 요인으로만 다루며, 공론장, 사회적 자본, 정치·젠더·혐오 등 외부 사회현상이나 커뮤니티의 구조·운영 특성을 분석하지 않는다.",True,1/1,run1:없음
ART002257779,온라인 블로그 커뮤니티 특성이 관계몰입 및 행동의도에 미치는 영향: 외식업체정보 이용자를 대상으로,하동희(세종대학교),2017,외식경영연구,kor,OK,ROLE_FIELD_SOCIALCAPITAL,,run1:없음,"이 논문은 온라인 블로그 커뮤니티를 관계·담론이 형성되는 장으로 삼아, 커뮤니티 특성이 이용자의 정서적·계산적 몰입과 행동 의도에 미치는 영향을 분석한다.","논문은 온라인 블로그 커뮤니티를 관계·담론이 형성되는 장으로 설정해, 그 특성이 이용자의 정서·계산적 몰입과 행동 의도에 미치는 영향을 분석하므로, 커뮤니티 내 관계적 자원(사회적 자본) 분석에 해당한다.",True,0/1,run1:ROLE_FIELD_SOCIALCAPITAL
ART001782808,와인 관여도에 따른 와인 레이블 정보 속성의 중요도에 관한 연구 - 온라인 와인 동호회를 중심으로 -,최경성(세종대학교),2013,외식경영연구,kor,ERR,,,run1:없음,"이 논문은 온라인 와인 동호회를 데이터 수집 경로로 활용하여, 회원들의 와인 관여도에 따른 레이블 정보 속성의 중요도와 차이를 분석한다.","논문은 온라인 와인 동호회를 단순히 데이터 수집 경로로 사용하고, 회원들의 와인 관여도와 레이블 속성 중요도 차이를 분석하므로, 공론장, 사회자본, 정치·젠더·혐오 등 사회현상 창, 혹은 커뮤니티 구독·거버넌스·인구통계·생애주기·익명성 등 환경 요인에 대한 분석이 전혀 포함되지 않는다.",True,1/1,run1:없음
ART002427656,자원봉사관광의 진정성에 관한 귀납적 연구,김예지(세종대학교),2019,관광학연구,kor,ERR,,,run1:없음,"이 논문은 온라인 커뮤니티에서 수집한 자원봉사관광객 후기들을 자료로 삼아, 자원봉사관광의 진정성을 규명하고 그 구성요인을 분석한다.","제시된 문장은 온라인 커뮤니티를 자료원으로만 활용하고, 자원봉사관광의 진정성과 구성요인 분석에 초점을 맞추므로, 공론장, 사회자본, 정치·젠더·혐오 현상, 혹은 커뮤니티의 구조·운영·인구통계·생애주기·익명성 등 어떠한 ROLE·ENV 시각도 드러나지 않는다.",True,1/1,run1:없음
ART002668660,온라인 커뮤니티 가치가 여행자 태도에 미치는 효과 분석,장진주(부산대학교),2020,Tourism Research,kor,OK,ROLE_FIELD_SOCIALCAPITAL,,run1:없음,"이 논문은 여행자들의 태도와 만족, 그리고 커뮤니티 홍보에 미치는 영향을 분석하기 위해 온라인 여행 커뮤니티를 연구 대상(관계·담론이 형성되는 공간)으로 삼아, 그 정보적·사회적 가치가 이용자 태도에 미치는 효과를 실증적으로 조사한다.","논문은 온라인 여행 커뮤니티를 관계·담론이 형성되는 공간으로 보고, 그 정보적·사회적 가치가 이용자 태도에 미치는 영향을 실증적으로 조사하므로, 사회적 자원(신뢰·연대·네트워크) 형성에 초점을 맞춘 ROLE_FIELD_SOCIALCAPITAL이 가장 부합한다.",True,0/1,run1:ROLE_FIELD_SOCIALCAPITAL
ART002632050,여행자의 온라인 커뮤니티 이용 동기가 만족도 및 조언수용에 미치는 영향: 여행횟수의 조절효과와 함께,유예경(부산대학교),2020,관광연구,kor,ERR,,,run1:없음,이 논문은 여행자들이 온라인 커뮤니티에서 보이는 이용 동기와 그 동기가 여행 만족도 및 조언 수용에 미치는 영향을 분석한다.,"논문은 여행자들의 이용 동기와 만족도·조언 수용에 초점을 맞추며, 온라인 커뮤니티를 공론장, 사회적 자원, 혹은 정치·젠더·혐오 등 외부 현상의 창으로 분석하지 않는다; 또한 커뮤니티의 구독제, 거버넌스, 인구통계, 라이프사이클, 익명성 등 환경적 변수를 비교·대조하지도 않는다.",True,1/1,run1:없음
ART002766129,The effect of participation benefits on online travel community members' behavioral change: the moderating effect of extraversion,정창윤(부산대학교),2021,호텔관광연구,kor,OK,ROLE_FIELD_SOCIALCAPITAL,,run1:없음,"이 논문은 온라인 여행 커뮤니티를 구성원 간의 태도·지식 공유·오프라인 관계 형성이라는 관계와 행동이 전개되는 장으로 삼아, 참여 이점이 이러한 태도와 행동에 미치는 영향을 분석하고 외향성 성격이 그 관계를 어떻게 조절하는지를 조사한다.","논문은 온라인 여행 커뮤니티를 구성원 간 관계·지식 공유·오프라인 관계 형성이라는 사회적 자원이 형성·작동하는 공간으로 설정하고, 그 관계가 참여 이점에 미치는 영향을 분석하므로 ROLE_FIELD_SOCIALCAPITAL에 해당한다.",True,0/1,run1:ROLE_FIELD_SOCIALCAPITAL
ART002957593,가상현실 기반의 한식 교육콘텐츠 개발을 위한 메뉴 연구,김성아(우송대학교 외식조리학부),2023,외식경영연구,kor,ERR,,,run1:없음,"이 논문은 VR 기반 한식 교육 콘텐츠 개발을 목표로 하며, 온라인 커뮤니티는 교육 경험 장소로 언급될 뿐, 별도의 분석 대상이 아니다.","온라인 커뮤니티는 교육 경험의 장소로만 언급될 뿐, 그 자체의 공론장 기능, 관계형 자원, 혹은 사회현상 창 역할을 분석하거나 비교하지 않으므로 모든 ROLE 및 ENV 코드에 해당하지 않는다.",True,1/1,run1:없음
ART003350225,대만 외래 관광객 선택 속성 및 감정 반응 연구: 대만 온라인 커뮤니티 리뷰 정보를 중심으로,조동석(경성대학교 호텔관광외식경영학부),2026,산업혁신연구,kor,OK,ROLE_WINDOW_MISC,,run1:없음,"이 논문은 대만 온라인 커뮤니티 리뷰를 자료로 활용해 대만 관광객의 선택 속성과 감정 반응을 분석함으로써, 외부 사회현상인 관광객 행동과 만족도를 관찰한다.","논문은 온라인 커뮤니티 리뷰를 이용해 관광객 행동·만족이라는 외부 사회현상을 분석하므로, WINDOW_MISC 코드가 가장 부합한다.",True,0/1,run1:ROLE_WINDOW_MISC
ART003084844,온라인 여행 커뮤니티 이용자의 커뮤니티 만족 향상을 위한 준사회적 관계 탐색: 정보 품질의 조절효과,김연미(부산대학교 관광컨벤션학과),2024,관광진흥연구,kor,OK,ROLE_FIELD_SOCIALCAPITAL,,run1:없음,"이 논문은 온라인 여행 커뮤니티를 이용자 간 준사회적 관계가 형성·발전되는 장으로 보고, 그 관계 요소가 커뮤니티 만족과 프로모션 행동에 미치는 영향을 분석한다.","논문은 온라인 여행 커뮤니티를 이용자 간 준사회적 관계가 형성·발전되는 공간으로 보고, 그 관계가 만족과 행동에 미치는 효과를 분석하므로 사회적 자원(신뢰·연대·네트워크) 형성에 초점을 맞춘 FIELD_SOCIALCAPITAL 역할이 가장 부합한다.",True,0/1,run1:ROLE_FIELD_SOCIALCAPITAL
ART001809488,"관광산업에서 온라인커뮤니티특성, 신뢰, 충성도, 구매의도 간의 관계 분석",강대경(광주대학교),2013,호텔관광연구,kor,OK,ROLE_FIELD_SOCIALCAPITAL,,run1:없음,"이 논문은 온라인 커뮤니티를 고객 신뢰·충성도·구매 의도 형성에 영향을 미치는 내부 요인으로 삼아, 커뮤니티 특성이 이러한 변수들에 미치는 영향을 분석한다.","논문은 온라인 커뮤니티를 신뢰·연대·네트워크와 같은 관계적 자원(사회적 자본)의 형성·작동 메커니즘으로 분석하므로 ROLE_FIELD_SOCIALCAPITAL에 높은 확률을 부여하고, 다른 ROLE 및 ENV 코드들은 근거가 없으므로 낮은 확률로 미부여한다.",True,0/1,run1:ROLE_FIELD_SOCIALCAPITAL
ART002693809,덜 알려진 숨은 명소(Second city)에 대한 정보탐색 연구: 베트남 퐁냐케방국립공원을 대상으로,최은영(경희대학교),2021,관광연구저널,kor,OK,ROLE_WINDOW_MISC,,run1:없음,"이 논문은 온라인 커뮤니티의 포럼 게시글을 자료로 삼아 여행자들의 정보 탐색 요구를 분석하고, 이를 외부 여행 정보 사이트와 비교함으로써 여행자 행동과 요구를 외부 사회현상의 사례로 조명한다.",논문은 온라인 커뮤니티 게시글을 여행자 행동을 외부 사회현상의 사례로 조명하는 창(window)으로 활용하므로 ROLE_WINDOW_MISC가 가장 부합한다.,True,0/1,run1:ROLE_WINDOW_MISC
ART002818019,가족여행 정보원으로서 온라인 육아 커뮤니티 이용에 대한 탐색적 연구: 이용과 충족 이론을 중심으로,이한아름(경희대학교),2022,관광레저연구,kor,OK,ROLE_WINDOW_MISC,,run1:없음,"이 논문은 온라인 육아 커뮤니티를 가족 여행 정보원으로 활용하여, 어머니들이 여행 정보를 어떻게 탐색·활용하는지를 분석함으로써 여행 의사결정이라는 외부 사회현상을 조명한다.",논문은 온라인 육아 커뮤니티를 여행 의사결정이라는 외부 사회현상을 보여주는 창으로 활용하므로 WINDOW_MISC 코드가 가장 적합하다.,True,0/1,run1:ROLE_WINDOW_MISC
ART002407174,메갈리아의 두 딸들: 익명성 수준에 따른 온라인 커뮤니티의 정체성 분화,송준모(연세대학교),2018,한국사회학,kor,OK,,ENV_ONLINE_ANNONIMITY,run1:없음,이 논문은 익명성 수준이라는 구조적 여건에 따라 온라인 커뮤니티 메갈리아 내에서 정체성이 어떻게 분화하고 담론이 형성·변화하는지를 분석한다.,"논문은 익명성 수준이라는 구조적 여건을 중심으로 정체성과 담론의 변화를 분석하므로, 익명성 비교가 핵심이며 다른 FIELD·WINDOW·ENV 코드들은 근거가 부족해 미부여로 평가된다.",True,0/1,run1:ENV_ONLINE_ANNONIMITY
ART001166156,네트워크 시대의 인터넷 정치참여1)- 탄핵정국 디시인사이드 정치토론 게시판을 중심으로-,송경재(경희대학교),2005,담론201,kor,OK,ROLE_FIELD_PUBLICSPHERE,,run1:없음,"이 논문은 디시인사이드 정치토론 게시판을 사례로 삼아, 온라인 커뮤니티 내 담론과 참여 행위가 정치참여 과정과 확산에 어떻게 작용하는지를 분석한다.","논문은 온라인 커뮤니티의 담론과 참여가 정치참여 과정에 미치는 영향을 분석함으로써, 해당 커뮤니티를 정치적 공론장의 역할을 수행하는 공간으로 보고 있다.",True,0/1,run1:ROLE_FIELD_PUBLICSPHERE
ART002290790,인터넷 반다문화 담론의 우익 포퓰리즘과 배제의 정치,전의령(전북대학교),2017,경제와 사회,kor,OK,ROLE_WINDOW_POLARIZE,,run1:없음,"이 논문은 인터넷 반다문화 담론을 분석 대상으로 삼아, 그 담론이 우익 포퓰리즘과 배제 논리를 어떻게 구성하고 외부 사회현상인 신자유주의적 양극화와 민생 정치와 연결되는지를 탐구한다.","논문은 인터넷 반다문화 담론이 신자유주의적 양극화와 연결된다는 점을 분석하므로, 외부 사회현상을 보여주는 창 역할인 정치적 양극화(ROLE_WINDOW_POLARIZE)에 해당한다; 다른 ROLE·ENV 코드는 초점에 포함되지 않는다.",True,0/1,run1:ROLE_WINDOW_POLARIZE
ART001837782,온라인 커뮤니티의 사회적 자본과 제도 – 디시인사이드 바람의 화원/바람의 나라 갤러리를 중심으로,이헌아(서강대학교),2013,정보사회와 미디어,kor,OK,ROLE_FIELD_SOCIALCAPITAL,,run1:없음,"이 논문은 온라인 커뮤니티를 제도·재생산이라는 환경 조건으로 삼아, 사회적 자본이 그 제도의 성공 여부에 어떻게 영향을 미치는지를 분석하면서 동시에 커뮤니티 내부에서 형성되는 사회적 자본 구조와 관계망을 탐구한다.","논문은 온라인 커뮤니티를 제도·재생산의 조건으로 삼아 사회적 자본이 제도 성공에 미치는 영향을 분석하고, 커뮤니티 내부의 사회적 자본 구조와 관계망을 탐구하므로 ROLE_FIELD_SOCIALCAPITAL이 핵심이며, 다른 ROLE 및 ENV 코드들은 근거가 없어 미부여로 판단한다.",True,0/1,run1:ROLE_FIELD_SOCIALCAPITAL
ART002545922,세월호 ‘노란 리본’과 일베의 ‘폭식 투쟁’: 공감과 혐오의 전형성과 그 비전형적 생활세계,강태수(중앙대학교),2019,문화와 사회,kor,OK,"ROLE_WINDOW_HATE, ROLE_WINDOW_POLARIZE",,run1:없음,"이 논문은 세월호 사건에 대한 공감과 혐오를 표현하는 온라인 커뮤니티(‘노란 리본’ 운동과 일베) 참여자들의 의식·생활세계와 서사를 비교 분석하면서, 그 담론이 사회적 양극화와 정체성 변화를 어떻게 드러내는지를 탐구한다.","논문은 온라인 커뮤니티 내 서사를 통해 사회적 양극화와 혐오 표현을 드러내는 현상을 분석하므로 WINDOW_POLARIZE와 WINDOW_HATE 코드에 높은 확률을 부여하고, 커뮤니티 자체의 공론장 기능이나 관계 자원 형성, 환경적 특성에 대한 논의는 없으므로 나머지 코드는 낮은 확률로 미부여 처리한다.",True,0/1,"run1:ROLE_WINDOW_HATE,ROLE_WINDOW_POLARIZE"
ART002236690,극우주의의 프레임과 감정 정치: 언어네트워크방법론을 통한 일베커뮤니티 분석,석승혜(강원대학교),2017,한국사회,kor,OK,"ROLE_WINDOW_HATE, ROLE_WINDOW_POLARIZE",,run1:없음,"이 논문은 일베 커뮤니티를 외부 사회현상을 관찰하는 사례로 삼아, 극우 집단의 프레이밍과 감정 정치가 어떻게 타자에 대한 분노와 혐오를 생산하고 사회적 갈등을 확대하는지를 언어네트워크 분석을 통해 밝힌다.","논문은 일베 커뮤니티를 창(window)으로 활용해 극우 프레이밍과 감정 정치가 혐오(분노와 혐오)와 사회적 갈등(갈등 확대)을 어떻게 생산·증폭시키는지를 분석하므로, ROLE_WINDOW_HATE와 ROLE_WINDOW_POLARIZE가 핵심이며, 다른 ROLE·ENV 코드는 근거가 없어 미부여로 평가된다.",True,0/1,"run1:ROLE_WINDOW_HATE,ROLE_WINDOW_POLARIZE"
ART002261721,인터넷 커뮤니티 활동이 윤리적 소비 참여에 미치는 영향: 온라인 사회자본과 공감 경험의 역할을 중심으로,김재우(전북대학교),2017,정보사회와 미디어,kor,OK,ROLE_FIELD_SOCIALCAPITAL,,run1:없음,"이 논문은 온라인 커뮤니티를 관계·담론이 형성되는 장으로 삼아, 그 안에서 발생하는 사회자본과 공감 경험이 청년들의 윤리적 소비 참여 의도에 어떻게 영향을 미치는지를 분석한다.","논문은 온라인 커뮤니티를 관계·담론이 형성되는 공간으로 보고, 그 안에서 사회자본이 청년들의 윤리적 소비 의도에 미치는 영향을 분석하므로 ROLE_FIELD_SOCIALCAPITAL 코드만 근거가 충분히 확보되어 부여된다.",True,0/1,run1:ROLE_FIELD_SOCIALCAPITAL
ART002765517,모성의 의료화: 맘카페의 모유수유 담론을 중심으로,왕혜숙(홍익대학교),2021,사회사상과 문화,kor,OK,ROLE_FIELD_PUBLICSPHERE,,run1:없음,"이 논문은 맘카페라는 온라인 커뮤니티를 모성의 의료화가 어떻게 논의되고 재생산되는 장으로 활용되는지를 분석하면서, 어머니들의 경험·지식이 공유되는 담론 형성 과정을 탐구한다.","논문은 맘카페를 모성 의료화 논의가 재생산되는 장으로 보고, 어머니들의 경험·지식이 공유되는 담론 형성 과정을 탐구하므로 공론장 역할에 가장 부합한다.",True,0/1,run1:ROLE_FIELD_PUBLICSPHERE
ART001880870,온라인 커뮤니티의 상호작용 의례: 자전거 커뮤니티 사례를 중심으로,심보선(경희사이버대학교),2014,문화와 사회,kor,OK,ROLE_FIELD_SOCIALCAPITAL,,run1:없음,"이 논문은 온라인 자전거 커뮤니티를 관계·담론이 형성되는 공간으로 삼아, 구성원들의 상호작용 의례와 그 과정에서 나타나는 규범·정서·갈등을 분석한다.","논문은 온라인 자전거 커뮤니티를 관계와 담론이 형성되는 공간으로 분석하므로, 이용자 간의 관계·연결(사회적 자본) 형성에 초점을 두어 ROLE_FIELD_SOCIALCAPITAL에 가장 부합한다.",True,0/1,run1:ROLE_FIELD_SOCIALCAPITAL
ART002793557,젠더 게임 해부하기: 정치적 부족주의에 입각한 반동의 정치에 대한 비판,윤지영(창원대학교),2021,문화와 사회,kor,OK,"ROLE_WINDOW_HATE, ROLE_WINDOW_POLARIZE",,run1:ROLE_WINDOW_GENDER,"이 논문은 온라인 커뮤니티를 젠더 갈등과 정치적 부족주의가 결집·전개되는 장으로 삼아, 그 담론 형성 과정을 분석하면서 동시에 이러한 담론이 사회 전반의 반동·혐오 비즈니스화와 정치화라는 외부 현상을 드러내는 사례로 활용한다.","논문은 온라인 커뮤니티를 젠더 갈등과 정치적 부족주의(폴라리제이션)의 결집·전개 장으로 분석하고, 그 담론이 반동·혐오 비즈니스화와 정치화라는 외부 현상을 드러내는 사례로 활용하므로 WINDOW_GENDER, WINDOW_POLARIZE, WINDOW_HATE 코드에 해당한다.",True,0/1,"run1:ROLE_WINDOW_HATE,ROLE_WINDOW_POLARIZE"
ART002700245,청년 불안정 노동자의 자본주의 미시세계: 물류센터와 편의점의 노동체험 서사에 대한 질적 내용분석,김우식(전국금속노동조합 노동연구원),2021,한국사회정책,kor,OK,ROLE_WINDOW_MISC,,run1:없음,"이 논문은 청년 불안정 노동자들의 노동체험 서사를 온라인 커뮤니티에 게시된 자료로 활용하여, 노동통제 체제와 현장 관계·계급 인식이라는 외부 사회현상을 분석한다.",논문은 온라인 커뮤니티 게시물을 노동통제 체제와 현장 관계·계급 인식이라는 외부 사회현상을 보여주는 창으로 활용하므로 WINDOW_MISC 코드가 가장 적합하다.,True,0/1,run1:ROLE_WINDOW_MISC
ART002911793,비대면 상황에서의 온라인 커뮤니티 활동이 삶 만족도에 미치는 영향: 코로나19 이전(2017년)과 이후(2021년) 비교를 중심으로,최미연(한양대학교 광고홍보학과),2022,정보사회와 미디어,kor,OK,ROLE_FIELD_SOCIALCAPITAL,,run1:없음,"이 논문은 온라인 커뮤니티를 사회적 자본이 형성·축적되는 장으로 삼아, 비대면·대면 상황에서의 활동이 삶의 만족도에 미치는 영향을 연령과 시기별로 비교 분석한다.","논문은 온라인 커뮤니티를 사회적 자본이 형성·축적되는 장으로 설정하고, 그 자본이 비대면·대면 활동을 통해 삶의 만족도에 미치는 영향을 연령·시기별로 비교하므로 ROLE_FIELD_SOCIALCAPITAL 코드가 가장 부합한다.",True,0/1,run1:ROLE_FIELD_SOCIALCAPITAL
ART002929752,뉴노멀 시대에 한국교회의 변화와 전망: 온라인 공동체를 중심으로,정재영(실천신학대학원대학교),2023,종교와 사회,kor,OK,ROLE_FIELD_SOCIALCAPITAL,,run1:없음,"이 논문은 코로나 이후 교회의 신앙생활과 공동체 형성을 위해 온라인 공동체를 하나의 사회적·종교적 장으로 보고, 신자들의 인식 변화와 소그룹 활동을 통해 온라인에서 형성되는 관계와 담론을 분석한다.",논문은 온라인 공동체를 관계와 담론이 형성되는 사회·종교적 장으로 분석하므로 관계 형성(사회자본) 역할이 가장 부합한다.,True,0/1,run1:ROLE_FIELD_SOCIALCAPITAL
ART002996782,온라인 커뮤니티 활동이 신뢰반경에 미치는 양면적 효과,김경준((재) 인천연구원),2023,한국사회학,kor,OK,ROLE_FIELD_SOCIALCAPITAL,ENV_ONLINE_ANNONIMITY,run1:없음,"이 논문은 온라인 커뮤니티를 낯선 타인과의 접촉을 통해 신뢰반경을 확대하거나 축소시키는 사회적 상호작용의 장으로 삼아, 익명성 수준과 커뮤니티 유형에 따른 양면적 효과를 실증적으로 분석한다.",논문은 온라인 커뮤니티를 신뢰·연결을 형성·조정하는 사회적 상호작용의 장으로 보고(ROLE_FIELD_SOCIALCAPITAL) 익명성 수준 차이를 비교 분석하므로(ENV_ONLINE_ANNONIMITY) 해당 두 코드를 높은 확률로 부여한다.,True,0/1,"run1:ENV_ONLINE_ANNONIMITY,ROLE_FIELD_SOCIALCAPITAL"
ART002953605,한국사회의 젠더갈등과 감정동학: 2022년 대선 여성가족부 폐지 담론을 중심으로,이혜수(강원대학교 사회통합연구센터),2023,지역사회학(Korean Regional Sociology),kor,OK,ROLE_WINDOW_GENDER,,run1:없음,"이 논문은 20-30대 여성 온라인 커뮤니티를 담론과 정체성이 형성·변화하는 장으로 삼아, 그 안에서 나타나는 감정동학과 사회적 드라마 과정을 분석하면서 동시에 그 담론이 반영하는 한국 사회의 젠더 갈등이라는 외부 사회현상을 조명한다.","논문은 온라인 커뮤니티를 여성들의 담론·정체성 형성 장으로 분석하면서, 그 담론이 반영하는 한국 사회의 젠더 갈등을 외부 현상으로 조명하므로 ROLE_WINDOW_GENDER 코드가 가장 부합한다.",True,0/1,run1:ROLE_WINDOW_GENDER
ART003200203,혐오와 혐오가 만날 때: 온라인 커뮤니티에 나타난 정치 혐오 및 사회 혐오 키워드의 결합에 대한 분석,정유라(중앙대학교),2025,정보사회와 미디어,kor,OK,"ROLE_WINDOW_HATE, ROLE_WINDOW_POLARIZE",,run1:없음,"이 논문은 온라인 커뮤니티의 게시글을 자료로 삼아, 정치·사회·문화적 혐오 키워드가 어떻게 교차·결합되는지를 분석함으로써 외부 사회현상의 양극화와 갈등을 조명한다.","논문은 온라인 커뮤니티 게시글을 통해 혐오 키워드의 결합이 정치·사회·문화적 양극화와 갈등을 어떻게 촉발하는지를 조명하므로, WINDOW_POLARIZE와 WINDOW_HATE 코드가 가장 적합하다.",True,0/1,"run1:ROLE_WINDOW_HATE,ROLE_WINDOW_POLARIZE"
ART003197419,미술계 온라인 커뮤니티 연구: “네오룩 아카이브(2000-2024)”의 텍스트마이닝 분석,배홍철(서울시립대학교 도시사회연구센터),2025,문화와 사회,kor,OK,"ROLE_FIELD_PUBLICSPHERE, ROLE_FIELD_SOCIALCAPITAL",,run1:없음,"이 논문은 미술계 온라인 커뮤니티를 미술계 내부의 공론장·협력망으로 보고, 그 텍스트 데이터를 토픽 모델링으로 분석해 미술계 지형과 담론 변화를 탐색한다.","논문은 온라인 커뮤니티를 미술계 내부의 공론장으로 기능하고 협력망(관계·네트워크) 형성의 장으로 분석하므로 FIELD_PUBLICSPHERE와 FIELD_SOCIALCAPITAL 코드에 높은 확률을 부여하고, 외부 사회현상을 보여주는 WINDOW 역할이나 커뮤니티 속성(회원제·운영·인구통계·생애주기·익명성)과 관련된 ENV 코드는 언급되지 않아 낮은 확률로 미부여 처리한다.",True,0/1,"run1:ROLE_FIELD_PUBLICSPHERE,ROLE_FIELD_SOCIALCAPITAL"
ART002887473,한국 결혼식 문화 속에서 개인과 가족의 인상 관리와 감정 수행성 체계: 온라인 커뮤니티 사례를 중심으로,서경원(전북대학교),2022,사회사상과 문화,kor,OK,ROLE_FIELD_SOCIALCAPITAL,,run1:없음,"이 논문은 온라인 커뮤니티를 관계·담론이 형성되는 장으로 삼아, 결혼식 문화 속에서 개인과 가족의 인상 관리와 감정 수행성을 분석한다.","논문은 온라인 커뮤니티를 관계·담론이 형성되는 장으로 활용해 결혼식 문화 속 인상 관리와 감정 수행성을 분석하므로, 커뮤니티 내에서 관계적 자원(사회적 자본)의 형성과 작동을 다루는 것으로 판단된다; 공론장 기능이나 외부 사회현상(정치·젠더·혐오 등) 및 환경적 특성에 대한 논의는 나타나지 않는다.",True,0/1,run1:ROLE_FIELD_SOCIALCAPITAL
ART003345453,플랫폼 식별가능성과 논란 담론의 감성: 디시인사이드 케이팝 아이돌 갤러리 분석,조성권(성균관대학교),2026,한국사회학,kor,ERR,,,run1:없음,"이 논문은 디시인사이드라는 온라인 커뮤니티를 참여 구조와 발화자 식별가능성이라는 제도적 환경 조건으로 보면서, 그 안에서 형성되는 논란 담론의 감성 방향과 강도를 분석한다.","논문은 디시인사이드 내부의 논란 담론 감성 분석에 초점을 맞추며, 공론장 역할, 사회자본 형성, 외부 사회현상(정치·젠더·혐오 등) 또는 커뮤니티 구조·인구통계·운영·수명·익명성 비교를 다루지 않으므로 모든 코드에 대해 근거가 부족해 미부여로 판단한다.",True,1/1,run1:없음
ART003283340,북한 인식과 온라인 통일 담론의 구조: ‘통일은 싫다면서 북한을 중국이나 다른 나라에 넘길 거냐?’ 발화에 대한 커뮤니티 댓글 분석,장동관(서울대학교),2025,현대북한연구,kor,OK,ROLE_WINDOW_POLARIZE,,run1:없음,"이 논문은 온라인 커뮤니티의 댓글을 자료로 삼아 남한의 북한 인식과 통일 담론 구조를 분석하면서, 그 담론이 드러내는 사회·정치적 프레임과 갈등을 외부 사회현상의 사례로 조명한다.","논문은 온라인 커뮤니티 댓글을 활용해 남한의 북한 인식·통일 담론을 분석하고, 그 담론에 나타난 사회·정치적 프레임과 갈등을 외부 사회현상의 사례로 조명하므로, 온라인 커뮤니티를 외부 현상의 '창'으로 보는 WINDOW_POLARIZE 역할이 가장 부합한다.",True,0/1,run1:ROLE_WINDOW_POLARIZE
ART003293670,윤리적 매개자로서 셀러브리티와 팬덤의 감정 정치: 갓생 세대의 장원영 소비하기,석승혜(강원대학교 사회통합연구센터),2025,문화와 사회,kor,OK,ROLE_WINDOW_MISC,,run1:없음,"이 논문은 더쿠·디시인사이드·네이트판 등 온라인 커뮤니티의 팬덤 담론을 분석하면서, 그 담론이 윤리적 주체화와 감정 정치, 그리고 신자유주의적 통치성이라는 외부 사회현상을 어떻게 재현하고 강화하는지를 탐구한다.","논문은 온라인 커뮤니티의 팬덤 담론이 외부 사회현상(윤리적 주체화·감정 정치·신자유주의적 통치성)을 재현·강화하는 방식을 탐구하므로, 커뮤니티를 사회현상의 '창'으로 보는 WINDOW_MISC 역할이 가장 부합한다.",True,0/1,run1:ROLE_WINDOW_MISC
ART003209387,게시글의 높은 추천 수는 커뮤니티 내 여론을 의미하는가?: 에펨코리아(FMkorea)의 게시글에 참여한 이용자 다양성과 추천 수의 관계,문기홍(연세대학교),2025,한국사회학,kor,OK,ROLE_FIELD_PUBLICSPHERE,,run1:없음,"이 논문은 온라인 커뮤니티를 관계·담론이 형성되는 장으로 삼아, 사용자 정체성 집단의 참여와 추천 투표 수 사이의 관계를 분석하고, 이를 통해 커뮤니티 내 여론 형성 메커니즘과 공론장으로서의 잠재력 및 한계를 설명한다.","논문은 온라인 커뮤니티를 의견·담론이 형성되는 공간으로 보고, 그 잠재력과 한계를 공론장 관점에서 설명하므로 ROLE_FIELD_PUBLICSPHERE 코드가 가장 부합한다.",True,0/1,run1:ROLE_FIELD_PUBLICSPHERE
ART003344551,청년 담론의 정동 회로 분석: 상처 입은 남성성의 보편화 과정,권김현영(성공회대학교),2026,경제와 사회,kor,ERR,,,run1:없음,"이 논문은 온라인 커뮤니티를 언급하지 않고, 청년 고통·보수화 담론의 정동 메커니즘을 이론적으로 분석한다.","논문이 온라인 커뮤니티를 전혀 언급하지 않으므로 모든 ROLE 및 ENV 코드에 해당 근거가 없으며, 모든 코드가 미부여로 평가된다.",True,1/1,run1:없음
ART001931662,"베버의 합리화, 인터넷 공간에서 어떻게 볼 것인가?",박창호(숭실대학교),2014,사회이론,kor,ERR,,,run1:없음,"이 논문은 온라인 커뮤니티를 인간행위와 합리성 이론을 적용·검토하는 연구 대상으로 삼아, 베버의 합리성 개념을 통해 인터넷 공간에서의 행위가 어떻게 합리화될 수 있는지를 이론적으로 분석한다.","논문은 온라인 커뮤니티를 인간행위와 베버의 합리성 이론을 적용해 이론적으로 분석하는 데 초점을 맞추며, 공론장 기능, 사회적 자본, 정치·젠더·혐오·기타 사회현상 창 역할, 혹은 커뮤니티의 구독·거버넌스·인구통계·생애주기·익명성 비교 등을 다루지 않으므로 모든 코드가 미부여가 된다.",True,1/1,run1:없음
ART003293674,펨코의 바깥을 탐색하기 위한 시론: 이준석-청년남성-온라인커뮤니티 결합의 균열을 상상하기,김선기(국립부경대학교 글로벌차이나연구소),2025,문화와 사회,kor,OK,ROLE_WINDOW_POLARIZE,,run1:없음,"이 논문은 온라인 커뮤니티를 외부 사회현상을 관찰하는 사례로 삼아, 펨코와 그 주변 디지털 환경에서 청년 남성의 보수·극우화 담론이 정치·사회적 결합과 어떻게 형성·전개되는지를 분석한다.","논문은 펨코를 통해 청년 남성의 보수·극우화 담론이 정치·사회적 결합과 형성·전개되는 과정을 분석하므로, 외부 사회현상의 정치적 양극화(ROLE_WINDOW_POLARIZE)를 설명하는 창 역할에 해당한다; 다른 FIELD·WINDOW·ENV 코드들은 초점 문장에 근거가 없으므로 낮은 확률로 미부여 처리한다.",True,0/1,run1:ROLE_WINDOW_POLARIZE
ART003198934,신상 털기 의향에 대한 개인 요인과 환경 요인의 조절 효과 분석,김유진(고려대학교 사회학과),2025,한국범죄학,kor,OK,ROLE_WINDOW_MISC,,run1:없음,"이 논문은 온라인 커뮤니티를 범죄유발적 환경 조건으로 삼아, 그 노출이 신상 털기 의향에 미치는 영향을 개인 요인과 함께 분석한다.","논문은 온라인 커뮤니티를 범죄를 촉진하는 환경으로 보고, 그 노출이 신상 털기 의향에 미치는 영향을 분석하므로, 범죄라는 사회현상을 보여주는 창 역할로서 ROLE_WINDOW_MISC에 해당한다.",True,0/1,run1:ROLE_WINDOW_MISC
ART001462583,사용확산모형을 적용한 소비자의 온라인 소셜 네트워크 활용에 대한 연구,나종연(서울대학교),2010,소비자학연구,kor,ERR,,,run1:없음,"이 논문은 소비자들이 정보 생산·확산·획득을 위해 온라인 소셜 네트워크를 활용하는 방식을 조사하고, 활용 유형과 그에 영향을 미치는 요인을 분석한다.","논문은 온라인 소셜 네트워크를 정보 생산·확산·획득의 도구로서 소비자 행동을 분석하지만, 공론장 역할, 관계 자원, 정치·젠더·혐오 현상, 혹은 커뮤니티 구조·운영·인구통계·생애주기·익명성 등 구체적 관점을 다루지 않으므로 모든 코드에 대한 근거가 부족하다.",True,1/1,run1:없음
ART001677056,멀티채널 환경에서 소비자는 어떻게 정보를 탐색하는가?: 선호하는 정보원천에 따른 소비자 유형화와 관련 요인,최아영(서울대학교),2012,소비자학연구,kor,ERR,,,run1:없음,"이 논문은 온라인 커뮤니티를 포함한 다양한 정보채널을 소비자들의 정보탐색 환경으로 삼아, 소비자들이 어떤 채널을 어떻게 조합해 이용하는지와 그에 따른 소비자 유형 및 행동 요인을 분석한다.","논문은 온라인 커뮤니티를 정보채널 중 하나로 다루며, 그 자체의 공론장 역할, 사회자본 형성, 혹은 특정 사회현상(정치·양극화·젠더·혐오 등)의 창 역할을 분석하지 않으며, 커뮤니티의 회원제·거버넌스·인구통계·생애주기·익명성 등 환경 요인도 비교·대조하지 않는다.",True,1/1,run1:없음
ART001167401,"온라인 커뮤니티 이용자 몰입에 관한 연구- 온라인 커뮤니티 신뢰, 태도, 몰입간의 관계를 중심으로-",이국용(전주대),2005,산업경제연구,kor,OK,ROLE_FIELD_SOCIALCAPITAL,,run1:없음,"이 논문은 온라인 커뮤니티를 관계·담론이 형성되는 공간으로 삼아, 커뮤니티 특성(친밀감·상호작용성·놀이성·편리성·명성·콘텐츠)이 사용자 신뢰와 태도를 매개로 이용자 몰입에 미치는 영향을 분석한다.","논문은 온라인 커뮤니티를 관계·담론이 형성되는 공간으로 보고, 사용자 신뢰와 태도의 매개 효과를 분석하므로 관계·연결(사회자본) 역할이 중심이며, 공론장·정치·젠더·혐오·기타 사회현상·환경적 요인에 대한 언급은 없다.",True,0/1,run1:ROLE_FIELD_SOCIALCAPITAL
ART001433712,네트노그라피를 활용한 소비자의 온라인 소비자 커뮤니티 참여행동 분석,최아영(서울대학교),2010,소비자학연구,kor,ERR,,,run1:없음,"이 논문은 온라인 소비자 커뮤니티를 참여 행동이 형성·표현되는 장(field)으로 삼아, 네트노그라피를 통해 소비자들의 게시글·댓글을 분석하고 참여 유형과 행동 양태를 도출한다.","논문은 온라인 소비자 커뮤니티를 참여 행동이 형성·표현되는 장(field)으로 분석하지만, 공론장 역할, 신뢰·연대·네트워크 등 사회적 관계 자원, 혹은 정치·젠더·혐오 등 외부 현상을 창(window)으로 다루지 않으며, 커뮤니티의 회원제·운영·인구통계·생애주기·익명성 등 환경적 변수를 비교·대조하지도 않는다.",True,1/1,run1:없음
ART002047193,텍스트 마이닝을 이용한 온라인 해외직접구매에 대한 소비자 반응 분석,이진명(서울대학교),2015,소비자학연구,kor,OK,ROLE_WINDOW_MISC,,run1:없음,"이 논문은 온라인 커뮤니티의 소비자 게시글을 자료로 삼아 해외직접구매에 대한 소비자 반응과 가치 갈등을 분석함으로써, 온라인 해외직접구매라는 외부 사회현상을 관찰하고 설명한다.","논문은 온라인 커뮤니티를 해외직접구매라는 외부 사회현상을 보여주는 창(window)으로 활용하고 있으며, 해당 현상을 설명한다는 점에서 ROLE_WINDOW_MISC가 가장 적합하다.",True,0/1,run1:ROLE_WINDOW_MISC
ART002603053,소비자 간 거래 플랫폼에서의 신뢰의 구성과 형성요인,이보한(서울대학교 생활과학연구소),2020,소비자학연구,kor,OK,ROLE_FIELD_SOCIALCAPITAL,,run1:없음,이 논문은 온라인 커뮤니티에서 수집한 질적 자료를 텍스트 마이닝으로 분석하여 소비자 간 거래 플랫폼에서 신뢰가 어떻게 구성되고 형성되는지를 탐구한다.,"논문은 온라인 커뮤니티 내 질적 자료를 텍스트 마이닝해 소비자 간 거래 플랫폼에서 신뢰의 구성·형성을 탐구하므로, 신뢰라는 관계적 자원의 형성을 분석하는 FIELD_SOCIALCAPITAL 역할에 해당한다.",True,0/1,run1:ROLE_FIELD_SOCIALCAPITAL
ART000868270,온라인 커뮤니티를 통한 거래수행의도에 영향을 미치는 요인에 관한 연구,강명수(서울대학교),2003,소비자학연구,kor,OK,ROLE_FIELD_SOCIALCAPITAL,,run1:없음,"이 논문은 온라인 커뮤니티를 거래 의도를 촉진하는 관계·규범이 형성되는 장으로 삼아, 동류의식·의례·책임감 등 커뮤니티 특성이 거래 수행 의도에 미치는 영향을 분석한다.","논문은 온라인 커뮤니티를 관계·규범이 형성되는 공간으로 보고, 동류의식·의례·책임감 등 커뮤니티 특성이 거래 의도에 미치는 영향을 분석하므로 사회적 자원(신뢰·연대·네트워크) 형성에 초점을 맞춘 FIELD_SOCIALCAPITAL에 해당한다.",True,0/1,run1:ROLE_FIELD_SOCIALCAPITAL
ART001462571,온라인 소비자행동 연구의 현황과 과제,박철(고려대학교),2010,소비자학연구,kor,ERR,,,run1:없음,"이 논문은 온라인 소비자 행동 연구의 현황을 검토하고 향후 과제를 제시하며, 온라인 커뮤니티는 연구 주제 중 하나로 언급될 뿐 실제 분석 대상이나 활용 대상으로는 다루지 않는다.","온라인 커뮤니티가 단순히 연구 주제로 언급될 뿐 분석 대상이나 활용 대상으로 다루어지지 않으므로, 모든 ROLE 및 ENV 코드에 해당 근거가 없으며 모두 미부여로 판단한다.",True,1/1,run1:없음
ART001204301,온라인 게임 커뮤니티 동일시가 플로우와 e-애호도에 미치는 영향,김성호(경남과학기술대학교),2007,산업경제연구,kor,ERR,,,run1:없음,"이 논문은 온라인 게임 커뮤니티를 참여자들의 동일시와 플로우가 어떻게 형성되고 상호작용하는지를 분석하며, 이러한 내부 과정이 다차원적 애호도에 미치는 영향을 규명한다.","초점 문장은 온라인 게임 커뮤니티 내에서 동일시와 플로우의 형성·상호작용을 다루며, 외부 사회현상(양극화·젠더·혐오 등)이나 공론장·관계자원 역할, 회원제·운영·인구통계·생애주기·익명성 비교 등을 언급하지 않으므로 모든 ROLE 및 ENV 코드에 대한 근거가 없으며, 따라서 모든 코드가 미부여로 평가된다.",True,1/1,run1:없음
ART001333816,온라인커뮤니티 사이트에서 하위네트워크의 특성이 정보의 초기 확산에 미치는 영향에 관한 연구,옥경영(MIT CIPD),2009,소비자학연구,kor,ERR,,,run1:없음,"이 논문은 온라인 커뮤니티를 정보 확산이 일어나는 네트워크 현장으로 삼아, 하위네트워크의 구조적 특성(경로 길이, 군집계수, 매개중앙성, 인접중앙성)이 정보 초기 확산의 규모와 속도에 미치는 영향을 분석한다.","논문은 온라인 커뮤니티를 정보 확산 네트워크 현장으로만 활용하고, 공론장, 사회적 자본, 정치·젠더·혐오 현상, 혹은 커뮤니티의 구독·거버넌스·인구통계·생애주기·익명성 등 환경적 요인을 분석 대상으로 삼지 않는다.",True,1/1,run1:없음
ART001411514,"브랜드 커뮤니티의 지원 서비스가 커뮤니티 강화요인, 커뮤니티 충성도 및 기업브랜드 충성도에 미치는 영향: 온라인 음악 브랜드 커뮤니티를 중심으로",김정구(성균관대학교),2009,소비자학연구,kor,OK,ROLE_FIELD_SOCIALCAPITAL,,run1:없음,"이 논문은 온라인 음악 브랜드 커뮤니티를 관계·담론이 형성되는 장으로 삼아, 지원 서비스가 커뮤니티 강화요인과 충성도에 미치는 영향을 분석하고, 그 충성도가 기업 브랜드 충성도로 이어지는 과정을 탐구한다.","논문은 온라인 음악 브랜드 커뮤니티를 관계·담론이 형성되는 장으로 설정해 지원 서비스가 커뮤니티 강화와 충성도에 미치는 영향을 분석하므로, 관계·연결·신뢰 등 사회적 자원의 형성을 다루는 ROLE_FIELD_SOCIALCAPITAL 코드가 가장 적합하다.",True,0/1,run1:ROLE_FIELD_SOCIALCAPITAL
ART002209363,일본의 미세먼지 대책과 미세먼지 저감을 위한 한중일 협력,이수철(메이죠대학),2017,자원환경경제연구,kor,ERR,,,run1:없음,"이 논문은 온라인 커뮤니티를 분석 대상이나 연구 도구로 활용하지 않고, 미세먼지 문제와 한중일 협력 정책을 논의한다.",논문은 온라인 커뮤니티를 분석 대상이나 도구로 전혀 사용하지 않고 미세먼지와 한중일 협력 정책만을 논의하므로 모든 ROLE 및 ENV 코드에 해당하지 않는다.,True,1/1,run1:없음
ART002463177,에어비앤비에 대한 소비자의 긍정적·부정적 인식: 온라인커뮤니티 게시글 내용에 대한 텍스트분석을 중심으로,윤동원(성균관대학교 소비자가족학과 석사),2019,소비자학연구,kor,ERR,,,run1:없음,이 논문은 에어비앤비에 대한 온라인 커뮤니티 게시글을 자료로 삼아 소비자들의 긍정·부정 인식을 텍스트마이닝과 사회 연결망 분석을 통해 탐구한다.,"논문은 온라인 커뮤니티 게시글을 이용해 소비자 인식을 분석하지만, 커뮤니티 자체의 공론장 역할, 관계 자원 형성, 외부 사회현상(정치·젠더·혐오 등) 또는 커뮤니티 구조·운영·인구통계·생애주기·익명성 비교를 다루지 않으므로 모든 코드에 대해 낮은 확률을 부여한다.",True,1/1,run1:없음
ART001512954,온라인 커뮤니티 내 다방향적 의사소통의 영향에 대한 연구: 게시자 전형성의 조절효과를 중심으로,임훈(서울시립대학교),2010,소비자학연구,kor,OK,ROLE_FIELD_SOCIALCAPITAL,,run1:없음,"이 논문은 온라인 커뮤니티를 관계·담론이 형성되는 공간으로 삼아, 게시자 전형성과 댓글 성향이 다방향적 의사소통 과정에서 커뮤니티 및 브랜드 평가, 집단 정체성(자긍심·수치심)에 미치는 영향을 실험적으로 분석한다.","논문은 온라인 커뮤니티를 관계·담론이 형성되는 공간으로 설정하고, 그 안에서의 상호작용이 평가와 정체성에 미치는 영향을 실험적으로 분석하므로, 관계적 자원(신뢰·연대·네트워크) 형성에 초점을 둔 ROLE_FIELD_SOCIALCAPITAL이 가장 부합한다.",True,0/1,run1:ROLE_FIELD_SOCIALCAPITAL
ART001677127,온라인 커뮤니티 행동의 의례화(Ritualization) 모델: 선행요인과 결과요인,박철(고려대학교),2012,소비자학연구,kor,OK,ROLE_FIELD_SOCIALCAPITAL,,run1:없음,"이 논문은 온라인 커뮤니티를 관계·담론이 형성되는 장으로 삼아, 의례화 과정과 그 선행·결과 요인을 분석하고, 커뮤니티 내 규범과 감정적 유대가 어떻게 신성한 소비 행동으로 이어지는지를 검증한다.","논문은 온라인 커뮤니티를 관계·담론이 형성되는 장으로 보고 규범과 감정적 유대(사회적 관계) 분석에 초점을 맞추어 사회적 자본(SOCIALCAPITAL) 역할을 검증하므로 해당 코드를 부여하고, 외부 현상(윈도우)이나 환경적 요인에 대한 언급이 없으므로 나머지 코드는 미부여로 판단한다.",True,0/1,run1:ROLE_FIELD_SOCIALCAPITAL
ART002121271,온라인 커뮤니티에서 나타난 건강정보 전파 분석에 관한 연구: 공적/사적 의료 지식에 미치는 커뮤니티 내 연결망,곽진아(한국과학기술원),2016,통계연구,kor,OK,"ROLE_FIELD_PUBLICSPHERE, ROLE_FIELD_SOCIALCAPITAL",,run1:없음,"이 논문은 온라인 커뮤니티를 보건·의료 정보가 전파되고 담론이 형성되는 장으로 삼아, 네트워크 구조와 개인의 영향력이 공적·사적 의료 지식의 확산에 어떻게 차이를 보이는지를 분석한다.","논문은 온라인 커뮤니티를 보건·의료 담론이 형성되는 공론장으로 보고, 네트워크 구조와 개인 영향력을 분석함으로써 사회적 자원(네트워크) 역할을 동시에 조명한다.",True,0/1,"run1:ROLE_FIELD_PUBLICSPHERE,ROLE_FIELD_SOCIALCAPITAL"
ART002977329,전기차에 대한 소비자 인식 연구: 구조적 토픽모델(STM)을 중심으로,선정은(성균관대학교),2023,소비자학연구,kor,OK,ROLE_WINDOW_MISC,,run1:없음,이 논문은 온라인 커뮤니티에 생성된 소비자 게시글을 자료로 삼아 전기차에 대한 소비자 인식과 태도 변화를 분석한다.,"논문은 전기차에 대한 소비자 인식·태도 변화를 분석하는 데 초점을 맞추며, 이는 기존 FIELD·WINDOW·ENV 카테고스에 해당하지 않는 기타 사회현상으로 ROLE_WINDOW_MISC에 가장 부합한다.",True,0/1,run1:ROLE_WINDOW_MISC
ART001167066,로지스틱 회귀분석을 이용한 제품구매군 판별에 영향을 미치는 커뮤니티 요인에 관한 연구,김주안(서남대학교),2005,산업경제연구,kor,ERR,,,run1:없음,"이 논문은 온라인 커뮤니티를 제품 구매 의도에 영향을 미치는 환경적 요인으로 삼아, 커뮤니티 이용 요인(상호작용, 정보품질, 흥미·관심 등)이 구매 의도 집단을 어떻게 구분하는지를 분석한다.","논문은 온라인 커뮤니티를 구매 의도에 영향을 주는 환경 요인으로만 다루며, 공론장 기능, 사회적 자본, 정치·젠더·혐오 등 특정 사회현상, 혹은 회원제·거버넌스·인구통계·생애주기·익명성 등 비교 분석 요소를 언급하지 않으므로 모든 코드가 미부여가 된다.",True,1/1,run1:없음
ART002099177,Tier 1과 2 수준을 복합한 에너지부문 온실가스 인벤토리의 불확도 평가,전봉걸(서울시립대학교),2016,에너지경제연구,kor,ERR,,,run1:없음,"이 논문은 온라인 커뮤니티를 다루지 않으며, 온실가스 인벤토리의 Tier 1과 Tier 2 방법을 결합한 불확도 평가 방법을 제시하고 적용한다.","논문이 온라인 커뮤니티를 전혀 다루지 않으며, 온실가스 인벤토리와 불확도 평가에만 초점을 맞추고 있기 때문에 모든 ROLE 및 ENV 코드에 해당하지 않는다.",True,1/1,run1:없음
ART001503684,국민계정과 온실가스 배출:한국의 NAMEA-air 편제,김종호(한국환경정책평가연구원),2010,자원환경경제연구,kor,ERR,,,run1:없음,"이 논문은 온라인 커뮤니티를 전혀 다루지 않으며, 온실가스 배출량과 경제통계의 연계 분석에 초점을 맞춘다.","논문이 온라인 커뮤니티를 전혀 다루지 않고 온실가스와 경제통계만을 분석하므로, 모든 ROLE 및 ENV 코드에 해당하는 근거가 없으며 모두 미부여로 판단한다.",True,1/1,run1:없음
ART003125082,수능 킬러문항 배제에 대한 감성분석: 교육 소비자로서의 학부모 댓글을 통한 정책 반응 평가,김수현(전남대학교 경제학부),2024,소비자정책교육연구,kor,OK,ROLE_WINDOW_MISC,,run1:없음,이 논문은 온라인 커뮤니티의 댓글을 자료로 삼아 학부모들의 정책 반응을 분석함으로써 교육 정책이라는 외부 사회현상을 관찰한다.,"논문은 온라인 커뮤니티 댓글을 활용해 학부모의 정책 반응을 분석함으로써 교육 정책이라는 외부 사회현상을 관찰하므로, WINDOW_MISC 코드가 가장 적합하다.",True,0/1,run1:ROLE_WINDOW_MISC
ART003071772,월별 자료를 이용한 선도적인 에너지 분야 온실가스 배출량 산정,민선영(중앙대학교 경제학과),2024,에너지경제연구,kor,ERR,,,run1:없음,이 논문은 온라인 커뮤니티를 연구 대상이나 분석 도구로 활용하지 않는다.,"논문이 온라인 커뮤니티를 연구 대상이나 분석 도구로 전혀 사용하지 않으므로, FIELD, WINDOW, ENV 어느 카테고리에도 해당하는 근거가 존재하지 않는다.",True,1/1,run1:없음
ART003063796,탄소감축 정책의 경제적 영향: 거시계량모형에 기반한 배출권가격 변동 효과 분석,이제훈(연세대학교 경제학부;NEXT group),2024,자원환경경제연구,kor,ERR,,,run1:없음,"이 논문은 온라인 커뮤니티를 전혀 언급하지 않아, 온라인 커뮤니티를 분석 대상이나 연구 도구로 활용하지 않는다.","논문이 온라인 커뮤니티를 전혀 언급하지 않으므로 모든 ROLE 및 ENV 코드에 해당하는 근거가 없으며, 따라서 모든 코드는 미부여로 판단된다.",True,1/1,run1:없음
ART001885604,에너지분야 온실가스 인벤토리의 불확도에 관한 연구: Tier 1 에러전파방법을 이용한 추정,황인창(암스테르담 자유대학),2014,자원환경경제연구,kor,ERR,,,run1:없음,"이 논문은 온라인 커뮤니티를 전혀 다루지 않으며, 에너지 분야 온실가스 인벤토리의 불확도를 추정하고 정책적 함의를 제시한다.","본문에 온라인 커뮤니티와 관련된 역할, 현상, 환경 요인이 전혀 언급되지 않아 모든 코드에 해당 근거가 없으므로 모두 미부여로 판단한다.",True,1/1,run1:없음
ART002795513,유럽연합의 북극 지역 메탄 감축을 위한 정책 방향과 정책상의 발전 제고 요인,정혁(한국외국어대학교),2021,EU학 연구,kor,ERR,,,run1:없음,"이 논문은 온라인 커뮤니티를 전혀 다루지 않으며, 유럽연합의 북극 지역 메탄 감축 정책과 그 발전 요인을 분석한다.","논문이 온라인 커뮤니티를 전혀 다루지 않으며, 정책 및 메탄 감축 요인 분석에만 초점을 맞추고 있기 때문에 모든 ROLE 및 ENV 코드에 해당하는 근거가 존재하지 않는다.",True,1/1,run1:없음
ART001214038,"온라인 커뮤니티 명성, 사회적 실재감, 상호작용성, 즐거움이 성과형성에 미치는 영향 연구 : 신뢰와 몰입을 매개로",문영주(우송대학교),2008,e-비즈니스연구,kor,OK,ROLE_FIELD_SOCIALCAPITAL,,run1:없음,"이 논문은 온라인 커뮤니티를 관계·담론이 형성되는 공간으로 삼아, 명성·사회적 실재감·상호작용성·즐거움 등 커뮤니티 특성이 신뢰와 몰입을 매개로 성과형성에 미치는 영향을 분석한다.","논문은 온라인 커뮤니티를 관계·담론이 형성되는 공간으로 보고, 명성·사회적 실재감·상호작용성·즐거움 등 특성이 신뢰와 몰입을 매개해 성과에 미치는 영향을 분석하므로, 이용자 간 신뢰·연결(사회적 자본) 연구에 해당한다.",True,0/1,run1:ROLE_FIELD_SOCIALCAPITAL
ART001498881,대학의 온라인 커뮤니티 특성이 커뮤니티 몰입과 재이용의도에 미치는 영향에 관한 연구,이항(가천의과학대학교),2010,e-비즈니스연구,kor,OK,ROLE_FIELD_SOCIALCAPITAL,,run1:없음,"이 논문은 대학 온라인 커뮤니티를 관계·담론이 형성되는 공간으로 보고, 개인 특성과 커뮤니티의 상호작용성·정보제공성이 몰입, 만족, 재이용 의도에 미치는 영향을 분석한다.","논문은 대학 온라인 커뮤니티를 관계와 담론이 형성되는 공간으로 규정하고, 이러한 상호작용이 이용자의 몰입·만족·재이용 의도에 미치는 영향을 분석하므로, 사회적 자원(신뢰·연대·네트워크) 형성에 초점을 둔 ROLE_FIELD_SOCIALCAPITAL 코드가 가장 부합한다.",True,0/1,run1:ROLE_FIELD_SOCIALCAPITAL
ART001506483,온라인 게임 커뮤니티의 상호작용이 자기표현욕구와 게임 참여의도에 미치는 영향,박승배(서울과학기술대학교),2010,e-비즈니스연구,kor,OK,ROLE_FIELD_SOCIALCAPITAL,,run1:없음,"이 논문은 온라인 게임 커뮤니티를 관계·담론이 형성되는 공간으로 삼아, 디자인·사용·커뮤니티 상호작용이 자기표현욕구와 게임 참여 의도에 미치는 영향을 분석한다.","논문은 온라인 게임 커뮤니티를 관계·담론이 형성되는 공간으로 설정하고, 그 상호작용이 자기표현과 참여 의도에 미치는 영향을 분석하므로, 관계·담론 형성이라는 점에서 사회적 자본(RELATIONAL RESOURCE) 역할을 강조한다.",True,0/1,run1:ROLE_FIELD_SOCIALCAPITAL
ART001219520,온라인 커뮤니티 특성이 성과에 미치는 영향 연구,문영주(우송대학교),2007,e-비즈니스연구,kor,OK,ROLE_FIELD_SOCIALCAPITAL,,run1:없음,"이 논문은 온라인 커뮤니티를 기업 마케팅 전략의 환경 조건으로 삼아, 커뮤니티 명성·사회적 실재감·즐거움·상호작용성 등 특성이 충성도와 구매 의도 같은 성과에 미치는 영향을 분석한다.","논문은 커뮤니티 명성·사회적 실재감·즐거움·상호작용성 등 내부 특성이 충성도와 구매 의도에 미치는 영향을 분석하므로, 온라인 커뮤니티를 관계·연대·신뢰와 같은 사회적 자원을 형성·작동하는 공간으로 보는 FIELD_SOCIALCAPITAL 시각이 가장 부합한다.",True,0/1,run1:ROLE_FIELD_SOCIALCAPITAL
ART001594779,온라인 브랜드 커뮤니티에서 가치적합성이 관계품질과 충성도에 미치는 영향,김정희(제주대학교),2011,유통경영학회지,kor,OK,ROLE_FIELD_SOCIALCAPITAL,,run1:없음,"이 논문은 온라인 브랜드 커뮤니티를 관계·담론이 형성되는 장으로 삼아, 커뮤니티와 구성원 간의 가치적합성이 관계품질과 브랜드 충성도에 미치는 영향을 분석한다.","논문은 온라인 브랜드 커뮤니티를 관계·담론이 형성되는 장으로 설정하고, 가치적합성이 관계품질에 미치는 영향을 분석함으로써 커뮤니티를 신뢰·연대·네트워크와 같은 관계적 자원이 작동하는 공간으로 다루고 있다.",True,0/1,run1:ROLE_FIELD_SOCIALCAPITAL
ART001759445,사회적 자본의 효과에 관한 네트워크적 접근: Bonding vs. Bridging,윤성준(경기대학교),2013,e-비즈니스연구,kor,OK,ROLE_FIELD_SOCIALCAPITAL,,run1:없음,"이 논문은 온라인 커뮤니티를 관계·담론이 형성되는 장으로 삼아, 결속형과 가교형 사회적 자본이 개인의 심리적 웰빙과 SNS 참여(양·질적) 등에 미치는 영향을 분석한다.","논문은 온라인 커뮤니티를 관계·담론이 형성되는 공간으로 보고, 그 안에서 결속형·가교형 사회적 자본이 개인의 심리적 웰빙과 SNS 참여에 미치는 영향을 분석하므로 ROLE_FIELD_SOCIALCAPITAL 코드가 가장 부합한다.",True,0/1,run1:ROLE_FIELD_SOCIALCAPITAL
ART001027606,온라인 커뮤니티 결정요인이 재방문의도에 미치는 영향 연구,문영주(협성대학교),2006,e-비즈니스연구,kor,OK,ROLE_FIELD_SOCIALCAPITAL,,run1:없음,"이 논문은 온라인 커뮤니티를 참여자들의 사회적 실재감·즐거움·몰입·신뢰 등 내부 요인이 재방문 의도에 미치는 영향을 분석하는 장(field)으로 삼아, 이러한 요인들이 커뮤니티 이용 지속성에 어떻게 작용하는지를 조사한다.","논문은 온라인 커뮤니티 내에서 신뢰·즐거움·몰입 등 관계적 자원(사회적 실재감)과 같은 내부 요인이 재방문 의도에 미치는 영향을 분석하므로, FIELD_SOCIALCAPITAL 코드가 가장 적합하다.",True,0/1,run1:ROLE_FIELD_SOCIALCAPITAL
ART002674338,"전시컨벤션 온라인 리뷰 특성이 관람객 태도, 만족 및 구전행동에 미치는 영향",윤선영(경기대학교),2020,무역전시연구,kor,ERR,,,run1:없음,"이 논문은 전시컨벤션 온라인 리뷰를 자료로 삼아, 그 리뷰 특성이 관람객의 태도·만족·구전행동에 미치는 영향을 분석한다.","제시된 문장에서는 온라인 커뮤니티를 공론장이나 관계형 자원으로 분석하거나, 정치·성별·혐오 등 특정 사회현상을 설명하는 창으로 활용한다는 근거가 없으며, 커뮤니티의 구독제, 운영·거버넌스, 인구통계, 생애주기, 익명성 등 환경적 요인에 대한 비교도 제시되지 않는다.",True,1/1,run1:없음
ART001284003,온라인 포털사이트 커뮤니티와 고객충성도에 관한 실증분석,이제홍(조선대학교),2008,e-비즈니스연구,kor,OK,ROLE_FIELD_SOCIALCAPITAL,,run1:없음,"이 논문은 포털 사이트의 온라인 커뮤니티를 고객과 기업 간 관계·의식이 형성되는 장으로 삼아, 커뮤니티 관리 활동과 의식이 웹사이트 충성도에 미치는 영향을 분석한다.","논문은 온라인 커뮤니티를 고객‑기업 관계와 의식이 형성되는 공간으로 보고, 관리 활동과 의식이 충성도에 미치는 영향을 분석하므로 관계·연대·신뢰와 같은 사회적 자원 형성에 초점을 맞춘 사회자본(Field‑SocialCapital) 관점에 가장 부합한다; 공론장, 정치·젠더·혐오 등 외부 현상(window)이나 커뮤니티의 구독·운영·인구통계·생애주기·익명성 등 환경적 요인에 대한 언급이 없으므로 해당 코드는 미부여로 평가한다.",True,0/1,run1:ROLE_FIELD_SOCIALCAPITAL
ART002164412,Big Data as a Solution to Shrinking the Shadow Econom,남명기(한국정보화진흥원 K-ICT 빅데이터센터),2016,e-비즈니스연구,kor,OK,ROLE_WINDOW_MISC,,run1:없음,"이 논문은 온라인 커뮤니티를 사회경제적 현상인 그림자 경제를 감시·감지하기 위한 데이터 원천으로 활용하며, 그 데이터를 통해 세금 회피 행위와 관련된 범죄 활동을 분석한다.","논문은 온라인 커뮤니티를 그림자 경제 감시·감지의 데이터 원천으로 활용해 세금 회피와 관련된 범죄 활동을 분석하므로, 사회현상을 보여주는 창 역할(ROLE_WINDOW_MISC)으로 가장 부합한다.",True,0/1,run1:ROLE_WINDOW_MISC
ART003043453,"온라인 커뮤니티 행동의 결정요인에 관한 연구: 사회적 자본, 정보소유감 및 자기노출의 역할을 중심으로",김희연(경기대학교),2023,무역연구,kor,OK,ROLE_FIELD_SOCIALCAPITAL,,run1:없음,"이 논문은 온라인 커뮤니티를 관계·담론이 형성되는 장으로 삼아, 사회적 자본, 정보소유감, 자기노출 등이 커뮤니티 활동에 미치는 영향을 분석한다.","논문은 온라인 커뮤니티를 관계·담론이 형성되는 공간으로 보고, 사회적 자본을 주요 분석 대상으로 삼아 그 영향력을 검토한다.",True,0/1,run1:ROLE_FIELD_SOCIALCAPITAL
ART002399227,참여유형에 따른 온라인 커뮤니티 태도 형성과정보확산 활동에 미치는 영향,경종수(선문대학교),2018,e-비즈니스연구,kor,ERR,,,run1:없음,"이 논문은 온라인 커뮤니티를 관계·담론이 형성되는 장으로 삼아, 참여 유형이 구성원들의 태도 형성과 정보·구전 확산 활동에 미치는 영향을 분석한다.","논문은 온라인 커뮤니티를 관계와 담론이 형성되는 공간으로 보고 참여 유형이 구성원 태도와 정보·구전 확산에 미치는 영향을 분석하므로, FIELD_SOCIALCAPITAL에 가장 근접하지만 구체적인 신뢰·연대·네트워크 언급이 없어 확정 부여는 하지 않는다; 공론장, 외부 사회현상, 그리고 환경적 변수에 대한 언급이 없으므로 모든 WINDOW·ENV 코드는 미부여로 평가한다.",True,1/1,run1:없음
ART002987934,온라인 커뮤니티를 통한 항공사 객실승무원의 준사회적 상호작용 탐색,남아현(부산대학교),2023,e-비즈니스연구,kor,OK,ROLE_FIELD_SOCIALCAPITAL,,run1:없음,"이 논문은 직장인 온라인 커뮤니티를 승무원들의 준사회적 상호작용이 형성되는 장으로 삼아, 그 상호작용이 조직몰입, 조직시민행동 및 고객지향성에 미치는 영향을 분석한다.",논문은 온라인 커뮤니티를 승무원들의 준사회적 상호작용이 형성되는 장으로 설정해 관계적 자원(사회적 자본)의 형성과 그 효과를 분석하므로 ROLE_FIELD_SOCIALCAPITAL에 해당한다.,True,0/1,run1:ROLE_FIELD_SOCIALCAPITAL
ART002061051,스마트 러닝을 활용한 창의적 영어 글쓰기 교실의 성과에 관한 연구,김민정(서울과학기술대학교 어학교육원),2015,e-비즈니스연구,kor,ERR,,,run1:없음,"이 논문은 온라인 커뮤니티를 학습자들이 반응일기와 문학일기를 공유하고 상호 의견 교환을 하는 학습 도구 및 환경으로 활용하며, 스마트 러닝이 창의적 영어 글쓰기 교육에 미치는 효과를 분석한다.","논문은 온라인 커뮤니티를 학습 도구·환경으로만 활용하고, 공론장, 사회적 자본, 정치·젠더·혐오 등 외부 사회현상, 혹은 회원제·운영·인구통계·생애주기·익명성 등 커뮤니티 속성에 대한 비교·분석을 전혀 언급하지 않으므로 모든 코드가 부여되지 않는다.",True,1/1,run1:없음
ART001593418,온라인 쇼핑몰 시장의 커뮤니티 충성도와 구매의도에 관한 연구,이정호(조선대학교),2011,e-비즈니스연구,kor,OK,ROLE_FIELD_SOCIALCAPITAL,,run1:없음,"이 논문은 온라인 쇼핑몰 내 고객 커뮤니티를 관계·담론이 형성되는 장으로 삼아, 커뮤니티 충성도가 구매 의도에 미치는 영향을 분석한다.","논문은 고객 커뮤니티를 관계와 담론이 형성되는 공간으로 보고, 그 관계적 자원이(충성도)와 구매 의도 간의 영향을 분석하므로 사회적 자원(사회적 자본) 역할에 해당한다.",True,0/1,run1:ROLE_FIELD_SOCIALCAPITAL
ART001235718,자기조직화지도와 사례기반추론을 결합한 추천 모형: 온라인 커뮤니티 추천 시스템의 사례,이형용(한성대학교),2008,e-비즈니스연구,kor,ERR,,,run1:없음,"이 논문은 온라인 커뮤니티를 기술·제도적 환경 조건으로 삼아, 추천 시스템 모델을 설계하고 그 정확도와 효율성을 실증적으로 분석한다.","주어진 문장은 온라인 커뮤니티를 분석 대상이 아닌 기술·제도적 환경으로만 언급하고, 공론장·관계자원·정치·젠더·혐오 등 사회현상이나 커뮤니티의 회원제·운영·인구통계·생애주기·익명성 등을 비교·분석한다는 내용이 없으므로 모든 코드에 대해 부여 기준을 충족하지 않는다.",True,1/1,run1:없음
ART001774859,How Consumer's Satisfaction with Online Brand Communities Influences Brand Relationship Quality and Loyalty?,"Jang, Gang(제주대학교)",2013,유통경영학회지,kor,ERR,,,run1:없음,"이 논문은 온라인 브랜드 커뮤니티를 마케팅 도구로 활용하여, 커뮤니티 만족도가 브랜드 신뢰·만족·충성도 등 관계 품질에 미치는 영향을 분석한다.","초점 문장은 온라인 브랜드 커뮤니티를 마케팅 도구로 활용해 관계 품질에 미치는 영향을 분석한다는 내용만을 담고 있어, 공론장 역할, 사회적 자본, 정치·젠더·혐오 등 사회현상 창 역할, 혹은 커뮤니티 구조·운영·인구통계·생애주기·익명성 등 환경 요인에 대한 언급이 전혀 없으므로 모든 코드에 대해 근거가 부족해 미부여로 판단한다.",True,1/1,run1:없음
ART002364621,글로벌 전자상거래 시장에서 브랜드 팬페이지의 활용가능성에 관한 연구,강인원(경희대학교),2018,통상정보연구,kor,OK,ROLE_WINDOW_MISC,,run1:없음,"이 논문은 온라인 커뮤니티인 브랜드 팬페이지를 정체성 형성과 소비행동이 일어나는 장으로 삼아, 이용자들의 참여동기와 동일시 수준이 브랜드 애착 등에 미치는 영향을 분석한다.","논문은 브랜드 팬페이지를 정체성 형성과 소비행동이라는 외부 사회현상을 관찰하는 창으로 활용하므로 WINDOW_MISC 코드가 가장 부합한다; 공론장, 사회자본, 정치·젠더·혐오와 같은 현상은 다루지 않으며, 회원제·운영·인구통계·생애주기·익명성 등 환경적 요인에 대한 언급도 없다.",True,0/1,run1:ROLE_WINDOW_MISC
ART002987906,온라인 커뮤니티 활동에서 지식공유 회피에 영향을 미치는 요인에 관한 연구,최정섭(한성대학교),2023,e-비즈니스연구,kor,ERR,,,run1:없음,"이 논문은 온라인 커뮤니티를 지식공유가 이루어지는 장(field)으로 삼아, 이용자들의 지식공유 회피 의도와 그에 영향을 미치는 태도·주관적 규범·심리적 요인들을 분석한다.","논문은 온라인 커뮤니티를 지식공유의 장으로 설정하고 회피 의도와 관련 요인들을 분석하지만, 공론장 역할, 사회적 자본 형성, 외부 사회현상(양극화·젠더·혐오·기타) 또는 커뮤니티 구조·운영·인구통계·생애주기·익명성 등과 관련된 분석을 제시하지 않는다.",True,1/1,run1:없음
ART003235866,플랫폼 기반 교권 보호 대응체계의 기술-법 융합 모형 연구: 디지털 교육환경에서의 정책 적용 가능성 분석,노성(전라북도교육청),2025,e-비즈니스연구,kor,OK,ROLE_WINDOW_MISC,ENV_COMMUNITY_GOVERNANCE,run1:없음,"이 논문은 디지털 교육 환경에서 교권 침해가 발생하는 매개체로서 온라인 커뮤니티를 활용하고, 이러한 기술·제도적 환경을 분석하여 교권 보호를 위한 통합 플랫폼 모델을 제시한다.",논문은 온라인 커뮤니티를 교권 침해라는 외부 사회현상의 매개체로 활용하고(ROLE_WINDOW_MISC) 기술·제도적 환경을 분석해 통합 플랫폼을 제시함으로써(ENV_COMMUNITY_GOVERNANCE) 해당 현상을 설명한다.,True,0/1,"run1:ENV_COMMUNITY_GOVERNANCE,ROLE_WINDOW_MISC"
ART001175317,웹사이트 지작특성의 이용자 중요도 비교연구,형성우(전북대학교),2006,e-비즈니스연구,kor,ERR,,,run1:없음,"이 논문은 온라인 커뮤니티를 여러 웹사이트 유형 중 하나로 분류하여, 이용자들이 웹사이트를 선택할 때 중요하게 여기는 기준을 비교·분석한다.","논문은 온라인 커뮤니티를 웹사이트 유형 중 하나로 분류하고 이용자 선택 기준을 비교·분석한다는 점에만 초점을 맞추며, 공론장 기능, 관계 자원, 정치·젠더·혐오 현상, 혹은 커뮤니티의 구독·운영·인구통계·생애주기·익명성 등과 관련된 내용이 전혀 언급되지 않는다.",True,1/1,run1:없음
ART002063793,사이버공간에서의 표현의 자유와 반사회적 혐오표현의 규제,이상경(서울시립대학교),2015,헌법학연구,kor,OK,ROLE_WINDOW_HATE,,run1:없음,"이 논문은 온라인 커뮤니티를 혐오표현이 사회적 갈등과 자살 위험으로 이어지는 현상을 분석하는 사례로 삼으며, 그 규제와 비사법적 구제 방안을 탐구한다.","논문은 혐오표현이 사회적 갈등과 자살 위험을 초래한다는 현상을 온라인 커뮤니티 사례를 통해 분석하고 규제·구제 방안을 탐구하므로, 혐오 표현을 다루는 WINDOW_HATE 코드에 가장 높은 확률을 부여한다.",True,0/1,run1:ROLE_WINDOW_HATE
ART002300983,온라인 혐오표현 등 혐오표현의 새로운 양상에 관한 연구,이상경(서울시립대학교),2017,헌법재판연구,kor,OK,ROLE_WINDOW_HATE,,run1:없음,"이 논문은 온라인 커뮤니티를 혐오표현이 사회에 미치는 영향을 분석하는 사례로 삼으며, 온라인 혐오표현의 헌법적 한계와 규제 방안을 논의한다.","논문은 온라인 커뮤니티를 혐오표현의 사회적 영향을 분석하는 사례로 사용하고, 헌법적 한계와 규제 방안을 논의하므로 혐오표현(HATE) 창 역할이 가장 핵심이며, 다른 ROLE·ENV 코드에 대한 근거는 텍스트에 존재하지 않는다.",True,0/1,run1:ROLE_WINDOW_HATE
ART000956264,인터넷 온라인게임행위의 법리분석 - MMORPG를 중심으로 -,정해상(위덕대학교),2005,법조,kor,OK,ROLE_WINDOW_MISC,,run1:없음,"이 논문은 MMORPG와 같은 온라인 게임 커뮤니티를 가상사회와 현실사회 사이의 법적 관계를 탐구하는 사례로 삼아, 게임 내 행위와 거래가 현실법에 어떻게 적용될 수 있는지를 분석한다.",논문은 온라인 게임 커뮤니티를 법적 관계를 탐구하는 창으로 사용하므로 WINDOW_MISC 코드가 가장 적합하다.,True,0/1,run1:ROLE_WINDOW_MISC
ART002253716,신기후변화체제(파리협정)의 평가와 그 대응,김홍균(한양대학교),2017,환경법연구,kor,ERR,,,run1:없음,"이 논문은 파리협정과 신기후변화체제의 평가 및 대응 방안을 논의하며, 온라인 커뮤니티는 연구 대상이나 분석 대상이 아니라 배경 설명에만 언급되는 수준이다.","온라인 커뮤니티는 연구의 분석 대상이 아니라 배경 설명에만 언급되므로, ROLE 및 ENV 코드 모두 적용 근거가 없으며 모두 미부여로 판단한다.",True,1/1,run1:없음
ART002446228,최근의 양성갈등 상황과 양성평등 관점에서 본 디지털 성범죄,이윤정(강원대학교),2019,강원법학,kor,OK,"ROLE_WINDOW_GENDER, ROLE_WINDOW_HATE",,run1:없음,"이 논문은 메갈리아와 워마드 같은 온라인 커뮤니티를 사례로 삼아, 그 안에서 드러나는 남녀 혐오·양성갈등 담론이 디지털 성범죄와 어떻게 연결되는지를 분석한다.","논문은 온라인 커뮤니티 내 남녀 혐오·양성갈등 담론을 디지털 성범죄와 연결짓는 분석을 수행하므로, 젠더 갈등(ROLE_WINDOW_GENDER)과 혐오 표현(ROLE_WINDOW_HATE) 코드에 가장 부합한다.",True,0/1,"run1:ROLE_WINDOW_GENDER,ROLE_WINDOW_HATE"
ART002692848,식민주의의 견지에서 본 2000년 여성국제법정: 일본군 성노예제라는 ‘전시 성폭력’,양현아(서울대학교),2021,민주법학,kor,ERR,,,run1:없음,"이 논문은 온라인 커뮤니티를 언급하지 않으며, 식민주의 시각에서 여성국제법정과 일본군 성노예제의 법리·역사적 의미를 분석한다.","논문은 온라인 커뮤니티를 전혀 언급하지 않으며, 분석 대상이 식민주의적 법적·역사적 논의이므로 모든 ROLE 및 ENV 코드에 해당하는 근거가 존재하지 않는다.",True,1/1,run1:없음
ART001960087,세월호 사건을 계기로 본 헌법학의 과제,김종서(배재대학교 법학부 교수),2015,저스티스,kor,ERR,,,run1:없음,"이 논문은 세월호 사건을 사례로 삼아 헌법 이론 및 실천적 과제들을 탐색하고, 사건이 드러낸 국가·민주주의·법치주의 문제와 그 해결 방안을 논의한다.","본문은 온라인 커뮤니티와 관련된 역할이나 환경을 전혀 언급하지 않으며, 헌법 이론·실천 과제와 국가·민주주의·법치주의 문제에만 초점을 맞추고 있어 모든 코드에 해당하지 않는다.",True,1/1,run1:없음
ART002174830,인터넷상 ‘아우슈비츠 거짓말’에 대한 독일 연방대법원 판례 고찰,김재윤(전남대학교),2016,법학논총,kor,OK,"ROLE_FIELD_PUBLICSPHERE, ROLE_WINDOW_HATE",,run1:ROLE_WINDOW_POLARIZE,"이 논문은 인터넷상에서 퍼지는 5·18 민주화운동 및 아우슈비츠 부인 발언을 사례로 삼아, 온라인 커뮤니티가 외부 사회현상의 왜곡·전파 매개체가 되는 과정을 분석하고, 그 담론이 법제·정책 논쟁에 어떻게 활용되는지를 고찰한다.","논문은 온라인 커뮤니티가 외부 사회현상의 왜곡·전파와 법·정책 논쟁에 미치는 영향을 분석함으로써 공론장 역할을 강조하고, 5·18 민주화운동과 아우슈비츠 부인 발언을 통해 정치적 양극화와 혐오 표현 사례를 제시한다.",True,0/1,"run1:ROLE_FIELD_PUBLICSPHERE,ROLE_WINDOW_HATE"
ART002719641,파리기후변화협약체제와 온실가스 감축목표의 이행,최인호(충남대학교),2021,서울법학,kor,ERR,,,run1:없음,"이 논문은 파리기후변화협약체제와 온실가스 감축목표를 분석하며, 온라인 커뮤니티는 연구 대상이나 분석 도구로 전혀 언급되지 않는다.","본문에 온라인 커뮤니티가 분석 대상이나 도구로 언급되지 않으므로, 모든 ROLE 및 ENV 코드에 해당 근거가 없으며, 따라서 모든 코드가 미부여로 평가된다.",True,1/1,run1:없음
ART001727952,전자민주주의와 SNS 정치참여의 상관관계에 대한 고찰,이준복(서경대학교),2012,정보법학,kor,OK,ROLE_FIELD_PUBLICSPHERE,,run1:없음,"이 논문은 SNS를 온라인 커뮤니티의 사례로 삼아, 정치 참여와 전자민주주의 사이의 상관관계를 분석하고, 이를 통해 정치적 표현 자유와 민주주의 실현에 미치는 영향을 고찰한다.",논문은 SNS를 통해 정치적 표현 자유와 민주주의 실현에 미치는 영향을 분석함으로써 온라인 커뮤니티가 공론장으로서의 역할을 수행한다는 점에 초점을 맞추고 있다.,True,0/1,run1:ROLE_FIELD_PUBLICSPHERE
ART001615648,미국의 온라인상 청소년유해정보에 대한 규제와 위헌성심사기준 ― 청소년온라인보호법(The Child Online Protection Act)을 중심으로 ―,박정훈(경희대학교),2011,공법연구,kor,OK,ROLE_WINDOW_MISC,,run1:없음,"이 논문은 온라인 공간을 청소년 유해정보 규제와 헌법적 위헌성 심사의 제도적·법적 환경으로 삼아, COPA 사례를 통해 표현 규제의 헌법적 기준과 적용 문제를 분석한다.","논문은 온라인 공간을 청소년 유해정보 규제와 헌법적 위헌성 심사의 제도·법적 환경을 보여주는 사례(윈도우)로 활용하고 있어, ROLE_WINDOW_MISC 코드가 가장 부합한다; 공론장이나 사회적 자원 역할(FIELD)이나 커뮤니티 특성(ENV)과는 관련이 없다.",True,0/1,run1:ROLE_WINDOW_MISC
ART002764951,에너지 전환과 지방자치단체의 역할 범위- “강원 2040 탄소중립”을 중심으로,양철(성균관대학교 성균중국연구소),2021,환경법과 정책,kor,ERR,,,run1:없음,"이 논문은 에너지 전환과 탄소중립 정책을 논의하며, 온라인 커뮤니티는 정책 추진 과정의 사례나 자료로 언급되지 않아 단순한 배경 소재로만 활용된다.",온라인 커뮤니티가 정책 논의의 배경으로만 언급되고 분석 대상이 아니므로 모든 ROLE 및 ENV 코드에 해당하지 않는다.,True,1/1,run1:없음
ART002576659,혐오표현 문제 해결을 위한 입법적 연구,윤혜선(한양대학교),2020,법학논총,kor,OK,"ROLE_WINDOW_HATE, ROLE_WINDOW_POLARIZE",,run1:없음,"이 논문은 온라인 커뮤니티를 혐오표현이 발생·전파되는 현상으로 삼아, 그 현상이 사회·정치적 양극화와 차별 문제를 어떻게 드러내는지를 분석하고, 이를 근거로 입법적 대응 방안을 제시한다.","논문은 온라인 커뮤니티를 혐오표현이 발생·전파되는 현상으로 보고, 그 현상이 사회·정치적 양극화를 드러내는 사례로 활용하므로 ROLE_WINDOW_HATE와 ROLE_WINDOW_POLARIZE가 핵심이며, 공론장·사회적 자본·환경적 요인에 대한 분석은 언급되지 않는다.",True,0/1,"run1:ROLE_WINDOW_HATE,ROLE_WINDOW_POLARIZE"
ART002362927,파리협정과 BAU 감축목표 이행에 대한 고찰,유승직(숙명여자대학교),2018,법학연구,kor,ERR,,,run1:없음,"이 논문은 파리협정과 BAU 감축목표 이행을 분석하며, 온라인 커뮤니티는 연구 대상이나 분석 도구로 전혀 언급되지 않는다.","논문은 파리협정과 BAU 감축목표 이행을 다루고 온라인 커뮤니티를 전혀 언급하지 않으므로, 모든 ROLE 및 ENV 코드에 해당하지 않는다.",True,1/1,run1:없음
ART002846719,출판사업자의 저작인접권 도입에 관한 연구,남기연(단국대학교),2022,아주법학,kor,OK,ROLE_WINDOW_MISC,,run1:없음,"이 논문은 온라인 커뮤니티를 불법 복제와 저작권 침해가 발생하는 환경 조건으로 삼아, 출판사업자의 권리 보호를 위한 법제 개선 방안을 논의한다.","논문은 온라인 커뮤니티를 저작권 침해라는 외부 사회현상의 발생 환경으로 활용하므로, WINDOW_MISC 역할이 가장 적합하다.",True,0/1,run1:ROLE_WINDOW_MISC
ART002937739,자녀에 대한 모계 성·본 부여의 제약요소와 그 극복방안 : 온라인 여성 커뮤니티의 담론 분석을 중심으로,채혜미(헌법재판소),2023,법과사회,kor,OK,ROLE_WINDOW_GENDER,,run1:없음,"이 논문은 온라인 여성 커뮤니티의 게시글·댓글을 자료로 삼아, 모계 성·본 부여에 대한 제약요소를 규범·가족·사회문화적 차원에서 분석하고, 그 제약을 극복하기 위한 정책적·제도적 방안을 제시한다.","논문은 온라인 여성 커뮤니티의 담론을 통해 모계 성·본 부여에 대한 제약을 분석하므로, 성(젠더) 갈등을 설명하는 창 역할을 하는 것으로 ROLE_WINDOW_GENDER 코드에 가장 부합한다.",True,0/1,run1:ROLE_WINDOW_GENDER
ART002782326,유럽연합입법지침 2019/1152 상 온라인 플랫폼노무제공자 보호,김도환(고려대학교 법학연구원 전임연구원),2021,노동법포럼,kor,OK,ROLE_WINDOW_MISC,,run1:없음,"이 논문은 온라인 플랫폼노무제공자를 법적 보호 대상이라는 환경 조건으로 보고, EU 입법지침이 이들을 근로자로 포섭하는 과정을 분석한다.","논문은 온라인 플랫폼노무제공자를 외부 법제 과정의 사례로 활용해 EU 입법이 이들을 근로자로 포섭하는 과정을 분석하므로, WINDOW_MISC 역할이 가장 부합한다.",True,0/1,run1:ROLE_WINDOW_MISC
ART002467690,온라인 커뮤니티의 거버넌스 ― 운영자와 회원들의 민법상 법률관계 측면에서 ―,이병도(국민연금공단 준법지원실),2019,법학논총,kor,OK,,ENV_COMMUNITY_GOVERNANCE,run1:없음,"이 논문은 온라인 커뮤니티를 운영자와 회원 간의 법률관계와 거버넌스 구조를 분석 대상으로 삼아, 규약·계약법적 기반과 권한 집중이 초래하는 갈등을 민법적 관점에서 규제·통제 방안을 논의한다.","논문은 온라인 커뮤니티의 운영자·회원 간 법률관계와 거버넌스 구조를 중심으로 규약·계약 기반과 권한 집중이 초래하는 갈등을 규제·통제 방안으로 논의하므로, 거버넌스 환경(ENV_COMMUNITY_GOVERNANCE) 코드에 가장 부합한다.",True,0/1,run1:ENV_COMMUNITY_GOVERNANCE
ART003291413,교정공무원의 감정노동과 직무소진의 관계: 자기연민을 통한 사회적 지원의 조절된 매개효과,권미경(서울구치소),2025,교정연구,kor,ERR,,,run1:없음,"이 논문은 교정공무원의 감정노동, 자기연민, 사회적 지원, 직무소진 간의 관계를 분석하며, 온라인 커뮤니티는 연구 대상자를 모집하고 데이터를 수집하는 수단으로만 활용한다.","온라인 커뮤니티는 연구 대상자 모집 및 데이터 수집 도구로만 사용되며, 그 자체의 공론장 기능, 관계형 자원, 혹은 사회현상 창 역할을 분석 대상으로 삼지 않으므로 모든 ROLE 및 ENV 코드가 적용되지 않는다.",True,1/1,run1:없음
ART003333860,아동・청소년 성매매에서 성착취로의 개념 전환과 법제도적 과제,박상민(한국여성정책연구원),2026,비교형사법연구,kor,OK,ROLE_WINDOW_MISC,,run1:없음,"이 논문은 디지털 플랫폼·온라인 커뮤니티를 성착취가 이루어지는 환경 조건으로 삼아, 온라인 그루밍·협박·이미지 유포 등으로 전개되는 아동·청소년 성착취 구조와 현행 성매매 중심 법제도의 한계를 분석한다.","논문은 온라인 커뮤니티를 아동·청소년 성착취라는 사회현상을 보여주는 창(window)으로 활용하고 있어 ROLE_WINDOW_MISC에 가장 부합하며, 공론장이나 관계형 자원으로서의 역할(FIELD)이나 커뮤니티의 구체적 구조·운영·인구통계·생애주기·익명성(ENV)과는 관련이 없으므로 해당 코드는 미부여로 평가한다.",True,0/1,run1:ROLE_WINDOW_MISC
ART001027456,온라인 공동체 유형에 따른 서비스품질평가에 관한 연구,최철재(단국대학교),2006,경영법률,none,NO_ABSTRACT,,,,,초록 없음 (KOR_ABST/ENG_ABST 둘 다 없음),,,
ART002687487,노인의 디지털리터러시 능력이 정치효능감에 미치는 영향: 사회적 지지의 조절효과,지경미(숭실대학교),2021,인문사회 21,kor,OK,"ROLE_FIELD_PUBLICSPHERE, ROLE_FIELD_SOCIALCAPITAL",,run1:없음,"이 논문은 온라인 커뮤니티를 노인들의 정치참여 경로이자 사회적 관계 확장의 사례로 삼아, 디지털리터러시가 정치효능감에 미치는 영향을 사회적 지지의 조절 효과와 함께 분석한다.",논문은 온라인 커뮤니티를 노인들의 정치참여 경로(공론장 역할)와 사회적 관계 확장의 사례(관계·연대·네트워크 형성)로 분석하므로 FIELD_PUBLICSPHERE와 FIELD_SOCIALCAPITAL 코드에 높은 확률을 부여한다.,True,0/1,"run1:ROLE_FIELD_PUBLICSPHERE,ROLE_FIELD_SOCIALCAPITAL"
ART001014638,청소년의 사이버커뮤니티 참여와 사회관계 특성에 관한 연구,조혜영(한국청소년정책연구원),2006,한국청소년연구,kor,OK,ROLE_FIELD_SOCIALCAPITAL,,run1:없음,"이 논문은 사이버커뮤니티를 청소년들의 사회적 상호작용과 관계가 형성·전개되는 장으로 삼아, 그 참여 과정에서 나타나는 위계·규칙·관계의 특성과 오프라인 관계와의 연결성을 분석한다.","논문은 사이버커뮤니티를 청소년들의 사회적 상호작용과 관계가 형성·전개되는 장으로 보고, 위계·규칙·관계의 특성과 오프라인 관계와의 연결성을 분석하므로, 관계·연대·네트워크와 같은 사회적 자원의 형성을 다루는 ROLE_FIELD_SOCIALCAPITAL에 해당한다.",True,0/1,run1:ROLE_FIELD_SOCIALCAPITAL
ART001113729,온라인 게임에 나타난 청소년의 공동체 문화에 관한 연구,양철진(행신중학교),2006,청소년학연구,kor,OK,ROLE_FIELD_SOCIALCAPITAL,,run1:없음,"이 논문은 온라인 게임 내에서 청소년들이 형성하는 공동체와 그 문화적 속성을 탐구하며, 게임 내 길드와 ‘가족’ 같은 집단이 어떻게 동기와 이해관계, 규범을 통해 유지되고 정서적 유대를 형성하는지를 분석한다.","논문은 게임 내 길드·‘가족’ 집단이 동기·이해관계·규범을 통해 정서적 유대를 형성한다는 점을 분석하므로, 관계·연대·네트워크와 같은 사회적 자원의 형성을 다루는 ROLE_FIELD_SOCIALCAPITAL에 해당한다.",True,0/1,run1:ROLE_FIELD_SOCIALCAPITAL
ART001656173,CIPP 평가모형을 적용한 대학 e-러닝 영어전용강좌(EMI)의 학습만족도 연구,박종민(롯데인재개발원),2012,학습과학연구,kor,ERR,,,run1:없음,"이 논문은 대학 e-러닝 영어전용강좌의 학습만족도를 분석하면서, 온라인 커뮤니티를 학습환경 요인 중 하나로 다루어 만족도에 미치는 영향을 조사한다.","논문은 온라인 커뮤니티를 학습 만족도에 영향을 미치는 요인으로만 다루며, 공론장, 사회자본, 정치·젠더·혐오 등 외부 사회현상이나 커뮤니티의 구조·운영 특성을 분석하지 않는다.",True,1/1,run1:없음
ART001170166,청소년의 인터넷 이용 시간이 일상적 시간에 미치는 영향 : 인터넷 이용유형을 기준으로,유승호(강원대학교),2005,한국청소년연구,kor,ERR,,,run1:없음,"이 논문은 청소년의 인터넷 이용 유형이 일상생활에 미치는 영향을 분석하며, 온라인 커뮤니티 참여 시간은 그 영향의 하나로 측정된다.","초점 문장은 청소년 인터넷 이용 유형과 일상생활 영향에 대한 분석만을 다루며, 온라인 커뮤니티의 역할을 공론장·사회자본으로 보거나 사회현상(양극화·젠더·혐오·기타)·환경적 특성(회원제·거버넌스·인구통계·생애주기·익명성)과 연결짓는 근거가 전혀 없으므로 모든 코드가 미부여된다.",True,1/1,run1:없음
ART001234562,"청소년 미니홈피, 블로그의 사회관계 및 일상문화; 중학생 이용자의 사례를 중심으로",윤명희(보건복지가족부),2008,청소년학연구,kor,OK,ROLE_FIELD_SOCIALCAPITAL,,run1:없음,"이 논문은 청소년들의 미니홈피와 블로그를 관계·담론이 형성되는 공간으로 보고, 그곳에서 나타나는 사회관계와 일상문화의 특성을 질적 면접을 통해 분석한다.","논문은 미니홈피와 블로그를 관계·담론이 형성되는 공간으로 보고 사회관계와 일상문화를 분석하므로, 온라인 커뮤니티가 신뢰·연대·네트워크와 같은 관계적 자원을 형성·작동하는 사회자본(SOCIALCAPITAL) 역할에 초점을 맞춘다.",True,0/1,run1:ROLE_FIELD_SOCIALCAPITAL
ART002821247,"진로교육이 청소년의 진로성숙, 자기조절, 학업참여에 미치는 동시 및 지연효과",안현선(고려대학교),2022,청소년학연구,kor,ERR,,,run1:없음,"이 논문은 진로교육이 청소년의 진로성숙, 자기조절, 학업참여에 미치는 효과를 검증하며, 온라인 커뮤니티는 진로 정보 수집 수단으로만 언급된다.","논문은 온라인 커뮤니티를 진로 정보 수집 수단으로만 언급하고, 그 자체의 공론장 기능, 관계 자원, 사회현상 창 역할, 혹은 커뮤니티 구조·운영·인구통계·생애주기·익명성 등을 분석하지 않으므로 모든 코드가 미부여로 평가된다.",True,1/1,run1:없음
ART002867777,MZ세대인 대학생들의 수강 신청 의사결정에 미치는 요인 연구,김현숙(대구대학교),2022,인문사회 21,kor,ERR,,,run1:없음,"이 논문은 대학생들의 수강 신청 의사결정에 영향을 미치는 요인으로 온라인 커뮤니티 앱을 조사하고, 그 정보가 선택 기준에 어떻게 작용하는지를 분석한다.","논문은 온라인 커뮤니티 앱이 수강 선택 기준에 미치는 영향만을 조사하며, 공론장 기능, 사회적 관계 자원, 정치·젠더·혐오 등 외부 사회현상, 혹은 커뮤니티의 구독·운영·인구통계·생애주기·익명성 등 환경적 변수를 다루지 않으므로 모든 코드에 해당하지 않는다.",True,1/1,run1:없음
ART002559182,반일 민족주의와 시민적 조절의 가능성,이지원(한림대학교),2020,인문사회 21,kor,OK,ROLE_WINDOW_POLARIZE,,run1:없음,이 논문은 온라인 커뮤니티 클리앙의 게시글·담론을 자료로 삼아 반일 민족주의라는 외부 사회현상의 구체적 실태와 시민적 조절 가능성을 분석한다.,논문은 클리앙 담론을 통해 반일 민족주의라는 정치적·이념적 갈등(외부 사회현상)을 분석하므로 ROLE_WINDOW_POLARIZE에 가장 부합한다.,True,0/1,run1:ROLE_WINDOW_POLARIZE
ART002539691,온라인 커뮤니티에 나타난 부동산시장 참여자 심리와 부동산시장 변동 간의 인과관계분석,허선영(경상대학교 공학연구원),2019,주거환경,kor,OK,ROLE_WINDOW_MISC,,run1:없음,"이 논문은 부동산 온라인 커뮤니티에 게시된 참여자들의 심리·감성 표현을 자료로 삼아, 그 심리 지수가 부동산 시장 가격·거래 변동에 미치는 인과관계를 분석한다.","본 연구는 온라인 커뮤니티의 심리·감성 데이터를 외부의 부동산 시장 가격·거래 변동이라는 사회현상을 설명하는 창(window)으로 활용하므로, WINDOW_MISC 코드가 가장 적합하다.",True,0/1,run1:ROLE_WINDOW_MISC
ART002358828,디지털 공간에 구성되는 노스탤지어의 사회적 리얼리티,윤희진(인하대학교),2018,인문사회 21,kor,ERR,,,run1:없음,이 논문은 온라인 커뮤니티의 텍스트를 자료로 삼아 디지털 공간에서 형성되는 노스탤지어 담론과 어휘 연관관계를 분석한다.,"논문은 노스탤지어 담론과 어휘 연관관계 자체를 분석하며, 공론장 역할, 사회적 자본, 정치·젠더·혐오 등 외부 현상, 혹은 커뮤니티의 구독·거버넌스·인구통계·생애주기·익명성 등을 비교·검토하지 않으므로 모든 코드가 미부여로 평가된다.",True,1/1,run1:없음
ART002252452,21세기 참여민주주의 모색에 관한 연구-2016년 촛불집회를 중심으로-,이윤정(조선대학교),2017,인문사회 21,kor,OK,ROLE_FIELD_SOCIALCAPITAL,,run1:없음,"이 논문은 온라인 커뮤니티를 자발적 시민 참여를 촉진하는 기술·제도적 환경으로 삼아, 스마트폰·SNS와 결합된 온라인 커뮤니티가 촛불집회 참여 동학에 어떻게 작용했는지를 분석한다.","논문은 온라인 커뮤니티를 자발적 시민 참여를 촉진하는 기술·제도적 환경으로 바라보며, 이는 참여자 간의 신뢰·연대·네트워크 형성이라는 사회적 자본 역할에 초점을 맞추고 있다.",True,0/1,run1:ROLE_FIELD_SOCIALCAPITAL
ART001365182,청소년 인터넷 이용자의 ‘한류’ 인식에 대한 질적 연구,윤경원(캐나다 브리티시컬럼비아대학교),2009,청소년학연구,kor,OK,"ROLE_FIELD_PUBLICSPHERE, ROLE_WINDOW_MISC",,run1:없음,"이 논문은 청소년 온라인 커뮤니티를 관계·담론이 형성되는 공간으로 삼아, 그 안에서 한류 담론이 어떻게 논의·수용·재생산되는지를 분석하면서 동시에 그 담론이 반영하는 외부 사회현상(주류 미디어와 국가 정책)과 청소년들의 자기·타자 성찰을 조명한다.","논문은 청소년 온라인 커뮤니티를 관계·담론이 형성되는 공간으로 보고 한류 담론의 논의·수용·재생산을 분석함으로써 공론장 역할을 강조하고, 동시에 주류 미디어와 국가 정책이라는 외부 사회현상을 비추는 창으로 활용한다; 신뢰·연대·네트워크, 정치·젠더·혐오 양극화, 회원제·운영·인구통계·생애주기·익명성 등에 대한 언급이 없으므로 해당 코드는 미부여한다.",True,0/1,"run1:ROLE_FIELD_PUBLICSPHERE,ROLE_WINDOW_MISC"
ART002849148,한국 거주 우즈베크 어머니들의 육아 경험에 관한 네트노그래피 연구,"SHUKUROVA MEKHRINISO(건국대학교 이주, 사회통합연구소)",2022,인문사회 21,kor,OK,ROLE_FIELD_SOCIALCAPITAL,,run1:없음,이 논문은 한국에 거주하는 우즈베크 어머니들이 온라인 커뮤니티를 통해 서로의 경험과 조언을 공유하며 육아 문제를 해결하는 과정을 분석한다.,논문은 온라인 커뮤니티 내에서 우즈베크 어머니들 간의 경험·조언 공유를 통한 육아 문제 해결이라는 관계적 자원 형성에 초점을 맞추고 있다.,True,0/1,run1:ROLE_FIELD_SOCIALCAPITAL
ART002910153,소셜 빅데이터로 알아본 코로나19와 초등 방과후돌봄: 네트워크와 토픽모델링 접근,장여옥(광운대학교),2022,미래청소년학회지,kor,ERR,,,run1:없음,"이 논문은 온라인 커뮤니티의 게시글을 자료로 삼아 코로나19 상황에서 초등 방과후 돌봄의 현황과 부담을 분석하고, 그 결과를 바탕으로 돌봄 지원 방안을 제시한다.","논문은 온라인 커뮤니티 게시글을 코로나19 상황의 초등 방과후 돌봄 현황과 부담을 분석하는 자료로만 활용하며, 커뮤니티 자체의 공론장 기능, 사회적 관계 자원, 정치·젠더·혐오 등 사회현상 창 역할, 혹은 커뮤니티 구조·운영·인구통계·생애주기·익명성 등 환경적 측면을 논의하지 않는다.",True,1/1,run1:없음
ART002896907,디지털 네이티브의 정체성 동학: 일베 청소년을 중심으로,이수정(한국교육과정평가원),2022,청소년학연구,kor,ERR,,,run1:없음,"이 논문은 온라인 커뮤니티 ‘일간 베스트’를 청소년들의 정체성이 형성·변화되는 장으로 삼아, 그 안에서의 경험과 담론이 정체성 동학에 어떻게 작용하는지를 분석한다.","초점 문장은 온라인 커뮤니티를 정체성 형성의 장으로만 다루며, 공론장 기능, 사회자본, 정치·젠더·혐오 등 외부 현상, 혹은 커뮤니티 구조·운영·인구통계·수명·익명성 등에 대한 비교·분석을 전혀 언급하지 않는다.",True,1/1,run1:없음
ART003102092,성차별주의와 피해자 의식이 여성정책에 대한 인식에 미치는 영향: 경쟁적 피해자 의식의 매개효과를 중심으로,석승혜(건국대학교 4단계 BK21 사업단),2024,사회통합연구,kor,ERR,,,run1:없음,"이 논문은 온라인 설문조사를 수행하기 위한 수단으로 온라인 커뮤니티를 언급하며, 온라인 커뮤니티 자체를 분석 대상이나 환경 조건으로 다루지는 않는다.","논문은 온라인 커뮤니티를 설문조사 수행의 도구로만 언급하고, 그 자체를 공론장, 사회자본, 혹은 사회현상의 창으로 분석하거나 커뮤니티의 회원제·거버넌스·인구통계·생애주기·익명성 등을 비교·분석 대상으로 삼지 않으므로 모든 코드에 대해 부여되지 않는다.",True,1/1,run1:없음
ART003194888,Social and Religious Challenges and Social Adaptation of Uzbek Marriage Migrants in South Korea,Aliyorova Nazirakhon Lochinbek Kizi(전남대학교),2025,사회통합연구,kor,OK,ROLE_FIELD_SOCIALCAPITAL,,run1:없음,"이 논문은 우즈베키스탄 결혼 이민자 여성들의 문화·종교 적응 과정에서 온라인 커뮤니티를 디지털 네트워크라는 지원 수단으로 삼아, 그 네트워크가 정보 제공·정서적 안정에 어떻게 기여하는지를 분석한다.","초점 문장은 온라인 커뮤니티를 디지털 네트워크라는 지원 수단으로 활용해 정보 제공과 정서적 안정을 돕는 과정을 분석한다는 점에서, 이용자 간의 신뢰·연대·네트워크 형성이라는 관계적 자원(사회적 자본) 역할을 강조한다.",True,0/1,run1:ROLE_FIELD_SOCIALCAPITAL
ART001116648,인터넷 커뮤니티의 사회적 지지가 커뮤니티 몰입과 동일시 및 개인의 자아존중감에 미치는 영향,박유진(아주대학교),2005,한국심리학회지: 사회및성격,kor,OK,ROLE_FIELD_SOCIALCAPITAL,,run1:없음,"이 논문은 온라인 커뮤니티를 관계·담론이 형성되는 공간으로 삼아, 그 안에서 교환되는 사회적 지지가 구성원들의 커뮤니티 몰입, 동일시 및 개인의 자아존중감에 미치는 영향을 분석한다.",논문은 온라인 커뮤니티 내에서 교환되는 사회적 지지를 분석 대상으로 삼아 관계·연대(사회적 자본) 역할을 강조하므로 ROLE_FIELD_SOCIALCAPITAL에 높은 확률을 부여한다.,True,0/1,run1:ROLE_FIELD_SOCIALCAPITAL
ART001038658,유대강도에 따른 정보방향성과 정보유형이 구전의도에 미치는 영향,김재휘(중앙대학교),2006,한국심리학회지: 소비자·광고,kor,OK,ROLE_FIELD_SOCIALCAPITAL,,run1:없음,"이 논문은 온라인 커뮤니티를 관계·담론이 형성되는 장으로 삼아, 유대강도와 정보의 방향·유형이 구전 의도에 미치는 영향을 분석한다.","논문은 온라인 커뮤니티를 관계·담론이 형성되는 장으로 보고, 유대강도라는 결속 강도를 분석 대상으로 삼아 사회적 자본(신뢰·연대·네트워크) 형성 과정을 탐구하므로 ROLE_FIELD_SOCIALCAPITAL에 해당한다.",True,0/1,run1:ROLE_FIELD_SOCIALCAPITAL
ART001640111,온라인 브랜드 커뮤니티 특성과 자기결정성이 브랜드 자산에 미치는 영향에 관한 연구,최수형(한양대학교),2012,한국심리학회지: 소비자·광고,kor,ERR,,,run1:없음,"이 논문은 온라인 브랜드 커뮤니티를 관계·담론이 형성되는 공간으로 삼아, 커뮤니티 특성 및 이용자의 자기결정성 요인이 커뮤니티 몰입을 거쳐 브랜드 자산에 미치는 영향을 분석한다.","제시된 초점 문장에서는 온라인 커뮤니티를 관계·담론이 형성되는 공간으로만 언급하고, 공론장, 정치·젠더·혐오 현상, 회원제·운영·인구통계·생애주기·익명성 등에 대한 구체적 언급이 없으므로 모든 코드에 대한 근거가 부족해 확률이 0.5 이하로 평가된다.",True,1/1,run1:없음
ART002234272,대인관계 불만족과 인터넷 게임 중독의 관계에서 게임 이용 동기의 매개효과: 성별 간 차이,정겨운(강원대학교),2017,한국심리학회지: 건강,kor,ERR,,,run1:없음,"이 논문은 온라인 커뮤니티를 연구 대상이 아닌, 인터넷 게임 중독을 조사하기 위한 표본 모집 경로로 활용한다.","논문은 온라인 커뮤니티를 단순히 표본 모집 경로로만 활용하고, 그 자체를 분석 대상이나 사회현상의 창으로 다루지 않으므로 모든 ROLE 및 ENV 코드에 해당하지 않는다.",True,1/1,run1:없음
ART001531093,소비자 주도형 온라인 브랜드 커뮤니티의 자발적 생성에 미치는 요인에 대한 탐색적 연구,최지원(SK마케팅앤컴퍼니),2011,한국심리학회지: 소비자·광고,kor,ERR,,,run1:없음,"이 논문은 소비자가 주도하는 자발적 온라인 브랜드 커뮤니티를 연구 대상으로 삼아, 어떤 요인들이 이러한 커뮤니티의 생성과 특성을 결정하는지를 분석한다.","제시된 초점 문장은 온라인 브랜드 커뮤니티 자체와 그 생성·특성을 결정하는 요인들을 분석한다는 내용만을 담고 있어, 공론장 역할, 사회적 현상(정치·젠더·혐오 등) 창 역할, 혹은 회원제·거버넌스·인구통계·생애주기·익명성 등 구체적인 환경 요인에 대한 언급이 전혀 없으므로 모든 코드에 대해 근거가 부족해 미부여로 판단한다.",True,1/1,run1:없음
ART002863708,"자기자비 글쓰기가 유방암 환자의 우울, 불안, 주관적 웰빙 및 삶의 질에 미치는 영향",권보현(덕성여자대학교 심리학과),2022,한국심리학회지: 건강,kor,ERR,,,run1:없음,이 논문은 온라인 커뮤니티를 연구 참여자를 모집하는 수단으로만 활용한다.,"논문이 온라인 커뮤니티를 단순히 연구 참여자 모집 수단으로만 사용하고, 그 자체를 분석하거나 사회현상·관계·구조를 탐구하지 않으므로 모든 코드에 해당하지 않는다.",True,1/1,run1:없음
ART002511659,대학생의 젠더혐오표현에 대한 암묵적 태도 측정-암묵적 연합 검사(IAT)를 중심으로-,성나경(경기대학교),2019,한국심리학회지:여성,kor,OK,"ROLE_WINDOW_GENDER, ROLE_WINDOW_HATE",,run1:없음,"이 논문은 일간베스트와 워마드 등 온라인 커뮤니티에서 추출한 혐오 단어를 자료로 삼아, 대학생들의 젠더혐오에 대한 암묵적 태도를 측정하고 그 사회적 인식을 분석한다.","논문은 온라인 커뮤니티의 혐오 단어를 활용해 젠더혐오 태도를 측정하므로, WINDOW_GENDER와 WINDOW_HATE 코드가 가장 높은 확률을 갖는다.",True,0/1,"run1:ROLE_WINDOW_GENDER,ROLE_WINDOW_HATE"
ART002271701,인터넷 여성운동 커뮤니티 이용자들의 성적 정체감 및 자아정체감 변화에 대한 탐색적 연구: CQR-M분석을 중심으로,오보영(광운대학교),2017,한국심리학회지:여성,kor,ERR,,,run1:없음,"이 논문은 온라인 여성운동 커뮤니티를 참여자들의 정체감 변화와 가입동기를 탐구하는 장으로 삼아, 커뮤니티 내 담론과 활동이 개인의 성적·자아 정체감에 미치는 영향을 분석한다.","본 연구는 온라인 커뮤니티를 정체감 변화와 가입동기의 탐구 장으로 활용하며, 공론장 기능, 사회적 자본, 정치·젠더·혐오 양극화 등 외부 사회현상을 보여주는 창 역할, 혹은 커뮤니티 구조·운영·인구통계·생애주기·익명성 비교와는 관련이 없으므로 모든 코드에 대해 부여되지 않는다.",True,1/1,run1:없음
ART002226187,의료사고 환자들의 외상후 스트레스 장애(PTSD) 실태: 의료진의 설명 및 태도와 사회적 지지의 상호작용,김나연(연세대학교),2017,한국심리학회지: 문화 및 사회문제,kor,ERR,,,run1:없음,"이 논문은 의료사고 환자들의 PTSD 현황과 의료진 태도·사회적 지지의 상호작용을 분석하며, 온라인 커뮤니티는 연구 대상자를 모집하는 수단으로만 언급된다.","온라인 커뮤니티는 연구 대상자 모집 수단으로만 언급되어, 공론장·관계형 자원·사회현상 창·커뮤니티 특성(회원제·운영·인구통계·생애주기·익명성) 등 어느 시각에도 분석 대상이 아니므로 모든 코드가 미부여된다.",True,1/1,run1:없음
ART003045729,평가염려 완벽주의와 진로스트레스의 관계 : 진로결정 자기효능감과 학업지연의 병렬다중매개효과,이지은(건양대학교 대학원),2023,명상심리상담,kor,ERR,,,run1:없음,이 논문은 온라인 커뮤니티를 표집 수단으로만 활용한다.,"논문이 온라인 커뮤니티를 단순히 표집 수단으로만 사용하고, 그 자체의 역할이나 외부 현상, 커뮤니티 특성 등을 분석하지 않으므로 모든 ROLE 및 ENV 코드에 해당하지 않는다.",True,1/1,run1:없음
ART003030817,한국판 의도적 동료지원 핵심역량 (Korean version of the Intentional Peer Support Core Competencies) 척도 타당화,심석(한동대학교),2023,재활심리연구,kor,ERR,,,run1:없음,"이 논문은 의도적 동료지원 핵심역량 척도의 한국어 번안 및 타당화를 목표로 하며, 온라인 커뮤니티는 연구 대상자 모집을 위한 수단으로만 활용된다.","온라인 커뮤니티는 연구 대상자 모집 수단으로만 사용되며, 그 자체의 기능이나 사회현상 창 역할, 관계·연대·공론장 등 어떠한 분석 대상도 되지 않으므로 모든 ROLE 및 ENV 코드가 부여되지 않는다.",True,1/1,run1:없음
ART003177042,대학생의 공허감과 스마트폰 과의존 간의 관계: 경험회피의 매개효과와 지각된 사회적 지지의 조절된 매개효과,성재경(경상국립대학교 심리학과),2025,한국심리학회지: 문화 및 사회문제,kor,ERR,,,run1:없음,"이 논문은 온라인 커뮤니티를 대학생 표본을 모집하는 수단으로만 활용하고, 공허감, 경험회피, 스마트폰 과의존 간의 심리적 관계를 분석한다.","논문은 온라인 커뮤니티를 단순히 표본 모집 도구로만 사용하고, 그 자체의 사회적 역할이나 현상 창 역할을 분석하지 않으며, 커뮤니티의 구조·운영·인구통계·생애주기·익명성 등도 비교·검토하지 않는다.",True,1/1,run1:없음
ART003244485,진로스트레스가 학업지연에 미치는 영향: 평가염려 완벽주의와 개인기준 완벽주의의 다중병렬매개효과,정소연(건양대학교 대학원),2025,명상심리상담,kor,ERR,,,run1:없음,"이 논문은 온라인 커뮤니티를 대학생 표본을 모집하는 수단으로 활용하고, 진로 스트레스와 학업 지연 사이의 심리적 매개 메커니즘을 분석한다.","논문은 온라인 커뮤니티를 단순히 표본 모집 도구로만 사용하고, 커뮤니티 자체의 공론장 기능, 관계자본, 정치·젠더·혐오 현상, 혹은 커뮤니티 구조·운영·인구통계·생애주기·익명성 등을 분석하지 않으므로 모든 코드에 해당하지 않는다.",True,1/1,run1:없음
ART003204321,"자기자비 글쓰기 프로그램이 영유아 어머니의 양육 스트레스, 우울 및 주관적 웰빙에 미치는 효과",강현정(덕성여자대학교 심리학과),2025,한국심리학회지: 건강,kor,ERR,,,run1:없음,"이 논문은 온라인 커뮤니티를 연구 대상이 아닌, 영유아 어머니를 모집하기 위한 홍보·참여 수단으로 활용한다.","논문은 온라인 커뮤니티를 영유아 어머니 모집을 위한 수단으로만 언급하고, 커뮤니티 자체의 공론장 기능, 관계형 자원, 혹은 사회현상 창 역할 등을 분석하지 않으므로 모든 ROLE 및 ENV 코드가 적용되지 않는다.",True,1/1,run1:없음
ART003340885,문화기억이 지역긍지 및 참여행동의지에 미치는 영향: 정서기반 지역정체성의 매개효과,전소현(광운대학교),2026,한국심리학회지: 문화 및 사회문제,kor,ERR,,,run1:없음,"이 논문은 지역 주민의 문화기억과 정서기반 지역정체성이 지역긍지와 참여행동의지에 미치는 영향을 분석하며, 온라인 커뮤니티·SNS는 자료 수집 수단으로만 활용한다.","논문은 온라인 커뮤니티·SNS를 단순히 자료 수집 도구로만 사용하고, 그 자체의 공론장 기능, 사회자본 형성, 혹은 사회현상 창(window) 역할을 분석하지 않으며, 커뮤니티의 구독·운영·인구통계·생애주기·익명성 등 환경적 특성도 비교·대조하지 않는다.",True,1/1,run1:없음
ART003275388,유아교사의 심리적 유연성이 유아-교사 애착관계에 미치는 영향: 인지적 유연성의 조절효과 검증,김혜성(김해유치원),2025,영유아아동정신건강연구,kor,ERR,,,run1:없음,이 논문은 유아교사의 심리적·인지적 유연성과 유아-교사 애착관계의 상호작용을 조사하기 위해 온라인 커뮤니티 사이트를 참여자 모집 수단으로 활용한다.,"온라인 커뮤니티는 연구 대상이 아니라 참여자 모집 수단으로만 활용되며, 커뮤니티 자체의 공론장 역할, 사회자본 형성, 혹은 외부 사회현상(정치·젠더·혐오 등) 창 역할, 그리고 커뮤니티의 구독·운영·인구통계·생애주기·익명성 등 환경적 특성에 대한 분석이 전혀 언급되지 않는다.",True,1/1,run1:없음
ART001215274,기후변화에 대한 지방자치단체의 대응방안 연구: 경기도를 중심으로,고재경(경기개발연구원),2007,한국지방자치학회보,eng,ERR,,,run1:없음,"이 논문은 온라인 커뮤니티를 연구 대상이나 분석 도구로 전혀 활용하지 않으며, 지방자치단체의 기후변화 대응 방안을 논의하는 데에만 초점을 맞춘다.","논문은 온라인 커뮤니티를 전혀 분석 대상이나 도구로 사용하지 않고 지방자치단체의 기후변화 대응 방안만을 논의하므로, 모든 ROLE 및 ENV 코드에 해당하는 근거가 없으며 모두 미부여로 평가된다.",True,1/1,run1:없음
ART002923577,2030세대 남성 중심 온라인 커뮤니티와 남성성 규범: 반 페미니즘 정서를 중심으로,김수아(서울대학교),2022,문화와 정치,kor,OK,ROLE_WINDOW_GENDER,,run1:없음,"이 논문은 남성 중심 온라인 커뮤니티를 관계·담론이 형성되는 공간으로 삼아, 그 커뮤니티 내 반페미니즘 정서와 남성성 규범이 어떻게 구성되고 강화되는지를 분석한다.","논문은 남성 중심 온라인 커뮤니티 내에서 반페미니즘 정서와 남성성 규범이 어떻게 형성·강화되는지를 분석하므로, 젠더 갈등·담론을 설명하는 WINDOW_GENDER 코드에 가장 부합한다; 다른 FIELD·WINDOW·ENV 코드들은 문장에 해당 근거가 없으므로 낮은 확률로 미부여 처리한다.",True,0/1,run1:ROLE_WINDOW_GENDER
ART002521607,여혐-남혐 갈등: 온라인 커뮤니티를 중심으로,김감미(덕성여자대학교),2019,정치·정보연구,kor,OK,"ROLE_WINDOW_GENDER, ROLE_WINDOW_HATE",,run1:없음,"이 논문은 주요 온라인 커뮤니티의 게시글과 댓글을 자료로 삼아 여혐-남혐 논쟁의 전개 과정을 분석하고, 그 담론이 사회적 성평등 논의와 여성·남성 운동에 미치는 영향을 고찰한다.","논문은 여혐·남혐이라는 성별 기반 혐오 논쟁을 분석하고 그 영향력을 고찰하므로, 성별 갈등(GENDER)과 혐오 표현(HATE) 창 역할이 가장 부합한다.",True,0/1,"run1:ROLE_WINDOW_GENDER,ROLE_WINDOW_HATE"
ART002479172,한국적 사회적 자본에 대한 탐색적 연구,윤종빈(명지대학교),2019,문화와 정치,kor,OK,ROLE_FIELD_SOCIALCAPITAL,,run1:없음,"이 논문은 한국 사회의 사회적 자본을 탐구하면서, 온라인 커뮤니티의 기술·소통이 새로운 형태의 수평적 네트워크와 유대감을 형성하는 환경 조건으로 어떻게 작용하는지를 분석한다.",초점 문장은 온라인 커뮤니티가 수평적 네트워크와 유대감을 형성해 사회적 자본을 구축하는 역할을 분석한다는 점에서 ROLE_FIELD_SOCIALCAPITAL에 가장 부합한다.,True,0/1,run1:ROLE_FIELD_SOCIALCAPITAL
ART003151715,온라인 커뮤니티 사용이 유권자의 정서적 양극화에 미치는 영향,신정섭(숭실대학교),2024,사회과학연구,kor,OK,ROLE_WINDOW_POLARIZE,,run1:없음,"이 논문은 온라인 커뮤니티 이용이 유권자의 정서적 양극화에 미치는 영향을 분석하면서, 온라인 커뮤니티를 외부 사회현상(정치적 양극화)을 관찰하는 사례로 삼는다.","논문은 온라인 커뮤니티를 정치적 양극화라는 외부 현상을 관찰하는 창(window)으로 사용하므로 ROLE_WINDOW_POLARIZE에 높은 확률을 부여하고, 다른 FIELD·WINDOW·ENV 코드들은 근거가 없으므로 낮은 확률로 미부여 처리한다.",True,0/1,run1:ROLE_WINDOW_POLARIZE
ART001993935,온라인 커뮤니티 이용목적유형에 따른 이용행태 연구: 미디어 이용과 정서요인 비교를 중심으로,조희정(이화여자대학교),2015,Oughtopia (오토피아),kor,OK,ROLE_FIELD_SOCIALCAPITAL,,run1:없음,"이 논문은 온라인 커뮤니티를 이용자들의 목적 유형에 따라 이용 행태와 정서적 요인을 비교 분석함으로써, 커뮤니티가 개인·정보·관계 지향적 사용 패턴을 드러내는 공간 자체로서 어떻게 기능하는지를 조사한다.","논문은 온라인 커뮤니티를 이용자들의 목적에 따른 이용 행태와 정서적 요인을 분석해, 개인·정보·관계 지향적 사용 패턴을 드러내는 공간으로서의 기능을 조사하므로, 관계 지향적 사용 패턴이라는 표현이 사회적 관계(신뢰·연대·네트워크) 형성에 초점을 둔 FIELD_SOCIALCAPITAL에 가장 부합한다. 공론장 역할이나 외부 사회현상을 보여주는 WINDOW 시각은 언급되지 않으며, ENV 조건도 제시되지 않는다.",True,0/1,run1:ROLE_FIELD_SOCIALCAPITAL
ART001061688,한국에서의 시민중심적 e-거버넌스의 형성과 발전: 그 형성 과정에서의 정부 역할을 중심으로,김혁(서울시립대학교),2007,신아세아,kor,OK,ROLE_FIELD_PUBLICSPHERE,,run1:없음,"이 논문은 온라인 커뮤니티를 기술·제도적 환경 조건으로 삼아, 정부 주도의 e-거버넌스 형성 과정에서 시민사회 온라인 공동체가 어떻게 역할하고 영향을 미치는지를 분석한다.","논문은 시민사회 온라인 공동체가 e‑거버넌스 형성에 어떤 역할을 하고 영향을 미치는지를 분석함으로써, 온라인 커뮤니티를 공론장으로서의 기능에 초점을 맞추고 있다.",True,0/1,run1:ROLE_FIELD_PUBLICSPHERE
ART001689204,제19대 총선 트위터스피어 참여관찰: 격전지 선거구를 중심으로,장우영(대구가톨릭대학교),2012,의정연구,kor,OK,ROLE_FIELD_PUBLICSPHERE,,run1:없음,"이 논문은 트위터스피어를 정치적 캠페인 전략과 행태가 형성·표현되는 장으로 삼아, 선거구별 후보와 유권자들의 담론 및 행동 특성을 분석한다.","논문은 트위터스피어를 정치적 캠페인 전략과 행태가 형성·표현되는 장으로 삼아 분석하므로, 온라인 커뮤니티가 공론장 역할을 하는지에 초점을 두고 있어 ROLE_FIELD_PUBLICSPHERE에 높은 확률을 부여한다. 다른 ROLE 및 ENV 코드는 문장에 해당 근거가 없으므로 낮은 확률로 미부여 처리한다.",True,0/1,run1:ROLE_FIELD_PUBLICSPHERE
ART002645635,혐오와 대항혐오 : 서로주체적 관계의 모색,김학노(영남대학교),2020,한국정치연구,kor,OK,"ROLE_WINDOW_HATE, ROLE_WINDOW_POLARIZE",,run1:ROLE_WINDOW_GENDER,"이 논문은 일베와 메갈리아 같은 온라인 커뮤니티의 게시물·담론을 자료로 삼아, 여성혐오와 대항혐오가 사회적 양극화와 정치적 적대 관계를 어떻게 형성·악화시키는지를 분석한다.","논문은 온라인 커뮤니티의 게시물·담론을 통해 여성혐오·대항혐오가 사회적 양극화와 정치적 적대 관계를 형성·악화시키는 현상을 설명하므로, 정치·양극화, 젠더 갈등, 혐오 표현을 보여주는 WINDOW 역할이 중심이며, 공론장이나 관계 자원으로서의 커뮤니티 역할 및 환경적 요인에 대한 분석은 제시되지 않는다.",True,0/1,"run1:ROLE_WINDOW_HATE,ROLE_WINDOW_POLARIZE"
ART003094505,디지털 혐오 시대의 사이버 폭력,조계원(고려대 정치연구소),2024,시민정치연구,kor,OK,"ROLE_WINDOW_HATE, ROLE_WINDOW_POLARIZE",,run1:없음,"이 논문은 온라인 커뮤니티를 혐오와 사이버 폭력이 집단적으로 형성·표출되는 현상으로 삼아, 그 과정이 사회적 양극화와 극단주의, 그리고 상업화와 같은 외부 사회현상을 어떻게 드러내는지를 분석한다.","논문은 온라인 커뮤니티를 혐오·폭력 현상의 사례와 사회적 양극화·극단주의를 드러내는 창으로 분석하므로 WINDOW_HATE와 WINDOW_POLARIZE 코드에 높은 확률을 부여하고, 다른 코드는 근거가 없으므로 낮은 확률로 미부여 처리한다.",True,0/1,"run1:ROLE_WINDOW_HATE,ROLE_WINDOW_POLARIZE"
ART002949873,천안함 피격사건과 2030세대 남성 보수화: 온라인 커뮤니티 게시물에 대한 문화해석,조대근,2023,문화와 정치,kor,OK,ROLE_WINDOW_POLARIZE,,run1:없음,"이 논문은 2030세대 남성 중심 온라인 커뮤니티에서 생성·공유된 게시물·댓글 등을 자료로 삼아, 천안함 피격사건을 계기로 나타난 보수화 현상과 그 정치·사회적 의미를 분석한다.","천안함 피격사건을 계기로 나타난 보수화와 그 정치·사회적 의미를 분석한다는 서술이 정치적 양극화(보수화) 현상을 보여주는 창 역할을 강조하므로 ROLE_WINDOW_POLARIZE에 높은 확률을 부여하고, 다른 FIELD·WINDOW·ENV 코드들은 해당 근거가 없으므로 낮은 확률로 미부여한다.",True,0/1,run1:ROLE_WINDOW_POLARIZE
ART003192486,지자체 온실가스 배출 유형과 특성에 대한 연구 -경기도를 중심으로-,고현수(한국수자원공사),2025,한국지방자치학회보,kor,ERR,,,run1:없음,"이 논문은 경기도 지자체의 온실가스 배출 유형과 특성을 분석하여 정책적 함의를 도출하고 있으며, 온라인 커뮤니티는 연구 대상이나 분석 요소로 전혀 언급되지 않는다.","본문에 온라인 커뮤니티에 대한 언급이 전혀 없으며, 따라서 어떠한 ROLE이나 ENV 코드도 적용될 근거가 존재하지 않는다.",True,1/1,run1:없음
ART002636007,대규모 집단의 이익표출 과정 재고찰:2018-2020 한국유치원총연합 사태 내에서 ‘정치하는엄마들’을 중심으로,유승준(매사추세츠 주립대학교(앰허스트) 정치학과 박사과정),2020,문화와 정치,kor,OK,ROLE_FIELD_PUBLICSPHERE,,run1:없음,"이 논문은 온라인 커뮤니티를 조직화 비용을 낮추어 대규모 학부모 집단인 ‘정치하는 엄마들’의 집합행동을 가능하게 하는 환경 조건으로 활용하면서, 그 집단이 어떻게 공통 이익을 구축하고 민주적 절차를 통해 지속되는지를 분석한다.",논문은 온라인 커뮤니티를 민주적 절차와 공통 이익 형성을 통해 집단 행동을 가능하게 하는 공론장으로 분석하므로 ROLE_FIELD_PUBLICSPHERE에 가장 높은 확률을 부여한다.,True,0/1,run1:ROLE_FIELD_PUBLICSPHERE
ART003350735,계엄 이후 한국 온라인 커뮤니티의 공격 지형: 정당-정체성 상징적 연결을 중심으로,조은미(연세대학교),2026,한국정당학회보,kor,OK,ROLE_WINDOW_POLARIZE,,run1:없음,"이 논문은 보수·진보 온라인 커뮤니티의 게시글을 자료로 삼아, 정당과 정체성 공격이 어떻게 결합·구조화되는지를 분석함으로써 정치적 위기 상황에서 한국 사회의 양극화 현상을 외부 사회현상의 사례로 조명한다.","논문은 온라인 커뮤니티를 외부 사회현상인 정치적 양극화(ROLE_WINDOW_POLARIZE)를 보여주는 창으로 활용하고, 공론장이나 관계형 자원(FIELD) 혹은 환경적 요인(ENV)과는 관련성을 제시하지 않는다.",True,0/1,run1:ROLE_WINDOW_POLARIZE
ART003293123,미디어 이용 행태가 정서적 양극화에 미치는 영향,최재준(건국대학교 정치외교학과),2025,의정논총,kor,ERR,,,run1:없음,"이 논문은 온라인 커뮤니티를 정치정보 획득과 정서적 양극화 사이의 매개 메커니즘을 분석하는 장(field)으로 삼으며, 커뮤니티 이용이 뉴미디어 기반 정보와 적대적 감정 간 관계를 어떻게 중개하는지를 조사한다.","주어진 초점 문장은 온라인 커뮤니티를 매개 메커니즘을 분석하는 장(field)으로 설정하고 있어, 공론장이나 사회적 자본과 같은 FIELD 코드에 대한 근거가 없으며, 창(window) 역할을 강조하는 표현도 제한적이어서 모든 코드에 대해 확신을 가질 정도의 확률을 부여할 수 없었다.",True,1/1,run1:없음
ART001944121,온라인 커뮤니티 참여 고령자 간 공유된 의미구조 분석: 의미연결망 분석을 중심으로,차혜경(숭실대학교 평생교육학과 박사수료),2014,사회복지정책,kor,OK,ROLE_FIELD_SOCIALCAPITAL,,run1:없음,"이 논문은 온라인 고령자 커뮤니티를 관계·담론이 형성되는 공간으로 삼아, 자유게시판 텍스트의 의미연결망 분석을 통해 참여자들의 공유된 의미구조와 그가 일상·건강·사회적 활동에 미치는 영향을 탐색한다.","논문은 고령자 커뮤니티를 관계·담론이 형성되는 공간으로 보고 의미연결망을 분석해 참여자들의 공유 의미구조와 일상·건강·사회활동에 미치는 영향을 탐색하므로, 관계·담론 형성이라는 점에서 사회적 자본(관계·네트워크) 역할이 가장 부합한다.",True,0/1,run1:ROLE_FIELD_SOCIALCAPITAL
ART001075555,이혼 공동체의 현황과 특징:온라인·오프라인 공동체를 중심으로,성정현(협성대학교),2007,한국가족복지학,kor,OK,ROLE_FIELD_SOCIALCAPITAL,,run1:없음,"이 논문은 온라인·오프라인 이혼 공동체를 연구 대상으로 삼아, 온라인 커뮤니티가 정서·정보 공유와 소모임 조직을 통해 이혼자들의 정체성 형성과 사회복지 실천에 미치는 역할을 분석하고, 동시에 오프라인 공동체와의 상호작용 및 그 기능을 비교한다.",온라인 커뮤니티가 정서·정보 공유와 소모임 조직을 통해 이혼자들의 정체성 형성과 사회복지 실천에 기여한다는 서술은 이용자 간 신뢰·연대·네트워크와 같은 관계적 자원의 형성과 작동을 분석한다는 의미이므로 ROLE_FIELD_SOCIALCAPITAL에 해당한다.,True,0/1,run1:ROLE_FIELD_SOCIALCAPITAL
ART002287875,온라인 커뮤니티의 익명게시판에서 본 근육장애인들의 경험세계,진진주(서강대학교),2017,한국사회복지학,kor,ERR,,,run1:없음,"이 논문은 근육장애인 온라인 커뮤니티의 익명 게시판을 자료로 삼아, 그 안에서 형성되는 담론과 경험 서사를 분석함으로써 근육장애인들의 실존적 고통과 정체성 형성을 조명한다.","논문은 근육장애인 커뮤니티 내 담론과 서사를 분석해 정체성과 고통을 조명하지만, 공론장 역할, 사회자본 형성, 정치·젠더·혐오 등 외부 사회현상의 창 역할, 혹은 커뮤니티 구독·거버넌스·인구통계·생애주기·익명성 비교 등 어떠한 FIELD, WINDOW, ENV 시각도 제시하지 않으므로 모든 코드가 미부여된다.",True,1/1,run1:없음
ART001933988,발달장애아동 부모의 온라인 공동체 상호작용과 성장과정 유형에 관한 연구,이경아(단국대학교),2014,한국사회복지학,kor,ERR,,,run1:없음,"이 논문은 발달장애아동 부모들이 온라인 공동체에서 나누는 상호작용과 담론을 분석하여, 그 과정이 부모의 성장과 정체성 형성에 어떻게 기여하는지를 탐구한다.","제시된 초점 문장에는 온라인 공동체가 공론장 역할이나 특정 사회현상(양극화·젠더·혐오 등)을 보여주는 창으로서 논의되지 않으며, 회원제·운영·인구통계·생애주기·익명성 등 환경적 비교도 언급되지 않는다.",True,1/1,run1:없음
ART002974850,정신장애인의 동료지지와 사회통합의 관계에서 자기결정의 매개효과,박다은(한동대학교대학원),2023,장애인복지연구,kor,ERR,,,run1:없음,이 논문은 정신장애인의 동료지지와 사회통합 관계를 자기결정의 매개효과를 통해 검증하기 위해 온라인 커뮤니티를 참여자 모집 수단으로 활용한다.,"논문은 온라인 커뮤니티를 단순히 참여자 모집 수단으로만 활용하고, 커뮤니티 자체의 공론장 기능, 사회자본 형성, 사회현상 창 역할, 혹은 커뮤니티 구조·운영·인구통계·생애주기·익명성 등 어떠한 특성도 분석 대상으로 삼지 않으므로 모든 코드가 미부여로 평가된다.",True,1/1,run1:없음
ART001519184,온라인게임 커뮤니티에서 청소년의 ‘관계 맺기’ - ‘MMORPG’의 하위문화 사례 -,이관용(동국대학교),2010,청소년문화포럼,kor,OK,ROLE_FIELD_SOCIALCAPITAL,,run1:없음,"이 논문은 MMORPG 온라인게임 커뮤니티를 관계·담론이 형성되는 공간으로 삼아, 청소년이 그 안에서 맺는 관계 형성 과정과 그 특성을 질적 연구를 통해 분석한다.",논문은 MMORPG 커뮤니티를 청소년 관계 형성의 장으로 분석하므로 관계·연대·네트워크와 같은 사회적 자원의 형성을 다루는 ROLE_FIELD_SOCIALCAPITAL에 가장 부합한다.,True,0/1,run1:ROLE_FIELD_SOCIALCAPITAL
ART002442104,빈곤층의 온라인공동체에 관한 탐색적 사례연구 - 수급자 인터넷카페 회원들의 정보행태를 중심으로 -,김수영(서울대학교),2019,한국사회복지학,kor,OK,ROLE_FIELD_SOCIALCAPITAL,,run1:없음,"이 논문은 저소득층이 참여하는 온라인 공동체를 관계·담론이 형성되는 장으로 삼아, 그들의 정보 생산·공유 행태와 상호작용 양태, 그리고 온라인 공동체와 오프라인 공간 간의 관계를 분석한다.","논문은 온라인 공동체를 저소득층의 관계·담론이 형성되는 공간으로 분석하여 사회적 자본(신뢰·연대·네트워크) 형성에 초점을 맞추고, 공론장 역할이나 외부 사회현상을 보여주는 창(window) 역할, 그리고 커뮤니티 환경 요인들을 다루지 않는다.",True,0/1,run1:ROLE_FIELD_SOCIALCAPITAL
ART002509761,근육장애인들이 경험한 인터넷 사용의 의미,진진주(서강대학교),2019,한국장애인복지학,kor,OK,ROLE_FIELD_SOCIALCAPITAL,,run1:없음,"이 논문은 근육장애인들이 온라인 커뮤니티를 인간적 대우와 소통, 공감을 얻는 공간으로 활용하는 과정을 분석하고, 그 경험이 오프라인에서의 소외와 어떻게 연결되는지를 탐구한다.","논문은 온라인 커뮤니티를 인간적 대우와 소통, 공감을 통한 관계적 지원(사회적 자본)으로 분석하므로 ROLE_FIELD_SOCIALCAPITAL이 가장 부합한다.",True,0/1,run1:ROLE_FIELD_SOCIALCAPITAL
ART002907524,청소년의 사이버비행과 현실비행과의 관계에서 팬덤활동의 조절 효과,윤명숙(전북대학교),2022,한국사회복지교육,kor,OK,ROLE_WINDOW_MISC,,run1:없음,"이 논문은 청소년 사이버비행과 현실비행 사이의 관계를 분석하면서, 온라인 팬덤 활동이라는 커뮤니티 참여 수준이 그 관계를 어떻게 조절하는지를 조사한다.","연구는 온라인 팬덤 활동을 조절 변수로 사용해 사이버·현실 비행 관계를 분석하므로, 커뮤니티는 외부 사회현상을 관찰·설명하는 창(window) 역할을 한다(ROLE_WINDOW_MISC)으로 판단된다.",True,0/1,run1:ROLE_WINDOW_MISC
ART003240265,마약류 중독 성소수자의 회복 경험에 관한 연구: 회복 요인을 중심으로,최진묵(을지대학교 보건복지대학원 중독재활복지학과),2025,미래사회복지연구,kor,OK,ROLE_FIELD_SOCIALCAPITAL,,run1:없음,"이 논문은 마약류 중독 성소수자의 회복 과정을 탐구하면서, 온라인 커뮤니티를 회복 지원과 정체성 개방을 위한 사회적·관계적 장으로 활용하고, 그 역할과 효과를 분석한다.","논문은 온라인 커뮤니티를 회복 지원과 정체성 개방을 위한 사회적·관계적 장으로 활용한다는 점에서 사회적·관계적 자원(사회적 자본) 형성을 분석하고, 공론장 기능이나 외부 사회현상(양극화·젠더·혐오 등) 및 커뮤니티의 제도·인구통계·생애주기·익명성 등을 다루지 않으므로 FIELD_SOCIALCAPITAL만이 주요 코드로 부여된다.",True,0/1,run1:ROLE_FIELD_SOCIALCAPITAL
ART003143331,한국판 장애인 직무만족 척도(Korean version of the Job Satisfaction of People with Disabilities Scale: JSPDS-K) 타당화: 정신장애인을 중심으로,백진주(한동대학교 일반대학원 심리학과),2024,장애와 고용,kor,ERR,,,run1:없음,이 논문은 정신장애인의 직무만족 척도 타당화를 위해 온라인 커뮤니티를 참여자 모집·자료 수집 수단으로 활용한다.,"논문은 온라인 커뮤니티를 단순히 참여자 모집과 자료 수집의 도구로만 활용하고, 커뮤니티 자체의 공론장 역할, 사회자본 형성, 혹은 특정 사회현상(정치 양극화·젠더·혐오 등)이나 커뮤니티 환경 특성(회원제·운영·인구통계·생애주기·익명성) 등을 분석 대상으로 삼지 않으므로 모든 코드에 대해 부여되지 않는다.",True,1/1,run1:없음
ART003352755,주요 우울장애 가족 돌봄자의 자기돌봄에 관한 질적 연구,조영윤(충남대학교 사회복지학과),2026,한국가족복지학,kor,ERR,,,run1:없음,"이 논문은 온라인 커뮤니티를 연구 대상이 아닌, 주요 우울장애 가족 돌봄자 모집 수단으로만 활용한다.","논문은 온라인 커뮤니티를 분석 대상이 아닌 모집 수단으로만 언급하므로, 모든 ROLE 및 ENV 코드에 해당하지 않는다.",True,1/1,run1:없음
ART003153009,팬데믹 속 돌봄 지원 정책의 경험 -코로나19 기간 온라인 육아 커뮤니티의 여론 분석-,도유록(울산대학교 생활과학연구소),2024,한국가족복지학,kor,OK,ROLE_FIELD_PUBLICSPHERE,,run1:없음,"이 논문은 코로나19 기간 온라인 육아 커뮤니티를 정책 현장의 경험과 여론이 드러나는 장으로 삼아, 돌봄 지원 정책에 대한 부모들의 경험·인식과 그 담론이 나타내는 사회적 분위기와 제도적 장애물을 분석한다.","논문은 온라인 육아 커뮤니티를 정책 현장의 경험과 여론이 드러나는 장으로 활용해 담론을 분석하므로 공론장 역할에 해당하고, 신뢰·연대·네트워크 등 관계적 자원이나 외부 사회현상(양극화·젠더·혐오 등) 창 역할에 대한 언급이 없으며, 커뮤니티의 회원제·운영·인구통계·생애주기·익명성에 대한 비교·분석도 제시되지 않는다.",True,0/1,run1:ROLE_FIELD_PUBLICSPHERE
ART001402952,우리나라 온실가스 배출권거래제도의도입에 관한 연구,노상환(경남대학교),2009,환경정책연구,kor,ERR,,,run1:없음,"이 논문은 온라인 커뮤니티를 연구 대상이 아닌, 배경 설명이나 사례 제시 등 부수적인 언급에만 활용한다.","논문이 온라인 커뮤니티를 연구 대상이 아닌 배경이나 사례로만 언급하므로, 모든 ROLE 및 ENV 코드에 해당하는 근거가 없으며 모두 미부여로 판단한다.",True,1/1,run1:없음
ART001253934,기초자치단체 온실가스 배출량 산정에 관한 연구 - 경기도시ㆍ군 지자체를 중심으로,고재경(경기개발연구원),2008,환경정책,kor,ERR,,,run1:없음,"이 논문은 온실가스 배출량 산정과 정책 제안을 다루며, 온라인 커뮤니티는 연구 대상이나 분석 자료로 전혀 활용되지 않는다.","논문이 온실가스 배출량과 정책에만 초점을 맞추고 온라인 커뮤니티를 전혀 다루지 않으므로, 모든 ROLE 및 ENV 코드에 해당하는 근거가 없으며, 따라서 모든 코드가 미부여로 평가된다.",True,1/1,run1:없음
ART001539581,전력부문 온실가스 배출 관련 지자체의 책임성에 관한 연구,진상현(경북대학교),2011,환경정책,kor,ERR,,,run1:없음,"이 논문은 온라인 커뮤니티를 연구 대상이나 분석 도구로 활용하지 않으며, 온라인 커뮤니티는 언급조차 되지 않는다.","논문에서 온라인 커뮤니티가 전혀 언급되지 않으므로, 모든 ROLE 및 ENV 코드에 해당하는 근거가 없으며, 따라서 모든 코드는 미부여로 판단된다.",True,1/1,run1:없음
ART002335853,하향식 지역자치단체 배출량 산정방안: 지역온실가스 산업연관표 작성,장미란(한국환경정책평가연구원),2018,환경정책,kor,ERR,,,run1:없음,"이 논문은 온라인 커뮤니티를 전혀 다루지 않으며, 지방자치단체 온실가스 배출량 산정을 위한 산업연관표와 에너지 밸런스 구축 방법을 제시한다.","논문은 온라인 커뮤니티를 전혀 다루지 않으며, 온실가스 배출량 산정 방법을 제시하므로 모든 ROLE 및 ENV 코드에 해당하지 않는다.",True,1/1,run1:없음
ART002389360,특정수질유해물질 관리를 위한 배출량조사제도의도입 효과분석 및 개선방향,한대호(한국환경정책․평가연구원),2018,환경정책,kor,ERR,,,run1:없음,"이 논문은 온라인 커뮤니티를 연구 대상이나 분석 도구로 활용하지 않으며, 온라인 커뮤니티는 언급조차 없고 특정수질유해물질 배출량 조사제도의 효과와 개선방향에만 초점을 맞춘다.","논문은 온라인 커뮤니티를 전혀 다루지 않고 수질유해물질 배출량 조사제도의 효과와 개선에만 집중하므로, 모든 ROLE 및 ENV 코드에 해당하는 근거가 없으며 모두 미부여로 판단한다.",True,1/1,run1:없음
ART002078843,온라인 미디어와 이념갈등의 위기,장우영(대구가톨릭대학교),2016,Crisisonomy,kor,OK,ROLE_WINDOW_POLARIZE,,run1:없음,"이 논문은 온라인 커뮤니티를 한국 사회의 이념 갈등이라는 외부 사회현상을 관찰하는 사례로 삼아, 갈등의 기원·특징·사례를 분석하고 그에 대한 규제·대응 과제를 논의한다.","논문은 온라인 커뮤니티를 한국 사회의 이념 갈등이라는 외부 사회현상을 관찰하는 창으로 활용하므로, ROLE_WINDOW_POLARIZE가 가장 부합한다.",True,0/1,run1:ROLE_WINDOW_POLARIZE
ART002009200,국내 백두산 분화 관련 연구 동향 분석 및 향후 발전방향 제시,박숭환(서울시립대학교),2015,환경정책연구,kor,ERR,,,run1:없음,"이 논문은 백두산 분화와 관련된 연구 동향을 분석하고 향후 연구 발전 방향을 제시하기 위해 문헌 인벤토리를 구축·분석하며, 온라인 커뮤니티는 연구 대상이나 분석 도구로 전혀 언급되지 않는다.","본문에서 온라인 커뮤니티는 연구 대상이나 분석 도구로 전혀 언급되지 않으므로, 모든 ROLE 및 ENV 코드에 해당하는 근거가 없으며 모두 미부여로 판단한다.",True,1/1,run1:없음
ART003223513,지자체 온실가스 인벤토리를 활용한 BAU 전망에 관한 연구,이준형(인하대학교 스마트시티공학전공),2025,환경정책,kor,ERR,,,run1:없음,"이 논문은 온실가스 인벤토리를 활용해 지자체의 BAU 배출 전망을 분석하며, 온라인 커뮤니티는 연구 내용과 전혀 관련되지 않아 단순히 언급되지 않는다.","온라인 커뮤니티가 연구에서 전혀 분석 대상이 아니며 단순히 언급만 되었기 때문에 모든 ROLE 및 ENV 코드에 해당하는 근거가 없으며, 따라서 모든 코드가 미부여로 평가된다.",True,1/1,run1:없음
ART003169485,"국내･외 국가 온실가스 인벤토리 보고서 분석을통한 시사점 도출:토지이용, 토지이용변화 및 임업 부문을 중심으로",조소연(국립생태원 기후탄소연구팀),2024,환경정책,kor,ERR,,,run1:없음,이 논문은 온라인 커뮤니티를 연구 대상이나 분석 도구로 활용하지 않는다.,"논문이 온라인 커뮤니티를 연구 대상이나 분석 도구로 전혀 사용하지 않으므로, 모든 ROLE 및 ENV 코드에 해당하는 근거가 존재하지 않는다.",True,1/1,run1:없음
ART003044279,상수관망 관리를 위한 3D 공간정보 시스템 및 모델 프로토타입 개발,강슬기((주)한국케이지티콘설턴트),2023,Crisisonomy,kor,ERR,,,run1:없음,"이 논문은 온라인 커뮤니티를 연구 대상으로 삼지 않고, 상수관망 관리 시스템 개발에 초점을 맞춘다.",논문이 온라인 커뮤니티를 분석 대상이나 사례로 전혀 다루지 않으므로 모든 코드에 해당하지 않는다.,True,1/1,run1:없음
ART002389272,도로교통 그린인프라성능지수 개발 및 활용방안 연구,최재성(국토연구원),2018,환경정책,kor,ERR,,,run1:없음,"이 논문은 온라인 커뮤니티를 전혀 다루지 않으며, 온라인 커뮤니티는 연구의 대상이나 분석 요소로 언급되지 않는다.","논문이 온라인 커뮤니티를 전혀 다루지 않으며, 대상이나 분석 요소로 언급하지 않으므로 모든 ROLE 및 ENV 코드에 해당 근거가 없고, 따라서 모든 코드는 미부여로 판단된다.",True,1/1,run1:없음
ART002302768,업종별 비에너지 온실가스 배출량 산정방안,양유경(한국환경정책평가연구원),2017,환경정책,kor,ERR,,,run1:없음,"이 논문은 온라인 커뮤니티를 연구 대상으로 삼지 않으며, 비에너지 온실가스 배출량을 산업별로 산정하고 그 변화를 분석하는 데 초점을 맞춘다.","논문은 온라인 커뮤니티를 분석 대상이나 사례 창으로 전혀 다루지 않으며, 온실가스 배출량 산정에만 초점을 두고 있기 때문에 모든 ROLE 및 ENV 코드에 해당하지 않는다.",True,1/1,run1:없음
ART003318406,도시 기후탄력성 정책 인벤토리 및 정책 이행 평가 체계의 개발과 적용,손철희(한국환경연구원),2026,환경정책,kor,ERR,,,run1:없음,"이 논문은 온라인 커뮤니티를 전혀 다루지 않으며, 기후탄력성 정책 인벤토리와 이행 평가 체계 개발 및 적용에만 초점을 맞춘다.","논문이 온라인 커뮤니티를 전혀 다루지 않고 기후탄력성 정책 인벤토리와 이행 평가 체계에만 초점을 맞추므로, 모든 ROLE 및 ENV 코드에 해당하는 근거가 없으며 전부 미부여로 판단한다.",True,1/1,run1:없음
ART001854838,아프가니스탄 베그람 출토 유리용기와 포도주,이송란(덕성여자대학교),2014,Journal of China Studies,kor,ERR,,,run1:없음,"이 논문은 로마 유리용기의 전파와 포도주 문화 수용을 고고학적으로 분석하며, 온라인 커뮤니티는 연구 대상이 아니라 배경 언급에 그친다.","본문에서는 온라인 커뮤니티가 연구 대상이 아니라 배경으로만 언급되므로, 공론장·관계자원 역할이나 사회현상 창 역할, 혹은 커뮤니티 특성(구독·거버넌스·인구통계·생애주기·익명성) 분석이 전혀 이루어지지 않는다.",True,1/1,run1:없음
ART002436180,중국 일대일로(一帶一路) 구상에 대응하는 베트남의 헤징(hedging) -국경 경제협력과 남중국해 갈등을 중심으로-,정혜영(건국대학교 KU중국연구원),2019,한중사회과학연구,kor,ERR,,,run1:없음,"이 논문은 베트남의 대외정책과 남중국해 갈등을 분석하면서, 온라인 커뮤니티는 연구 대상이나 분석 도구로 전혀 언급되지 않는다.","논문에서 온라인 커뮤니티는 전혀 언급되지 않으므로, 모든 ROLE 및 ENV 코드에 해당하는 근거가 없으며 모두 미부여로 판단된다.",True,1/1,run1:없음
ART002686541,유럽연합의 북극 지역 블랙카본 감축을 위한 노력과 전망,정혁(한국외국어대학교),2021,EU연구,kor,ERR,,,run1:없음,"이 논문은 온라인 커뮤니티를 연구 대상이나 분석 도구로 활용하지 않고, 유럽연합의 북극 지역 블랙카본 감축 정책과 과제들을 검토·논의한다.","논문은 온라인 커뮤니티를 분석 대상이나 도구로 전혀 사용하지 않으며, 정책·감축 과제 검토에만 초점을 두고 있어 모든 ROLE 및 ENV 코드에 해당하는 근거가 존재하지 않는다.",True,1/1,run1:없음
ART003107683,탄소 흡수원 발굴을 위한 기초연구: 갯잔디(Zoysia sinica Hance)군락 이산화탄소 호흡량 측정 및 환경인자 상관성 분석,박재찬(국립목포대학교),2024,한국도서연구,kor,ERR,,,run1:없음,"이 논문은 온라인 커뮤니티를 전혀 다루지 않으며, 해양 염생식물인 갯잔디의 탄소 흡수량과 환경인자 상관성을 분석하는 연구이다.","논문은 온라인 커뮤니티를 전혀 다루지 않고 해양 염생식물인 갯잔디의 탄소 흡수와 환경인자 간 상관관계만을 분석하므로, 모든 ROLE 및 ENV 코드에 해당하는 근거가 존재하지 않는다.",True,1/1,run1:없음
ART001913767,토지피복도와 구글어스를 이용한 백두산의 화산성 홍수에 의한 피해범위,이길하(대구대학교),2014,국제지역연구,kor,ERR,,,run1:없음,"이 논문은 온라인 커뮤니티를 전혀 다루지 않으며, 화산성 홍수 피해 범위 분석에만 초점을 맞춘다.","논문이 온라인 커뮤니티를 전혀 다루지 않고 화산성 홍수 피해 범위 분석에만 집중하므로, 모든 ROLE 및 ENV 코드에 해당하는 근거가 없으며 모두 미부여로 판단된다.",True,1/1,run1:없음
ART002167178,EU 바이오연료 정책 전망과 그 발전 방향: 간접토지변경,김정인(중앙대학교),2016,유럽연구,kor,ERR,,,run1:없음,"이 논문은 유럽연합의 바이오연료 정책과 간접 토지변경(ILUC) 영향을 분석하고, 정책 방향과 영향 경감 방안을 제시한다.","논문은 온라인 커뮤니티와 관련된 분석이 전혀 없으며, 정책·환경 분석에만 초점을 맞추고 있어 모든 ROLE 및 ENV 코드에 해당하지 않는다.",True,1/1,run1:없음
ART002885991,‘재한 중국동포’의 사회문화적 초국가주의 실천과 함의,김윤태(동덕여자대학교),2022,중국과 중국학,kor,OK,ROLE_FIELD_SOCIALCAPITAL,,run1:없음,이 논문은 재한 중국동포가 초국가적 사회공간을 구축·확장하는 과정에서 온라인 커뮤니티를 활용하는 방식을 분석한다.,"논문은 온라인 커뮤니티를 활용해 초국가적 사회공간을 구축·확장하는 방식을 분석하므로, 이용자 간의 관계·연대·네트워크 형성이라는 사회자본 역할이 중심이며, 공론장 기능이나 정치·젠더·혐오 등 외부 현상 창 역할은 언급되지 않는다.",True,0/1,run1:ROLE_FIELD_SOCIALCAPITAL
ART003344488,지속가능한 자원관리로서 동북아 해양기후 거버넌스: 녹색전환(GX) 전략을 통한 한일 블루카본 정책의 제도적 전환 분석,최종민(서울대학교),2026,아시아연구,kor,ERR,,,run1:없음,"이 논문은 온라인 커뮤니티를 언급하지 않고, 한일 해양기후 거버넌스와 블루카본 정책의 제도적 전환 경로를 분석한다.","논문은 온라인 커뮤니티를 전혀 다루지 않으며, 해양기후 거버넌스와 블루카본 정책에만 초점을 맞추고 있어 모든 ROLE 및 ENV 코드에 해당하는 근거가 존재하지 않는다.",True,1/1,run1:없음
ART003294551,염생식물 갈대 ‘Phragmites australis’의 탄소 저장량 및 이산화탄소 호흡량 정량화를 통한 블루카본 가치 분석,박재찬(국립목포대학교),2025,한국도서연구,kor,ERR,,,run1:없음,이 논문은 전라남도 무안갯벌에 자생하는 염생식물 갈대의 탄소 저장량과 이산화탄소 호흡량을 정량화하여 블루카본 가치와 경제적 활용 가능성을 평가한다.,"논문은 블루카본과 경제적 활용을 평가하는 생태·경제 연구이며, 온라인 커뮤니티와 관련된 역할이나 환경 요인을 다루지 않으므로 모든 코드가 미부여로 평가된다.",True,1/1,run1:없음
ART001869725,Joint Implementation and double deduction of credits by the linkage with the EU ETS,정혁(한국외국어대학교),2014,유럽연구,kor,ERR,,,run1:없음,"이 논문은 온라인 커뮤니티를 전혀 다루지 않으며, EU ETS와 JI 메커니즘 및 이중 공제 문제를 분석한다.","논문이 온라인 커뮤니티를 전혀 다루지 않고 EU ETS와 JI 메커니즘 및 이중 공제 문제만 분석하므로, 모든 ROLE 및 ENV 코드에 해당하는 근거가 없으며 모두 미부여로 판단한다.",True,1/1,run1:없음
ART002163496,지방 대도시 도시재생 상 사유재산 활용의 한계와 과제에 관한 고찰: 대구광역시 사례를 중심으로,권용석(대구경북연구원),2015,대구경북연구,kor,ERR,,,run1:없음,"이 논문은 온라인 커뮤니티를 전혀 다루지 않으며, 지방 대도시의 도시재생 과정에서 사유재산 활용의 한계와 해결 방안을 분석한다.","논문이 온라인 커뮤니티를 전혀 다루지 않으며, 도시재생과 사유재산 활용에만 초점을 맞추고 있기 때문에 모든 ROLE 및 ENV 코드에 해당하는 근거가 존재하지 않는다.",True,1/1,run1:없음
ART003165818,채용 온라인 커뮤니티 상호작용이 소수민족 구직자의 지원의도에 미치는 영향: 중국 자동차 회사 사례를 중심으로,황민(한양대학교 경영학과),2024,국제학논총,kor,ERR,,,run1:없음,"이 논문은 기업이 운영하는 채용 온라인 커뮤니티를 구직자와 기업 간 상호작용이 이루어지는 장으로 삼아, 그 상호작용이 소수민족 구직자의 조직 민족 다양성 인식과 지원 의도에 미치는 영향을 분석한다.","제시된 문장은 온라인 커뮤니티를 상호작용의 장으로만 언급하고, 공론장, 관계 자원, 정치·젠더·혐오 등 특정 사회현상, 혹은 커뮤니티의 회원제·거버넌스·인구통계·생애주기·익명성 등 비교 요소를 다루지 않으므로 모든 코드에 대한 근거가 부족하다.",True,1/1,run1:없음
ART003207107,중국 브이튜버 팬 커뮤니티에 관한 고찰: 빌리빌리(Bilibili) 플랫폼을 중심으로,YUANMING CHANG(한국외국어대학교),2025,아시아연구,kor,OK,ROLE_FIELD_SOCIALCAPITAL,,run1:없음,"이 논문은 Bilibili 내 VTuber 팬 커뮤니티를 관계·담론이 형성되는 장으로 삼아, 콘셉트 유지, 팬들의 정서·물질적 수요, 그리고 플랫폼의 소셜 기능이 커뮤니티 유지와 활성화에 어떻게 작용하는지를 분석한다.","초점이 VTuber 팬 커뮤니티를 관계·담론이 형성되는 공간으로 분석하고 있어 사회적 자원(관계·연대·네트워크) 형성에 초점을 맞추므로 ROLE_FIELD_SOCIALCAPITAL에 해당한다; 공론장 역할이나 외부 사회현상(극화·젠더·혐오 등)에 대한 논의는 없으며, 회원제·운영·인구통계·생애주기·익명성 등 환경적 변수도 다루지 않는다.",True,0/1,run1:ROLE_FIELD_SOCIALCAPITAL
ART001758862,성소수자들의 공간 전유와 커뮤니티 만들기: 이태원 소방서 골목 사례 연구,한유석(전북대학교 문화인류학과 박사과정),2013,서울도시연구,kor,OK,ROLE_FIELD_SOCIALCAPITAL,,run1:없음,"이 논문은 이태원 소방서 골목에서 성소수자들이 물리적 공간을 전유하고 커뮤니티를 형성하는 과정을 기록하며, 온라인 커뮤니티의 증가가 이러한 공간적·사회적 집단 형성에 기여한 요인으로 분석한다.",온라인 커뮤니티가 물리적·사회적 집단 형성에 기여한 요인으로 분석된 점이 사회적 연대·네트워크 형성을 의미하므로 ROLE_FIELD_SOCIALCAPITAL에 부여된다.,True,0/1,run1:ROLE_FIELD_SOCIALCAPITAL
ART001704546,지역할당 방식을 이용한 지자체의 온실가스 배출량 전망: 에너지부문을 중심으로,진상현(경북대학교),2012,서울도시연구,kor,ERR,,,run1:없음,이 논문은 온라인 커뮤니티를 연구 대상이나 분석 도구로 활용하지 않는다.,"논문이 온라인 커뮤니티를 연구 대상이나 분석 도구로 전혀 활용하지 않으므로, 모든 ROLE 및 ENV 코드에 해당하는 근거가 없으며, 따라서 모든 코드가 미부여로 판단된다.",True,1/1,run1:없음
ART002365625,국내 그린캠퍼스 추진현황 연구－ 관련제도 고찰과 전국 대학교의 추진실태 조사 －,최윤정(충북대학교),2018,주거환경,kor,ERR,,,run1:없음,"이 논문은 대학 캠퍼스의 그린캠퍼스를 환경·제도적 조건으로 삼아, 관련 제도와 지원사업, 대학별 추진 실태를 조사·분석한다.","논문은 대학 캠퍼스의 그린캠퍼스를 환경·제도적 조건으로 분석하며, 온라인 커뮤니티와 관련된 역할이나 환경 요인을 다루지 않으므로 모든 코드에 해당하지 않는다.",True,1/1,run1:없음
ART003004597,탄소저장 가치를 고려한 도시공원의 경제적 가치 추정 연구:광주 중앙근린공원1지구를 중심으로,김영민(전남대학교),2023,한국지역개발학회지,kor,ERR,,,run1:없음,"이 논문은 온라인 커뮤니티를 연구 대상이나 분석 도구로 활용하지 않고, 도시공원의 비시장적 가치와 탄소저장 가치를 경제적 가치로 추정하는 데 초점을 맞춘다.","논문은 온라인 커뮤니티를 분석 대상이나 도구로 전혀 사용하지 않고, 도시공원의 비시장적·탄소저장 가치를 경제적 가치로 추정하는 데만 초점을 두므로, 모든 ROLE 및 ENV 코드에 해당하는 근거가 없으며, 따라서 모든 코드가 미부여로 평가된다.",True,1/1,run1:없음
ART002509483,연안지역의 재해 취약성을 고려한 공간분류 및 적응전략 인벤토리 구축: 부산광역시를 대상으로,김효정(부산대학교),2019,한국지역개발학회지,kor,ERR,,,run1:없음,"이 논문은 온라인 커뮤니티를 전혀 다루지 않고, 연안지역의 재해 취약성을 고려한 공간분류와 적응전략 인벤토리 구축에 초점을 맞춘다.","논문은 온라인 커뮤니티를 전혀 다루지 않으며, 재해 취약성 및 공간분류와 적응전략에만 초점을 두고 있어 모든 ROLE 및 ENV 코드에 해당하지 않는다.",True,1/1,run1:없음
ART002829728,공주시 마을습지 인벤토리 구축 및 분포 특성 연구,박미옥(나사렛대학교),2020,토지주택연구,kor,ERR,,,run1:없음,"이 논문은 온라인 커뮤니티를 연구 대상이나 분석 도구로 활용하지 않으며, 습지 데이터베이스 구축과 분포·보전 특성 분석에만 초점을 맞춘다.","논문은 온라인 커뮤니티를 분석 대상이나 도구로 전혀 다루지 않으며, 습지 데이터베이스와 보전 특성에만 집중하므로 모든 ROLE 및 ENV 코드에 해당하지 않는다.",True,1/1,run1:없음
ART001486328,항공분야 온실가스 배출량 산정방법 정립을 위한 정책적 제언,박진서(한국교통연구원),2010,교통연구,kor,ERR,,,run1:없음,"이 논문은 온라인 커뮤니티를 전혀 다루지 않으며, 항공 분야 온실가스 배출량 산정 방법과 정책적 제언에만 초점을 맞춘다.","논문이 온라인 커뮤니티를 전혀 다루지 않고 항공 분야 온실가스 배출량 산정과 정책 제언에만 초점을 맞추므로, 모든 ROLE 및 ENV 코드에 해당하는 근거가 없으며 모두 미부여로 판단한다.",True,1/1,run1:없음
ART001919372,FGI를 통한 산업단지 온실가스배출 감축전략 도출,반영운(충북대학교),2014,한국지역개발학회지,kor,ERR,,,run1:없음,"이 논문은 온라인 커뮤니티를 전혀 다루지 않으며, 산업단지의 온실가스 배출 감축 전략을 도출하기 위한 FGI와 사례조사를 중심으로 연구한다.","본문은 온라인 커뮤니티를 전혀 다루지 않으며, 온실가스 감축 전략 도출을 위한 FGI와 사례조사에만 초점을 맞추고 있어 모든 ROLE 및 ENV 코드에 해당하는 근거가 존재하지 않는다.",True,1/1,run1:없음
ART002366328,한국형 그린 캠퍼스 모델개발 및 추진전략 제안연구,최윤정(충북대학교),2018,주거환경,kor,ERR,,,run1:없음,"이 논문은 대학 캠퍼스의 친환경 전환을 위한 모델과 전략을 제시하며, 온라인 커뮤니티는 운영 수단으로만 언급된다.","논문은 온라인 커뮤니티를 친환경 전환 모델의 운영 수단으로만 언급하고, 그 자체의 공론장 기능, 관계 자원, 혹은 사회현상 창 역할을 분석하지 않으며, 커뮤니티의 구독·거버넌스·인구통계·생애주기·익명성 등 환경적 특성도 비교·대조하지 않는다.",True,1/1,run1:없음
ART001663431,아파트 온라인 커뮤니티 특성과 충성도 간의 관계에 대한 연구,최용길(경기대학교),2012,부동산학보,kor,OK,ROLE_FIELD_SOCIALCAPITAL,,run1:없음,"이 논문은 아파트 온라인 커뮤니티를 관계·담론이 형성되는 공간으로 보고, 그 특성(상호작용성·정보·경험 제공)이 브랜드 충성도에 미치는 영향을 분석한다.","논문은 아파트 온라인 커뮤니티를 관계·담론이 형성되는 공간으로 보고 브랜드 충성도에 미치는 영향을 분석하므로, 관계·담론 형성이라는 점에서 사회적 자본(SOCIALCAPITAL) 역할을 강조한다. 공론장 기능이나 외부 사회현상(양극화·젠더·혐오 등) 및 커뮤니티의 회원제·운영·인구통계·생애주기·익명성 등 환경적 요인에 대한 언급이 없으므로 해당 코드는 부여되지 않는다.",True,0/1,run1:ROLE_FIELD_SOCIALCAPITAL
ART003037415,도시 가로유형 체계화와 가로수 선정 연구,홍승현(국민대학교),2023,한국지적정보학회지,kor,ERR,,,run1:없음,"이 논문은 온라인 커뮤니티를 전혀 다루지 않으며, 도시 가로공간의 유형화와 가로수 선정 기준을 분석한다.","논문이 온라인 커뮤니티를 전혀 다루지 않으며 도시 가로공간과 가로수 선정 기준만을 분석하므로, 모든 ROLE 및 ENV 코드에 해당하는 근거가 없으며 모두 미부여로 판단한다.",True,1/1,run1:없음
ART003273116,새만금 염생식물 모니터링을 위한 AI 모델 구축 및 탄소 흡수량 산정,이고은(전북대학교),2025,지적과 국토정보,kor,ERR,,,run1:없음,"이 논문은 온라인 커뮤니티를 다루지 않고, AI 기반 염생식물 모니터링과 탄소 흡수량 산정을 연구한다.","논문은 온라인 커뮤니티를 전혀 다루지 않으며, AI 기반 염생식물 모니터링과 탄소 흡수량 산정에만 초점을 맞추고 있어 모든 ROLE 및 ENV 코드에 해당 근거가 없으므로 전부 미부여로 판단한다.",True,1/1,run1:없음
ART001401398,온라인상의 정책의제 형성과정에 관한 연구,홍성운(전남대학교 공공행정연구소),2009,한국거버넌스학회보,kor,OK,ROLE_FIELD_PUBLICSPHERE,,run1:없음,"이 논문은 사이버 커뮤니티를 새로운 공론장으로 삼아, 자발적 시민참여가 정책 의제로 형성되는 과정을 분석한다.",논문은 사이버 커뮤니티를 새로운 공론장으로 설정하고 시민참여가 정책 의제로 형성되는 과정을 분석하므로 ROLE_FIELD_PUBLICSPHERE에 해당한다; 다른 ROLE 및 ENV 코드는 문장에 근거가 없으므로 미부여로 판단한다.,True,0/1,run1:ROLE_FIELD_PUBLICSPHERE
ART002144110,경찰공무원의 유머감각이 직무열의에 미치는 영향,임운식(서라벌대학교),2016,한국민간경비학회보,kor,ERR,,,run1:없음,"이 논문은 경찰공무원의 유머감각이 직무열의에 미치는 영향을 실증적으로 분석하고 있으며, 온라인 커뮤니티는 연구 대상이나 분석 요소로 전혀 언급되지 않는다.","논문은 경찰공무원의 유머감각과 직무열의의 관계만을 실증적으로 분석하고 온라인 커뮤니티를 전혀 다루지 않으므로, 모든 ROLE 및 ENV 코드에 해당하는 근거가 없으며 모두 미부여로 판단한다.",True,1/1,run1:없음
ART002688997,극단주의 테러 동화현상에 관한 연구: 사이버 매체의 영향력을 중심으로,김태훈(가천대학교),2021,한국치안행정논집,kor,OK,ROLE_WINDOW_HATE,,run1:없음,"이 논문은 사이버 매체와 온라인 커뮤니티를 극단주의 테러 동화에 영향을 미치는 환경 조건으로 삼아, 이러한 플랫폼이 급진화 과정을 어떻게 촉진하고 연결망을 형성하는지를 분석한다.",논문은 온라인 커뮤니티를 극단주의·테러 동화(혐오)와 급진화 과정(기타 현상)의 창(window)으로 활용한다는 점에서 ROLE_WINDOW_HATE에 가장 부합한다.,True,0/1,run1:ROLE_WINDOW_HATE
ART002875692,사회적경제 참여가 비제도적 정치참여에 미치는 영향,한상일(연세대학교),2022,한국사회와 행정연구,kor,ERR,,,run1:없음,"이 논문은 사회적경제 참여가 비제도적 정치참여에 미치는 영향을 분석하며, 온라인 커뮤니티 활동은 비제도적 참여 유형 중 하나로 다루어질 뿐, 주요 연구 대상이 아니다.","온라인 커뮤니티는 비제도적 정치참여 유형 중 하나로 언급될 뿐, 그 자체의 공론장 역할, 관계 자원 형성, 혹은 외부 사회현상의 창 역할을 분석 대상으로 삼지 않으며, 커뮤니티의 구조·운영·인구통계·생애주기·익명성에 대한 비교·분석도 제시되지 않는다.",True,1/1,run1:없음
ART003001396,중간지원조직 근무자 - 환경적합성과 직무만족의 관계에서 사회적 지지의 매개효과,김두순(주식회사 지역사회역량연구소),2023,한국자치행정학보,kor,ERR,,,run1:없음,"이 논문은 지역개발 중간지원조직 근무자의 환경적합성과 직무만족 간의 관계에서 사회적 지지의 매개효과를 분석하며, 온라인 커뮤니티는 사회적 지지 향상을 위한 활용 수단으로만 언급된다.","온라인 커뮤니티는 사회적 지지 향상을 위한 도구로만 언급되어, 공론장 역할, 관계형 자원 형성, 혹은 사회현상 창 역할 등 ROLE 및 ENV 코드에 해당하는 구체적 내용이 전혀 제시되지 않는다.",True,1/1,run1:없음
ART003005702,흉기 난동 등 소프트타깃 테러 언론보도에 관한 탐색적 연구 : 텍스트마이닝과 사회연결망 분석을 중심으로,정화성(서울지방경찰청),2023,시큐리티연구,kor,OK,ROLE_WINDOW_MISC,,run1:없음,"이 논문은 온라인 커뮤니티에 게시된 살인 예고 등 게시글을 자료로 삼아, 소프트 타깃 테러에 대한 사회적 논의와 담론을 분석하고, 이를 통해 테러 예방을 위한 정책적 시사점을 도출한다.",논문은 온라인 커뮤니티 게시글을 소프트 타깃 테러 담론을 보여주는 사례(창)로 활용하므로 WINDOW_MISC 코드가 가장 부합한다.,True,0/1,run1:ROLE_WINDOW_MISC
ART003079795,텍스트 마이닝을 통한 메타버스 아바타 성착취 처벌에 대한 대중의 인식 분석,최승훈(동국대학교 경찰사법대학 경찰행정학부),2024,한국범죄학,kor,OK,ROLE_FIELD_PUBLICSPHERE,,run1:없음,"이 논문은 유튜브라는 온라인 커뮤니티의 댓글을 자료로 삼아, 아바타 성착취에 대한 법적 처벌 필요성에 대한 대중 인식과 담론을 분석함으로써 해당 사회현상의 합의와 인식 양상을 조명한다.","논문은 유튜브 댓글을 통해 아바타 성착취에 대한 대중 인식과 담론을 분석하여 사회현상의 합의와 인식 양상을 조명하므로, 공론장으로서의 온라인 커뮤니티 역할(ROLE_FIELD_PUBLICSPHERE)이 가장 부합한다.",True,0/1,run1:ROLE_FIELD_PUBLICSPHERE
ART002969997,공공가치의 확장된 인벤토리: 학제간 접근,김흥회(동국대학교),2023,한국행정논집,kor,ERR,,,run1:없음,"이 논문은 온라인 커뮤니티를 연구 대상이나 분석 도구로 활용하지 않으며, 공공가치 인벤토리의 학제간 확장을 논의하는 데에만 초점을 맞춘다.","논문은 온라인 커뮤니티를 분석 대상이나 도구로 전혀 사용하지 않으며, 공공가치 인벤토리의 학제간 확장 논의에만 집중하므로 ROLE 및 ENV 코드 모두 적용되지 않는다.",True,1/1,run1:없음
ART003274372,공중협박에 대한 경찰의 대응체계 연구: 공중협박죄를 중심으로,구대일(경찰인재개발원),2025,한국민간경비학회보,kor,OK,ROLE_WINDOW_MISC,,run1:없음,"이 논문은 온라인 커뮤니티를 공중협박이라는 사회현상의 발생 배경으로 삼아, 경찰의 대응 체계와 제도·기술적 환경을 분석하고 개선 방안을 제시한다.",논문은 온라인 커뮤니티를 공중협박이라는 사회현상의 배경으로 활용해 현상을 설명하므로 WINDOW_MISC 역할이 가장 부합한다.,True,0/1,run1:ROLE_WINDOW_MISC
ART002795051,사이버 공간의 청소년 성매매에 관한 소고: CPTED모델의 적용,고나영(경기대학교 일반대학원 범죄학과),2021,한국경찰연구,kor,ERR,,,run1:없음,"이 논문은 온라인 커뮤니티를 청소년 성매매가 발생할 수 있는 물리적·기술적 환경 조건으로 보고, CPTED 모델을 적용해 접근통제·자연감시·영역성 등을 분석하고 예방 방안을 제시한다.","논문은 온라인 커뮤니티를 청소년 성매매 위험의 물리·기술적 환경으로 분석하고 CPTED 요소를 적용하지만, 공론장·사회자본·정치·젠더·혐오·기타 사회현상·회원제·운영·인구통계·생애주기·익명성 등과 관련된 분석은 제시하지 않는다.",True,1/1,run1:없음
ART002378806,한국과 미국 경찰의 사회적 자본 비교를 통한 시사점 검토,박선영(목원대학교),2018,경찰학논총,kor,OK,ROLE_FIELD_SOCIALCAPITAL,,run1:없음,"이 논문은 경찰관들이 자발적으로 참여하는 온라인 커뮤니티를 관계·담론이 형성되는 장으로 삼아, 그 안에서 나타나는 신뢰·소통·규범 등 사회적 자본의 특성을 분석하고, 이를 한국과 미국 경찰 조직의 사회적 자본 비교에 활용한다.","논문은 온라인 커뮤니티를 신뢰·소통·규범 등 사회적 자본이 형성·작동하는 공간으로 분석하므로 ROLE_FIELD_SOCIALCAPITAL에 해당하고, 공론장 역할이나 외부 현상(양극화·젠더·혐오·기타) 및 커뮤니티의 구독·운영·인구통계·생애주기·익명성 차이를 비교·검토하지 않으므로 나머지 코드는 미부여이다.",True,0/1,run1:ROLE_FIELD_SOCIALCAPITAL
ART001565708,온라인 커뮤니티에서 지식공유행동의 영향요인이 지식공유행동과 온라인 커뮤니티 애호도에 미치는 영향,김유경(신라대학교),2011,마케팅논집(Journal of Marketing Studies),kor,ERR,,,run1:없음,"이 논문은 온라인 커뮤니티를 지식 공유와 회원 애호도가 형성·강화되는 장으로 삼아, 개인·커뮤니티 특성이 지식공유행동에 미치는 선행 요인과 그 행동이 커뮤니티 애호도에 미치는 영향을 분석한다.","본문은 온라인 커뮤니티를 지식 공유와 회원 애호도 형성·강화의 장으로만 언급하며, 공론장 역할이나 정치·젠더·혐오 등 외부 현상, 혹은 회원제·거버넌스·인구통계·생애주기·익명성 등 환경 요인에 대한 논의가 없으므로 모든 코드에 대해 부여 기준을 충족하지 않는다.",True,1/1,run1:없음
ART001680611,소셜네트워크(SNS) 상에서의 정보전달과 시민참여의 권유 및 참여결정 특성에 관한 연구: 촛불집회 참여와 On-Line 커뮤니티 단체들의 성격 분석,유영철(명지전문대학),2012,한국지역정보화학회지,kor,OK,"ROLE_FIELD_PUBLICSPHERE, ROLE_FIELD_SOCIALCAPITAL",,run1:없음,"이 논문은 온라인 SNS 단체들을 연구 대상(관계·담론이 형성되는 공간)으로 삼아, 각 단체의 성격이 촛불집회 참여와 어떤 관계가 있는지를 분석한다.","논문은 온라인 SNS 단체를 관계와 담론이 형성되는 공간으로 보고, 그 공간이 촛불집회 참여와 어떻게 연결되는지를 분석하므로 공론장 역할과 관계·연대(사회적 자본) 역할을 모두 강조한다; 다른 WINDOW·ENV 시각은 언급되지 않는다.",True,0/1,"run1:ROLE_FIELD_PUBLICSPHERE,ROLE_FIELD_SOCIALCAPITAL"
ART001299005,프리어나운싱 맥락에서 정보속성이 이중적 구전커뮤니케이션에 미치는 영향 −온라인 커뮤니티를 중심으로−,송용태(선문대학교),2008,산업혁신연구,kor,OK,ROLE_FIELD_SOCIALCAPITAL,,run1:없음,"이 논문은 온라인 커뮤니티를 관계·담론이 형성되는 장으로 삼아, 프리어나운싱 정보의 속성이 소비자의 지각된 유용성과 호기심에 미치는 영향을 통해 내·외적 구전 커뮤니케이션이 어떻게 일어나는지를 분석한다.","논문은 온라인 커뮤니티를 관계·담론이 형성되는 장으로 설정해, 이용자 간 상호작용이 신뢰·연대·네트워크와 같은 관계적 자원의 형성과 구전 커뮤니케이션에 미치는 영향을 분석하므로 ROLE_FIELD_SOCIALCAPITAL에 해당한다.",True,0/1,run1:ROLE_FIELD_SOCIALCAPITAL
ART001127312,오프라인 기반 가상공동체 구성원의 심리적 유형과 온라인 의사소통 매체에 대한 사회 연결망 분석,조남재(한양대학교),2006,정보화정책,kor,OK,ROLE_FIELD_SOCIALCAPITAL,,run1:없음,"이 논문은 오프라인 기반 가상공동체 내에서 온라인 의사소통 매체를 활용한 구성원 간 사회연결망을 분석하고, 개인의 심리적 유형이 메신저와 전자우편 사용에 따라 네트워크 형성에 어떻게 영향을 미치는지를 조사한다.",논문은 구성원 간 사회연결망과 네트워크 형성에 초점을 맞추어 관계·연결(신뢰·연대·네트워크)이라는 사회자본을 분석하므로 ROLE_FIELD_SOCIALCAPITAL에 높은 확률을 부여한다; 다른 ROLE 및 ENV 코드는 초점 문장에 해당 근거가 없으므로 낮은 확률로 미부여한다.,True,0/1,run1:ROLE_FIELD_SOCIALCAPITAL
ART001383163,Introducing Hierarchy in the Networked Audience: A Case Study of Online Communities of Musical Theater Audiences,이호영(정보통신정책연구원),2009,정보화정책,kor,OK,ROLE_FIELD_SOCIALCAPITAL,ENV_COMMUNITY_SUBSCRIPTION,run1:없음,"이 논문은 온라인 커뮤니티를 관계·담론이 형성되는 장으로 삼아, 계층적 회원제와 등급제라는 구조화 과정을 분석하면서 이러한 구조가 정보의 배타적 흐름과 자유라이더 억제에 어떻게 작용하는지를 설명한다.","논문은 온라인 커뮤니티 내부의 계층적 회원제·등급제 구조가 관계·담론 형성에 미치는 영향을 분석하고, 정보 흐름의 배타성과 자유라이더 억제 메커니즘을 설명하므로 ROLE_FIELD_SOCIALCAPITAL와 ENV_COMMUNITY_SUBSCRIPTION에 높은 확률을 부여한다.",True,0/1,"run1:ENV_COMMUNITY_SUBSCRIPTION,ROLE_FIELD_SOCIALCAPITAL"
ART001047164,온라인 정치지형의 분화와 재편성,김선미(국제뇌교육종합대학원대학교),2007,정보화정책,kor,OK,ROLE_WINDOW_POLARIZE,,run1:없음,"이 논문은 온라인 커뮤니티를 외부 사회현상을 관찰하는 창으로 삼아, 온라인 정치 커뮤니티의 이념·정치 지형이 현실 정치와 어떻게 상호작용하고 재편성되는지를 분석하면서, 동시에 그 커뮤니티 내 담론이 오프라인의 이념·정치 갈등을 재현·증폭시키는 과정을 설명한다.","논문은 온라인 정치 커뮤니티를 외부 정치·이념 갈등을 관찰하는 창으로 활용해 그 상호작용과 재편성을 분석하므로, 정치적 양극화(ROLE_WINDOW_POLARIZE)에 해당하고, 다른 FIELD·WINDOW·ENV 코드들은 근거가 부족해 부여되지 않는다.",True,0/1,run1:ROLE_WINDOW_POLARIZE
ART001356118,현실 기반형 커뮤니티와 온라인 기반형 커뮤니티의 기능적 관계 - 수용자 충족 적소분석을 중심으로 -,이윤복,2009,정보화정책,kor,ERR,,,run1:없음,"이 논문은 현실 기반형 커뮤니티와 온라인 기반형 커뮤니티를 비교 대상으로 삼아, 각각의 기능적 충족 영역과 경쟁·보완 관계를 분석한다.","제시된 문장에는 공론장, 신뢰·연대·네트워크, 정치·젠더·혐오 등 구체적 현상이나 환경 요인에 대한 언급이 없으므로 모든 코드에 대한 근거가 부족하다.",True,1/1,run1:없음
ART001129554,아파트 사이버공동체의 가능성과 한계 －아파트 홈페이지의 운영 실태를 중심으로－,임석회(대구대학교),2005,지역과 지리,kor,OK,ROLE_FIELD_SOCIALCAPITAL,,run1:없음,"이 논문은 아파트 홈페이지를 매개로 형성된 사이버공동체를 연구 대상으로 삼아, 그 운영 실태와 실제 활동이 이론적 기대와 어떻게 차이 나는지를 분석하고, 오프라인 공동체와의 연계가 가능성과 한계를 어떻게 결정하는지를 고찰한다.","논문은 사이버공동체의 운영 실태와 활동을 이론적 기대와 비교 분석하고 오프라인 연계 가능성을 고찰함으로써, 온라인 커뮤니티 내에서 신뢰·연대·네트워크와 같은 관계적 자원의 형성과 작동을 중점적으로 다루어 ROLE_FIELD_SOCIALCAPITAL 코드를 부여한다.",True,0/1,run1:ROLE_FIELD_SOCIALCAPITAL
ART001567334,온라인 공동체 이용의도의 영향요인-대학생의 인식을 중심으로-,김구(강릉원주대학교),2011,정보화정책,kor,OK,ROLE_FIELD_SOCIALCAPITAL,,run1:없음,"이 논문은 온라인 공동체를 관계·담론이 형성되는 공간으로 삼아, 대학생들의 이용 의도에 영향을 미치는 사회적 영향, 일체감, 유용성 인식 등을 분석한다.","논문은 온라인 공동체를 관계·담론이 형성되는 공간으로 보고, 사회적 영향·일체감·유용성 인식 등 이용 의도에 미치는 영향을 분석하므로 사회적 관계 자원(신뢰·연대·네트워크) 형성을 다루는 FIELD_SOCIALCAPITAL에 가장 부합한다.",True,0/1,run1:ROLE_FIELD_SOCIALCAPITAL
ART001137913,블레디드 e러닝 기법을 활용한 국제학습공동체 구축에 관한 연구,최성우(숭실대학교),2005,교육정보미디어연구,kor,OK,ROLE_FIELD_SOCIALCAPITAL,,run1:없음,"이 논문은 온라인 커뮤니티를 국제 학습공동체를 구축하고 운영하는 장으로 삼아, 그 설계·구축·활동 과정을 분석하고 교육적·협력적 효과를 고찰한다.","논문은 온라인 커뮤니티를 학습공동체 구축·운영의 장으로 삼아 설계·구축·활동을 분석하고 교육·협력 효과를 고찰하므로, 이용자 간 협력·신뢰 등 관계적 자원의 형성을 다루는 FIELD_SOCIALCAPITAL에 가장 부합한다.",True,0/1,run1:ROLE_FIELD_SOCIALCAPITAL
ART001329805,성별영향평가를 통한 김포한강신도시의 여성친화도시 계획수립에 관한 연구,이상문(협성대학교),2009,국토연구,kor,ERR,,,run1:없음,"이 논문은 온라인 커뮤니티를 연구 대상이나 분석 도구로 활용하지 않으며, 여성친화 도시 계획 수립을 위한 성별영향평가와 정책 제안을 중심으로 논의한다.","논문은 온라인 커뮤니티를 분석 대상이나 도구로 전혀 사용하지 않고, 여성친화 도시 계획을 위한 성별영향평가와 정책 제안에만 초점을 맞추므로 모든 ROLE 및 ENV 코드에 해당하지 않는다.",True,1/1,run1:없음
ART003008047,생태⋅자연도 등급변화에 영향을 미치는 요인 분석 -경상남도 일대를 대상으로-,강다인(국립생태원),2023,경관과 지리,kor,ERR,,,run1:없음,"이 논문은 온라인 커뮤니티를 전혀 다루지 않으며, 경상남도 지역의 생태·자연도 등급 변화를 분석한다.",논문이 온라인 커뮤니티를 전혀 다루지 않으므로 모든 ROLE 및 ENV 코드에 해당하지 않는다.,True,1/1,run1:없음
ART001434368,"Cities as Place for Climate Mitigation and Adaptation: A Case Study of Portland, Oregon, USA",장희준(Portland State University),2010,대한지리학회지,kor,ERR,,,run1:없음,"이 논문은 온라인 커뮤니티를 언급하지 않고, 도시의 기후 완화·적응 전략과 정책을 분석한다.","논문이 온라인 커뮤니티를 전혀 다루지 않으며, 기후 완화·적응 정책만을 분석하므로 모든 ROLE 및 ENV 코드에 해당하지 않는다.",True,1/1,run1:없음
ART003166129,IPCC 가이드라인 기반 서울특별시 탄소 지도 구축과 공간적 특성 분석,임희수(경희대학교 지리학과),2024,대한지리학회지,kor,ERR,,,run1:없음,이 논문은 온라인 커뮤니티를 다루지 않는다.,"논문이 온라인 커뮤니티를 전혀 다루지 않으므로 모든 ROLE 및 ENV 코드에 해당하는 근거가 없으며, 따라서 모든 코드가 미부여로 평가된다.",True,1/1,run1:없음
ART001264215,고대 문명사회 재해석을 위한 고환경 인벤토리 구축 방안,박의준(인제대학교),2008,국토지리학회지,kor,ERR,,,run1:없음,"이 논문은 온라인 커뮤니티를 전혀 다루지 않으며, 고대 문명사회와 자연·인문 환경의 상호작용을 재해석하기 위한 고환경 인벤터리 구축 방안을 제시한다.","논문이 온라인 커뮤니티를 전혀 다루지 않으므로 모든 ROLE 및 ENV 코드에 해당하는 근거가 없으며, 따라서 모든 코드는 미부여로 평가된다.",True,1/1,run1:없음
ART002752198,도시림의 경관 회복 기능 평가를 위한 딥러닝 적용 가능성 모색: 문헌 및 방법론 리뷰를 중심으로,김유진(강릉원주대학교),2021,한국지리학회지,kor,ERR,,,run1:없음,이 논문은 온라인 커뮤니티를 연구 대상이나 분석 도구로 활용하지 않는다.,"논문이 온라인 커뮤니티를 연구 대상이나 분석 도구로 전혀 사용하지 않으므로, FIELD, WINDOW, ENV 어느 시각에도 해당하지 않는다.",True,1/1,run1:없음
ART002551444,수재해 손실평가 모델을 위한 차량손실 평가 및손상함수 개발에 관한 연구 (1) - 방법론,김길호(한국건설기술연구원),2019,기후연구,eng,ERR,,,run1:없음,"이 논문은 온라인 커뮤니티를 전혀 다루지 않으며, 홍수 재해 시 차량 손실을 평가하기 위한 데이터베이스 구축 및 취약성 곡선 개발 방법을 제시한다.","논문은 온라인 커뮤니티를 전혀 다루지 않으며, 차량 손실 평가와 데이터베이스 구축에만 초점을 맞추고 있어 모든 ROLE 및 ENV 코드에 해당하지 않는다.",True,1/1,run1:없음
ART002989567,팬데믹 전후 국제항공여객 운송시장의 CO2 배출 시공간 패턴 분석,박용하(전북대학교),2023,한국지도학회지,kor,ERR,,,run1:없음,이 논문은 팬데믹 전후 국제항공여객 운송시장의 CO2 배출 특성과 변화를 분석한다.,"논문은 국제항공여객 운송시장의 CO2 배출 특성과 변화를 분석하며, 온라인 커뮤니티와 관련된 역할이나 환경 요인을 다루지 않으므로 모든 코드가 미부여로 평가된다.",True,1/1,run1:없음
ART003126349,장소마케팅 관점에서 소셜네트워크 이용행태 유형에 따른 관광지에 대한 관광객 행동의도 차이 분석,정은성(호남대학교 관광경영학과),2024,국토지리학회지,kor,OK,ROLE_WINDOW_MISC,,run1:없음,"이 논문은 온라인 커뮤니티를 관광객 행동 의도를 분석하는 장으로 삼으며, SNS 이용 행태가 관광지 방문 및 추천 의도라는 외부 사회현상에 어떤 영향을 미치는지를 조사한다.",논문은 온라인 커뮤니티를 관광지 방문·추천 의도라는 외부 사회현상을 관찰하는 창으로 활용하므로 WINDOW_MISC 코드에 가장 부합한다.,True,0/1,run1:ROLE_WINDOW_MISC
ART002978874,놀이로서의 정치?: #멸공 챌린지와 온라인 커뮤니티 내 익명성의 문제,김용현(서울대학교 사회학과),2023,비교문화연구,kor,OK,ROLE_FIELD_PUBLICSPHERE,,run1:없음,"이 논문은 온라인 커뮤니티 ‘에펨코리아’를 관계·담론이 형성되는 공간으로 삼아, 익명성이라는 행위자 특성이 정치적 발화와 담론 재생산에 어떻게 작용하는지를 분석한다.","논문은 에펨코리아를 관계·담론이 형성되는 공간으로 보고 익명성이 정치적 발화와 담론 재생산에 미치는 영향을 분석하므로, 공론장 역할에 초점을 맞춘 FIELD_PUBLICSPHERE 코드가 가장 부합한다; 다른 FIELD, WINDOW, ENV 코드는 문장에 해당 근거가 없으므로 낮은 확률로 미부여 처리한다.",True,0/1,run1:ROLE_FIELD_PUBLICSPHERE
