id,title,author,published_year,journal,abstract_lang,status,role_codes,env_codes,dropped_by_cap,focus,rationale,full_agreement,error_runs,run_details
ART000861501,온라인 커뮤니티에서의 공동체 의식이 웹사이트 충성도와 구매의도에 미치는 영향에 관한 연구,박성연(이화여자대학교),2003,경영학연구,kor,OK,,,run1:없음; run2:없음; run3:없음,"has_community=True role_relevant=False env_relevant=False | 이 논문은 온라인 커뮤니티에서 형성된 가상 공동체 의식이 웹사이트 충성도에 미치는 마케팅적 효과를 실증 분석하는 것이 목적이며, 커뮤니티를 외부 사회현상을 비추는 창이나 그 자체의 사회적 역할을 분석하는 장으로 조명하지도, 회원제·익명성·운영 방침 등 구조적 환경 조건을 비교·검토하지도 않으므로 role·env 모두 해당하지 않는다. | has_community=True role_relevant=True env_relevant=False | 이 논문은 온라인 커뮤니티에서 형성된 가상 공동체 의식이 웹사이트 충성도와 구매의도에 미치는 영향을 실증 분석함으로써, 온라인 커뮤니티를 고객 충성도 형성의 장(ROLE_FIELD_PUBLICSPHERE)으로 조명하나, 회원제·익명성·운영 방침 등 구조적·환경적 조건을 비교하거나 그 차이를 분석하지는 않는다. | has_community=True role_relevant=True env_relevant=False | 이 논문은 온라인 커뮤니티에서 형성되는 가상 공동체 의식과 웹사이트 동일시가 고객 충성도에 미치는 영향을 실증 분석하여, 커뮤니티 공간 자체가 충성도를 생성하는 '장'으로서의 사회적 역할을 조명하나, 회원제·익명성·운영 방침 등 구조적·환경적 조건을 비교·고찰하지는 않는다.","이 논문은 온라인 커뮤니티에서 형성된 가상 공동체 의식이 웹사이트 충성도에 미치는 마케팅적 효과를 실증 분석하는 것이 목적이며, 커뮤니티를 외부 사회현상을 비추는 창이나 그 자체의 사회적 역할을 분석하는 장으로 조명하지도, 회원제·익명성·운영 방침 등 구조적 환경 조건을 비교·검토하지도 않으므로 role·env 모두 해당하지 않는다. | [ROLE] 본 연구는 온라인 커뮤니티를 고객 충성도·구매의도라는 마케팅 현상을 설명하는 통로로 사용하며, '가상 공동체 의식→동일시→충성도' 인과 사슬을 설문으로 실증 검증하므로, 커뮤니티 공간 자체의 역할(장)이 아니라 커뮤니티를 매개로 외부의 고객 충성도·마케팅 효과(창, MISC)를 분석하는 논문이다. | [ROLE] 온라인 커뮤니티 내 '가상 공동체 의식'이라는 이용자 간 관계적 자원의 형성과 그 효과가 웹사이트 충성도·구매의도에 미치는 인과를 실증적으로 검증하는 것으로, 커뮤니티 공간 안에서 형성되는 관계적 연결의 존재와 효과를 분석 대상으로 삼아 사회적 자본(FIELD) 계열에 해당한다.",False,1/3,run1:없음; run2:ROLE_WINDOW_MISC; run3:ROLE_FIELD_SOCIALCAPITAL
ART001050092,온라인 커뮤니티 몰입에 미치는 영향 연구: 만족과 커뮤니티 신뢰를 매개로,문영주(공주대학교),2007,정보시스템연구,eng,OK,ROLE_FIELD_SOCIALCAPITAL,,run1:없음; run2:없음; run3:없음,"has_community=True role_relevant=True env_relevant=False | 이 논문은 기업이 구축한 온라인 커뮤니티 내 사회적在场(social presence)이 유용성·몰입(flow)·신뢰 등에 미치는 영향을 실증 분석하여, 커뮤니티라는 공간 자체의 사회적 기능(장)을 조명하나, 회원제·제재·익명성·생애주기 등 구조적·환경적 조건에 따른 차이·비교는 다루지 않는다. | has_community=True role_relevant=True env_relevant=False | 이 논문은 기업 웹사이트상의 온라인 커뮤니티 자체를 분석 대상으로 삼아 사회현재감이 유용성·만족도·커뮤니티 신뢰·커뮤니티 플로우에 미치는 영향을 실증분석하므로 커뮤니티라는 공간의 사회적 기능(장)을 조명하나, 회원제·운영·제재·생애주기·익명성 등 구조적·환경적 조건을 비교하거나 그 차이를 분석하지 않으므로 환경 조명은 해당하지 않는다. | has_community=True role_relevant=True env_relevant=False | 이 논문은 기업의 웹사이트 온라인 커뮤니티를 분석 대상으로 삼아 사회적 존재감(social presence)이 유용성·만족도·커뮤니티 신뢰·커뮤니티 플로우에 미치는 영향을 실증적으로 분석함으로써, 온라인 커뮤니티를 사용자 경험과 신뢰가 형성되는 '장'으로 조명하나, 회원제·제재·익명성·생애주기 등 커뮤니티 운영 방침에 따른 차이·비교를 다루지는 않는다.","[ROLE] 이 논문은 기업 웹사이트 내 온라인 커뮤니티 공간에서 social presence가 community trust, satisfaction, flow 등 이용자 간 관계적 자원(신뢰)의 형성 경로와 효과를 실증적으로 분석하므로, 장(FIELD)으로서의 사회자본(SOCIALCAPITAL) 역할에 해당하며, 외부 사회현상을 보여주는 창(WINDOW)이나 공론장 검증과는 무관하다. | [ROLE] 본 연구는 온라인 커뮤니티 공간 내부의 이용자 간 관계적 자원인 social presence와 community trust가 flow·satisfaction에 미치는 영향을 실증 분석하여, 커뮤니티 공간 안의 관계적 연결(장)을 다루나 공론장 검증이나 외부 사회현상 포착은 불분명하다. | [ROLE] 기업 온라인 커뮤니티 내 social presence가 유용성·만족도·community trust·flow에 미치는 영향을 분석하는 것으로 커뮤니티 공간 자체의 내부 역동을 다루지만, 공론장 기능 검증도 이용자 간 관계적 자원(신뢰·연대)의 형성·효과에 대한 명시적 분석도 아니므로 6개 코드 모두 미부여.",False,1/3,run1:ROLE_FIELD_SOCIALCAPITAL; run2:ROLE_FIELD_SOCIALCAPITAL; run3:없음
ART001159097,온라인 커뮤니티와 고객충성도의 관계에 관한 연구: 온라인 커뮤니티 의식의 매개변수적 역할을 중심으로,김상욱(중앙대학교),2004,마케팅관리연구,kor,ERR,,,run1:없음; run2:없음; run3:없음,"has_community=True role_relevant=True env_relevant=False | 이 논문은 온라인 커뮤니티를 공동체 의식과 충성도가 형성·유지되는 '장'으로 조명하고 있으나, 관리활동의 효과만을 일반적 인과관계로 다루고 있을 뿐 회원제·익명성·생애주기 등 커뮤니티의 구조적·환경적 조건에 따른 차이·비교·변화를 분석하지 않으므로 env_relevant는 false이다. | has_community=True role_relevant=True env_relevant=True | 이 논문은 온라인 커뮤니티의 관리활동(운영 방침)이 공동체 의식을 매개로 커뮤니티 충성도에 미치는 인과 경로를 분석함으로써, 커뮤니티의 운영적 조건(ENV)이 커뮤니티 공간의 사회적 기능(공동체 의식 형성, 충성도 생성)이라는 '장'으로서의 역할(ROLE)에 어떻게 영향을 주는지 조명한다. | has_community=True role_relevant=False env_relevant=False | 이 논문은 온라인 커뮤니티 관리활동→공동체 의식→고객 충성도라는 인과 모델을 검증하는 경영·마케팅 연구로, 커뮤니티를 사회현상을 비추는 창이나 그 자체의 사회적 역할을 분석 대상으로 삼지도 않고, 회원제·익명성·생애주기 등 구조적·환경적 조건에 따른 차이·비교를 다루지도 않으며, '관리활동'은 특정 운영 방침의 비교가 아닌 일반적 독립변수로서만 등장한다.","[ROLE] 본 연구는 온라인 커뮤니티 관리활동→공동체 의식→충성도라는 인과경로를 검증하는 조직·관리 차원의 연구로, 공론장 검증(PUBLICSPHERE)도, 이용자 간 관계적 자원 분석(SOCIALCAPITAL)도 아니며, 외부 사회현상을 보여주는 창(WINDOW)으로의 활용도 강하지 않아 6개 코드 모두 미부여에 그친다. | [ROLE] 본 연구는 온라인 커뮤니티 관리활동→공동체 의식→충성도라는 경영·관리 중심의 인과 구조를 검증하는 것으로, 온라인 커뮤니티 공간 자체를 다루지만 공론장 기능 검증이나 이용자 간 관계적 자원 분석이 아닌 플랫폼 충성도라는 결과변수에 초점을 두어 6개 ROLE 코드 중 어느 하나에도 확실히 해당하지 않는다. | [ENV] 본 논문은 커뮤니티 '관리활동'을 독립변수로 충성도·공동체 의식과 인과관계만을 점검하며, 회원제·운영체계·생애주기·익명성 중 어느 하나의 구조적·환경적 조건에 따른 차이·비교·변화를 분석 대상에 두지 않으므로 4개 코드 모두 미부여다. | 이 논문은 온라인 커뮤니티 관리활동→공동체 의식→고객 충성도라는 인과 모델을 검증하는 경영·마케팅 연구로, 커뮤니티를 사회현상을 비추는 창이나 그 자체의 사회적 역할을 분석 대상으로 삼지도 않고, 회원제·익명성·생애주기 등 구조적·환경적 조건에 따른 차이·비교를 다루지도 않으며, '관리활동'은 특정 운영 방침의 비교가 아닌 일반적 독립변수로서만 등장한다.",True,3/3,run1:없음; run2:없음; run3:없음
ART001158893,온라인 브랜드 커뮤니티의 활동 및 유형이 브랜드 충성도에 미치는 영향,한상린(한양대학교),2006,마케팅관리연구,kor,ERR,,,run1:없음; run2:없음; run3:없음,"has_community=True role_relevant=True env_relevant=False | 이 논문은 온라인 브랜드 커뮤니티가 브랜드 충성도를 형성·강화하는 '장'으로서의 역할을 정량적으로 분석하므로 ROLE에 해당하나, 커뮤니티 유형 비교는 구조적·환경적 조건(회원제, 익명성, 운영 방침 등)에 따른 차이·비교를 다루기보다는 참여 효과의 일반적 검증에 머무르므로 ENV는 해당하지 않는다. | has_community=True role_relevant=True env_relevant=False | 이 논문은 온라인 브랜드 커뮤니티가 브랜드 충성도라는 사회적 결과를 생산하는 '장'으로서의 역할(ROLE_FIELD)을 분석 대상으로 삼고 있으나, '유형에 따른 차이'라는 서술은 회원제·모더레이션·익명성·생애주기 등 구체적 구조·환경 조건을 비교·분석하는 것으로까지 확증되지 않는다. | has_community=True role_relevant=True env_relevant=False | 이 논문은 온라인 브랜드 커뮤니티가 회원의 브랜드 충성도를 형성하는 '장'(ROLE_FIELD)으로서의 역할을 정량적으로 분석하지만, 회원제 유무·운영·제재 방식·익명성 등 커뮤니티의 구조적·환경적 조건을 비교하거나 변화 요인으로 삼는 논의는 포함되어 있지 않다.","[ROLE] 이 논문은 온라인 브랜드 커뮤니티의 유형별 활동이 '브랜드 충성도'라는 마케팅 결과에 미치는 효과를 정량 조사하는 것으로, 공론장·사회자본 등 장(FIELD) 계열의 상호작용 분석도, 정치적·젠더·혐오 등 창(WINDOW) 계열의 사회현상 포착도 아니며, '브랜드 충성도'는 온라인 커뮤니티 바깥에 존재하는 마케팅 개념이나 6개 코드 중 어느 하나로도 명백히 귀속되지 않는다. | [ROLE] 본 연구는 온라인 브랜드 커뮤니티 공간 안에서 회원 활동이 브랜드 충성도라는 관계적 결과에 미치는 효과를 정량적으로 분석하는 것으로, 커뮤니티 내부 상호작용을 다루는 장(FIELD) 성격이 있으나 그 관계적 자원이 이용자 간 연결이 아니라 소비자-브랜드 간 충성도에 초점을 두어 SOCIALCAPITAL 판별 기준(이용자 간 관계)에는 부합하지 않으며, 외부 사회현상을 보여주는 창(WINDOW)으로도 보기는 어렵고, 6개 코드 모두 0.5 미만에 그쳐 미부여. | [ROLE] 본 연구는 온라인 브랜드 커뮤니티를 통해 '브랜드 충성도'라는 마케팅 현상의 형성을 정량적으로 검증하는 것으로, 커뮤니티 공간 안의 이용자 간 관계나 공론장 기능 자체가 분석 대상이 아니라 온라인 커뮤니티가 소비자와 브랜드 간 충성도라는 외부 마케팅 현상을 매개하는 채널로 기능하는지를 다루므로 WINDOW_MISC에 해당한다.",False,2/3,run1:없음; run2:없음; run3:ROLE_WINDOW_MISC
ART001456717,온라인 커뮤니티의 중심성 변화에 대한 탐색적 연구 : 사회연결망 분석을 이용하여,배순한(한양대학교),2010,지식경영연구,kor,OK,ROLE_FIELD_SOCIALCAPITAL,,run1:없음; run2:없음; run3:없음,"has_community=True role_relevant=True env_relevant=False | 이 논문은 SNA를 통해 온라인 커뮤니티 내부의 관계 구조와 중심성 변화, 의견 리더의 출현과 권력 변동 등을 분석 대상으로 삼아 커뮤니티라는 공간 자체의 사회적 역할(장)을 조명하나, 회원제·운영 방침·익명성 등 구조적·환경적 조건에 따른 차이·비교·변화를 다루지는 않는다. | has_community=True role_relevant=True env_relevant=False | 이 논문은 SNA를 활용해 온라인 커뮤니티 내부의 관계 변화와 의견 지도자 출현·권력 이동 과정을 추적하여, 커뮤니티 공간 자체의 사회적 역동성을 분석 대상으로 삼되(장), 회원제·운영방식·익명성 등 커뮤니티의 구조적·환경적 조건을 비교·검토하지는 않는다. | has_community=True role_relevant=True env_relevant=False | 이 논문은 온라인 커뮤니티 내부의 사회적 네트워크 동학(중심성 변화, 의견 리더의 출현과 권력 변동)을 SNA로 분석하여 커뮤니티 공간 자체의 사회적 역할을 '장'으로 조명하나, 회원제·운영 방침·익명성 등 구조적·환경적 조건에 따른 차이·비교·변화를 검토하지는 않는다.","[ROLE] 본 연구는 SNA(사회망분석)를 통해 온라인 커뮤니티 내부의 관계 구조(중심성, 참여자 간 연결 변화, 의견 지도자 출현)를 추적하는 것으로, 커뮤니티 공간 안에서 이용자 간 네트워크의 형성·변동이 자체 분석 대상이므로 FIELD 계열 중 SOCIALCAPITAL에 부여하며, 외부 사회현상을 보여주는 WINDOW 계열이나 공론장 검증은 해당하지 않는다. | [ROLE] 본 연구는 SNA를 통해 온라인 커뮤니티 내부에서 이용자 간 관계(중심성·권력)가 시간에 따라 어떻게 변하는지를 분석하므로, 온라인 커뮤니티라는 공간 안에서 관계적 자원(사회자본·네트워크)의 형성·변동을 다루는 FIELD/SOCIALCAPITAL에 해당하며, 외부 사회현상을 보여주는 WINDOW로 기능하지 않는다. | [ROLE] 본 논문은 SNA를 통해 온라인 커뮤니티 내부에서 참여자 간 사회적 네트워크의 구축·유지·확장 및 중심성 변화(의견 지도자의 등장과 권력 변동)를 분석하므로, 온라인 커뮤니티 공간 안에서 이용자 간 관계적 자원의 존재·강도·변화를 다루는 FIELD 계열의 SOCIALCAPITAL에 해당한다.",True,0/3,run1:ROLE_FIELD_SOCIALCAPITAL; run2:ROLE_FIELD_SOCIALCAPITAL; run3:ROLE_FIELD_SOCIALCAPITAL
ART001167276,패션 온라인 커뮤니티 특성이 브랜드 충성도에 미치는 영향: 라이프스타일 집단 간 비교,고은주(연세대학교),2006,Journal of Global Scholars of Marketing Science(마케팅과학연구),kor,ERR,,,run1:없음; run2:없음; run3:없음,"has_community=True role_relevant=True env_relevant=False | 이 논문은 패션 온라인 커뮤니티의 특성(상호작용성, 정보제공성, 흥미제공성)이 브랜드 충성도에 미치는 영향을 라이프스타일 집단별로 비교 분석하여, 커뮤니티 공간 자체의 브랜드 충성도 형성 역할(장)을 조명하나, 회원제·익명성·운영 방침·생애주기 등 구조적·환경적 조건을 다루지는 않는다. | has_community=True role_relevant=True env_relevant=False | 이 논문은 패션 온라인 커뮤니티의 상호작용성·정보제공성·흥미제공성이라는 공간적 특성이 브랜드 충성도 형성에 미치는 영향을 분석하여 커뮤니티가 고객 관계 형성과 충성도 구축이라는 사회적 역할을 수행하는 '장'으로서 조명하나, 회원제·익명성·운영 방침 등 구조적·환경적 조건에 따른 차이나 비교는 다루지 않는다. | has_community=True role_relevant=True env_relevant=False | 이 논문은 패션 온라인 커뮤니티의 특성(상호작용성·정보제공성·흥미제공성)이 브랜드 충성도에 미치는 영향을 분석하며, 커뮤니티를 고객 관계 형성 및 충성도 제고의 장(ROLE_FIELD)으로 조명하나, 분석 대상은 커뮤니티의 기능적 서비스 요인이며 회원제·익명성·제재 방식 등 구조적·운영 방침 차원의 환경 조건 비교는 다루지 않으므로 env_relevant는 false이다.","[ROLE] 본 연구는 패션 온라인 커뮤니티의 구조적 특성(상호작용성·정보제공성·흥미제공성)을 라이프스타일 세분화 집단별 브랜드 충성도에 미치는 마케팅 효과로 환원하여 분석하므로, 커뮤니티 공간 자체의 사회역할이 아니라 패션 마케팅·소비자 행동이라는 외부 현상을 보여주는 사례(window)로서 커뮤니티를 활용하고 있다. | [ROLE] 이 논문은 패션 온라인 커뮤니티의 특성(상호작용성·정보제공성·흥미제공성)이 브랜드 충성도에 미치는 영향을 라이프스타일 집단에 따라 분석하는 것으로, 커뮤니티 공간 자체를 마케팅 도구로서 다루고 있으나 공론장·사회자본의 FIELD 판별 기준에도, 외부 사회현상을 보여주는 WINDOW 판별 기준에도 명확히 부합하지 않는 사례로, 6개 코드 중 어느 하나도 0.5에 미치지 못한다. | [ROLE] 본 논문은 패션 기업의 마케팅 도구로서 온라인 커뮤니티의 특성(상호작용성·정보제공성·흥미제공성)이 브랜드 충성도에 미치는 영향을 라이프스타일 집단에 따라 분석하는 것으로, 공론장 검증이나 이용자 간 사회적 자본 형성의 분석 대상이 아니며, 패션 마케팅이라는 외부 현상을 커뮤니티라는 채널로 다루고 있지만 커뮤니티 공간 자체의 특성 분석에 무게가 실려 6개 코드 모두 0.5 미만으로 미부여한다.",False,2/3,run1:ROLE_WINDOW_MISC; run2:없음; run3:없음
ART001221165,사용자의 인지욕구 특성이 온라인 커뮤니티 충성도와 브랜드 태도에 미치는 영향에 관한 연구,이선로(연세대학교),2007,Asia Pacific Journal of Information Systems,kor,OK,ROLE_FIELD_SOCIALCAPITAL,,run1:없음; run2:없음; run3:없음,"has_community=True role_relevant=True env_relevant=False | 이 논문은 브랜드 기반 온라인 커뮤니티의 상호작용·정보·보상·개인화 서비스가 소속감, 커뮤니티 충성, 브랜드 태도에 미치는 영향을 분석하여 커뮤니티 공간을 브랜드 자산 관리와 집단 지성 창출의 '장'(ROLE)으로 조명하나, 회원제·운영·제재·생애주기·익명성 등 커뮤니티의 구조적·환경적 운영 방침을 비교·분석하지는 않으므로 env는 false이다. | has_community=True role_relevant=True env_relevant=False | 이 논문은 브랜드 기반 온라인 커뮤니티가 소비자의 정보 공유·집단 지성·브랜드 충성도 형성을 매개하는 장(ROLE_FIELD)으로서의 사회적 역할을 분석 대상으로 삼으나, 회원제·제재·익명성·생애주기 등 커뮤니티의 구조적·운영적 조건(ENV)을 비교·분석하지는 않는다. | has_community=True role_relevant=True env_relevant=True | 이 논문은 브랜드 온라인 커뮤니티의 구조적 조건(상호작용, 정보 제공, 보상, 개인화 서비스)이 소속감·커뮤니티 충성도·브랜드 태도에 미치는 영향을 개인의 인지 필요(NFC) 수준에 따라 비교 분석함으로써, 커뮤니티 공간의 사회적 역할(장)과 그 구조적 환경 조건을 동시에 조명한다.","[ROLE] 본 논문은 브랜드 기반 온라인 커뮤니티 내부의 상호작용·정보·보상·개인화 서비스가 'sense of community'와 'community loyalty'라는 이용자 간 관계적 자원의 형성과 강도에 미치는 영향을 구조방정식으로 검증하는 것으로, 커뮤니티 공간 안에서 이용자 간 연결·귀속감·충성도라는 관계적 자원의 형성 메커니즘을 다루므로 FIELD 계열의 SOCIALCAPITAL에 부여하되, 공론장 검증이나 외부 사회현상 포착의 근거는 없다. | [ROLE] 본 연구는 브랜드 기반 온라인 커뮤니티 공간 자체를 분석 대상으로 삼아, 상호작용·정보·보상·개인화 서비스가 'sense of community'와 'community loyalty'라는 이용자 간 관계적 자원의 형성·강도에 어떻게 영향을 미치는지를 모델링하므로, FIELD 계열 중 SOCIALCAPITAL에 해당하며, 외부 사회현상을 보여주는 WINDOW 계열에 해당하지 않는다. | [ROLE] 본 연구는 브랜드 기반 온라인 커뮤니티의 상호작용·정보·보상·개인화 서비스가 'sense of community'와 'community loyalty'에 미치는 효과를 마케팅 관점에서 분석하므로, 이용자 간 관계적 자원(social capital)의 형성에 일부 관여하나 궁극적 목적이 브랜드 태도·고객관계 전략이라는 내부화된 경영 지향성이므로 6개 코드 중 어느 하나도 0.5에 미치지 못한다. | [ENV] 본 연구는 브랜드 기반 온라인 커뮤니티의 상호작용·정보·보상·개인화 서비스가 커뮤니티 소속감과 충성도에 미치는 영향을 개인의 인지적 특성(NFC) 조절효과로 분석한 것으로, 회원제·운영체계·생애주기·익명성 중 어느 환경적·구조적 조건도 비교·분석의 대상으로 다루지 않으므로 4개 코드 모두 미부여.",False,1/3,run1:ROLE_FIELD_SOCIALCAPITAL; run2:ROLE_FIELD_SOCIALCAPITAL; run3:없음
ART001002603,"한국과 일본 온라인 게이머의 게임 만족도, 신뢰도, 온라인 게임커뮤니티 인식에 관한 실증적 비교연구: 멀티그룹 공분산 구조분석을 중심으로",엄명용(성균관대학교),2006,Asia Pacific Journal of Information Systems,eng,ERR,,,run1:없음; run2:없음; run3:없음,"has_community=True role_relevant=True env_relevant=False | 이 논문은 온라인 게임 커뮤니티를 게이머의 신뢰·만족도·사회적 평판에 영향을 미치는 구조적 경로상의 한 인자로 포함하여, 커뮤니티 공간이 게임 비즈니스 생태계에서 수행하는 사회적 역할을(ROLE_FIELD) 분석하나, 회원제·익명성·운영 방침 등 커뮤니티의 구조적·환경적 조건(ENV)에 대한 비교·변화 분석은 이루어지지 않는다. | has_community=False role_relevant=False env_relevant=False | 본 논문은 온라인 게임 사업의 경영전략과 게이머의 충성도·만족도·구전 효과 등 행동적도를 구조모형으로 분석하는 연구로, '온라인 게임 커뮤니티'는 사업자 지원과 사회평판 사이의 매개 변수로만 등장할 뿐, 사용자가 지속적으로 상호작용하고 관계를 형성하는 디지털 공간으로서의 커뮤니티 그 자체가 분석 대상이 아니다. | has_community=True role_relevant=False env_relevant=False | 이 논문은 온라인 게임 커뮤니티를 구조방정식 모형 내의 하나의 변수(요인)로서만 포함하여 게이머의 만족·신뢰·추천 의사에 미치는 영향을 추정할 뿐, 커뮤니티를 외부 현상을 비추는 창이나 그 자체의 사회적 역할·구조적 조건을 분석 대상으로 삼지 않으므로 role·env 모두 해당하지 않는다.","[ROLE] 본 논문은 온라인 게임 커뮤니티를 단순한 데이터 소스가 아니라 'trust toward game publishers'와 'social reputation'이라는 관계적 자원의 형성·전달 매개 공간으로서 그 역할(role)을 구조모형에 독립 변수로 위치시킴으로써, 커뮤니티 공간 안에서 신뢰·평판 등 사회적 자본이 어떻게 구축되는지를 다루므로 FIELD_SOCIALCAPITAL에 부여한다. | 본 논문은 온라인 게임 사업의 경영전략과 게이머의 충성도·만족도·구전 효과 등 행동적도를 구조모형으로 분석하는 연구로, '온라인 게임 커뮤니티'는 사업자 지원과 사회평판 사이의 매개 변수로만 등장할 뿐, 사용자가 지속적으로 상호작용하고 관계를 형성하는 디지털 공간으로서의 커뮤니티 그 자체가 분석 대상이 아니다. | 이 논문은 온라인 게임 커뮤니티를 구조방정식 모형 내의 하나의 변수(요인)로서만 포함하여 게이머의 만족·신뢰·추천 의사에 미치는 영향을 추정할 뿐, 커뮤니티를 외부 현상을 비추는 창이나 그 자체의 사회적 역할·구조적 조건을 분석 대상으로 삼지 않으므로 role·env 모두 해당하지 않는다.",False,2/3,run1:ROLE_FIELD_SOCIALCAPITAL; run2:없음; run3:없음
ART000860737,온라인 브랜드 공동체 의식이 브랜드 커뮤니티 동일시와 브랜드 태도에 미치는 영향에 관한 연구,서문식(부산대학교),2003,마케팅관리연구,none,NO_ABSTRACT,,,,,초록 없음 (KOR_ABST/ENG_ABST 둘 다 없음),,,
ART001039391,A Study of the Factors Influencing WOM Effects in Online Environments,임종원(서울대학교),2007,아시아마케팅저널,kor,ERR,,,run1:없음; run2:없음; run3:없음,"has_community=False role_relevant=False env_relevant=False | 이 논문은 온라인 환경에서의 구전(WOM) 효과에 대한 문헌 검토 및 연구 모형 제안을 목적으로 하며, '커뮤니티 상호작용'은 온라인 WOM의 다섯 가지 정보 특성 중 하나로만 언급될 뿐, 특정 온라인 커뮤니티를 분석 대상으로 삼거나 그 구조·운영 조건을 연구하지 않으므로 온라인 커뮤니티를 연구의 핵심 대상으로 삼지 않는다. | has_community=True role_relevant=False env_relevant=False | 이 논문은 온라인 환경 내 WOM(구전 효과)의 정보적 특성(동조성, 생생성, 커뮤니티 상호작용, 접근성, 유연성)을 문헌적으로 검토하여 이원 경로 모형(신뢰성·참조성 매개)을 제안하는 것으로, '커뮤니티 상호작용'은 WOM 정보 특성 중 하나의 변수로 나열될 뿐, 특정 온라인 커뮤니티를 분석 대상으로 삼거나 그 공간의 사회적 역할·구조적·환경적 조건을 조명하지 않는다. | has_community=False role_relevant=False env_relevant=False | 이 논문은 온라인 환경에서의 구전(WOM) 효과 요인을 광범위하게 문헌고찰하고 이중경로 모델을 제안하는 것으로, '커뮤니티 상호작용'이 정보 특성 중 하나로 열거될 뿐 온라인 커뮤니티를 분석 대상으로 삼지 않으며, 특정 커뮤니티의 구조·역할·환경을 조명하지 않는다.","이 논문은 온라인 환경에서의 구전(WOM) 효과에 대한 문헌 검토 및 연구 모형 제안을 목적으로 하며, '커뮤니티 상호작용'은 온라인 WOM의 다섯 가지 정보 특성 중 하나로만 언급될 뿐, 특정 온라인 커뮤니티를 분석 대상으로 삼거나 그 구조·운영 조건을 연구하지 않으므로 온라인 커뮤니티를 연구의 핵심 대상으로 삼지 않는다. | 이 논문은 온라인 환경 내 WOM(구전 효과)의 정보적 특성(동조성, 생생성, 커뮤니티 상호작용, 접근성, 유연성)을 문헌적으로 검토하여 이원 경로 모형(신뢰성·참조성 매개)을 제안하는 것으로, '커뮤니티 상호작용'은 WOM 정보 특성 중 하나의 변수로 나열될 뿐, 특정 온라인 커뮤니티를 분석 대상으로 삼거나 그 공간의 사회적 역할·구조적·환경적 조건을 조명하지 않는다. | 이 논문은 온라인 환경에서의 구전(WOM) 효과 요인을 광범위하게 문헌고찰하고 이중경로 모델을 제안하는 것으로, '커뮤니티 상호작용'이 정보 특성 중 하나로 열거될 뿐 온라인 커뮤니티를 분석 대상으로 삼지 않으며, 특정 커뮤니티의 구조·역할·환경을 조명하지 않는다.",True,3/3,run1:없음; run2:없음; run3:없음
ART000882921,온라인 커뮤니티 마케팅 활동과 친커뮤니티 행동간의 관계에 있어서 몰입의 매개역할,김재욱(고려대학교),2002,마케팅연구,none,NO_ABSTRACT,,,,,초록 없음 (KOR_ABST/ENG_ABST 둘 다 없음),,,
ART001240888,온라인 커뮤니티에서 자기표현 욕구의 영향요인과 디지털 아이템 구매의도에 미치는 효과,고준(전남대학교),2008,Asia Pacific Journal of Information Systems,kor,ERR,,,run1:없음; run2:없음; run3:없음,"has_community=True role_relevant=True env_relevant=False | 이 논문은 Cyworld 등 온라인 커뮤니티를 디지털 아이템 구매와 자기표현·사회적 정체성이 발현되는 장(ROLE)으로 분석하지만, 회원제·익명성·생애주기·운영 방침 등 커뮤니티의 구조적·환경적 조건이 행동에 미치는 차이·비교를 다루지 않으므로 env는 해당하지 않는다. | has_community=True role_relevant=True env_relevant=False | 이 논문은 사이월드 등 온라인 커뮤니티 내 디지털 아이템 구매 동기를 분석하며 커뮤니티 집단 규범과 참여도를 변수로 포함하여 커뮤니티를 경제·사회적 상호작용의 '장'으로 조명하나, 회원제·운영 방침·익명성 등의 구조적·환경적 조건을 비교·분석하지는 않는다. | has_community=True role_relevant=True env_relevant=False | 이 논문은 Cyworld 등 가상 커뮤니티 내 디지털 아이템 구매 동기를 사회정체성·자기표현 이론으로 분석하며, 커뮤니티 자체를 자기표현과 소속감을 수행하는 장(field)으로 조명하나, 회원제·익명성·운영방침 등 구조적·환경적 조건을 비교·고찰하지는 않는다.","[ROLE] 본 논문은 온라인 커뮤니티의 디지털 아이템 판매라는 경제적 기능과 이용자의 자기표현·소속 욕구에 기반한 구매 동기를 분석하는 것으로, 6개 코드 중 어느 하나에 명확히 대응하지 않으나, 커뮤니티 내부 규범·참여를 매개로 한 소비자 행동 연구라는 점에서 FIELD_SOCIALCAPITAL(0.3)과, 디지털 소비·가상 경제라는 현상을 다루는 점에서 WINDOW_MISC(0.4)이 가장 근접하나 모두 임계점에 미달한다. | [ROLE] 본 논문은 가상 아이템 구매 의도에 대한 소비자 행동·비즈니스 모델 연구로, 커뮤니티 내 'community group norm'과 'community involvement'가 중개 변수로 언급되지만 그 자체로 관계적 자원의 형성·효과를 분석하는 것이 아니며, 디지털 아이템 구매는 온라인 공간에 고유한 현상이므로 외부 사회현상을 보여주는 창으로 보기 어렵고, 6개 ROLE 코드에 명확히 해당하지 않는다. | [ROLE] 본 연구는 온라인 커뮤니티(사이월드 등) 내 디지털 아이템 구매 동기라는 상업·경제적 비즈니스 모델을 사회정체성·자기표현 이론으로 설명하는 것으로, 6개 ROLE 코드 중 그 어느 하나에도 명확히 해당하지 않으며, 커뮤니티 규범·참여가 언급되지만 분석 대상이 아닌 설명변수에 그쳐 SOCIALCAPITAL도 미부여 수준에 머문다.",True,3/3,run1:없음; run2:없음; run3:없음
ART001174270,온라인 커뮤니티에서 개인의 참여 동기와 사회적 영향 요인이 몰입에 미치는 영향,이문봉(동의대학교),2005,정보시스템연구,eng,ERR,,,run1:없음; run2:없음; run3:없음,"has_community=True role_relevant=True env_relevant=False | 이 논문은 온라인 커뮤니티라는 공간 안에서 개인 참여 동기(유용성, 용이성, 재미)와 사회 영향(주관적 규범, 가시성, 이미지)이 사용자의 태도·행동적 헌신에 미치는 영향을 구조방정식으로 분석하고 있으므로, 커뮤니티를 참여와 관계 형성이 이루어지는 '장'으로 조명하나(ROLE_FIELD), 커뮤니티의 구조적·운영적 조건(회원제, 익명성, 제재 방식 등) 자체가 변수로 다루어지지는 않으므로 ENV는 해당하지 않는다. | has_community=True role_relevant=True env_relevant=False | 이 논문은 온라인 커뮤니티 내 사용자 태도·행위 몰입(attitudinal/behavioral commitment)을 분석 대상으로 삼아 커뮤니티를 지속적 상호작용과 관계 형성을 가능하게 하는 '장'으로 조명하나, 회원제·익명성·운영·제재 등 커뮤니티의 구조적·환경적 조건을 비교·검토하지는 않는다. | has_community=True role_relevant=True env_relevant=False | 이 논문은 온라인 커뮤니티 내 사용자의 참여 동기(인지된 유용성, 용이성, 놀이성)와 사회적 영향(주관적 규범, 가시성, 이미지)이 태도적·행동적 헌신에 미치는 영향을 분석하여, 커뮤니티를 사회적 헌신과 참여 역학이 작동하는 '장'으로 조명하나, 회원제·제재·익명성·생애주기 등 커뮤니티의 구조적·환경적 조건에 따른 차이·비교는 다루지 않는다.","[ROLE] 본 논문은 e-비즈니스 맥락에서 온라인 커뮤니티 이용자의 태도적·행동적 몰입에 미치는 개별 참여동기와 사회 영향 요인의 인과관계를 구조방정식으로 검증하는 양적 연구로서, 공론장 검증이나 이용자 간 관계적 자원(신뢰·연대·네트워크)의 형성·효과를 분석 대상으로 삼지 않으며, 외부 사회현상을 보여주는 창으로도 기능하지 않으므로 6개 코드 중 어느 것도 부여되지 않는다. | [ROLE] 본 논문은 온라인 커뮤니티 내 개인의 참여 동기(유용성, 사용 용이성, 놀이성)와 사회적 영향(주관적 규범, 가시성, 이미지)이 사용자의 태도적·행동적 헌신에 미치는 영향을 구조방정식모형으로 검증하는 것으로, 온라인 커뮤니티 공간 자체를 분석 대상으로 삼되 공론장 검증도 이용자 간 관계적 자원 형성도 아닌 개인-플랫폼 간 결합 메커니즘에 초점을 두어 6개 코드 어느 하나에도 부합하지 않는다. | [ROLE] 본 연구는 디지털화 사회와 e-business라는 외부 사회현상을 이해하기 위해 온라인 커뮤니티의 참여 동기·관여 요인을 실증 분석하는 창(WINDOW_MISC)으로 활용하며, 공론장 기능이나 이용자 간 관계 자원의 형성·효과를 다루지 않는다.",False,2/3,run1:없음; run2:없음; run3:ROLE_WINDOW_MISC
ART001484348,"온라인 관광 구전정보 품질과 신뢰성, 커뮤니티 상호작용성이 구전정보의 유용성과 구전효과에 미치는 영향",김나은(세종대학교),2010,서비스경영학회지,kor,ERR,,,run1:없음; run2:없음; run3:없음,"has_community=True role_relevant=False env_relevant=False | 관광 e-WOM의 마케팅 효과성을 검증하는 연구로서 온라인 커뮤니티(여행 리뷰·포럼)는 WOM이 유통되는 채널·매체로만 사용되며, 커뮤니티 자체의 사회적 역할(창/장)이나 구조·환경적 조건(회원제, 익명성, 운영 방침 등)은 분석 대상이 되지 않는다. | has_community=True role_relevant=False env_relevant=False | 이 논문은 관광 제품 맥락에서 e-WOM 속성과 커뮤니티 상호작용이 WOM 유용성 및 효과에 미치는 영향을 실증적으로 검증하는 마케팅 연구로, '커뮤니티 상호작용'은 독립변수로 포함되었을 뿐 온라인 커뮤니티 자체의 사회적 역할이나 구조·운영 조건을 분석 대상으로 삼지 않는다. | has_community=False role_relevant=False env_relevant=False | 이 논문은 관광 상품에 대한 e-WOM 속성(공감, 생생성, 적시성, 신빙성)이 소비자의 구매 의도에 미치는 영향을 실증적으로 검증하는 마케팅·소통 연구로, '커뮤니티 상호작용'은 회귀분석의 하나의 변수로만 등장하여 유의미하지 않은 것으로 나타나며, 온라인 공간은 커뮤니티로서가 아닌 WOM 정보 유통의 매개 채널로만 기능하므로 온라인 커뮤니티를 분석 대상으로 삼지 않는다.","관광 e-WOM의 마케팅 효과성을 검증하는 연구로서 온라인 커뮤니티(여행 리뷰·포럼)는 WOM이 유통되는 채널·매체로만 사용되며, 커뮤니티 자체의 사회적 역할(창/장)이나 구조·환경적 조건(회원제, 익명성, 운영 방침 등)은 분석 대상이 되지 않는다. | 이 논문은 관광 제품 맥락에서 e-WOM 속성과 커뮤니티 상호작용이 WOM 유용성 및 효과에 미치는 영향을 실증적으로 검증하는 마케팅 연구로, '커뮤니티 상호작용'은 독립변수로 포함되었을 뿐 온라인 커뮤니티 자체의 사회적 역할이나 구조·운영 조건을 분석 대상으로 삼지 않는다. | 이 논문은 관광 상품에 대한 e-WOM 속성(공감, 생생성, 적시성, 신빙성)이 소비자의 구매 의도에 미치는 영향을 실증적으로 검증하는 마케팅·소통 연구로, '커뮤니티 상호작용'은 회귀분석의 하나의 변수로만 등장하여 유의미하지 않은 것으로 나타나며, 온라인 공간은 커뮤니티로서가 아닌 WOM 정보 유통의 매개 채널로만 기능하므로 온라인 커뮤니티를 분석 대상으로 삼지 않는다.",True,3/3,run1:없음; run2:없음; run3:없음
ART001255675,"온라인 커뮤니티에서 사회적 영향이 플로우, 지각된 유용성, 이용의도에 미치는 영향: 싸이월드를 중심으로",유일(순천대학교),2008,정보시스템연구,kor,ERR,,,run1:없음; run2:없음; run3:없음,"has_community=True role_relevant=False env_relevant=False | 이 논문은 온라인 커뮤니티를 기술 수용(TAM)·몰입(flow) 이론의 적용 대상인 '사용 의도'의 객체로만 다루며, 커뮤니티의 사회적 역할(창/장)이나 구조적·환경적 조건(회원제, 익명성, 운영방침 등)을 분석 대상으로 삼지 않으므로 role·env 모두 해당하지 않는다. | has_community=True role_relevant=False env_relevant=False | 이 논문은 TAM과フロー이론을 결합하여 온라인 커뮤니티 이용 의도에 미치는 사회적 영향(주관적 규범, 이미지, 가시성)을 분석하는 기술 수용 연구로, 온라인 커뮤니티를 사회적 역할의 '창'이나 '장'으로 조명하지도, 회원제·익명성·운영 방침 등 구조적·환경적 조건을 비교·분석하지도 않으며, 이용 의도라는 개별 행동 결정 변수에 초점을 두고 있으므로 role·env 모두 해당하지 않는다. | has_community=True role_relevant=False env_relevant=False | 이 논문은 TAM·유입(flow) 이론을 결합하여 온라인 커뮤니티 이용 의도에 영향을 미치는 사회적 영향(주관적 규범, 이미지, 가시성) 차원을 구조방정식으로 검증하는 기술 수용 연구로, 커뮤니티를 사회현상을 비추는 창이나 사회적 장으로 조명하지도, 회원제·익명성·운영 방침 등 구조·환경적 조건을 비교·분석하지도 않는다.","이 논문은 온라인 커뮤니티를 기술 수용(TAM)·몰입(flow) 이론의 적용 대상인 '사용 의도'의 객체로만 다루며, 커뮤니티의 사회적 역할(창/장)이나 구조적·환경적 조건(회원제, 익명성, 운영방침 등)을 분석 대상으로 삼지 않으므로 role·env 모두 해당하지 않는다. | 이 논문은 TAM과フロー이론을 결합하여 온라인 커뮤니티 이용 의도에 미치는 사회적 영향(주관적 규범, 이미지, 가시성)을 분석하는 기술 수용 연구로, 온라인 커뮤니티를 사회적 역할의 '창'이나 '장'으로 조명하지도, 회원제·익명성·운영 방침 등 구조적·환경적 조건을 비교·분석하지도 않으며, 이용 의도라는 개별 행동 결정 변수에 초점을 두고 있으므로 role·env 모두 해당하지 않는다. | 이 논문은 TAM·유입(flow) 이론을 결합하여 온라인 커뮤니티 이용 의도에 영향을 미치는 사회적 영향(주관적 규범, 이미지, 가시성) 차원을 구조방정식으로 검증하는 기술 수용 연구로, 커뮤니티를 사회현상을 비추는 창이나 사회적 장으로 조명하지도, 회원제·익명성·운영 방침 등 구조·환경적 조건을 비교·분석하지도 않는다.",True,3/3,run1:없음; run2:없음; run3:없음
ART001316437,온라인 커뮤니티 활동과 개인 특성이 구전 효과에 미치는 영향에 관한 연구,이선로(연세대학교),2008,경영학연구,kor,OK,,,run1:없음; run2:없음; run3:없음,"has_community=True role_relevant=True env_relevant=False | 이 논문은 온라인 커뮤니티라는 공간 자체의 사회적 역할, 즉 커뮤니티 의식과 구전(WOM) 효과가 작동하는 '장'으로서의 기능을 분석 대상으로 삼고 있으나, 상호작용성과 사이트 명성은 플랫폼 설계 특성·평판에 해당하여 회원제·운영·제재·익명성·생애주기 등 커뮤니티의 구조적·환경적 운영 방침을 비교·변화시키는 조건으로 다루고 있지는 않다. | has_community=True role_relevant=True env_relevant=True | 이 논문은 온라인 커뮤니티를 구전 효과와 커뮤니티 의식이 작동하는 '장'으로 조명하는 동시에, 상호작용성과 사이트 명성이라는 커뮤니티의 구조적·환경적 조건이 커뮤니티 의식과 구전 효용성에 미치는 차이를 분석하여 환경 요인을 고려하고 있다. | has_community=True role_relevant=True env_relevant=False | 이 논문은 온라인 커뮤니티를 구전 효과가 발생하는 '장'으로서 커뮤니티 의식과 정보 공유의 사회적 역할을 분석 대상으로 삼되, 상호작용성과 사이트 명성은 일반적 플랫폼 특성 변수로 다루었을 뿐 커뮤니티 운영 방침·제재 방식·생애주기 등 구조적·환경적 조건의 차이를 비교·분석하지는 않으므로 env_relevant는 false이다.","[ROLE] 이 논문은 온라인 커뮤니티 공간 내에서 상호작용성(이용자 간 연결)이 커뮤니티 의식(관계적 자원)을 형성하고, 이것이 구전(정보 공유) 효용성과 효과에 미치는 영향을 분석함으로써, 커뮤니티 안의 이용자 간 관계적 자원의 형성·효과를 다루는 SOCIALCAPITAL에 해당하나, 구매 의사결정·제품 관여도 등 마케팅 맥락으로 포장되어 있어 공론장이나 외부 현상 창으로는 판정되지 않는다. | [ROLE] 이 논문은 온라인 커뮤니티를 구전(WOM) 효과라는 일반적 소비자·정보전달 현상을 관찰하는 설정(setting)으로 활용하므로, 커뮤니티 공간 자체의 역할이 아니라 바깥에 실체가 있는 구전 효과·인지 욕구 등 소비자 행동 현상을 들여다보는 창(WINDOW_MISC)으로 분류된다. | [ENV] 본 연구는 온라인 커뮤니티 환경에서 커뮤니티 의식·상호작용성·사이트 명성·인지 욕구가 구전 효과에 미치는 영향을 분석하므로, 회원제 차이·운영체계·커뮤니티 생애주기·익명성 비교라는 4개 ENV 코드에 해당하는 비교·변화 분석은 전혀 포함하지 않아 전부 미부여로 판단한다. | [ROLE] 본 연구는 온라인 커뮤니티의 구조적 특성(상호작용성, 사이트 명성)과 커뮤니티 의식이 구전 효과에 미치는 영향을 매개·조절 변인 모형으로 검증하는 것으로, 커뮤니티 공간 자체의 특성을 분석 대상으로 삼아 FIELD 계열에 가깝지만, 그 초점이 공론장 검증이나 관계적 자원 형성·효과에 있지 않고 소비자 정보 확산 메커니즘에 있으므로 6개 코드 모두 0.5 미만에 그친다.",False,1/3,run1:ROLE_FIELD_SOCIALCAPITAL; run2:ROLE_WINDOW_MISC; run3:없음
ART001847093,온라인 사용 후기 유형에 따른 정보 유용성 및 제품태도에 미치는 영향력의 차이 : 온라인 브랜드 커뮤니티 유형과 자기 감시성의 조절효과를 중심으로,정효진(경북대학교),2014,마케팅관리연구,kor,OK,,,run1:없음; run2:없음; run3:없음,"has_community=True role_relevant=True env_relevant=True | 이 논문은 온라인 브랜드 커뮤니티를 소비자의 구전커뮤니케이션과 태도 형성이 이루어지는 '장'으로 조명하면서, '기업 주도형'과 '소비자 주도형'이라는 운영 주체 구조 차이를 조절변수로 비교 분석하여 커뮤니티의 환경적 조건(운영 방식)이 후기 효과에 미치는 영향을 검토하고 있으므로, 역할과 환경 양쪽에 해당한다. | has_community=True role_relevant=False env_relevant=True | 이 논문은 온라인 사용 후기의 효과를 중심으로 마케팅 효과를 분석하며, 온라인 브랜드 커뮤니티를 '기업 주도형'과 '소비자 주도형'으로 분류하여 그 유형에 따른 조절효과를 검증함으로써 커뮤니티의 운영 주체(운영 방식)라는 구조적 조건에 따른 차이를 비교·분석하고 있으나, 커뮤니티 자체의 사회적 역할(창/장)을 조명하는 것은 아니며 환경 조건으로서의 커뮤니티 유형 비교에 해당한다. | has_community=True role_relevant=False env_relevant=True | 이 논문은 온라인 브랜드 커뮤니티를 '기업 주도형'과 '소비자 주도형'으로 분류하여 그 구조적 유형별 차이가 온라인 사용 후기의 정보 유용성·제품태도 효과에 미치는 조절효과를 분석하고 있으므로, 커뮤니티의 운영 주체라는 환경적 조건을 비교 대상으로 삼고 있으나(ENV), 커뮤니티 자체의 사회적 역할이나 외부 현상을 비추는 창으로서 조명하지는 않는다(ROLE 불관련).","[ROLE] 이 논문은 소비자의 사용 후기(구전커뮤니케이션)가 정보 유용성과 제품태도에 미치는 효과를 분석하는 마케팅 연구로, 온라인 브랜드 커뮤니티는 후기 전달 채널이자 조절변수(기업 주도형/소비자 주도형)에 불과하고, 커뮤니티 공간 자체의 상호작용이나 사회자본 형성이 분석 대상이 아니므로, 외부 현상인 소비자 구전·제품태도 형성을 보여주는 창(ROLE_WINDOW_MISC)으로 분류된다. | [ENV] 본 연구는 사용 후기의 방향·특성과 자기 감시성에 따른 효과를 주 분석 대상으로 삼고, 온라인 브랜드 커뮤니티 유형(기업 주도형 vs 소비자 주도형)을 단순 조절변수로만 활용하였을 뿐, 커뮤니티 내부 운영체계의 구체적 기제(삭제·제재·중재 등)를 분석 대상으로 삼지 않으므로 ENV_COMMUNITY_GOVERNANCE도 미부여이며, 나머지 세 코드 역시 근거 문장이 부재하여 전부 미부여로 판단한다. | [ENV] 본 연구는 온라인 사용 후기의 방향성·특성이 정보 유용성과 제품태도에 미치는 영향에서 브랜드 커뮤니티 유형(기업 주도형/소비자 주도형)과 자기 감시성의 조절효과를 검증하는 마케팅 연구로, 커뮤니티의 회원제·운영체계·생애주기·익명성 등 환경적·구조적 조건 자체를 분석 대상으로 삼지 않으므로 4개 ENV 코드 모두 미부여이다. | [ENV] 이 논문은 온라인 브랜드 커뮤니티를 '기업 주도형'과 '소비자 주도형'으로 이분하고 그 조절효과를 실증적으로 검증하므로 ENV_COMMUNITY_GOVERNANCE가 부여되나, 회원제·생애주기·익명성 차이는 다루지 않아 나머지 세 코드는 미부여이다.",False,1/3,run1:ROLE_WINDOW_MISC; run2:없음; run3:ENV_COMMUNITY_GOVERNANCE
ART001140393,온라인 커뮤니티 형성과 유지에 관한 연구-규범적 몰입과 감성적 몰입의 매개역할을 중심으로-,강명수(한성대학교),2005,대한경영학회지,kor,OK,ROLE_FIELD_SOCIALCAPITAL,,run1:없음; run2:없음; run3:없음,"has_community=True role_relevant=True env_relevant=False | 이 논문은 온라인 커뮤니티를 기업의 고객관계관리(CRM)를 수행하는 '장'으로서 그 사회적 기능을 분석 대상으로 삼되, 규범적·감성적 몰입, 상호작용, 의례전통 등 이용자 수준 거버넌스 요인을 다루기는 하나 회원제·제재·익명성·생애주기 등 커뮤니티의 구조적·환경적 조건을 비교·변화하는 관점은 다루지 않으므로 role만 해당한다. | has_community=True role_relevant=True env_relevant=False | 이 논문은 기업의 고객관계관리 차원에서 온라인 커뮤니티의 형성·유지 모형을 개발하며, 규범적·감성적 몰입, 상호작용, 공유의식, 의례전통 등 커뮤니티 내부의 사회적 역동을 분석 대상으로 삼아 커뮤니티를 '장'으로서 조명하나, 회원제·제재·익명성·생애주기 등 구조적·환경적 조건을 비교·차이 있게 고려하지는 않는다. | has_community=True role_relevant=True env_relevant=False | 이 논문은 온라인 커뮤니티를 고객관계관리(CRM)를 위한 '장'으로서 그 형성과 유지에 관한 모형을 실증 분석하고 있으나, 회원제·제재·익명성·생애주기 등 구조적·환경적 조건에 따른 차이·비교를 다루지 않으므로 env_relevant는 false이다.","[ROLE] 본 연구는 온라인 커뮤니티를 고객관계관리(CRM)라는 외부 마케팅 현상을 구현하는 매체·사례로 위치시키며, 커뮤니티 내부의 상호작용·공유·몰입 변수를 재방문의도·참여의도라는 비즈니스 결과와 연결하여 분석하므로, 커뮤니티 공간 자체의 공론장·사회적자본 역할이 아닌 CRM이라는 외부 사회현상을 보여주는 역할(WINDOW_MISC)로 판단된다. | [ROLE] 본 연구는 온라인 커뮤니티 공간 내부의 상호작용·공유의식·몰입 등 이용자 간 관계적 자원의 형성·유지 메커니즘을 실증적으로 분석하므로, 공간 안의 관계적 자원 형성·효과를 다루는 FIELD 계열 중 SOCIALCAPITAL에 부여하고, CRM이라는 외부 비즈니스 현상을 배경으로 삼되 분석 대상이 커뮤니티 내부 역학이므로 WINDOW 계열은 미부여한다. | [ROLE] 본 연구는 온라인 커뮤니티 공간 안의 상호작용·공유의식·의례전통 등 관계적·의례적 요소가 이용자 몰입과 재방문·참여 의도에 미치는 영향을 실증 모형으로 분석함으로써, 커뮤니티 내부의 관계적 자원 형성과 유지 효과를 다룸으로써 ROLE_FIELD_SOCIALCAPITAL이 부여되며, 공론장·양극화·젠더·혐오 등 다른 코드에는 해당하지 않는다.",False,0/3,run1:ROLE_WINDOW_MISC; run2:ROLE_FIELD_SOCIALCAPITAL; run3:ROLE_FIELD_SOCIALCAPITAL
ART001005547,온라인 커뮤니티기반 블로그 활동에 영향을 미치는프라이버시 정보의 유형과 조절변수 연구,신지영(이화여자대학교),2006,경영학연구,kor,OK,ROLE_FIELD_SOCIALCAPITAL,,run1:없음; run2:없음; run3:없음,"has_community=True role_relevant=False env_relevant=False | 이 논문은 오프라인 친밀관계가 온라인 블로그로 연장되는 맥락에서 개인정보 교환 유형과 프라이버시 염려를 실증 분석하는 데 목적이 있으며, 블로그는 연구의 설정·매체로서 사용될 뿐 그 사회적 역할(창·장)이나 구조적·환경적 조건(회원제, 익명성, 운영 방침 등)이 분석 대상이 되지 않는다. | has_community=True role_relevant=True env_relevant=False | 이 논문은 오프라인 친밀관계가 유지되는 블로그를 회원 간 개인정보 교환과 프라이버시 염려가 작동하는 공간으로 분석하여, 온라인 커뮤니티가 사회적 긴밀 관계를 유지하는 '장'으로서의 역할을 조명하지만, 회원제·제재·생애주기·익명성 등 구조적·환경적 조건을 변수로 삼아 비교·분석하지는 않는다. | has_community=True role_relevant=True env_relevant=False | 이 논문은 BLOG를 오프라인 친밀관계의 온라인 연장선으로서 사회적 긴밀 관계를 유지하는 '장'으로 분석하므로 role_relevant이나, 개인정보 유형·프라이버시 염려·개인의 공개 통제력 등 개인 단위 요인을 다룰 뿐 회원제·운영 방식·익명성 등 커뮤니티의 구조적·환경적 조건을 변수로 다루지 않아 env_relevant는 아니다.","이 논문은 오프라인 친밀관계가 온라인 블로그로 연장되는 맥락에서 개인정보 교환 유형과 프라이버시 염려를 실증 분석하는 데 목적이 있으며, 블로그는 연구의 설정·매체로서 사용될 뿐 그 사회적 역할(창·장)이나 구조적·환경적 조건(회원제, 익명성, 운영 방침 등)이 분석 대상이 되지 않는다. | [ROLE] 본 연구는 BLOG라는 온라인 커뮤니티 공간 안에서 호스트-방문자 간 개인정보 공유가 사회적 긴밀 관계 유지와 회원 유지·이탈에 미치는 효과를 분석함으로써, 이용자 간 관계적 자원(신뢰·연결)의 존재와 효과를 다루는 SOCIAL CAPITAL로 판정되며, 공론장·양극화·젠더·혐오 등 나머지 5개 코드에는 해당하지 않는다. | [ROLE] 본 연구는 블로그 공간 안에서 개인 정보 공유라는 상호작용이 이용자 간 사회적 긴밀 관계를 유지하는 관계적 자원(사회자본)으로 기능하면서도 동시에 프라이버시 위험을 초래하는 이중성을 실증적으로 분석하므로, FIELD 계열의 SOCIALCAPITAL에 부여한다.",False,1/3,run1:없음; run2:ROLE_FIELD_SOCIALCAPITAL; run3:ROLE_FIELD_SOCIALCAPITAL
ART001870234,"온라인 여행 커뮤니티에서 지각된 가치와 정보공유 만족의 결정요인에 관한 연구: 개인의 혁신성, 혁신저항, 전문성",정남호(경희대학교),2014,고객만족경영연구,kor,OK,ROLE_WINDOW_MISC,,run1:없음; run2:없음; run3:없음,"has_community=True role_relevant=True env_relevant=False | 이 논문은 온라인 여행 커뮤니티를 여행정보 탐색·공유가 이루어지는 공간(장)으로서 그 지각된 가치와 정보공유 만족이라는 사회적 기능을 분석 대상으로 삼되, 커뮤니티의 구조적·환경적 조건(회원제, 익명성, 운영 방침 등)에 따른 비교나 차이는 다루지 않으므로 role만 해당한다. | has_community=True role_relevant=True env_relevant=False | 이 논문은 온라인 여행 커뮤니티가 여행정보 탐색·공유와 구성원 간 관계형성을 가능하게 하는 '장'으로서의 사회적 역할을 분석 대상으로 삼지만, 회원제·익명성·운영 방침 등 커뮤니티의 구조적·환경적 조건을 비교·고찰하지는 않으므로 role만 해당한다. | has_community=True role_relevant=True env_relevant=False | 온라인 여행 커뮤니티를 여행정보 탐색·공유가 이루어지는 '장'으로서 지각된 가치와 정보공유 만족을 매개로 분석 대상 삼아 커뮤니티의 사회적 기능을 조명하나, 회원제·익명성·생애주기 등 커뮤니티의 구조적·환경적 조건을 비교·검토하지는 않는다.","[ROLE] 본 연구는 온라인 여행 커뮤니티를 여행정보 탐색·공유라는 외부 사회현상을 관찰하는 창으로 사용하며, 분석 변수는 혁신성·지각된 전문성·혁신저항 등 개인 특성으로, 커뮤니티 공간 자체의 공론장·사회적 자본 기능이라기보다 정보공유 만족이라는 일반적 현상을 개인 수준에서 설명하는 데 초점이 있으므로 WINDOW_MISC에 해당한다. | [ROLE] 본 연구는 온라인 여행 커뮤니티 내 정보 공유 행동에 미치는 개인 특성과 지각된 가치·만족도를 인과모형으로 분석하는 기술적·기능적 연구로, 6개 ROLE 코드 중 어느 하나도 0.5를 넘기지 못하나, 정보 공유라는 상호작용 요소가 존재하여 SOCIALCAPITAL과 MISC에 약한 관련성만 부여된다. | [ROLE] 본 논문은 관광 정보 탐색·공유라는 외부 사회현상을 관찰하기 위해 온라인 여행 커뮤니티를 플랫폼·장소로 설정하고, 개인의 혁신성·지각된 전문성·혁신저항이 지각된 가치와 정보공유 만족에 미치는 영향을 실증 분석하므로, 커뮤니티 자체의 공론장·사회자본적 역할이 아니라 관광 소비자 정보행동을 비추는 창(WINDOW_MISC)으로 기능한다.",False,1/3,run1:ROLE_WINDOW_MISC; run2:없음; run3:ROLE_WINDOW_MISC
ART001593397,소셜네트워크 연결밀도와 중심성에 따른 소셜쇼핑 구매의도의 차이 -온라인커뮤니티와 SNS를 중심으로-,천명환(목원대학교),2011,경영과 정보연구,kor,OK,ROLE_FIELD_SOCIALCAPITAL,,run1:없음; run2:없음; run3:없음,"has_community=True role_relevant=True env_relevant=False | 이 논문은 집단중심의 온라인 커뮤니티와 개인중심의 SNS를 비교하여 소셜쇼핑 구매의도에 미치는 구조적 차이를 분석함으로써, 온라인 커뮤니티라는 공간의 구조적 역할(장)을 조명하지만, 회원제·운영제재·익명성·생애주기 등 커뮤니티의 운영 방침이나 환경적 조건에 따른 차이·비교를 다루지는 않는다. | has_community=True role_relevant=True env_relevant=False | 이 논문은 집단중심의 온라인 커뮤니티를 소셜쇼핑이 일어나는 '장'으로서 연결밀도·중심성과 구매의도의 관계를 분석하고 있으나, 비교 대상은 네트워크 위상 구조(연결밀도, 중심성)일 뿐 회원제·운영 방침·익명성 등 커뮤니티의 구조적·환경적 조건에 따른 차이·비교를 다루지 않으므로 env_relevant는 false이다. | has_community=True role_relevant=True env_relevant=False | 이 논문은 집단중심의 온라인 커뮤니티와 개인중심의 SNS를 비교하여 소셜쇼핑 구매의도에 미치는 네트워크 구조적 차이를 분석함으로써, 온라인 커뮤니티를 집단적 소비가 이루어지는 '장'으로서의 사회적 역할을 조명하나, 회원제·제재방식·익명성 등 커뮤니티의 구조적·환경적 조건에 따른 차이까지 논하지 않는다.","[ROLE] 연구는 온라인 커뮤니티의 구조적 특성(연결밀도·중심성)이 이용자 간 연결의 강도와 위치로서 구매의도에 미치는 효과를 검증하는 것으로, 커뮤니티 공간 내 이용자 간 관계적 구조가 분석 대상이므로 FIELD 계열(사회자본)에 가깝다. | [ROLE] 본 연구는 온라인 커뮤니티·SNS 내 연결밀도와 중심성이라는 이용자 간 네트워크 구조의 존재·강도·효과를 구매의도에 미치는 영향으로 검증하는 것이므로, 온라인 커뮤니티 공간 자체의 관계적 구조(사회자본 계열)를 분석 대상으로 삼는 FIELD 판정이다. | [ROLE] 본 연구는 온라인 커뮤니티·SNS 공간 내부의 구조적 특성(연결밀도·중심성)이 이용자 간 연결의 강도와 위치에 따라 소셜쇼핑 구매의도에 미치는 효과를 검증함으로써, 커뮤니티 공간 안의 네트워크 관계 구조와 그 효과를 분석하는 장(FIELD)으로서의 사회자본(SOCIALCAPITAL) 역할에 해당한다.",True,0/3,run1:ROLE_FIELD_SOCIALCAPITAL; run2:ROLE_FIELD_SOCIALCAPITAL; run3:ROLE_FIELD_SOCIALCAPITAL
ART000953287,"온라인 커뮤니티에서 공동체의식과 관계의 질, 고객충성도간의 관계에 관한 연구 : 만족, 신뢰, 몰입의 매개효과를 중심으로",최혁라(순천대학교),2005,Journal of Information Technology Applications & Management,eng,OK,ROLE_FIELD_SOCIALCAPITAL,,run1:없음; run2:없음; run3:없음,"has_community=True role_relevant=True env_relevant=False | 이 논문은 온라인 커뮤니티를 비즈니스 모델로서 고객 충성도 향상의 '장'으로 조명하여 커뮤니티 감각이 관계 질을 매개로 충성도에 미치는 영향을 분석하지만, 회원제·운영 방침·익명성 등 구조적·환경적 조건을 고려하지 않는다. | has_community=True role_relevant=True env_relevant=False | 이 논문은 온라인 커뮤니티의 'sense of community'가 관계의 질을 매개하여 고객 충성도에 미치는 영향을 마케팅 모델로 분석함으로써, 커뮤니티라는 공간의 사회적 역할(충성도 형성)을 '장'으로 조명하고 있으나, 회원제·익명성·운영 방침 등 구조적·환경적 조건은 다루지 않는다. | has_community=True role_relevant=True env_relevant=False | 이 논문은 온라인 커뮤니티를 비즈니스 모델로서 고객 충성도에 미치는 영향을 연구하며, 커뮤니티 공간 자체가 관계 질을 매개로 고객 충성도를 형성하는 사회적 기능(장)을 분석 대상으로 삼지만, 회원제·익명성·운영 방침 등 구조적·환경적 조건에 따른 차이나 비교를 다루지 않는다.","[ROLE] 이 논문은 온라인 커뮤니티 공간 안에서 형성되는 'sense of online community'가 relationship quality를 매개로 customer loyalty에 미치는 영향을 검증하는 연구로, 커뮤니티 공간 내에서 이용자 간 소속감·관계 질·충성도라는 관계적 자원의 형성·전달·효과를 다루므로 FIELD 계열의 SOCIALCAPITAL에 해당하나, 관계의 종점이 이용자 간이라기보다 이용자–브랜드 관계에 가깝고 양적 마케팅 모델 검증에 그쳐 확률은 0.6으로 제한한다. | [ROLE] 온라인 커뮤니티라는 공간 안에서 'sense of community'와 'relationship quality'라는 관계적 자원이 고객 충성도에 미치는 경로를 검증하는 연구이므로, 커뮤니티 공간 내 이용자 간·플랫폼-이용자 간 연결의 존재와 효과를 분석하는 SOCIALCAPITAL에 해당하며, 외부 사회현상을 보여주는 WINDOW 계열은 아니다. | [ROLE] 이 논문은 온라인 커뮤니티 내부의 'sense of community'와 'relationship quality'가 고객 충성도에 미치는 경로를 검증함으로써, 커뮤니티 공간 안에서 이용자 간 관계적 자원(유대감·관계 질)의 형성 효과(장: SOCIALCAPITAL)를 분석하나, 동시에 커뮤니티를 비즈니스 모델·고객 관계 도구로 프레임하는 측면(창: MISC)이 약하게 존재한다.",True,0/3,run1:ROLE_FIELD_SOCIALCAPITAL; run2:ROLE_FIELD_SOCIALCAPITAL; run3:ROLE_FIELD_SOCIALCAPITAL
ART001104517,온라인 브랜드 커뮤니티의 이용 동기에 대한 해석주의적 연구,강태중(중앙대학교),2005,광고연구,kor,ERR,,,run1:없음; run2:없음; run3:없음,"has_community=True role_relevant=True env_relevant=False | 이 논문은 특정 브랜드를 중심으로 형성된 온라인 커뮤니티의 구성원 심리적 이용 동기를 분석 대상으로 삼아 커뮤니티 자체의 사회적 기능(정보 교환·관계 형성·집단 정체성 등)을 장으로 조명하나, 회원제·익명성·운영 방침 등 구조적·환경적 조건에 따른 차이나 비교는 다루지 않는다. | has_community=True role_relevant=True env_relevant=False | 이 논문은 브랜드 중심 온라인 커뮤니티에서 구성원이 지니는 심리적 이용 동기(정보·거래·사회적 관계·집단형성·과시·헌신·유희)를 분석하여 커뮤니티 공간 자체의 사회적 역할을 '장'으로 조명하나, 회원제·익명성·운영 방침 등 구조적·환경적 조건에 따른 차이나 비교는 다루지 않는다. | has_community=True role_relevant=True env_relevant=False | 이 논문은 브랜드 중심 온라인 커뮤니티를 구성원들이 정보·관계·집단형성·과시·헌신·유희 등 심리적 동기를 실현하는 '장'으로 조명하나, 회원제·익명성·운영 방침 등 구조적·환경적 조건을 고려하지 않으므로 env_relevant는 false이다.","[ROLE] 이 논문은 브랜드 온라인 커뮤니티 구성원의 심리적 이용 동기를 7가지로 분류하여 마케팅 시사점을 도출하는 기술적 분석으로, 공론장 검증이나 이용자 간 관계적 자원의 실제 형성·효과를 다루지 않으며, 외부 사회현상을 보여주는 창으로서의 역할도 명시하지 않아 6개 코드 모두 미부여로 판단된다. | [ROLE] 본 연구는 브랜드 온라인 커뮤니티 구성원의 심리적 이용 동기를 7가지 차원으로 분류하는 소비자 행동 연구로서, 이용자 간 관계적 자원(신뢰·연대·네트워크)의 실제 형성·효과를 다루는 SOCIALCAPITAL이나 공론장 기능 검증(PUBLICSPHERE)에 해당하지 않으며, 온라인 커뮤니티를 통해 외부 사회현상을 포착하는 WINDOW도 아니다. | [ROLE] 이 논문은 브랜드 온라인 커뮤니티의 구성원들의 심리적 이용 동기(정보·거래·사회적 관계·집단형성·과시·헌신·유희 7가지)를 개별 동기로 식별하는 데 초점을 두는데, 이는 커뮤니티 공간의 기능을 다룬다는 점에서 FIELD 계열에 가깝지만, 이용자 간 연결의 존재·강도·효과를 실제로 분석하는 사회자본 검증도 아니고, 공론장으로서의 숙의·의견 형성 평가도 아니므로 6개 코드 모두 미부여로 판단된다.",True,3/3,run1:없음; run2:없음; run3:없음
ART001904581,경험수집 소비행동에 대한 통합적 연구,이수현(서울대학교),2014,소비자학연구,kor,ERR,,,run1:없음; run2:없음; run3:없음,"has_community=False role_relevant=False env_relevant=False | 이 논문은 경험수집이라는 소비자행동의 동기·가치·확산과정을 분석 대상으로 삼으며, 온라인 커뮤니티는 경험 공유의 확산 채널로서 SNS와 나란히 한 문장에 언급될 뿐, 커뮤니티 자체를 분석 대상이나 연구 소재로 삼지 않는다. | has_community=False role_relevant=False env_relevant=False | 이 논문은 경험수집이라는 소비자행동을 문화기술적 면담과 설문조사를 통해 분석하는 연구이며, 온라인 커뮤니티는 경험의 확산 통로로서 일견 언급될 뿐 분석 대상이나 연구 재료가 되지 않으므로 커뮤니티 연구로 볼 수 없다. | has_community=False role_relevant=False env_relevant=False | 이 논문은 경험수집이라는 소비자 행동을 분석 대상으로 삼으며, 온라인 커뮤니티는 SNS와 함께 경험의 확산·공유 통로로 일회성 언급될 뿐 커뮤니티 자체를 분석 대상으로 삼지 않는다.","이 논문은 경험수집이라는 소비자행동의 동기·가치·확산과정을 분석 대상으로 삼으며, 온라인 커뮤니티는 경험 공유의 확산 채널로서 SNS와 나란히 한 문장에 언급될 뿐, 커뮤니티 자체를 분석 대상이나 연구 소재로 삼지 않는다. | 이 논문은 경험수집이라는 소비자행동을 문화기술적 면담과 설문조사를 통해 분석하는 연구이며, 온라인 커뮤니티는 경험의 확산 통로로서 일견 언급될 뿐 분석 대상이나 연구 재료가 되지 않으므로 커뮤니티 연구로 볼 수 없다. | 이 논문은 경험수집이라는 소비자 행동을 분석 대상으로 삼으며, 온라인 커뮤니티는 SNS와 함께 경험의 확산·공유 통로로 일회성 언급될 뿐 커뮤니티 자체를 분석 대상으로 삼지 않는다.",True,3/3,run1:없음; run2:없음; run3:없음
ART001002523,온라인 게이머의 라이프스타일에 관한 탐색적 연구 : 비게이머와의 비교 및 게이머 세분시장별 비교,김정구(성균관대학교),2003,경영학연구,kor,ERR,,,run1:없음; run2:없음; run3:없음,"has_community=False role_relevant=False env_relevant=False | 이 논문은 온라인 게이머를 소비자 집단으로 취급하여 라이프스타일 세분시장과 게임 애호도 요인을 분석하는 마케팅 연구로, 온라인 게임을 소비 제품으로 다루고 있을 뿐 공통 관심사를 가진 사용자의 상호작용·정보 공유·관계 형성을 전제로 한 온라인 커뮤니티를 연구 대상으로 삼지 않는다. | has_community=False role_relevant=False env_relevant=False | 이 논문은 온라인 게이머를 소비자 세분시장으로 분류하고 게임 애호도 요인을 분석하는 마케팅·소비자 연구로, 공통 관심사나 목적을 가진 사용자가 지속적으로 상호작용하며 관계를 형성하는 디지털 공간(온라인 커뮤니티)을 분석 대상으로 삼지 않는다. | has_community=True role_relevant=False env_relevant=False | 이 논문은 온라인 게이머를 라이프스타일 기반 소비자 세분시장으로 파악하여 마케팅 전략을 도출하는 것이 주목적이며, '사회적 상호작용 요인'은 게임 애호도 영향요인 중 하나로 언급될 뿐 온라인 커뮤니티의 구조·운영·역할을 분석 대상 삼지 않으므로 커뮤니티가 분석 대상이 아닌 연구 재료에 머문다.","이 논문은 온라인 게이머를 소비자 집단으로 취급하여 라이프스타일 세분시장과 게임 애호도 요인을 분석하는 마케팅 연구로, 온라인 게임을 소비 제품으로 다루고 있을 뿐 공통 관심사를 가진 사용자의 상호작용·정보 공유·관계 형성을 전제로 한 온라인 커뮤니티를 연구 대상으로 삼지 않는다. | 이 논문은 온라인 게이머를 소비자 세분시장으로 분류하고 게임 애호도 요인을 분석하는 마케팅·소비자 연구로, 공통 관심사나 목적을 가진 사용자가 지속적으로 상호작용하며 관계를 형성하는 디지털 공간(온라인 커뮤니티)을 분석 대상으로 삼지 않는다. | 이 논문은 온라인 게이머를 라이프스타일 기반 소비자 세분시장으로 파악하여 마케팅 전략을 도출하는 것이 주목적이며, '사회적 상호작용 요인'은 게임 애호도 영향요인 중 하나로 언급될 뿐 온라인 커뮤니티의 구조·운영·역할을 분석 대상 삼지 않으므로 커뮤니티가 분석 대상이 아닌 연구 재료에 머문다.",True,3/3,run1:없음; run2:없음; run3:없음
ART001081741,"여행도매업체 온라인 브랜드 커뮤니티 특성이 커뮤니티 의식, 커뮤니티 충성도와 브랜드 태도에 미치는 영향 연구",천민호(동양공업전문대학 관광경영학과),2007,서비스경영학회지,eng,OK,,,run1:없음; run2:없음; run3:없음,"has_community=True role_relevant=True env_relevant=False | 이 논문은 여행 도매업체의 브랜드 커뮤니티를 온라인 기반 공간(사이버스페이스)으로 설정하여, 정보·상호작용·보상·엔터테인먼트 등 커뮤니티의 구조적 특징이 소속감·충성도·브랜드 태도에 미치는 영향을 분석하므로 커뮤니티 존재와 '장'으로서의 역할 조명에 해당하나, 회원제·익명성·생애주기 등 운영 조건에 따른 차이·비교를 다루지 않아 환경 조명은 아니다. | has_community=True role_relevant=True env_relevant=False | 이 논문은 여행 도매업체의 브랜드 커뮤니티(온라인 기반 공간)의 구조적 특성(정보성, 상호작용성, 브랜드 평판, 보상, 엔터테인먼트)이 소속감·충성도·브랜드 태도에 미치는 영향을 분석하여, 커뮤니티 공간 자체의 사회적 기능을 '장'으로 조명하나, 회원제·제재·생애주기·익명성 등 환경적 조건의 차이나 비교를 다루지 않으므로 env_relevant는 아니다. | has_community=True role_relevant=False env_relevant=False | 이 논문은 여행 도매업자의 'Brand Community'가 Sense of Community·Community Loyalty·Brand Attitude에 미치는 영향을 마케팅 관점에서 분석하며, 온라인 기반 공간(cyberspace)을 브랜드 충성도 구축의 마케팅 수단·채널로서만 언급할 뿐, 커뮤니티의 사회적 역할(창/장)이나 구조적·환경적 조건(회원제, 익명성, 운영 방침 등)을 분석 대상으로 삼지 않는다.","[ROLE] 이 논문은 관광 도매업자 대상의 온라인 브랜드 커뮤니티 공간 안에서 정보·상호작용·보상·오락 등 커뮤니티 특성如何利用자가 형성하는 Sense of Community와 Community Loyalty라는 관계적 자원의 존재·전달 경로를 실증적으로 검증함으로써, 온라인 커뮤니티가 이용자 간 신뢰·귀속·충성이라는 사회적 자본을 매개하는 장으로서의 역할을 분석한다. | [ROLE] 이 논문은 여행 도매업체의 브랜드 커뮤니티 특성이 Sense of Community·Community Loyalty·Brand Attitude에 미치는 영향을 실증 분석하는 마케팅 연구로, 온라인 커뮤니티를 브랜드 충성도라는 일반적 비즈니스 현상을 관찰하는 창(WINDOW_MISC)으로 활용하며, 오프라인 대체 가능 검정에서 결론이 성립하여 FIELD 계열은 배제된다. | 이 논문은 여행 도매업자의 'Brand Community'가 Sense of Community·Community Loyalty·Brand Attitude에 미치는 영향을 마케팅 관점에서 분석하며, 온라인 기반 공간(cyberspace)을 브랜드 충성도 구축의 마케팅 수단·채널로서만 언급할 뿐, 커뮤니티의 사회적 역할(창/장)이나 구조적·환경적 조건(회원제, 익명성, 운영 방침 등)을 분석 대상으로 삼지 않는다.",False,1/3,run1:ROLE_FIELD_SOCIALCAPITAL; run2:ROLE_WINDOW_MISC; run3:없음
ART001351065,온라인 커뮤니티에서 조직시민행동의 영향요인이 지식공헌에 미치는 영향,김경규(연세대학교),2009,지식경영연구,eng,OK,ROLE_FIELD_SOCIALCAPITAL,,run1:없음; run2:없음; run3:없음,"has_community=True role_relevant=True env_relevant=False | 이 논문은 온라인 커뮤니티 내 지식 기여 행동과 그 선행변인(OCB, 응집성, 애정 유사도)의 관계를 실증 분석하며, 커뮤니티를 지식 공유라는 사회적 역할을 수행하는 '장'으로 조명하나, 회원제·익명성·운영 방침 등 구조적·환경적 조건을 비교·검토하지는 않는다. | has_community=True role_relevant=True env_relevant=False | 이 논문은 온라인 커뮤니티에서 지식기여가 어떻게 이루어지는지를 OCB, 응집성, 정서적 유사성의 관점에서 분석하여 커뮤니티를 지식 공유의 '장'으로 조명하나, 회원제·익명성·운영방침 등 구조적·환경적 조건을 비교하거나 그 차이를 다룬 것은 아니다. | has_community=True role_relevant=True env_relevant=False | 이 논문은 온라인 커뮤니티 내 지식 공헌(Knowledge Contribution)과 조직시민적 행동(OCB)의 관계를 분석하여, 커뮤니티 공간 자체가 지식 공유와 사회적 연대라는 '장'의 역할을 수행하는지 조명하나, 회원제·운영 방침·익명성 등 커뮤니티의 구조적·환경적 조건을 비교·분석하지는 않는다.","[ROLE] 이 논문은 온라인 커뮤니티 내 이용자 간 관계적 자원(cohesiveness, affection similarity)이 지식 기여(knowledge contribution)라는 참여행동에 미치는 효과를 PLS로 검증함으로써, 커뮤니티 공간 안의 관계적 연결의 존재·강도·효과를 분석하는 SOCIALCAPITAL로서의 장(FIELD) 역할을 수행한다. | [ROLE] 본 연구는 온라인 커뮤니티 이용자 간 결합도(cohesiveness)와 정서 유사성(affection similarity)이라는 관계적 자원이 OCB를 매개로 지식 기여(공유)에 미치는 효과를 실증적으로 검증하므로, 커뮤니티 내부의 이용자 간 연결·관계의 존재와 효과를 다루는 SOCIALCAPITAL에 해당한다. | [ROLE] 본 연구는 온라인 커뮤니티 공간 안에서 이용자 간 결속(cohesiveness)·감정 유사성(affection similarity)이라는 관계적 자원이 조직시민행동(OCB)을 통해 지식 기여(knowledge contribution)라는 참여·공유 행위에 어떤 효과를 미치는지를 실증 분석하고 있으므로, 커뮤니티 안의 이용자 간 관계적 자원의 존재·효과를 다룬 장으로서의 사회자본(SOCIALCAPITAL) 코드가 부여되며, 공론장 검증이나 외부 사회현상 포착은 나타나지 않는다.",True,0/3,run1:ROLE_FIELD_SOCIALCAPITAL; run2:ROLE_FIELD_SOCIALCAPITAL; run3:ROLE_FIELD_SOCIALCAPITAL
ART001318356,온라인 커뮤니티의 신뢰형성이 구매의도에 미치는 영향,문영주(공주대학교),2008,전자상거래학회지,kor,OK,ROLE_FIELD_SOCIALCAPITAL,,run1:없음; run2:없음; run3:없음,"has_community=True role_relevant=True env_relevant=False | 이 논문은 온라인 커뮤니티 내에서 신뢰가 형성되는 과정이 구매의도에 미치는 영향을 분석하여, 커뮤니티라는 공간의 소비자 행동 유도라는 사회적 역할(장)을 조명하나, 회원제·운영·제재·익명성 등 구조적·환경적 조건을 다루지 않는다. | has_community=True role_relevant=True env_relevant=False | 이 논문은 기업이 구축한 온라인 커뮤니티가 구성원의 신뢰를 형성하고 구매의도에 영향을 미치는 '장'으로서의 사회적 역할을 분석 대상으로 삼지만, 회원제 유무·익명성·생애주기·제재 방식 등 구조적·환경적 조건에 따른 차이·비교를 다루지 않으므로 role만 해당한다. | has_community=True role_relevant=True env_relevant=False | 이 논문은 기업이 구축·운영하는 온라인 커뮤니티 내에서 신뢰가 형성되고 구매의도가 발생하는 과정을 분석하므로 커뮤니티를 '장'으로 조명하나, 커뮤니티 명성·사회적 실재감·즐거움은 신뢰 형성 요인으로 다루되 회원제·제재·생애주기·익명성 등 구조적·환경적 조건에 따른 차이·비교·변화를 다루지 않으므로 env는 해당하지 않는다.","[ROLE] 본 연구는 온라인 커뮤니티 공간 내에서 신뢰·사회적 실재감·즐거움 등 관계적 자원이 어떻게 형성되고 그 효과가 구매의도에 미치는지를 분석하므로, 커뮤니티 안의 이용자 간 연결과 신뢰라는 관계적 자원 형성을 조명하는 장(FIELD)으로서의 사회자본 역할에 해당한다. | [ROLE] 본 연구는 온라인 커뮤니티 공간 내에서 신뢰·사회적 실재감·즐거움 등 관계적 자원이 어떻게 형성되고 구매의도에 영향을 미치는지를 분석하므로, 커뮤니티 공간 안의 이용자 간 관계 형성이라는 사회적 자본(FIELD)으로 판정된다. | [ROLE] 이 논문은 온라인 커뮤니티 공간 안에서의 신뢰형성과 구성원 간 관계형성(사회적 실재감, 커뮤니티 명성, 즐거움)을 분석하여 커뮤니티가 관계적 자원(신뢰·연대)을 형성하는 장으로서의 역할을 조명하므로 ROLE_FIELD_SOCIALCAPITAL을 부여한다.",True,0/3,run1:ROLE_FIELD_SOCIALCAPITAL; run2:ROLE_FIELD_SOCIALCAPITAL; run3:ROLE_FIELD_SOCIALCAPITAL
ART001676790,"온라인 커뮤니티 시민행동, 신뢰, 보상이 정보공헌에 미치는 영향",강재정(제주대학교),2012,인터넷전자상거래연구,kor,OK,ROLE_FIELD_SOCIALCAPITAL,,run1:없음; run2:없음; run3:없음,"has_community=True role_relevant=True env_relevant=False | 이 논문은 온라인 커뮤니티라는 공간 내에서의 시민성 행동(OCB), 신뢰, 인센티브가 정보 기여에 미치는 영향을 분석하여 커뮤니티를 정보 공유·시민성 실천의 '장'으로 조명하나, 회원제·익명성·운영 방침 등 구조적·환경적 조건의 차이나 비교를 다루지 않는다. | has_community=True role_relevant=True env_relevant=False | 이 논문은 온라인 커뮤니티라는 공간 자체가 정보 공여·시민성 행동·신뢰가 작동하는 사회적 '장'으로 분석 대상이므로 role_relevant이나, 회원제·익명성·운영 방침 등 커뮤니티의 구조적·환경적 조건을 비교하거나 그 차이에 따른 변화를 다루지 않으므로 env_relevant는 false이다. | has_community=True role_relevant=False env_relevant=False | 이 논문은 온라인 커뮤니티를 연구의 설정(context)으로 삼아 개인 수준의 정보기여 행동을 관측하지만, 커뮤니티 자체의 사회적 역할(창/장)이나 구조적·환경적 조건(회원제, 익명성, 운영 방침 등)을 분석 대상으로 삼지 않으며, 단지 행위의 발생 장소를 제시하는 수준에 그친다.","[ROLE] 본 연구는 온라인 커뮤니티 공간 안에서 신뢰(trust)라는 관계적 자원과 시민성 행동(OCB)이 정보 기여(정보 공유·참여)에 미치는 직접적·조절 효과를 실증적으로 검증하므로, 온라인 커뮤니티라는 장(FIELD) 안에서 이용자 간 신뢰·참여의 존재와 효과를 다루는 사회자본(SOCIALCAPITAL)에 해당한다. | [ROLE] 이 논문은 온라인 커뮤니티 공간 안에서 이용자 간 신뢰(관계적 자원)와 시민성 행동이 정보 기여(참여)에 미치는 직접·조절 효과를 검증하는 것이므로, FIELD 계열 가운데 신뢰의 존재와 효과를 다루는 SOCIALCAPITAL에 해당하나, 공론장적 숙의나 외부 사회현상 포착과는 무관하다. | 이 논문은 온라인 커뮤니티를 연구의 설정(context)으로 삼아 개인 수준의 정보기여 행동을 관측하지만, 커뮤니티 자체의 사회적 역할(창/장)이나 구조적·환경적 조건(회원제, 익명성, 운영 방침 등)을 분석 대상으로 삼지 않으며, 단지 행위의 발생 장소를 제시하는 수준에 그친다.",False,1/3,run1:ROLE_FIELD_SOCIALCAPITAL; run2:ROLE_FIELD_SOCIALCAPITAL; run3:없음
ART001654168,사회 네트워크 분석기법을 이용한 온라인 공동체의 네트워크 구조 탐색,김병석(한양대학교),2012,Entrue Journal of Information Technology,kor,FAILED,,,,,처리 실패: Connection error.,,,
ART001589977,온라인 브랜드 커뮤니티 몰입이 브랜드 충성도에 미치는 영향,곽기영(국민대학교),2011,한국경영과학회지,kor,FAILED,,,,,처리 실패: Connection error.,,,
ART001463025,"라인 브랜드 커뮤니티의 이용 동기, 플로우(Flow), 커뮤니티 동일시, 브랜드 애착 간의 구조적 관계에 관한 연구",한광석(남서울대학교),2010,경영과 정보연구,kor,FAILED,,,,,처리 실패: Request timed out.,,,
ART002058437,온라인 커뮤니티에서 개인의 감정과 공동체의식(SOVC)이 사용자의 지식공유의도에 미치는 영향에 관한 실증연구,전현규(성균관대학교),2015,경영학연구,kor,FAILED,,,,,처리 실패: Request timed out.,,,
ART001098969,사용자의 특성이 온라인 게임 충성도에 미치는 영향에 관한 연구: 자극추구성향을 중심으로,이선로(연세대학교),2006,경영학연구,kor,FAILED,,,,,처리 실패: Request timed out.,,,
ART001766567,마케팅 영역의 소셜 미디어 연구 지식 구조 분석,임승희(수원대학교),2013,마케팅연구,kor,FAILED,,,,,처리 실패: Request timed out.,,,
ART000958779,마케팅에서 커뮤니티 개념의 도입과 활용에 관한 연구,강명수(한성대학교),2004,Korea Business Review,kor,FAILED,,,,,처리 실패: Request timed out.,,,
ART001280845,친교욕구와 자기표현욕구가 디지털 아이템 구매의도에 미치는 영향: 성별과 구매경험의 조절효과를 중심으로,신선진(세계한상문화연구소 전임연구원),2008,정보시스템연구,kor,FAILED,,,,,처리 실패: Request timed out.,,,
ART002088891,모바일SNS 특성이 서비스 관계품질과 농산물 구매의도에 미치는 영향：온라인 커뮤니티를 중심으로,권금남(안동대학교),2016,경영경제연구,kor,FAILED,,,,,처리 실패: Request timed out.,,,
ART001177765,"포털사이트에서 온라인 커뮤니티의 상호작용성, 보상, 몰입과 충성도가구매의도에 미치는 영향",안태윤(성균관대학교),2006,한국IT서비스학회지,eng,FAILED,,,,,처리 실패: Request timed out.,,,
ART001214054,의류 브랜드 커뮤니티의 이용욕구 충족과 커뮤니티 몰입의 관계: 의류 브랜드 이미지의 조절효과,홍희숙(제주대학교),2007,Journal of Global Scholars of Marketing Science(마케팅과학연구),kor,FAILED,,,,,처리 실패: Request timed out.,,,
ART001923682,소비자의 브랜드 에반젤리즘에 관한 실증연구: 소비자 개성-브랜드 에반젤리즘-가치공동창출 및 브랜드 컬티즘 모형과 자아일치성의 조절효과,황금주(중앙대학교),2014,마케팅관리연구,kor,FAILED,,,,,처리 실패: Request timed out.,,,
ART002520448,"온라인 구전의 정보 특성과 커뮤니티 특성이 게스트 하우스 브랜드 이미지, 브랜드 태도 그리고 관광객 행동의도에 미치는 영향",반선(경희대학교),2019,인터넷전자상거래연구,kor,FAILED,,,,,처리 실패: Request timed out.,,,
ART000945361,온라인 커뮤니티 회원의 동일시에 영향을 미치는 요인에 관한 연구,서문식(부산대학교),2002,Journal of Global Scholars of Marketing Science(마케팅과학연구),eng,FAILED,,,,,처리 실패: Request timed out.,,,
ART002460283,온라인 육아 커뮤니티 참여가 만족도와 지속이용의도에 미치는 영향 : 주부와 워킹맘의 지각혜택 매개경로 비교를 중심으로,이윤혜(고려대학교세종캠퍼스),2019,고객만족경영연구,kor,FAILED,,,,,처리 실패: Request timed out.,,,
ART001732710,브랜드커뮤니티 내 상호작용성이 브랜드 충성도에 미치는 영향:중국 온라인커뮤니티를 대상으로,이지나(숭의여자대학),2012,기업경영연구,kor,FAILED,,,,,처리 실패: Request timed out.,,,
ART001049366,정보 리터러시가 소상공인의 온라인 활동 수준에 미치는 영향,이재관(숭실대학교),2007,중소기업연구,kor,FAILED,,,,,처리 실패: Connection error.,,,
ART001310795,"A Study on the Relationship Between Online Community Characteristics and Loyalty : Focused on Mediating Roles of Self-Congruency, Consumer Experience, and Consumer to Consumer Interactivity",김문태(부산 가톨릭대학교 유통경영정보학부),2008,Journal of Global Scholars of Marketing Science(마케팅과학연구),kor,ERR,,,run1:없음; run2:없음; run3:없음,"has_community=True role_relevant=True env_relevant=False | 이 논문은 Cyworld·Daum·Naver 등 온라인 커뮤니티를 소비자 상호작용과 구매 충성도가 형성되는 '장'으로 분석 대상으로 삼되, 커뮤니티의 운영·제재 방식·익명성·생애주기 등 구조적 환경 조건에 따른 차이·비교를 다루기보다는 콘텐츠 품질·경험 설계·C-to-C 상호작용성 등 마케팅·UX 차원의 요인에 충성도 과정을 설명하는 데 중점을 두므로 role은 해당하나 env는 해당하지 않는다. | has_community=True role_relevant=True env_relevant=True | 이 논문은 온라인 커뮤니티를 소비자 충성도 형성과 경제 가치 창출의 '장'(ROLE_FIELD_PUBLICSPHERE)으로 조명하는 동시에, 콘텐츠 우위·맞춤화·C2C 상호작용·비주얼·내비게이션 등 구조적 환경 조건(ENV_COMMUNITY_GOVERNANCE)이 충성도에 미치는 영향을 Cyworld·Daum·Naver 간 비교를 통해 분석하므로 role·env 모두 해당한다. | has_community=True role_relevant=True env_relevant=False | 이 논문은 Cyworld·Daum·Naver 등 온라인 커뮤니티에서 소비자 간 상호작용과 콘텐츠 경험 요인이 구매 충성도에 미치는 영향을 분석하며, 커뮤니티를 경제적 관계 형성의 '장'으로 조명하나, 회원제·제재·익명성·생애주기 등 운영 방침 차원의 환경 조건을 비교·분석하지는 않는다.","[ROLE] 이 논문은 온라인 커뮤니티를 마케팅·경제적 관점에서 소비자 충성도(purchase loyalty)와 C-to-C interactivity, trust, content superiority 같은 요인이 어떻게 작용하는지 분석하고 있으므로, 온라인 커뮤니티 공간 자체의 공론장·사회자본 역할이 아니라 커뮤니티 외적으로 존재하는 '소비자 충성도·마케팅'이라는 사회현상을 온라인 커뮤니티라는 사례로 조망하는 WINDOW_MISC에 해당한다. | [ROLE] 본 논문은 온라인 커뮤니티의 구매 충성도 구축 과정과 경제적 잠재력을 마케팅 관점에서 분석하는 연구로, C2C 상호작용과 신뢰가 언급되지만 그 목적은 사회적 관계 자원 형성이 아닌 소비자 구매 행동 촉진에 있으므로 6개 코드 중 어느 하나도 0.5를 넘기지 못한다. | [ENV] 이 논문은 온라인 커뮤니티의 구매 충성도 형성에 영향을 미치는 플랫폼 설계 요소(콘텐츠 우위성, 상호작용성, 체험성)를 마케팅 관점에서 분석하며, 회원제 등급 차이·운영 체계·커뮤니티 생애주기·익명성 수준 중 어느 하나를 분석 변수로 다루지 않으므로 4개 ENV 코드 모두 미부여로 판단한다. | [ROLE] 본 논문은 온라인 커뮤니티(Cyworld, Daum, Naver 등)의 구매 충성도 형성에 영향을 미치는 마케팅·경제적 요인(콘텐츠 우위, C-to-C 상호작용, 신뢰, 체험 등)을 분석하는 마케팅 연구로, 공론장 검증이나 사회적 자본 형성, 외부 사회현상 포착 어느 코드에도 부합하지 않으며, C-to-C 상호작용이 언급되긴 하나 그 분석 대상이 관계적 자원 자체라기보다 구매 충성도라는 경제적 결과 변수에 종속된 매개변수에 불과하여 6개 코드 모두 미부여.",False,2/3,run1:ROLE_WINDOW_MISC; run2:없음; run3:없음
ART001768723,온라인 커뮤니티 참여도와 공동구매의도에 영향을 미치는 요인: 한국과 중국을 중심으로,박철(고려대학교),2013,경영정보학연구,kor,OK,ROLE_FIELD_SOCIALCAPITAL,,run1:없음; run2:없음; run3:없음,"has_community=True role_relevant=True env_relevant=False | 이 논문은 온라인 커뮤니티를 소비자의 정보공유·상호작용을 매개로 공동구매 의도가 형성되는 '장'(ROLE_FIELD)으로 조명하되, 회원제·익명성·생애주기·제재방식 등 커뮤니티의 구조적·환경적 조건을 비교·변화하는 변수로 다루지 않고, 커뮤니티 특성(보상, 외적 규범, 상호작용, 동류의식)을 참여도와 구매행동을 예측하는 일반적 행동변수로만 투입하므로 env_relevant는 false이다. | has_community=True role_relevant=True env_relevant=False | 이 논문은 온라인 커뮤니티를 소비자가 공동구매를 수행하는 '장'으로서 그 공간의 특성(보상, 외적 규범, 상호작용, 동류의식)이 참여와 구매행동에 미치는 영향을 분석하므로 role_relevant이 true이나, 회원제·익명성·운영 방침·생애주기 등 커뮤니티의 구조적·환경적 조건을 비교·검토하지 않으므로 env_relevant는 false이다. | has_community=True role_relevant=True env_relevant=True | 이 논문은 온라인 커뮤니티를 소비자의 정보 공유·상호작용·공동구매가 이루어지는 장(ROLE_FIELD)으로 분석하면서, 커뮤니티 지원·관계지원 차원의 외적 규범과 보상 등 구조적·환경적 조건(ENV_COMMUNITY_GOVERNANCE)이 참여와 구매 의도에 미치는 영향을 한국·중국 간 비교를 통해 차이 있게 검토한다.","[ROLE] 이 논문은 온라인 커뮤니티를 공간으로 설정하되, 커뮤니티 특성(보상·외적 규범·상호작용·동류의식)이 참여를 매개로 공동구매 의도라는 소비자 구매행동에 미치는 영향을 구조방정식으로 검증하는 것이 핵심이므로, 커뮤니티 공간 자체의 공론장·사회자본 기능 분석이 아니라 커뮤니티를 매개로 외부에 실체 있는 소비자 구매행동(ROLE_WINDOW_MISC)을 살펴보는 사례에 해당한다. | [ROLE] 본 연구는 온라인 커뮤니티 공간 안에서 이용자 간 관계적 자원(상호작용, 동류의식, 관계지원)이 참여를 매개로 공동구매 의도에 미치는 영향을 구조방정식으로 검증하는 것으로, 커뮤니티 내부의 관계적 연결과 그 효과를 분석 대상으로 삼아 FIELD 계열의 SOCIALCAPITAL에 해당한다. | [ROLE] 이 논문은 온라인 커뮤니티 공간 안에서 이용자 간 관계지원(상호작용·동류의식)이 참여를 매개로 공동구매 의도에 미치는 영향을 구조방정식으로 검증하므로, 커뮤니티 내부의 관계적 자원 형성·효과를 다루는 장(FIELD)으로서의 사회적 자본(SOCIALCAPITAL) 역할에 해당한다. | [ENV] 본 연구는 커뮤니티 지원·관계지원 특성(보상, 외적 규범, 상호작용, 동류의식)이 참여와 공동구매 의도에 미치는 영향을 한국·중국 간 비교 분석하는 소비자 행동 연구로, 회원제·운영체제·생애주기·익명성 같은 구조적·환경적 조건에 따른 차이·비교·변화를 분석 대상으로 삼지 않아 4개 ENV 코드 모두 미부여로 판단한다.",False,0/3,run1:ROLE_WINDOW_MISC; run2:ROLE_FIELD_SOCIALCAPITAL; run3:ROLE_FIELD_SOCIALCAPITAL
ART001389624,온라인 커뮤니티 활동과 사적 관계구축이 구전 및 구매행동에 미치는 영향에 관한 연구,이진용(중앙대학교),2009,유통연구,kor,OK,,,run1:없음; run2:없음; run3:없음,"has_community=True role_relevant=True env_relevant=False | 온라인 중고차 커뮤니티의 활동(지속참여, 정보추구, 관계구축)이 오프라인 구매·매장방문·구전 등 성과변수에 미치는 영향을 실증 분석함으로써, 커뮤니티라는 공간이 상거래와 관계 형성의 매개 역할을 수행하는 '장'으로서의 사회적 기능을 분석 대상 삼고 있으나, 회원제·운영방침·익명성·생애주기 등 커뮤니티의 구조적·환경적 조건을 분석 변수로 고려하지는 않는다. | has_community=True role_relevant=True env_relevant=False | 이 논문은 온라인 중고차 커뮤니티라는 공간 자체의 활동(지속참여, 정보추구, 관계구축)이 오프라인 구매·매장방문·구전 등 실질적 성과에 미치는 영향을 실증 분석함으로써 커뮤니티를 '장'으로 조명하나, 커뮤니티의 구조적·환경적 조건(회원제, 제재 방식, 생애주기 등)을 변수로 삼아 차이를 비교·분석하지는 않는다. | has_community=True role_relevant=True env_relevant=False | 이 논문은 온라인 중고차 커뮤니티를 지속참여·정보추구·관계구축 활동을 통해 구매·방문·구전 성과를 생산하는 '장'으로서 분석 대상 삼아 연구하나, 커뮤니티의 구조적·환경적 조건(회원제, 운영방침, 익명성 등)에 따른 차이·비교·변화를 고려하지 않으므로 env_relevant는 false이다.","[ROLE] 본 논문은 온라인 중고차 커뮤니티를 사례로 삼아 커뮤니티 내 활동(지속참여·정보추구·관계구축)이 오프라인 구매·매장방문·구전이라는 소비자 구매행동·마케팅 성과로 어떻게 전환되는지를 실증 분석하므로, 커뮤니티 공간 자체의 공론장·사회자본 역할을 검증하는 것이 아니라 커뮤니티를 외부의 소비자 구매행동 현상을 보여주는 창(WINDOW_MISC)으로 활용하고 있다. | [ROLE] 중고차 온라인 커뮤니티 내 참여·정보추구·관계구축 활동이 오프라인 구매·매장방문·구전 등 상업적 성과에 미치는 영향을 실증 분석하는 연구로, 커뮤니티 공간 안의 관계적 상호작용(참여·관계구축)을 다루어 SOCIALCAPITAL에 일부 연관되나 핵심 초점이 상업적 성과 검증에 있어 관계적 자원 형성 자체를 분석 대상으로 삼지 않아 6개 코드 모두 미부여. | [ROLE] 온라인 중고차 커뮤니티 내부의 지속참여·정보추구·사적 관계구축 활동이 오프라인 구매·매장방문·구전 등 상업적 성과에 미치는 영향을 실증 분석하므로, 커뮤니티 공간 내 이용자 간 관계적 자원(사적 관계구축)의 효과를 다루는 SOCIALCAPITAL에 부분적으로 부합하나, 공론장·양극화·젠더·혐오 등 다른 코드와는 무관하다.",False,1/3,run1:ROLE_WINDOW_MISC; run2:없음; run3:ROLE_FIELD_SOCIALCAPITAL
ART002500217,"온라인 토론 커뮤니티에서의 익명성과 개인 및 집단 정체성, 토론의 질 간의 영향 연구",이애리(상명대학교),2019,경영정보학연구,kor,OK,,ENV_ONLINE_ANNONIMITY,run1:없음; run2:없음; run3:없음,"has_community=True role_relevant=True env_relevant=True | 이 논문은 온라인 토론 커뮤니티를 집단 지식 생성·분배와 양질 토론의 '장'으로서의 사회적 역할을 분석 대상으로 삼으면서(ROLE), 익명성 수준과 집단 규범, 참여 동기 등 커뮤니티의 구조적·운영적 조건이 행위 통제에 미치는 영향을 실증적으로 비교·검증하므로(ENV), 역할과 환경 두 측면 모두에 해당한다. | has_community=True role_relevant=True env_relevant=True | 이 논문은 익명성 수준·가입기간 등 환경적 조건에 따른 차이 비교를 통해 온라인 토론 커뮤니티가 참여·규범 형성의 '장'으로서 사회적 역할을 분석하므로, 역할과 환경 양쪽을 동시에 조명한다. | has_community=True role_relevant=True env_relevant=True | 본 연구는 익명성 수준, 커뮤니티 가입기간, 집단 규범 준수 등 구조적·환경적 조건(ENV)의 차이를 비교하면서, 온라인 토론 커뮤니티가 양질의 공론장(ROLE_FIELD_PUBLICSPHERE)으로 기능하는 데 미치는 영향을 실증적으로 분석한다.","[ROLE] 이 논문은 익명성·정체성·집단 규범을 매개로 온라인 토론 커뮤니티 내 행위 통제 메커니즘을 실증적으로 검증하는 연구로, 온라인 커뮤니티 공간 자체를 분석 대상으로 삼아 FIELD 계열에 속하나, 공론장의 숙의·의견 형성 기능을 평가하는 것도 이용자 간 관계적 자원(신뢰·연대·네트워크)의 형성을 다루는 것도 아니며, 규범·정체성 등 개인 내면화 차원의 행위 조절에 초점을 두므로 6개 코드 중 어느 하나도 0.5를 넘기지 못한다. | [ENV] 본 연구는 익명성 수준을 독립변수로 설정하여 그 수준별·주제별·성별·연령별·가입기간별 그룹 간 차이를 실증적으로 비교하는 구조이므로 ENV_ONLINE_ANNONIMITY가 부여되며, 나머지 세 코드는 회원제·운영체계·커뮤니티 자체의 생애주기에 대한 비교 분석이 없어 미부여된다. | [ROLE] 본 연구는 익명성 환경에서 온라인 커뮤니티 공간 내부의 행위 통제 메커니즘(정체성·참여 동기·집단 규범·토론 질)을 실증 분석하는 것으로, 장(FIELD) 계열에 가깝지만 참여·규범 등 관계적 자원(SOCIALCAPITAL)보다는 개인 수준의 행위 통제 요인에 초점이 맞춰져 있어 두 FIELD 코드 모두 0.5 미만에 그친다. | [ENV] 본 연구는 '익명성 수준별' 그룹 간 차이점을 명시적으로 비교 분석 대상에 포함시켜 ENV_ONLINE_ANNONIMITY가 부여되나, 회원제·운영체계·커뮤니티 생애주기에 대한 비교 분석은 포함되어 있지 않아 나머지 세 코드는 미부여한다. | [ROLE] 본 논문은 익명성 환경에서 정체성·집단 규범·참여 동기가 온라인 토론 커뮤니티 내부에서 행위 통제를 어떻게 매개하는지 분석하는 것으로, 커뮤니티 공간 자체의 거버넌스·행위 통제 메커니즘을 다루나 공론장 기능의 검증·평가도, 이용자 간 관계적 자원 형성도, 외부 사회현상 포착도 아닌 점에서 6개 ROLE 코드 모두에 미부여한다. | [ENV] 본 연구가 익명성 수준별·주제별·성별·연령별·가입기간별 그룹 간 차이를 실증적으로 비교한다는 점에서 ENV_ONLINE_ANNONIMITY는 명확히 부여되나, 회원제·등급 차이(ENV_COMMUNITY_SUBSCRIPTION), 커뮤니티 자체의 생애주기(ENV_COMMUNITY_LIFECYCLE), 형식적 운영체계(ENV_COMMUNITY_GOVERNANCE)에 대한 비교 분석은 나타나지 않아 나머지 세 코드는 미부여한다.",True,0/3,run1:ENV_ONLINE_ANNONIMITY; run2:ENV_ONLINE_ANNONIMITY; run3:ENV_ONLINE_ANNONIMITY
ART001208597,온라인 커뮤니티 의식 측정을 위한 척도 개발,임언석(오리콤 브랜드전략연구소),2007,마케팅연구,kor,ERR,,,run1:없음; run2:없음; run3:없음,"has_community=True role_relevant=True env_relevant=False | 이 논문은 온라인 커뮤니티 공간 자체에서 형성되는 '온라인 커뮤니티 의식(SOC)'의 측정 척도를 개발하는 것으로, 커뮤니티가 소속감·감정적 연결을 매개로 주체 간 관계를 형성하는 '장'으로서의 역할을 분석 대상으로 삼으나(ROLE_FIELD), 회원제·익명성·운영 방침 등 구조적·환경적 조건에 따른 차이나 비교를 다루지 않으므로 ENV는 해당하지 않는다. | has_community=True role_relevant=True env_relevant=False | 이 논문은 온라인 커뮤니티 공간이 오프라인와 구별되는 고유한 '커뮤니티 의식'을 형성하는 사회적 장(ROLE_FIELD)으로 조명하되, 회원소속감·감정적 연결·욕구 충족·flow라는 심리적 척도 개발에 집중할 뿐 회원제 유무·제재 방식·익명성 등 구조적 환경 조건에 따른 차이를 분석하지 않으므로 env_relevant는 false이다. | has_community=True role_relevant=True env_relevant=False | 이 논문은 온라인 커뮤니티가 구성원에게 회원소속감·감정적 연결·욕구 충족·flow를 제공하는 '장'으로서의 사회적 기능을 분석 대상으로 삼아 SOC 척도를 개발하므로 role_relevant이며, 다만 회원소속감은 심리적 차원일 뿐 회원제 유무·제재·익명성 등 구조적·환경적 조건에 따른 차이·비교가 없으므로 env_relevant는 아니다.","[ROLE] 이 논문은 오프라인와 구별되는 온라인 커뮤니티 의식(SOC) 척도를 개발하는 것으로, 온라인 커뮤니티 공간 안에서 이용자 간 감정적 연결·소속감 등 관계적 자원의 존재와 강도를 다루는 것이므로 FIELD 계열의 SOCIALCAPITAL에 해당하며, 외부 사회현상을 보여주는 WINDOW 계열과는 거리가 멀다. | [ROLE] 본 연구는 온라인 커뮤니티 의식(SOC) 측정척도 개발을 목적으로 한 방법론적 연구로, 회원소속감·감정적 연결 등 관계적 차원을 포함하나 이용자 간 관계적 자원의 존재·효과를 분석하는 것이 아니라 개인이 내면화하는 심리적 구성요소를 측정하는 데 그치며, 외부 사회현상을 포착하는 창으로서의 기능도 나타나지 않으므로 6개 코드 모두 미부여한다. | [ROLE] 본 연구는 온라인 커뮤니티 의식(SOC)의 측정척도 개발이 목적이며, 회원소속감·감정적 연결 등 관계적 차원이 포함되나 척도 신뢰도·타당도 검증에 초점을 두어 사회자본의 형성·효과를 분석하지도, 공론장 기능을 평가하지도 않으므로 6개 코드 어느 것에도 0.5 이상을 부여하기 어렵다.",False,2/3,run1:ROLE_FIELD_SOCIALCAPITAL; run2:없음; run3:없음
ART001500560,온라인상에서 기업이슈 생성 및 확산,김종현(성균관대학교),2010,Korea Business Review,kor,ERR,,,run1:없음; run2:없음; run3:없음,"has_community=True role_relevant=False env_relevant=False | 이 논문은 온라인 기업이슈의 생성·확산 메커니즘과 기업평판 관리를 분석 대상으로 삼으며, 독립 토론실·커뮤니티를 확산 경로(채널)로서 언급하고 익명성 높은 포탈이라는 서술이 있으나, 커뮤니티 자체의 사회적 역할(창/장)을 조명하지도, 익명성 등 구조적 조건에 따른 차이·비교를 분석하지도 않으므로 role·env 모두 해당하지 않는다. | has_community=True role_relevant=False env_relevant=False | 이 논문은 온라인 기업이슈의 생성·확산 메커니즘을 분석하는 것을 목적으로 하며, 독립 토론실·포탈·블로그 등 커뮤니티는 이슈가 전파되는 통로·채널로서 언급될 뿐 커뮤니티의 사회적 역할(창·장)을 조명하지도, 익명성 등 구조적 조건에 따른 차이·비교를 분석하지도 않으므로 role·env 모두 해당하지 않는다. | has_community=False role_relevant=False env_relevant=False | 이 논문은 온라인 커뮤니티(포털 토론실, 블로그 등)를 기업이슈의 생성·확산 경로로서 연구 재료로 활용하고 있을 뿐, 커뮤니티 자체의 구조·역할·운영 조건을 분석 대상으로 삼지 않으므로 커뮤니티 존재 여부가 성립하지 않는다.","이 논문은 온라인 기업이슈의 생성·확산 메커니즘과 기업평판 관리를 분석 대상으로 삼으며, 독립 토론실·커뮤니티를 확산 경로(채널)로서 언급하고 익명성 높은 포탈이라는 서술이 있으나, 커뮤니티 자체의 사회적 역할(창/장)을 조명하지도, 익명성 등 구조적 조건에 따른 차이·비교를 분석하지도 않으므로 role·env 모두 해당하지 않는다. | 이 논문은 온라인 기업이슈의 생성·확산 메커니즘을 분석하는 것을 목적으로 하며, 독립 토론실·포탈·블로그 등 커뮤니티는 이슈가 전파되는 통로·채널로서 언급될 뿐 커뮤니티의 사회적 역할(창·장)을 조명하지도, 익명성 등 구조적 조건에 따른 차이·비교를 분석하지도 않으므로 role·env 모두 해당하지 않는다. | 이 논문은 온라인 커뮤니티(포털 토론실, 블로그 등)를 기업이슈의 생성·확산 경로로서 연구 재료로 활용하고 있을 뿐, 커뮤니티 자체의 구조·역할·운영 조건을 분석 대상으로 삼지 않으므로 커뮤니티 존재 여부가 성립하지 않는다.",True,3/3,run1:없음; run2:없음; run3:없음
ART002115246,온라인 브랜드 커뮤니티 내 리뷰어의 내적속성과 사회적 지지에 따른 정보행동에 관한 연구,박지연(울산대학교 기업경영연구소),2016,경영학연구,kor,OK,ROLE_WINDOW_MISC,,run1:없음; run2:없음; run3:없음,"has_community=True role_relevant=True env_relevant=False | 이 논문은 온라인 브랜드 커뮤니티를 정보 생성·전달이 이루어지는 '장'으로서 리뷰어의 정보행동과 사회적 지지의 매개 역할을 분석 대상으로 삼되, 회원제·익명성·운영 방침 등 커뮤니티의 구조적·환경적 조건을 비교·검토하지 않으므로 env_relevant는 false이다. | has_community=True role_relevant=True env_relevant=False | 이 논문은 온라인 브랜드 커뮤니티를 리뷰어의 정보생성·전달이 잠재 소비자의 구매행동에 영향을 미치는 '장'으로 조명하되, 회원제·익명성·운영 방침 등 커뮤니티의 구조적·환경적 조건을 비교 분석하지는 않는다. | has_community=True role_relevant=True env_relevant=False | 이 논문은 온라인 브랜드 커뮤니티를 리뷰어의 정보생성·전달과 사회적 지지가 작동하는 '장'으로 조명하지만, 회원제·익명성·운영 방침 등 커뮤니티의 구조적·환경적 조건을 비교·분석하지는 않는다.","[ROLE] 온라인 브랜드 커뮤니티를 잠재 소비자의 구매행동에 영향을 미치는 외부 사회현상(소비자 정보행동·브랜드 정보 확산)을 보여주는 창으로 설정하되, 커뮤니티 내 사회적 지지는 조정변수로서만 다루어 관계적 자원 형성 자체를 분석 대상으로 삼지는 않으므로 WINDOW_MISC에 부여하고 FIELD 계열은 미부여한다. | [ROLE] 본 연구는 온라인 브랜드 커뮤니티를 경험적 설정으로 삼아 리뷰어 개인의 내적속성(자기고양 동기, 공적 자의식)과 정보행동(정보생성·전달) 간 인과를 검증하는 소비자 심리 연구이므로, 커뮤니티 공간 자체가 아닌 커뮤니티를 매개로 한 개인적 정보 공유·리뷰 행위라는 외부 사회현상을 다루는 WINDOW_MISC에 해당한다. | [ROLE] 본 연구는 온라인 브랜드 커뮤니티를 설정으로 삼되, 핵심 분석 대상은 이용자 개인의 내적 심리(자기고양적 동기, 공적 자의식)가 정보 생성·전달 행동을 어떻게驱动的하는지이므로, 커뮤니티 공간 자체의 역할이 아니라 커뮤니티 밖에서도 존재하는 소비자 정보 공유 행동을 보여주는 창(WINDOW_MISC)으로 기능한다.",True,0/3,run1:ROLE_WINDOW_MISC; run2:ROLE_WINDOW_MISC; run3:ROLE_WINDOW_MISC
ART001775659,온라인 채용시험정보 커뮤니티 내에서 지식공유의도에 영향을 미치는 요인에 관한 연구,전현규(경희대학교),2013,지식경영연구,kor,OK,ROLE_FIELD_SOCIALCAPITAL,,run1:없음; run2:없음; run3:없음,"has_community=True role_relevant=True env_relevant=False | 이 논문은 직업시험을 준비하는 사람들이 지식을 자발적으로 공유하는 지식공유 커뮤니티(eNp)를 분석 대상으로 삼으며, 'sense of community'와 '관계 자본(상호성)'을 모델 요인으로 포함하여 커뮤니티가 지식 교환과 관계 형성의 장(ROLE_FIELD)으로 기능하는 지를 조명하나, 회원제·익명성·운영방침 등 커뮤니티의 구조적·환경적 조건을 변수로 삼아 비교·분석하지는 않는다. | has_community=True role_relevant=True env_relevant=False | 이 논문은 자격시험 준비를 위한 지식 공유 커뮤니티(전자적 실천 네트워크)에서 타인—주로陌生人—에게 자발적으로 지식을 공헌하는 동기를 분석하는 것으로, 커뮤니티를 경쟁 맥락에서 지식 공유가 이루어지는 '장'으로 조명하나, 회원제·익명성·운영 방침 등 구조적·환경적 조건을 비교·고찰하지는 않는다. | has_community=True role_relevant=True env_relevant=False | 이 논문은 직업시험 준비를 위한 온라인 지식공유 커뮤니티(electronic network of practice)를 분석 대상으로 삼아, 개인 동기·관계자본·공동체 의식·경쟁 심리가 지식 공헌 행동에 미치는 영향을 개인 단위로 연구하므로, 커뮤니티를 지식 교환의 '장'으로 조명하는 것이지(ROLE_FIELD), 회원제·운영방침·익명성 등의 구조적 환경 조건을 비교·검토하지는 않는다.","[ROLE] 이 논문은 자격시험 준비를 위한 온라인 지식공유 커뮤니티 내에서 이용자 간 관계적 자원(relational capital, reciprocity)과 공동체 감각(sense of community)이 지식 공유 행동에 미치는 영향을 분석함으로써, 온라인 커뮤니티 공간 안에서 형성되는 이용자 간 연결의 존재·강도·효과를 다루는 SOCIALCAPITAL 역할에 해당한다. | [ROLE] 본 연구는 전자적 실천네트워크(전자지식공유 커뮤니티) 안에서 이용자 간 상호호혜(reciprocity)라는 관계자본과 공동체 의식(sense of community)이 지식공유 의도에 미치는 영향을 검증하므로, 온라인 커뮤니티 공간 내부의 관계적 자원 형성·효과를 다루는 SOCIALCAPITAL에 부여하며, 경쟁자 의식(rivalry)은 외부 취업경쟁 현상을 가리키지만 커뮤니티 내 심리 요인으로 분석되어 WINDOW 계열로는 미부여한다. | [ROLE] 본 연구는 자격시험 수험을 위한 온라인 지식공유 커뮤니티 내부에서 이용자 간 상호작용의 관계적 자원(상호성, 신뢰, 공동체 의식, 경쟁 심리)이 지식 기여 의도에 어떻게 영향을 미치는지를 분석함으로써, 커뮤니티 공간 안에서 형성되는 사회적 자본의 구조와 효과를 조명한다.",True,0/3,run1:ROLE_FIELD_SOCIALCAPITAL; run2:ROLE_FIELD_SOCIALCAPITAL; run3:ROLE_FIELD_SOCIALCAPITAL
ART001816673,국제항공특송의 경쟁력 실증분석에 관한 연구,정연봉(인천대학교),2013,한국항공경영학회지,kor,ERR,,,run1:없음; run2:없음; run3:없음,"has_community=True role_relevant=False env_relevant=False | 이 논문은 항공특송산업의 경쟁력을 비용·서비스·시간 측면에서 분석하는 물류·운송 연구로서, 온라인 커뮤니티를 분석 대상이나 연구 재료로 삼고 있지 않다. | has_community=True role_relevant=False env_relevant=False | 이 논문은 국내 항공운송산업의 침체와 항공특송업체의 경쟁력을 비용·서비스·시간 측면에서 분석하는 물류·운송산업 연구로, 온라인 커뮤니티를 분석 대상이나 연구 재료로 활용하지 않는다. | has_community=True role_relevant=False env_relevant=False | 이 논문은 항공특송업체와 포워더 간 항공운송 경쟁력을 비용·서비스·시간 측면에서 비교 분석하는 물류·항공산업 연구로, 온라인 커뮤니티를 연구 대상으로 삼지 않는다.","이 논문은 항공특송산업의 경쟁력을 비용·서비스·시간 측면에서 분석하는 물류·운송 연구로서, 온라인 커뮤니티를 분석 대상이나 연구 재료로 삼고 있지 않다. | 이 논문은 국내 항공운송산업의 침체와 항공특송업체의 경쟁력을 비용·서비스·시간 측면에서 분석하는 물류·운송산업 연구로, 온라인 커뮤니티를 분석 대상이나 연구 재료로 활용하지 않는다. | 이 논문은 항공특송업체와 포워더 간 항공운송 경쟁력을 비용·서비스·시간 측면에서 비교 분석하는 물류·항공산업 연구로, 온라인 커뮤니티를 연구 대상으로 삼지 않는다.",True,3/3,run1:없음; run2:없음; run3:없음
ART001513763,온실가스 규제와 기업 CEO의 탄소 전략: EU 및 일본 사례를 중심으로,김현진(서울과학종합대학원),2010,전문경영인연구,kor,ERR,,,run1:없음; run2:없음; run3:없음,"has_community=True role_relevant=False env_relevant=False | 이 논문은 배출권거래·CDM/JI 등 탄소 시장 메커니즘과 기업 CEO의 탄소 전략을 다루며, 온라인 커뮤니티를 분석 대상이나 연구 재료로 삼지 않으므로 커뮤니티 존재 자체가 성립하지 않는다. | has_community=True role_relevant=False env_relevant=False | 이 논문은 EU 및 일본 기업의 탄소전략과 배출권거래 시장 메커니즘을 분석하는 환경정책·경영연구로서, 온라인 커뮤니티를 분석 대상이나 연구 재료로 삼지 않으므로 커뮤니티 존재 여부가 성립하지 않는다. | has_community=True role_relevant=False env_relevant=False | 이 논문은 EU·일본 기업의 탄소전략과 배출권거래, CDM/JI 등 시장 메커니즘을 활용한 온실가스 규제 대응을 분석하는 경영·환경정책 연구로, 온라인 커뮤니티를 분석 대상으로 삼지 않는다.","이 논문은 배출권거래·CDM/JI 등 탄소 시장 메커니즘과 기업 CEO의 탄소 전략을 다루며, 온라인 커뮤니티를 분석 대상이나 연구 재료로 삼지 않으므로 커뮤니티 존재 자체가 성립하지 않는다. | 이 논문은 EU 및 일본 기업의 탄소전략과 배출권거래 시장 메커니즘을 분석하는 환경정책·경영연구로서, 온라인 커뮤니티를 분석 대상이나 연구 재료로 삼지 않으므로 커뮤니티 존재 여부가 성립하지 않는다. | 이 논문은 EU·일본 기업의 탄소전략과 배출권거래, CDM/JI 등 시장 메커니즘을 활용한 온실가스 규제 대응을 분석하는 경영·환경정책 연구로, 온라인 커뮤니티를 분석 대상으로 삼지 않는다.",True,3/3,run1:없음; run2:없음; run3:없음
ART001150309,한국기업의 지식경영 성공요인에 관한 실증적 연구,김찬중(충북대학교),2004,조직과 인사관리연구,kor,ERR,,,run1:없음; run2:없음; run3:없음,"has_community=True role_relevant=False env_relevant=False | 이 논문은 한국 기업의 지식경영 성공요인(최고경영자 의지, 평가보상, 조직문화, 지식관리시스템, 조직구조)을 10개 기업을 대상으로 실증 분석하는 기업관리 연구로, 온라인 커뮤니티를 분석 대상이나 연구 재료로 삼지 않으므로 커뮤니티 존재 여부가 성립하지 않는다. | has_community=False role_relevant=False env_relevant=False | 이 논문은 한국기업의 지식경영 성공요인(최고경영자 의지, 평가보상, 조직문화, 지식관리시스템, 조직구조)을 실증적으로 확인하는 조직 내 지식경영 연구로서, 공통 관심사를 가진 사용자가 지속적 상호작용을 하는 온라인 커뮤니티를 분석 대상으로 삼지 않는다. | has_community=True role_relevant=False env_relevant=False | 이 논문은 한국 기업의 지식경영 성공요인(최고경영자 의지, 평가보상, 조직문화, 지식관리시스템, 조직구조)을 10개 기업을 대상으로 실증 분석하는 연구로, 온라인 커뮤니티가 분석 대상이나 연구 재료로 등장하지 않으므로 커뮤니티 존재 여부가 성립하지 않는다.","이 논문은 한국 기업의 지식경영 성공요인(최고경영자 의지, 평가보상, 조직문화, 지식관리시스템, 조직구조)을 10개 기업을 대상으로 실증 분석하는 기업관리 연구로, 온라인 커뮤니티를 분석 대상이나 연구 재료로 삼지 않으므로 커뮤니티 존재 여부가 성립하지 않는다. | 이 논문은 한국기업의 지식경영 성공요인(최고경영자 의지, 평가보상, 조직문화, 지식관리시스템, 조직구조)을 실증적으로 확인하는 조직 내 지식경영 연구로서, 공통 관심사를 가진 사용자가 지속적 상호작용을 하는 온라인 커뮤니티를 분석 대상으로 삼지 않는다. | 이 논문은 한국 기업의 지식경영 성공요인(최고경영자 의지, 평가보상, 조직문화, 지식관리시스템, 조직구조)을 10개 기업을 대상으로 실증 분석하는 연구로, 온라인 커뮤니티가 분석 대상이나 연구 재료로 등장하지 않으므로 커뮤니티 존재 여부가 성립하지 않는다.",True,3/3,run1:없음; run2:없음; run3:없음
ART002227956,온라인 커뮤니티에서 개인의 수직적 특성이 구전요인과 구전효과의 관계에 미치는 영향,박성호(경북대학교),2017,한국생산관리학회지,kor,OK,ROLE_FIELD_SOCIALCAPITAL,,run1:없음; run2:없음; run3:없음,"has_community=True role_relevant=True env_relevant=True | 이 논문은 온라인 커뮤니티를 구전 커뮤니케이션이 발생하는 '장'으로 삼아 커뮤니티 유대·상호작용성·명성 등 구조적·환경적 조건이 구전 신뢰성과 효과에 미치는 차이를 실증적으로 비교 분석하고 있으므로, 역할과 환경 모두 조명된다. | has_community=True role_relevant=True env_relevant=True | 이 논문은 온라인 커뮤니티 내 구전활동의 효과를 분석 대상으로 삼아 커뮤니티 유대·상호작용성·명성 등 구조적 조건(ENV_COMMUNITY_GOVERNANCE)이 구전 신뢰성과 유대에 미치는 영향을 실증적으로 검증하며, 동시에 커뮤니티가 정보 공유와 관계 형성의 장(ROLE_FIELD_PUBLICSPHERE)으로서 기능하는 방식을 조명한다. | has_community=True role_relevant=True env_relevant=True | 이 논문은 온라인 커뮤니티를 구전활동이 발생하는 '장'으로 삼아 커뮤니티 유대·신뢰성 등 구전효과를 분석하는 동시에, 상호작용성과 커뮤니티 명성이라는 구조적·환경적 조건이 구전요인에 미치는 인과적 영향을 실증적으로 검증하고 개인 수직적 특성에 따른 차이를 비교하므로 role과 env 모두 해당한다.","[ROLE] 본 연구는 온라인 커뮤니티라는 공간 안에서 이용자 간 커뮤니티 유대·구전 신뢰성·상호작용성이라는 관계적 자원이 구전 효과에 미치는 영향을 실증 분석하므로, 공론장이나 외부 사회현상의 창이 아니라 커뮤니티 내 사회자본 형성·전달 메커니즘을 다루는 FIELD 계열(SOCIALCAPITAL)로 판정된다. | [ENV] 본 연구는 커뮤니티 유대·명성·상호작용성 등 구조적 특성과 개인 수직적 특성의 조절 효과를 분석하나, 회원제/운영체계/커뮤니티 자체의 생애주기/익명성 대비라는 4개 ENV 코드의 판별 기준에 해당하는 비교·변화 분석이 없으므로 전부 미부여로 판단한다. | [ROLE] 이 논문은 온라인 커뮤니티 공간 내부의 관계적 자원인 '커뮤니티 유대'와 '구전 신뢰성', '상호작용성'이 구전 효과에 미치는 영향을 실증 분석함으로써, 커뮤니티가 이용자 간 신뢰·연대·네트워크를 형성·매개하는 장으로서의 역할을 다루고 있다. | [ENV] 본 연구는 커뮤니티 유대·상호작용성·명성 등 구조적 특성을 변수로 포함하나, 이는 구체적 운영체계(삭제·제재·투표 등)의 비교 분석이 아니라 구전 효과의 선행 변수로 사용될 뿐이므로 GOVERNANCE 미부여, 커뮤니티 변화 언급도 생애주기 단계 추적과는 거리가 있어 LIFECYCLE 미부여, 나머지 두 코드 역시 근거 문장이 없어 전부 미부여로 판단한다. | [ROLE] 온라인 커뮤니티 내 커뮤니티 유대·상호작용성·명성 등 이용자 간 관계적 자원의 존재와 그 효과를 실증적으로 검증하는 것이므로 FIELD 계열 중 SOCIALCAPITAL에 부여하고, 외부 사회현상을 보여주는 창으로는 기능하지 않으므로 WINDOW 계열은 모두 미부여한다. | [ENV] 이 논문은 커뮤니티의 상호작용성·명성 같은 구조적 특성이 구전 효과에 미치는 영향을 개인의 수직적 성향 조절 하에서 실증 분석하는 것이 주 목적이라, 회원제·운영 규범·생애주기·익명성 중 어느 하나도 비교·변화 분석의 대상으로 삼지 않아 4개 코드 모두 미부여.",True,0/3,run1:ROLE_FIELD_SOCIALCAPITAL; run2:ROLE_FIELD_SOCIALCAPITAL; run3:ROLE_FIELD_SOCIALCAPITAL
ART001712583,온라인 쇼핑몰에서 라이프스타일 유형이 커뮤니티활동과 고객관계형성에 미치는 영향,문승제(건국대학교),2012,상업경영연구,kor,ERR,,,run1:없음; run2:없음; run3:없음,"has_community=True role_relevant=True env_relevant=False | 이 논문은 인터넷쇼핑몰에 부설된 온라인 커뮤니티 활동이 고객관계 형성에 매개하는 사회적 역할을 분석 대상으로 삼고 있으나(ROLE), 커뮤니티의 운영 방식·회원제·익명성 등 구조적·환경적 조건에 따른 차이나 비교를 다루지 않으므로(env_relevant: false) 환경 조명은 없다. | has_community=True role_relevant=False env_relevant=False | 이 논문은 인터넷쇼핑몰 내 '온라인 커뮤니티 활동'을 라이프스타일 유형과 고객관계 형성 사이의 매개 변수로만 다루며, 커뮤니티의 사회적 역할(창·장)이나 구조적·환경적 조건을 분석하지 않으므로 role·env 모두 해당하지 않는다. | has_community=True role_relevant=False env_relevant=False | 이 논문은 인터넷쇼핑몰 내 온라인 커뮤니티활동의 참여 여부를 라이프스타일 유형과 고객관계형성 사이의 매개 변수로 통계적으로 다루고 있을 뿐, 커뮤니티를 외부 현상을 보여주는 창이나 공간 자체의 사회적 역할로 조명하지도, 회원제·제재·익명성·운영 방침 등 구조적·환경적 조건을 고려하지도 않는다.","[ROLE] 본 연구는 온라인 커뮤니티 활동을 소비자의 라이프스타일 유형과 고객관계 형성(고객충성도) 사이의 매개변수로 처리하는 마케팅·소비자 행동 연구로, 커뮤니티 공간 자체의 역할이 아니라 커뮤니티를 매개로 한 고객관계 형성이라는 외부 현상(소비자 행동·고객관계관리)을 보여주는 창으로 기능한다. | 이 논문은 인터넷쇼핑몰 내 '온라인 커뮤니티 활동'을 라이프스타일 유형과 고객관계 형성 사이의 매개 변수로만 다루며, 커뮤니티의 사회적 역할(창·장)이나 구조적·환경적 조건을 분석하지 않으므로 role·env 모두 해당하지 않는다. | 이 논문은 인터넷쇼핑몰 내 온라인 커뮤니티활동의 참여 여부를 라이프스타일 유형과 고객관계형성 사이의 매개 변수로 통계적으로 다루고 있을 뿐, 커뮤니티를 외부 현상을 보여주는 창이나 공간 자체의 사회적 역할로 조명하지도, 회원제·제재·익명성·운영 방침 등 구조적·환경적 조건을 고려하지도 않는다.",False,2/3,run1:ROLE_WINDOW_MISC; run2:없음; run3:없음
ART001563874,온라인 커뮤니티에서 자기결정성이 현실감과 몰입에 미치는 영향,권두순(서강대학교),2011,정보시스템연구,kor,ERR,,,run1:없음; run2:없음; run3:없음,"has_community=True role_relevant=False env_relevant=False | 이 논문은 자기결정이론의 자율성·유능감·관계성 변수가 내재적 동기, 몰입, 신뢰, 충성도에 미치는 인과관계를 분석하는 심리 연구로, 온라인 커뮤니티를 분석 대상으로 삼거나 그 구조·역할을 논하지 않는다. | has_community=True role_relevant=False env_relevant=False | 이 논문은 자기결정론(자율성, 유능감, 관계성)을 기반으로 내적 동기가 현실감, 몰입, 신뢰, 충성도에 미치는 인과관계를 분석하는 심리학 연구로, 온라인 커뮤니티를 분석 대상이나 연구 재료로 삼고 있지 않다. | has_community=True role_relevant=False env_relevant=False | 이 논문은 자기결정성 이론의 자율성·유능감·관련성이 내적 동기, 몰입, 신뢰, 충성도에 미치는 인과관계를 다루는 심리학 연구로, 온라인 커뮤니티를 분석 대상이나 연구 맥락으로 삼지 않는다.","이 논문은 자기결정이론의 자율성·유능감·관계성 변수가 내재적 동기, 몰입, 신뢰, 충성도에 미치는 인과관계를 분석하는 심리 연구로, 온라인 커뮤니티를 분석 대상으로 삼거나 그 구조·역할을 논하지 않는다. | 이 논문은 자기결정론(자율성, 유능감, 관계성)을 기반으로 내적 동기가 현실감, 몰입, 신뢰, 충성도에 미치는 인과관계를 분석하는 심리학 연구로, 온라인 커뮤니티를 분석 대상이나 연구 재료로 삼고 있지 않다. | 이 논문은 자기결정성 이론의 자율성·유능감·관련성이 내적 동기, 몰입, 신뢰, 충성도에 미치는 인과관계를 다루는 심리학 연구로, 온라인 커뮤니티를 분석 대상이나 연구 맥락으로 삼지 않는다.",True,3/3,run1:없음; run2:없음; run3:없음
ART002097982,인적자원이 지각하는 직장 내 체험적 요인이 직원 간 상호작용 및 직무만족에 미치는 영향,김문태(부산가톨릭대학교),2016,인적자원관리연구,kor,ERR,,,run1:없음; run2:없음; run3:없음,"has_community=True role_relevant=False env_relevant=False | 이 논문은 직장 내 인적자원의 체험적 요인이 직무만족·조직몰입·고객지향성에 미치는 영향을 검증하는 조직행동 연구이며, '온라인 커뮤니티'는 과거 연구에서 도출된 '상호작용성' 개념의 출처로 한 줄 언급되는 데 그쳐, 커뮤니티 자체가 분석 대상이 되지 않는다. | has_community=False role_relevant=False env_relevant=False | 이 논문은 직장 내 인적자원의 체험적 요인과 직무만족·조직몰입을 검증하는 조직관리 연구로, 온라인 커뮤니티는 '과거 온라인 커뮤니티의 활성화 연구에서 등장했던 상호작용성'을 일반 회사로 이식했다는 문헌적 언급에 그쳐, 분석 대상이 아니다. | has_community=False role_relevant=False env_relevant=False | 이 논문은 직장 내 인적자원의 체험적 요인과 직무만족·조직몰입을 검증하는 내부마케팅 연구이며, '온라인 커뮤니티의 활성화 연구'는 단순히 상호작용성 개념의 출처로 한 번 언급될 뿐, 커뮤니티 자체가 분석 대상이 아니다.","이 논문은 직장 내 인적자원의 체험적 요인이 직무만족·조직몰입·고객지향성에 미치는 영향을 검증하는 조직행동 연구이며, '온라인 커뮤니티'는 과거 연구에서 도출된 '상호작용성' 개념의 출처로 한 줄 언급되는 데 그쳐, 커뮤니티 자체가 분석 대상이 되지 않는다. | 이 논문은 직장 내 인적자원의 체험적 요인과 직무만족·조직몰입을 검증하는 조직관리 연구로, 온라인 커뮤니티는 '과거 온라인 커뮤니티의 활성화 연구에서 등장했던 상호작용성'을 일반 회사로 이식했다는 문헌적 언급에 그쳐, 분석 대상이 아니다. | 이 논문은 직장 내 인적자원의 체험적 요인과 직무만족·조직몰입을 검증하는 내부마케팅 연구이며, '온라인 커뮤니티의 활성화 연구'는 단순히 상호작용성 개념의 출처로 한 번 언급될 뿐, 커뮤니티 자체가 분석 대상이 아니다.",True,3/3,run1:없음; run2:없음; run3:없음
ART002123292,육아커뮤니티에서 온라인 구전정보 조회 수에 영향을 미치는 요인에 관한 연구,이윤혜(고려대학교),2016,인터넷전자상거래연구,kor,OK,ROLE_WINDOW_MISC,,run1:없음; run2:없음; run3:없음,"has_community=True role_relevant=True env_relevant=False | 이 논문은 Moms-Holic이라는 육아 온라인 커뮤니티의 리뷰 반응을 분석하여 온라인 리뷰가 소비자 의사결정에 미치는 영향과 평판 경제를 조명하므로 커뮤니티를 소비자 참여 현상을 읽는 창으로 삼되, 커뮤니티의 구조적·운영적 조건(회원제, 익명성, 제재 방식 등)에 따른 차이를 다루지는 않는다. | has_community=True role_relevant=True env_relevant=False | 이 논문은 맘스홀릭(parenting 커뮤니티)에서 수집한 리뷰를 분석하여 소비자 참여·구전·평판 경제를 관찰하는 창(ROLE_WINDOW)으로 커뮤니티를 활용하지만, 회원제·익명성·운영 방식 등 커뮤니티의 구조적·환경적 조건을 비교하거나 그 차이에 따른 변화를 다루지 않으므로 env_relevant는 false이다. | has_community=True role_relevant=True env_relevant=False | 이 논문은 한국 최대 육아 온라인 커뮤니티 Moms-Holic을 분석 대상으로 삼아 커뮤니티 내 리뷰의 노출에 영향을 미치는 요인을 콘텐츠 분석으로 규명하므로, 커뮤니티가 소비자 참여와 평판 경제가 작동하는 '장'으로 조명되지만, 회원제·익명성·운영 방침 등 구조적·환경적 조건을 분석 변수로 다루지는 않는다.","[ROLE] 본 연구는 온라인 육아 커뮤니티에서 리뷰의 노출·반응을 좌우하는 콘텐츠 특성(댓글 수, 이미지 유무, 브랜드, 실무 경험 내용 등)을 분석하는 데 초점을 두어, 공론장 검증이나 이용자 간 관계적 자원 형성이라는 FIELD 코드의 핵심 요건을 충족하지 못하며, 동시에 외부 사회현상을 보여주는 WINDOW로서도 특정 범주(양극화·젠더·혐오)에 부합하지 않는다. | [ROLE] 본 논문은 온라인 부모 커뮤니티(Moms-Holic)를 소비자 구전(word-of-mouth)·평판 경제·부모 세대 간 사회적 문제 소통이라는 외부 사회현상을 관찰하는 창(Window)으로 활용하며, 커뮤니티 공간 자체의 공론장 기능이나 이용자 간 관계적 자원 형성을 분석하는 것이 아니므로 ROLE_WINDOW_MISC에 부여한다. | [ROLE] 이 논문은 온라인 부모 커뮤니티(Moms-Holic)를 통해 소비자의 구전(word-of-mouth)·평판 경제·부모 세대의 사회 문제 소통이라는 외부 사회현상을 보여주는 사례로 삼고 있으므로, WINDOW 계열 중 MISC에 해당한다.",False,1/3,run1:없음; run2:ROLE_WINDOW_MISC; run3:ROLE_WINDOW_MISC
ART001565149,관광 웹사이트 명성과 커뮤니티 의식이 온라인 구전효과에 미치는 영향에 관한 연구,김나은(백석예술대학),2011,서비스경영학회지,kor,ERR,,,run1:없음; run2:없음; run3:없음,"has_community=False role_relevant=False env_relevant=False | 이 논문은 관광 웹사이트에서의 구전(WOM) 효과에 관하여 웹사이트 평판과 'sense of community'를 독립변수로 투입하는 커뮤니케이션·마케팅 연구이며, 온라인 커뮤니티를 분석 대상으로 삼지 않고 '공동체 의식'을 심리적 변수로만 활용하므로, 정의에 해당하는 온라인 커뮤니티를 연구 재료로 삼지 않는다. | has_community=False role_relevant=False env_relevant=False | 이 논문은 관광 웹사이트의 구전(WOM) 효과 체계를 분석하는 마케팅 연구로, 'sense of community'는 독립변수로서 심리적·관계적 구성물(construct)로 사용되며, 실제 온라인 커뮤니티의 구조·운영·역할을 분석 대상으로 삼고 있지 않다. | has_community=False role_relevant=False env_relevant=False | 본 연구는 관광 웹사이트에서의 구전 효과(word-of-mouth)를 분석하는 소비자 행동 연구이며, 'sense of community'는 심리적 구성체(독립변수)로 사용될 뿐, 공통 관심사를 가진 사용자가 지속적으로 상호작용하는 온라인 커뮤니티 자체를 분석 대상으로 삼지 않는다.","이 논문은 관광 웹사이트에서의 구전(WOM) 효과에 관하여 웹사이트 평판과 'sense of community'를 독립변수로 투입하는 커뮤니케이션·마케팅 연구이며, 온라인 커뮤니티를 분석 대상으로 삼지 않고 '공동체 의식'을 심리적 변수로만 활용하므로, 정의에 해당하는 온라인 커뮤니티를 연구 재료로 삼지 않는다. | 이 논문은 관광 웹사이트의 구전(WOM) 효과 체계를 분석하는 마케팅 연구로, 'sense of community'는 독립변수로서 심리적·관계적 구성물(construct)로 사용되며, 실제 온라인 커뮤니티의 구조·운영·역할을 분석 대상으로 삼고 있지 않다. | 본 연구는 관광 웹사이트에서의 구전 효과(word-of-mouth)를 분석하는 소비자 행동 연구이며, 'sense of community'는 심리적 구성체(독립변수)로 사용될 뿐, 공통 관심사를 가진 사용자가 지속적으로 상호작용하는 온라인 커뮤니티 자체를 분석 대상으로 삼지 않는다.",True,3/3,run1:없음; run2:없음; run3:없음
ART001927428,창업 플랫폼으로서 온라인 커뮤니티 평가와 투자의향에 관한 연구,김성우(전자부품연구원),2014,대한경영학회지,kor,OK,ROLE_WINDOW_MISC,,run1:없음; run2:없음; run3:없음,"has_community=True role_relevant=True env_relevant=False | 이 논문은 블로그·카페 등 온라인 커뮤니티를 지식산업·창업의 사업화 주체이자 투자 대상으로서 경제적 역할(장)을 분석하는 반면, 회원제·익명성·운영 방침 등 커뮤니티의 구조적·환경적 조건을 변수로 삼아 차이·비교·변화를 다루는 것은 아니다. | has_community=True role_relevant=True env_relevant=False | 이 논문은 온라인 커뮤니티(블로그·카페)를 사업화 주체이자 투자 대상으로서의 경제적 가치를 평가하는 모형(ROLE_FIELD)을 도출하는 데 초점을 맞추고 있으며, 회원제·익명성·운영 방침 등 구조적·환경적 조건에 따른 차이·비교·변화를 분석하지 않으므로 env_relevant는 false다. | has_community=True role_relevant=True env_relevant=False | 이 논문은 온라인 커뮤니티(블로그·카페)를 지식산업·창업·투자 대상으로서의 경제적·사회적 역할(장)을 분석 대상으로 삼되, 회원제·운영방침·익명성 등 구조적 환경 조건에 따른 차이·비교·변화를 다루지 않으므로 role만 해당한다.","[ROLE] 온라인 커뮤니티를 지식산업·크라우드펀딩·1인기업 창업이라는 외부 경제현상의 매개체·투자 대상으로 평가하는 가치평가·투자 의향 연구이므로, 커뮤니티 공간 자체의 공론장·사회적 자본 역할이 아닌 외부 경제현상을 보여주는 창(ROLE_WINDOW_MISC)에 해당한다. | [ROLE] 본 연구는 온라인 커뮤니티 자체를 사업화·투자 대상으로 가치평가하는 경제·상업적 관점을 다루고 있어, 공론장이나 사회자본의 FIELD 판정에는 부합하지 않으며, 지식산업·크라우드펀딩 등 외부 사회현상을 언급하나 커뮤니티 공간의 경제적 가치를 분석하는 것이 주된 목적인 만큼 WINDOW_MISC에도 명확히 부합하지 않는다. | [ROLE] 본 논문은 온라인 커뮤니티를 지식산업·크라우드펀딩·1인기업 창업 등 외부 경제·산업 현상을 관측하는 창(ROLE_WINDOW_MISC)으로 활용하며, 커뮤니티 자체의 공론장 기능이나 이용자 간 사회자본 형동을 분석하지 않으므로 FIELD 계열은 미부여한다.",False,1/3,run1:ROLE_WINDOW_MISC; run2:없음; run3:ROLE_WINDOW_MISC
ART002482937,사회적 지지가 목표달성 의도에 미치는 영향: 판촉 보상물 획득 과정을 중심으로,정난희(연세대학교 경영대학 박사과정),2019,소비자학연구,kor,ERR,,,run1:없음; run2:없음; run3:없음,"has_community=False role_relevant=False env_relevant=False | 이 논문은 스타벅스 다이어리 프로모션에서 사회적 지지(친한 친구 vs. 타인)가 목표달성 의도에 미치는 영향을 실험적으로 검증하는 것으로, '온라인 커뮤니티 멤버'는 단순히 사회적 지지 제공자의 한 유형으로서 비교 조건의 라벨로만 등장할 뿐, 커뮤니티 자체의 구조·역할·운영 방식을 분석 대상으로 삼지 않는다. | has_community=True role_relevant=False env_relevant=False | 이 논문은 스타벅스 다이어리 프로모션에서 사회적 지지(친한 친구 vs. 타인)가 목표달성 의도에 미치는 영향을 실험적으로 규명하는 소비자 행동 연구이며, '온라인 커뮤니티 멤버'는 친밀도 수준이 낮은 사회적 지지 제공자 범주로만 언급될 뿐, 커뮤니티 공간 자체의 구조·운영·역할이 분석 대상이 되지 않는다. | has_community=False role_relevant=False env_relevant=False | 이 논문은 스타벅스 다이어리 프로모션 상황에서 사회적 지지가 목표달성 의도에 미치는 영향을 실험적으로 규명하는 소비자 행동 연구이며, '온라인 커뮤니티 멤버'는 친한 친구와 대비되는 사회적 지지 제공자의 한 유형(실험 조건)으로만 등장할 뿐, 커뮤니티 자체의 구조·역할·운영 방침이 분석 대상이 아니다.","이 논문은 스타벅스 다이어리 프로모션에서 사회적 지지(친한 친구 vs. 타인)가 목표달성 의도에 미치는 영향을 실험적으로 검증하는 것으로, '온라인 커뮤니티 멤버'는 단순히 사회적 지지 제공자의 한 유형으로서 비교 조건의 라벨로만 등장할 뿐, 커뮤니티 자체의 구조·역할·운영 방식을 분석 대상으로 삼지 않는다. | 이 논문은 스타벅스 다이어리 프로모션에서 사회적 지지(친한 친구 vs. 타인)가 목표달성 의도에 미치는 영향을 실험적으로 규명하는 소비자 행동 연구이며, '온라인 커뮤니티 멤버'는 친밀도 수준이 낮은 사회적 지지 제공자 범주로만 언급될 뿐, 커뮤니티 공간 자체의 구조·운영·역할이 분석 대상이 되지 않는다. | 이 논문은 스타벅스 다이어리 프로모션 상황에서 사회적 지지가 목표달성 의도에 미치는 영향을 실험적으로 규명하는 소비자 행동 연구이며, '온라인 커뮤니티 멤버'는 친한 친구와 대비되는 사회적 지지 제공자의 한 유형(실험 조건)으로만 등장할 뿐, 커뮤니티 자체의 구조·역할·운영 방침이 분석 대상이 아니다.",True,3/3,run1:없음; run2:없음; run3:없음
ART001694517,온라인 쇼핑몰의 사회적 지원 기능이 고객 태도에 미치는 영향 연구: 자기효능감과 소속감의 인식을 중심으로,이윤재(영남대학교),2012,상품학연구,kor,ERR,,,run1:없음; run2:없음; run3:없음,"has_community=True role_relevant=False env_relevant=False | 이 논문은 온라인 커뮤니티를 사회적 소프트웨어의 한 유형으로 서론에 언급하기는 하나, 실제 분석 대상은 상거래 중심의 온라인 쇼핑몰이며, 그 내의 게시판·프로파일·댓글 등 사회적 지원 기능이 소비자의 자기효능감과 소속감에 미치는 영향을 다루므로, 공통 관심사·목적 기반의 지속적 상호작용 공간으로서의 온라인 커뮤니티 자체를 연구의 분석 대상으로 삼지 않는다. | has_community=False role_relevant=False env_relevant=False | 본 연구의 분석 대상은 온라인 쇼핑몰이라는 상거래 플랫폼의 사회적 지원 기능(게시판, 댓글, 친구 찾기 등)이 소비자의 자기효능감과 소속감에 미치는 영향이며, 공통의 관심사나 목적을 가진 사용자 간 지속적 상호작용과 관계 형성을 핵심으로 하는 온라인 커뮤니티를 연구 대상으로 삼고 있지 않다. | has_community=False role_relevant=False env_relevant=False | 이 논문의 분석 대상은 온라인 쇼핑몰의 사회적 지원 기능(게시판, 댓글, 친구 찾기 등)이 이용자의 자기효능감과 소속감에 미치는 영향이며, '온라인 커뮤니티'는 도입부에서 사회적 소프트웨어의 한 예시로만 열거된 뒤 연구 대상에서 제외되므로, 온라인 커뮤니티 자체를 분석 대상으로 삼지 않는다.","이 논문은 온라인 커뮤니티를 사회적 소프트웨어의 한 유형으로 서론에 언급하기는 하나, 실제 분석 대상은 상거래 중심의 온라인 쇼핑몰이며, 그 내의 게시판·프로파일·댓글 등 사회적 지원 기능이 소비자의 자기효능감과 소속감에 미치는 영향을 다루므로, 공통 관심사·목적 기반의 지속적 상호작용 공간으로서의 온라인 커뮤니티 자체를 연구의 분석 대상으로 삼지 않는다. | 본 연구의 분석 대상은 온라인 쇼핑몰이라는 상거래 플랫폼의 사회적 지원 기능(게시판, 댓글, 친구 찾기 등)이 소비자의 자기효능감과 소속감에 미치는 영향이며, 공통의 관심사나 목적을 가진 사용자 간 지속적 상호작용과 관계 형성을 핵심으로 하는 온라인 커뮤니티를 연구 대상으로 삼고 있지 않다. | 이 논문의 분석 대상은 온라인 쇼핑몰의 사회적 지원 기능(게시판, 댓글, 친구 찾기 등)이 이용자의 자기효능감과 소속감에 미치는 영향이며, '온라인 커뮤니티'는 도입부에서 사회적 소프트웨어의 한 예시로만 열거된 뒤 연구 대상에서 제외되므로, 온라인 커뮤니티 자체를 분석 대상으로 삼지 않는다.",True,3/3,run1:없음; run2:없음; run3:없음
ART002639852,네트워크 허브를 이용한 바이럴 마케팅 시딩 전략: 네트워크 밀도가 미치는 조절 효과 중심으로,최강준(연세대학교),2020,소비자학연구,kor,ERR,,,run1:없음; run2:없음; run3:없음,"has_community=True role_relevant=False env_relevant=False | 이 논문은 last.fm의 음악 커뮤니티를 네트워크 밀도·허브 영향력 분석의 자료 집단으로 활용하여 바이럴 마케팅 시딩 전략을 제안하는 것이므로, 온라인 커뮤니티 자체의 사회적 역할(창·장)을 조명하지도 않고, 회원제·생애주기·익명성 등 운영·환경 조건에 따른 차이를 비교하지도 않는다. | has_community=True role_relevant=False env_relevant=False | 이 논문은 last.fm의 커뮤니티를 네트워크 밀도와 허브의 사회적 영향력을 분석하기 위한 데이터 소스로 활용하며, 커뮤니티 자체의 사회적 역할이나 회원제·운영 방침·익명성 등 구조적·환경적 조건을 분석 대상으로 삼지 않으므로 role·env 모두 해당하지 않는다. | has_community=True role_relevant=False env_relevant=False | 이 논문은 last.fm의 커뮤니티 정보를 사회적 네트워크의 밀도 변수로 활용하여 바이럴 마케팅의 시딩 전략을 분석하는 것으로, 온라인 커뮤니티는 네트워크 구조의 한 데이터 단위에 불과하며 커뮤니티의 사회적 역할(창/장)이나 운영·환경적 조건(회원제, 익명성, 제재 방식 등)을 분석 대상으로 삼지 않는다.","이 논문은 last.fm의 음악 커뮤니티를 네트워크 밀도·허브 영향력 분석의 자료 집단으로 활용하여 바이럴 마케팅 시딩 전략을 제안하는 것이므로, 온라인 커뮤니티 자체의 사회적 역할(창·장)을 조명하지도 않고, 회원제·생애주기·익명성 등 운영·환경 조건에 따른 차이를 비교하지도 않는다. | 이 논문은 last.fm의 커뮤니티를 네트워크 밀도와 허브의 사회적 영향력을 분석하기 위한 데이터 소스로 활용하며, 커뮤니티 자체의 사회적 역할이나 회원제·운영 방침·익명성 등 구조적·환경적 조건을 분석 대상으로 삼지 않으므로 role·env 모두 해당하지 않는다. | 이 논문은 last.fm의 커뮤니티 정보를 사회적 네트워크의 밀도 변수로 활용하여 바이럴 마케팅의 시딩 전략을 분석하는 것으로, 온라인 커뮤니티는 네트워크 구조의 한 데이터 단위에 불과하며 커뮤니티의 사회적 역할(창/장)이나 운영·환경적 조건(회원제, 익명성, 제재 방식 등)을 분석 대상으로 삼지 않는다.",True,3/3,run1:없음; run2:없음; run3:없음
ART001769318,소셜 미디어 시대의 인간 상호작용: 가능성과 위험,윤영민(한양대학교),2013,Entrue Journal of Information Technology,kor,ERR,,,run1:없음; run2:없음; run3:없음,"has_community=False role_relevant=False env_relevant=False | 이 논문은 소셜 미디어의 네 가지 특성(비용 감소, 기록 증가, 선택성 강화, 속도 증가)이 초래하는 광범위한 사회적 변화를 참여문화·선물경제·빅데이터·온라인 공동체·즉각적 반응 문화라는 다섯 개념으로 해독하는 이론적 탐색으로, '온라인 공동체'는 분석 대상이 아니라 다른 네 개념과 나란히 언급되는 하나의 해석 렌즈에 불과하여 특정 온라인 커뮤니티를 연구 재료로 삼지 않는다. | has_community=True role_relevant=False env_relevant=False | 이 논문은 소셜 미디어의 네 가지 특성(비용 감소, 기록 증가, 선택성 강화, 속도 증가)이 초래하는 사회 변화를 참여문화·선물경제·빅데이터·온라인 공동체·즉각적 반응의 문화라는 다섯 개념으로 해독하는 광범위한 이론적 개요이므로, 온라인 공동체는 분석 대상이 아니라 사회 미디어 현상을 설명하는 개념 중 하나로만 거명되며, 커뮤니티의 사회적 역할(창/장) 조명이나 구조적·환경적 조건(회원제, 제재, 익명성, 운영 방침 등)에 대한 비교·분석은 이루어지지 않는다. | has_community=True role_relevant=False env_relevant=False | 이 논문은 소셜 미디어의 네 가지 특성(비용 감소, 기록 증가, 선택성 강화, 속도 증가)이 초래하는 사회 변화를 참여문화·선물경제·빅데이터·온라인 공동체·즉각적 반응의 문화라는 다섯 개념으로 해독하는 일반적 이론적 탐구로서, '온라인 공동체'가 분석 대상이 아니라 다른 네 개념과 나란히 제시된 해독 렌즈 중 하나에 불과하며, 특정 커뮤니티의 구조·상호작용·운영 방식을 실제로 분석하지 않으므로 역할·환경 조명 모두 해당하지 않는다.","이 논문은 소셜 미디어의 네 가지 특성(비용 감소, 기록 증가, 선택성 강화, 속도 증가)이 초래하는 광범위한 사회적 변화를 참여문화·선물경제·빅데이터·온라인 공동체·즉각적 반응 문화라는 다섯 개념으로 해독하는 이론적 탐색으로, '온라인 공동체'는 분석 대상이 아니라 다른 네 개념과 나란히 언급되는 하나의 해석 렌즈에 불과하여 특정 온라인 커뮤니티를 연구 재료로 삼지 않는다. | 이 논문은 소셜 미디어의 네 가지 특성(비용 감소, 기록 증가, 선택성 강화, 속도 증가)이 초래하는 사회 변화를 참여문화·선물경제·빅데이터·온라인 공동체·즉각적 반응의 문화라는 다섯 개념으로 해독하는 광범위한 이론적 개요이므로, 온라인 공동체는 분석 대상이 아니라 사회 미디어 현상을 설명하는 개념 중 하나로만 거명되며, 커뮤니티의 사회적 역할(창/장) 조명이나 구조적·환경적 조건(회원제, 제재, 익명성, 운영 방침 등)에 대한 비교·분석은 이루어지지 않는다. | 이 논문은 소셜 미디어의 네 가지 특성(비용 감소, 기록 증가, 선택성 강화, 속도 증가)이 초래하는 사회 변화를 참여문화·선물경제·빅데이터·온라인 공동체·즉각적 반응의 문화라는 다섯 개념으로 해독하는 일반적 이론적 탐구로서, '온라인 공동체'가 분석 대상이 아니라 다른 네 개념과 나란히 제시된 해독 렌즈 중 하나에 불과하며, 특정 커뮤니티의 구조·상호작용·운영 방식을 실제로 분석하지 않으므로 역할·환경 조명 모두 해당하지 않는다.",True,3/3,run1:없음; run2:없음; run3:없음
ART001839552,온라인 브랜드커뮤니티 구성원들의 제품개발참여의도에 관한 구조적 관계,장영혜(계명대학교),2013,마케팅논집(Journal of Marketing Studies),kor,OK,ROLE_WINDOW_MISC,,run1:없음; run2:없음; run3:없음,"has_community=True role_relevant=True env_relevant=False | 이 논문은 온라인 브랜드커뮤니티를 소비자와 기업 간 제품개발 참여를 매개하는 사회적 공간(장)으로서 그 역할을 분석 대상으로 삼고 있으나, 회원제 여부·운영 방침·익명성 등 커뮤니티의 구조적·환경적 조건에 따른 차이·비교를 다루지 않으므로 env는 false이다. | has_community=True role_relevant=True env_relevant=False | 이 논문은 자동차 브랜드커뮤니티 내 소비자 참여가 브랜드애착·충성도·제품개발 참여의도에 미치는 영향을 구조방정식으로 분석하여, 온라인 브랜드커뮤니티가 소비자-기업 간 관계 형성과 참여를 촉진하는 '장'으로서의 역할을 조명하나(ROLE), 커뮤니티의 회원제·운영방침·익명성 등 구조적 조건을 변수로 비교·분석하지는 않으므로(ENV) env_relevant는 false이다. | has_community=True role_relevant=True env_relevant=False | 이 논문은 자동차 브랜드커뮤니티를 소비자와 브랜드 간 소통·공조 창작이 이루어지는 '장'으로 조명하여 커뮤니티 활동이 제품개발 참여의도에 미치는 구조적 관계를 분석하나, 회원수 1,000명 이상은 단순 표본 선정 기준에 그치고 커뮤니티의 구조적·환경적 조건(회원제 유무, 익명성, 운영 방침 등)에 따른 차이·비교·변화를 분석하지는 않는다.","[ROLE] 본 연구는 온라인 브랜드커뮤니티를 공간 자체의 사회적 역할이 아닌, 소비자-브랜드 공동창출(제품개발 참여)이라는 외부의 소비자행동 현상을 관찰하는 창(Window)으로 활용하며, 그 현상은 신자유주의적 소비 참여·브랜드 경영 전략에 해당하여 WINDOW_MISC에 해당한다. | [ROLE] 이 논문은 온라인 브랜드커뮤니티를 소비자-브랜드 간 코크리에이션(제품개발 참여)을 유도하는 매개 채널로 설정하고, 커뮤니티 지각된 가치·적극적 참여가 브랜드애착과 충성도로 이어지는 구조를 검증함으로써, 커뮤니티 공간 자체가 분석 대상이라기보다 소비자의 제품개발 참여라는 외부 사회현상을 포착하는 창(WINDOW_MISC)으로 기능한다. | [ROLE] 온라인 브랜드커뮤니티는 소비자 제품개발 참여·브랜드애착·브랜드충성도라는 외부 소비자행동·브랜드관리 현상을 관찰하는 매개 장치(창)로 기능하며, 커뮤니티 공간 내 이용자 간 관계적 자원 형성이나 공론장 기능 분석이 아닌 기업의 소비자 커뮤니케이션 전략을 조명하는 WINDOW_MISC에 해당한다.",True,0/3,run1:ROLE_WINDOW_MISC; run2:ROLE_WINDOW_MISC; run3:ROLE_WINDOW_MISC
ART001744265,온라인 게임의 상호작용성이 사용자 충성도에 미치는 영향에 관한 연구 : 게임 장르별 연구,한영춘(영남대학교),2013,경영연구,kor,ERR,,,run1:없음; run2:없음; run3:없음,"has_community=True role_relevant=True env_relevant=False | 이 논문은 온라인 게임 커뮤니티의 상호작용(소속감·지원)이 사용자 몰입과 충성도에 미치는 효과를 분석하여 커뮤니티를 사용자 행동의 '장'으로 조명하지만, 회원제·운영 방침·익명성·생애주기 등 구조적·환경적 조건의 차이나 변화를 다루지 않는다. | has_community=True role_relevant=False env_relevant=False | 이 논문은 온라인 게임 커뮤니티의 소속감·지원을 게임 몰입·충성도에 영향을 미치는 심리적·디자인 변수로 개념화하여 분석할 뿐, 커뮤니티의 사회적 역할(창/장)이나 구조적·환경적 조건(회원제, 익명성, 운영 방침 등)을 조명하지 않는다. | has_community=True role_relevant=False env_relevant=False | 이 논문은 온라인 게임 사용자의 몰입·충성도 모델에서 '커뮤니티 상호작용'(소속감, 지원)을 기계적 상호작용과 나란히 매개변수로 포함하고 있을 뿐, 커뮤니티를 외부 현상을 비추는 창이나 그 자체의 사회적 역할로 조명하지도, 회원제·익명성·운영 방침 등 구조·환경적 조건을 비교·분석하지도 않는다.","[ROLE] 본 논문은 온라인 게임 커뮤니티 내 사용자 간 소속감·지원(관계적 측면)과 기계적 상호작용(목표·조작성·보상)이 사용자 몰입·충성도에 미치는 효과를 게임 장르별 조절효과와 함께 정량 분석하는 연구로, 커뮤니티 상호작용이 이용자 간 연결의 효과로서 사회자본 개념에 일부 닿지만 분석의 초점은 게임 설계 변수와 몰입 인자라 6개 코드 모두 0.5에 미치지 못한다. | 이 논문은 온라인 게임 커뮤니티의 소속감·지원을 게임 몰입·충성도에 영향을 미치는 심리적·디자인 변수로 개념화하여 분석할 뿐, 커뮤니티의 사회적 역할(창/장)이나 구조적·환경적 조건(회원제, 익명성, 운영 방침 등)을 조명하지 않는다. | 이 논문은 온라인 게임 사용자의 몰입·충성도 모델에서 '커뮤니티 상호작용'(소속감, 지원)을 기계적 상호작용과 나란히 매개변수로 포함하고 있을 뿐, 커뮤니티를 외부 현상을 비추는 창이나 그 자체의 사회적 역할로 조명하지도, 회원제·익명성·운영 방침 등 구조·환경적 조건을 비교·분석하지도 않는다.",True,3/3,run1:없음; run2:없음; run3:없음
ART001156039,e-CRM에 기반한 온라인 커뮤니티 사이트 활성화 모형: 방송사 사례를 중심으로,김창수(영남대학교),2004,경영정보학연구,kor,ERR,,,run1:없음; run2:없음; run3:없음,"has_community=True role_relevant=True env_relevant=False | 이 논문은 방송사 온라인 커뮤니티 사이트의 활성화 모형을 e-CRM 관점에서 제시하며, 커뮤니티 공간 자체를 고객관계 관리의 '장'으로 분석 대상으로 삼고 있으나, 회원제·제재·익명성·생애주기 등 커뮤니티의 구조적·환경적 조건을 차이나 비교의 변수로 다루지는 않는다. | has_community=True role_relevant=True env_relevant=False | 이 논문은 방송사 온라인 커뮤니티 사이트를 e-CRM이 작동하는 '장'으로 삼아 고객 유치·유지·강화·활성화 모형을 제시하므로 역할(ROLE) 조명에 해당하나, 회원제·제재·익명성·생애주기 등 커뮤니티의 구조적·환경적 조건을 비교하거나 그 차이를 분석하지는 않으므로 환경(ENV) 조명에는 해당하지 않는다. | has_community=True role_relevant=True env_relevant=False | 이 논문은 방송사 온라인 커뮤니티 사이트의 활성화와 지속 가능성을 e-CRM 모형으로 분석하므로 커뮤니티 공간을 고객관계 관리의 '장'으로 조명하나, 회원제·익명성·운영 방식 등 구조적 환경 조건을 비교·분석하기보다 고객 유치·유지 단계의 전략적 모형을 제시하는 데 중점을 두어 env_relevant는 false이다.","[ROLE] 본 연구는 방송사 온라인 커뮤니티의 e-CRM 활성화 모형(고객유치·유지·강화·활성화)을 제시하는 비즈니스·마케팅 중심 연구로, 공론장 검증이나 이용자 간 사회자본 형성도, 외부 사회현상을 창으로 비추는 것도 아니며, 6개 코드 중 어느 하나에도 명확히 대응하지 않는다. | [ROLE] 본 논문은 방송사 온라인 커뮤니티의 e-CRM 활성화 모형을 제시하는 경영·마케팅 연구로, 이용자 간 공론장·사회적 자본 형성도 아니고 외부 사회현상을 보여주는 창도 아니며, 회사-고객 간 관계관리 전략에 초점이 두어져 6개 코드 중 어느 하나도 부여되지 않는다. | [ROLE] 이 논문은 방송사 온라인 커뮤니티를 e-CRM(전자 고객관계관리)이라는 e-비즈니스 전략을 적용·활성화하는 사례로 분석하므로, 온라인 커뮤니티는 오프라인 CRM 등 다른 맥락에서도 존재하는 '고객관계관리'라는 외부 경영 현상을 보여주는 창(WINDOW_MISC)에 해당한다.",False,2/3,run1:없음; run2:없음; run3:ROLE_WINDOW_MISC
ART001157484,국내 중소 게임 개발기업의 개발전략에 대한 탐색적 연구: 국내 온라인 게임의 장르별 충성도 관련 요인을 중심으로,정재진(한국소프트웨어진흥원),2004,기업가정신과 벤처연구,kor,ERR,,,run1:없음; run2:없음; run3:없음,"has_community=True role_relevant=False env_relevant=False | 이 논문은 온라인 게임의 성공요인(플로우, 구전, 도전·보상, 사회적 규범) 중 하나로 게임동호회·길드 등 온라인 커뮤니티의 고객 충성도 기여도를 LISREL 모형의 변수로 다루고 있으나, 커뮤니티 자체의 사회적 역할(창/장)을 조명하지도, 회원제·운영 방식·익명성 등 구조적·환경적 조건을 비교·분석하지도 않으므로 role·env 둘 다 해당하지 않는다. | has_community=True role_relevant=True env_relevant=False | 이 논문은 온라인 게임의 고객 충성도 요인을 탐색하며, 그 중 게임동호회·길드 등 온라인 커뮤니티가 충성도 유지에 어떻게 기여하는지 분석함으로써 커뮤니티의 사회적 기능(장)을 조명하나, 커뮤니티의 구조·운영 방침·생애주기 등 환경적 조건을 비교·검토하지는 않는다. | has_community=True role_relevant=False env_relevant=False | 이 논문은 온라인 게임 성공요인(플로우, 구전, 도전·보상, 사회적 규범 등)을 탐색하는 것이 주 목적이며, 게임동호회·길드 등 온라인 커뮤니티는 충성도 유지에 기여하는 요인 중 하나의 변수로만 언급될 뿐, 커뮤니티 자체를 창이나 장으로 조명하지도, 구조적·환경적 조건을 따지도 않는다.","이 논문은 온라인 게임의 성공요인(플로우, 구전, 도전·보상, 사회적 규범) 중 하나로 게임동호회·길드 등 온라인 커뮤니티의 고객 충성도 기여도를 LISREL 모형의 변수로 다루고 있으나, 커뮤니티 자체의 사회적 역할(창/장)을 조명하지도, 회원제·운영 방식·익명성 등 구조적·환경적 조건을 비교·분석하지도 않으므로 role·env 둘 다 해당하지 않는다. | [ROLE] 본 연구의 주된 분석 대상은 온라인 게임 산업의 성장과 고객 충성도 요인이며, 커뮤니티(길드·동호회)는 충성도 모형의 여러 변수 중 하나로 사용되므로, 온라인 커뮤니티는 외부 사회현상인 '디지털 엔터테인먼트 산업'을 보여주는 창(WINDOW_MISC)으로 기능한다. | 이 논문은 온라인 게임 성공요인(플로우, 구전, 도전·보상, 사회적 규범 등)을 탐색하는 것이 주 목적이며, 게임동호회·길드 등 온라인 커뮤니티는 충성도 유지에 기여하는 요인 중 하나의 변수로만 언급될 뿐, 커뮤니티 자체를 창이나 장으로 조명하지도, 구조적·환경적 조건을 따지도 않는다.",False,2/3,run1:없음; run2:ROLE_WINDOW_MISC; run3:없음
ART001513501,통합적 마케팅커뮤니케이션 도구로써 온라인 브랜드 커뮤니티의 역할,강용수(울산과학대학),2010,경영과 정보연구,kor,OK,ROLE_WINDOW_MISC,,run1:없음; run2:없음; run3:없음,"has_community=True role_relevant=True env_relevant=False | 이 논문은 온라인 브랜드커뮤니티 자체를 IMC 도구로서 브랜드 충성도를 형성하는 '장'으로 분석 대상으로 삼아(ROLE_FIELD), 다만 회원제·익명성·제재·생애주기 등 구조적·환경적 조건을 비교·변화시키는 분석은 하지 않으므로 ENV는 해당하지 않는다. | has_community=True role_relevant=True env_relevant=False | 이 논문은 온라인 브랜드커뮤니티를 브랜드 충성도를 형성하는 마케팅 공간(장)으로 분석하나, 커뮤니티의 구조적·환경적 조건(회원제, 익명성, 제재 방식, 생애주기 등)을 비교·분석하는 변수로 다루지 않고, 게시물 내 구전·신뢰·광고 유용성 같은 상호작용 메커니즘에만 초점을 맞추고 있으므로 env_relevant는 false이다. | has_community=True role_relevant=True env_relevant=False | 이 논문은 온라인 브랜드커뮤니티가 광고·구전·다이렉트마케팅 등 촉진도구의 집합으로 기능하며 브랜드 충성도 형성을 매개하는 장(ROLE_FIELD)으로 조명하지만, 회원제·익명성·운영 방침 등 커뮤니티의 구조적·환경적 조건을 비교·분석하지는 않는다.","[ROLE] 본 연구는 온라인 브랜드커뮤니티가 광고·구전·신뢰 등 내부 상호작용을 매개로 브랜드 충성도를 생성하는 마케팅(IMC) 공간으로 기능하는지 분석하는 것이므로, 공론장·사회자본·외부 사회현상 창 등 6개 코드 어디에도 부합하지 않으며, 이용자 간 구전 신뢰·커뮤니티 충성도 요소를 다루긴 하나 그 목적이 관계적 자원 형성이 아닌 브랜드 충성도라는 마케팅 효과에 있으므로 FIELD·WINDOW 모두 부여하지 않음. | [ROLE] 본 연구는 브랜드 충성도·마케팅 효과라는 온라인 커뮤니티 외에도 존재하는 사회경제적 현상을 온라인 브랜드커뮤니티라는 공간의 내부 메커니즘(광고·구전·신뢰)을 통해 조명하는 것으로, WINDOW_MISC에 해당한다. | [ROLE] 이 논문은 온라인 브랜드커뮤니티를 브랜드 충성도·신뢰와 같은 마케팅 현상을 규명하는 창(ROLE_WINDOW_MISC)으로 활용하며, 이용자 간 구전 신뢰가 커뮤니티 충성도에 미치는 영향이 언급되나 마케팅 메커니즘의 한 요소로 다루어져 사회자본(ROLE_FIELD_SOCIALCAPITAL) 판정에는 미치지 못한다.",False,1/3,run1:없음; run2:ROLE_WINDOW_MISC; run3:ROLE_WINDOW_MISC
ART001517475,정부주도의 농촌 정보화마을 전자상거래 모델의 성공요인과 수익성에 대한 연구,정수현(조선대학교),2010,경영정보학연구,kor,ERR,,,run1:없음; run2:없음; run3:없음,"has_community=True role_relevant=False env_relevant=False | 이 논문은 정보화 마을 조성사업의 전자상거래 매출액에 영향을 주는 요인을 분석하며, '홈페이지 커뮤니티 활성화'를 통계적 예측변수로만 활용하고 커뮤니티의 사회적 역할이나 구조적·환경적 조건을 분석하지 않으므로, 운영 수단·모집 통로 정도로만 언급된 사례에 해당한다. | has_community=True role_relevant=False env_relevant=False | 이 논문은 정보화 마을 조성사업의 농산물 전자상거래 매출액에 영향을 주는 요인을 분석하는 것이 주목적이며, '홈페이지 커뮤니티 조직의 지식공유'는 정보화 교육·정보기술 이용과 나란히 매출 영향 요인으로 하나만 선정된 변인에 불과하여, 온라인 커뮤니티를 창·장으로 조명하지도, 그 구조적·환경적 조건을 고려하지도 않는다. | has_community=True role_relevant=False env_relevant=False | 정보화 마을 홈페이지 커뮤니티의 지식공유가 전자상거래 매출에 미치는 인과적 요인 중 하나로 측정되었을 뿐, 커뮤니티의 사회적 역할(창·장)을 조명하거나 회원제·운영 방침·익명성 등 구조적·환경적 조건을 비교·분석하는 내용은 없다.","이 논문은 정보화 마을 조성사업의 전자상거래 매출액에 영향을 주는 요인을 분석하며, '홈페이지 커뮤니티 활성화'를 통계적 예측변수로만 활용하고 커뮤니티의 사회적 역할이나 구조적·환경적 조건을 분석하지 않으므로, 운영 수단·모집 통로 정도로만 언급된 사례에 해당한다. | 이 논문은 정보화 마을 조성사업의 농산물 전자상거래 매출액에 영향을 주는 요인을 분석하는 것이 주목적이며, '홈페이지 커뮤니티 조직의 지식공유'는 정보화 교육·정보기술 이용과 나란히 매출 영향 요인으로 하나만 선정된 변인에 불과하여, 온라인 커뮤니티를 창·장으로 조명하지도, 그 구조적·환경적 조건을 고려하지도 않는다. | 정보화 마을 홈페이지 커뮤니티의 지식공유가 전자상거래 매출에 미치는 인과적 요인 중 하나로 측정되었을 뿐, 커뮤니티의 사회적 역할(창·장)을 조명하거나 회원제·운영 방침·익명성 등 구조적·환경적 조건을 비교·분석하는 내용은 없다.",True,3/3,run1:없음; run2:없음; run3:없음
ART001717000,A Study on the Chinese Consumers’ Attitude and Intention toward Online Group-Buying,"Chang, I-Chun(상하이 교통대학 평생교육원)",2012,대한경영학회지,kor,ERR,,,run1:없음; run2:없음; run3:없음,"has_community=True role_relevant=False env_relevant=False | 이 논문은 중국의 온라인 그룹구매 플랫폼에서 '가상 커뮤니티 신뢰'를 전자적 입소문과 기술수용모델에 결합한 소비 참여 변수로 다루고 있을 뿐, 커뮤니티를 사회현상을 비추는 창이나 그 자체의 사회적 역할을 분석하는 장으로 삼지도 않고, 회원제·익명성·운영 방침 등 구조적·환경적 조건에 따른 차이를 검토하지도 않는다. | has_community=False role_relevant=False env_relevant=False | 본 논문은 중국의 온라인 그룹바이(团购)라는 상업적 거래 메커니즘에서 소비자의 참여 의사에 영향을 미치는 '가상 커뮤니티 신뢰' 요인을 분석하는 것으로, 여기서 'virtual community'란 공통 관심사·목적을 가진 사용자들이 지속적으로 상호작용하며 관계를 형성하는 디지털 공간이라기보다 구매 협상력을 높이기 위해 일시적으로 집결하는 거래 단위에 가깝고, 커뮤니티 자체의 구조·역할·운영 방침이 분석 대상이 아니므로 온라인 커뮤니티 분석 대상이 아니다. | has_community=True role_relevant=False env_relevant=False | 이 논문은 중국 온라인 그룹바이(团购) 플랫폼을 가상 커뮤니티로 호명하며 e-WOM·TAM 이론을 통해 소비자 참여 의사에 미치는 '커뮤니티 신뢰'를 변수로 다루지만, 커뮤니티 자체를 사회현상을 비추는 창이나 그 공간의 사회적 역할을 분석하는 장으로 삼지 않으며, 회원제·운영방침·익명성 등 구조적·환경적 조건의 차이나 비교도 검토하지 않으므로 role·env 모두 해당하지 않는다.","이 논문은 중국의 온라인 그룹구매 플랫폼에서 '가상 커뮤니티 신뢰'를 전자적 입소문과 기술수용모델에 결합한 소비 참여 변수로 다루고 있을 뿐, 커뮤니티를 사회현상을 비추는 창이나 그 자체의 사회적 역할을 분석하는 장으로 삼지도 않고, 회원제·익명성·운영 방침 등 구조적·환경적 조건에 따른 차이를 검토하지도 않는다. | 본 논문은 중국의 온라인 그룹바이(团购)라는 상업적 거래 메커니즘에서 소비자의 참여 의사에 영향을 미치는 '가상 커뮤니티 신뢰' 요인을 분석하는 것으로, 여기서 'virtual community'란 공통 관심사·목적을 가진 사용자들이 지속적으로 상호작용하며 관계를 형성하는 디지털 공간이라기보다 구매 협상력을 높이기 위해 일시적으로 집결하는 거래 단위에 가깝고, 커뮤니티 자체의 구조·역할·운영 방침이 분석 대상이 아니므로 온라인 커뮤니티 분석 대상이 아니다. | 이 논문은 중국 온라인 그룹바이(团购) 플랫폼을 가상 커뮤니티로 호명하며 e-WOM·TAM 이론을 통해 소비자 참여 의사에 미치는 '커뮤니티 신뢰'를 변수로 다루지만, 커뮤니티 자체를 사회현상을 비추는 창이나 그 공간의 사회적 역할을 분석하는 장으로 삼지 않으며, 회원제·운영방침·익명성 등 구조적·환경적 조건의 차이나 비교도 검토하지 않으므로 role·env 모두 해당하지 않는다.",True,3/3,run1:없음; run2:없음; run3:없음
ART002528642,빅데이터와 네트노그라피 분석을 통합한 온라인 커뮤니티 고객 욕구 도출 방안: 천기저귀 온라인 커뮤니티 사례를 중심으로,박순화(경상대학교),2019,경영정보학연구,kor,OK,ROLE_WINDOW_MISC,,run1:없음; run2:없음; run3:없음,"has_community=True role_relevant=True env_relevant=False | 이 논문은 온라인 소비자 커뮤니티에 축적된 데이터를 분석하여 소비자 욕구와 행동을 파악하는 연구를 하므로, 커뮤니티를 소비자 행동이라는 외부 사회현상을 읽는 창(ROLE_WINDOW)으로 삼고 있으나, 회원제·운영 방침·익명성 등 커뮤니티의 구조적·환경적 조건을 변수로 비교·분석하지는 않는다. | has_community=True role_relevant=False env_relevant=False | 이 논문은 온라인 소비자 커뮤니티를 빅데이터-네트노그라피 분석의 데이터 소스로 활용하여 소비자 욕구와 행동을 규명하는 방법론 연구이며, 커뮤니티의 사회적 역할(창/장)이나 구조적·환경적 조건(회원제, 운영방침, 익명성 등)을 분석 대상으로 삼지 않는다. | has_community=True role_relevant=True env_relevant=False | 이 논문은 온라인 소비자 커뮤니티를 소비자 욕구와 행동이 형성·표현되는 '장'으로서 분석 대상으로 삼되, 회원제·제재·익명성 등 구체적 구조적·환경적 조건에 따른 차이나 변화를 다루지 않으므로 role만 해당된다.","[ROLE] 본 연구는 온라인 소비자 커뮤니티를 소비자 욕구·행동이라는 외부 사회현상을 관측·설명하기 위한 자료 매개체(창)로 위치づけ며, 커뮤니티 공간 자체의 공론장·사회적 자본 기능보다 소비자 행동 분석에 초점을 두므로 WINDOW_MISC로 분류된다. | 이 논문은 온라인 소비자 커뮤니티를 빅데이터-네트노그라피 분석의 데이터 소스로 활용하여 소비자 욕구와 행동을 규명하는 방법론 연구이며, 커뮤니티의 사회적 역할(창/장)이나 구조적·환경적 조건(회원제, 운영방침, 익명성 등)을 분석 대상으로 삼지 않는다. | [ROLE] 이 논문은 소비자 욕구·행동이라는 커뮤니티 외의 사회현상을 파악하는 데 온라인 소비자 커뮤니티를 데이터 소스로 활용하는 창(WINDOW_MISC)으로 기능하며, 공론장 검증이나 이용자 간 관계적 자원 분석 등 장(FIELD) 계열 근거는 없다.",False,1/3,run1:ROLE_WINDOW_MISC; run2:없음; run3:ROLE_WINDOW_MISC
ART001492552,드라마 산업의 마인드 셋(MindSets) 탐구: 온라인 드라마 커뮤니티와 스타(Stars)의 合奏,김경묵(덕성여자대학교),2010,경영학연구,kor,ERR,,,run1:없음; run2:없음; run3:없음,"has_community=True role_relevant=False env_relevant=False | 이 논문은 온라인 드라마 커뮤니티의 '크기'를 시청률에 영향을 미치는 양적 변수로만 투입하여 회귀분석에 활용하고, 커뮤니티 내부의 상호작용·담론·사회적 역할(창·장)을 분석하지도, 회원제·익명성·운영 방침 등 환경적 조건을 고려하지도 않으므로, 커뮤니티는 연구의 분석 대상이라기보다 시청률 예측의 대리변수(proxy)로만 기능한다. | has_community=True role_relevant=False env_relevant=False | 이 논문은 드라마 시청률에 영향을 미치는 요인으로 '인터넷 커뮤니티의 크기'를 하나의 정량 변수로 활용하고 있으나, 커뮤니티 내부의 상호작용·사회적 역할이나 구조적·환경적 조건을 분석 대상으로 삼지 않으므로, 온라인 커뮤니티는 연구 재료(대리 변수)로만 기능한다. | has_community=True role_relevant=False env_relevant=False | 이 논문은 드라마 시청률에 영향을 미치는 요인을 실증 분석하는 연구로, 온라인 드라마 커뮤니티를 자체의 사회적 공간이나 공론장으로서 조명하는 것이 아니라 단순히 커뮤니티 '크기'를 회귀분석의 독립변수로만 투입하고 있어, 커뮤니티의 역할(창·장)이나 구조적·환경적 조건 어느 쪽도 분석하지 않는다.","이 논문은 온라인 드라마 커뮤니티의 '크기'를 시청률에 영향을 미치는 양적 변수로만 투입하여 회귀분석에 활용하고, 커뮤니티 내부의 상호작용·담론·사회적 역할(창·장)을 분석하지도, 회원제·익명성·운영 방침 등 환경적 조건을 고려하지도 않으므로, 커뮤니티는 연구의 분석 대상이라기보다 시청률 예측의 대리변수(proxy)로만 기능한다. | 이 논문은 드라마 시청률에 영향을 미치는 요인으로 '인터넷 커뮤니티의 크기'를 하나의 정량 변수로 활용하고 있으나, 커뮤니티 내부의 상호작용·사회적 역할이나 구조적·환경적 조건을 분석 대상으로 삼지 않으므로, 온라인 커뮤니티는 연구 재료(대리 변수)로만 기능한다. | 이 논문은 드라마 시청률에 영향을 미치는 요인을 실증 분석하는 연구로, 온라인 드라마 커뮤니티를 자체의 사회적 공간이나 공론장으로서 조명하는 것이 아니라 단순히 커뮤니티 '크기'를 회귀분석의 독립변수로만 투입하고 있어, 커뮤니티의 역할(창·장)이나 구조적·환경적 조건 어느 쪽도 분석하지 않는다.",True,3/3,run1:없음; run2:없음; run3:없음
ART002115253,웹 개발자들의 HTML5 채택 저항 요인에 관한 연구,송해엽(카이스트),2016,경영학연구,kor,ERR,,,run1:없음; run2:없음; run3:없음,"has_community=False role_relevant=False env_relevant=False | 이 논문은 HTML5 채택 저항의 영향 요인을 분석하는 기술 수용 연구이며, '온라인 커뮤니티를 통한 정보 습득'은 독립변수 중 하나로 잠깐 언급될 뿐, 온라인 커뮤니티 자체가 분석 대상이 아니다. | has_community=True role_relevant=False env_relevant=False | 온라인 커뮤니티는 HTML5 채택 저항에 영향을 미치는 '정보 습득 통로'로서 하나의 독립변수 항목으로만 언급될 뿐, 커뮤니티 자체의 구조·역할·운영 조건이 분석 대상이 되지 않으므로 커뮤니티를 연구 재료로 활용하지 않는 경우이다. | has_community=False role_relevant=False env_relevant=False | 이 논문은 HTML5 채택 저항의 영향요인을 분석하는 기술 수용 연구이며, '온라인 커뮤니티'는 웹 전문가의 정보 습득 통로로서 하나의 변수로만 언급되고, 커뮤니티 자체를 분석 대상이나 분석 축으로 다루지 않는다.","이 논문은 HTML5 채택 저항의 영향 요인을 분석하는 기술 수용 연구이며, '온라인 커뮤니티를 통한 정보 습득'은 독립변수 중 하나로 잠깐 언급될 뿐, 온라인 커뮤니티 자체가 분석 대상이 아니다. | 온라인 커뮤니티는 HTML5 채택 저항에 영향을 미치는 '정보 습득 통로'로서 하나의 독립변수 항목으로만 언급될 뿐, 커뮤니티 자체의 구조·역할·운영 조건이 분석 대상이 되지 않으므로 커뮤니티를 연구 재료로 활용하지 않는 경우이다. | 이 논문은 HTML5 채택 저항의 영향요인을 분석하는 기술 수용 연구이며, '온라인 커뮤니티'는 웹 전문가의 정보 습득 통로로서 하나의 변수로만 언급되고, 커뮤니티 자체를 분석 대상이나 분석 축으로 다루지 않는다.",True,3/3,run1:없음; run2:없음; run3:없음
ART002456903,고객의 조직 사회화를 위한 조건 탐색: 고객의 심리적 권한위임이 커뮤니티-구성원 교환관계에 미치는 영향에 있어서 고객 참여의 매개효과를 중심으로,나동만(한국직업능력개발원 연구위원),2019,대한경영학회지,kor,OK,ROLE_WINDOW_MISC,,run1:없음; run2:없음; run3:없음,"has_community=True role_relevant=True env_relevant=False | 이 논문은 기업이 구성·제공하는 온라인 커뮤니티를 고객이 조직 사회화와 참여 행위를 수행하는 '장'으로 분석 대상에 포함하나, 커뮤니티의 구조적·환경적 조건(회원제, 익명성, 운영 방침 등)을 변수로 비교·분석하지는 않으므로 role만 해당한다. | has_community=True role_relevant=True env_relevant=False | 이 논문은 기업이 구성·제공한 온라인 커뮤니티를 고객–기업 간 사회적 교환과 참여 행위가 발생하는 '장'으로 두어 커뮤니티-구성원 교환과 심리적 권한위임의 매개 관계를 검증하므로 role_relevant이지만, 커뮤니티의 구조적·환경적 조건(회원제, 제재 방식, 익명성, 생애주기 등)에 따른 차이·비교를 다루지 않으므로 env_relevant는 아니다. | has_community=True role_relevant=True env_relevant=False | 이 논문은 기업이 구성·제공하는 제품 사용자 온라인 커뮤니티를 고객 참여와 기업-고객 관계 형성이 구체화되는 '장'으로 조명하되, 커뮤니티의 구조적·환경적 조건(회원제, 운영·제재 방식, 익명성 등)에 따른 차이나 변화를 분석하지는 않으므로 role만 해당한다.","[ROLE] 본 연구는 온라인 커뮤니티를 플랫폼으로 활용하여 '기업-고객 간 관계 형성 및 고객 참여(코크리에이션)'라는 외부 조직·경영 현상을 분석하는 창(WINDOW_MISC) 역할을 하며, 공론장 검증이나 이용자 간 관계적 자원(사회자본) 분석은 아닌 것으로 판단된다. | [ROLE] 본 연구는 기업이 제공하는 제품 사용자 커뮤니티를 매개로 기업-고객 간 공창(co-creation) 및 심리적 권한위임을 분석하므로, 온라인 커뮤니티 자체의 사회적 역할이 아니라 커뮤니티 밖에도 존재하는 '기업-고객 공동생산·관계 관리'라는 경영 현상을 보여주는 창(WINDOW_MISC)으로 기능한다. | [ROLE] 본 연구의 핵심 분석 대상은 '고객-기업 간 관계의 긴밀화'라는 경영·조직 현상(고객을 partial employee로 간주한 공헌론)이며, 기업이 제공한 제품 사용자 커뮤니티는 이 현상을 실증하는 empirical setting(창)에 불과하여 WINDOW_MISC으로 분류된다.",True,0/3,run1:ROLE_WINDOW_MISC; run2:ROLE_WINDOW_MISC; run3:ROLE_WINDOW_MISC
ART001112366,온라인 브랜드 공동체에 대한 반응이 어떻게 브랜드로 전이되는가?,김진교(서울대학교),2006,마케팅연구,kor,ERR,,,run1:없음; run2:없음; run3:없음,"has_community=True role_relevant=True env_relevant=False | 이 논문은 브랜드 공동체의 반응이 브랜드로 전이되는 과정을 분석함으로써, 공동체가 브랜드 인식을 형성·전달하는 '장'으로서의 역할을 조명하나(ROLE_FIELD), 회원제·익명성·운영 방침 등 공동체의 구조적·환경적 조건에 따른 차이·비교를 다루지는 않으므로 ENV는 해당하지 않는다. | has_community=True role_relevant=False env_relevant=False | 이 논문은 브랜드 공동체(온라인)를 마케팅적 구성물로서 베이지안 회귀모형의 입력 변수로만 활용하여 브랜드 반응 전이 경로를 통계적으로 추정하는 데 초점을 두며, 공동체 자체의 사회적 역할(창·장)을 조명하거나 회원제·운영 방식·익명성 등 구조적·환경적 조건을 분석하지 않으므로 role·env 모두 해당하지 않는다. | has_community=True role_relevant=False env_relevant=False | 이 논문은 브랜드 공동체에 대한 반응이 브랜드로 전이되는 경로를 베이지안 회귀모형으로 추정하는 마케팅·경영 연구로, '브랜드 공동체'를 온라인 커뮤니티라는 디지털 상호작용 공간으로 분석하는 것이 아니라 반응 전이 변수로서의 마케팅 개념으로만 활용하므로, 온라인 커뮤니티를 창·장으로 조명하지도 않고 구조적·환경적 조건을 고려하지도 않는다.","[ROLE] 이 논문은 브랜드 공동체 내 반응이 브랜드로 전이되는 경로를 베이지안 회귀모형으로 추정하여 브랜드 관리의 관리적 시사점을 도출하는 것으로, 온라인 커뮤니티 공간 자체의 역할이 아니라 브랜드 반응 전이·소비자 행동이라는 외부 마케팅 현상을 보여주는 창(WINDOW_MISC)으로 커뮤니티를 활용한다. | 이 논문은 브랜드 공동체(온라인)를 마케팅적 구성물로서 베이지안 회귀모형의 입력 변수로만 활용하여 브랜드 반응 전이 경로를 통계적으로 추정하는 데 초점을 두며, 공동체 자체의 사회적 역할(창·장)을 조명하거나 회원제·운영 방식·익명성 등 구조적·환경적 조건을 분석하지 않으므로 role·env 모두 해당하지 않는다. | 이 논문은 브랜드 공동체에 대한 반응이 브랜드로 전이되는 경로를 베이지안 회귀모형으로 추정하는 마케팅·경영 연구로, '브랜드 공동체'를 온라인 커뮤니티라는 디지털 상호작용 공간으로 분석하는 것이 아니라 반응 전이 변수로서의 마케팅 개념으로만 활용하므로, 온라인 커뮤니티를 창·장으로 조명하지도 않고 구조적·환경적 조건을 고려하지도 않는다.",False,2/3,run1:ROLE_WINDOW_MISC; run2:없음; run3:없음
ART001700943,온라인 커뮤니티에서의 지식공유행동의 동기요인에 관한 연구,김유경(신라대학교),2012,경영과 정보연구,kor,OK,ROLE_WINDOW_MISC,,run1:없음; run2:없음; run3:없음,"has_community=True role_relevant=True env_relevant=False | 이 논문은 YF소나타·Sony디카 브랜드 커뮤니티 내 지식공유행동의 동기요인을 분석하여, 온라인 커뮤니티를 지식 공유가 이루어지는 '장'으로서의 사회적 기능을 규명하되, 회원제·운영방침 등 구조적·환경적 조건에 따른 차이 비교나 변화 분석은 다루지 않으므로 role만 해당한다. | has_community=True role_relevant=True env_relevant=False | 이 논문은 YF소나타·Sony디카 사진 온라인 브랜드 커뮤니티를 지식공유 행동의 장(ROLE_FIELD)으로 삼아 회원들의 지식공유 동기요인을 분석하나, 커뮤니티의 구조적·환경적 조건(회원제, 제재, 익명성 등)에 따른 차이·비교를 다루지 않으므로 env는 해당하지 않는다. | has_community=True role_relevant=True env_relevant=False | 이 논문은 YF소나타와 Sony디카 사진 온라인 브랜드 커뮤니티 회원의 지식공유행동 동기를 규명하는 것을 목적으로 하므로, 온라인 커뮤니티를 지식공유라는 사회적 역할을 수행하는 장(ROLE_FIELD)으로 조명하나, 회원제·익명성·운영방침 등 구조적·환경적 조건에 따른 차이·비교·변화를 분석하지 않으므로 env_relevant는 false이다.","[ROLE] 본 연구는 온라인 브랜드 커뮤니티 내 지식공유행동의 개별 동기요인(신뢰, 소속감, 과시욕구 등)을 정성·정량적으로 규명하는 것으로, 커뮤니티 공간 안의 상호작용을 다루는 FIELD 성격을 띠나, 이용자 간 관계적 자원의 형성·효과를 분석하는 SOCIALCAPITAL이라기보다 개인 심리적 동기 인자 발굴에 중점을 두어 6개 코드 중 어느 하나도 0.5에 미치지 못한다. | [ROLE] 이 논문은 지식공유행동의 동기요인이라는 외부 사회현상을 온라인 커뮤니티 회원들을 데이터 소스로 삼아 밝히는 것으로, 커뮤니티 공간 자체의 역할이 아니라 오프라인에서도 성립 가능한 지식공유·동기 현상을 관찰하는 창(ROLE_WINDOW_MISC)에 해당한다. | [ROLE] 이 논문은 온라인 브랜드 커뮤니티(YF소나타, Sony디카)를 사례로 삼아 개인 수준의 지식공유 동기요인(과시욕구, 인지도, 소속감 등)을 규명하는 것으로, 지식공유 행위는 온라인 커뮤니티가 없어도 존재하는 일반적 사회현상이므로 WINDOW_MISC에 해당하며, 신뢰·소속감 등의 언급이 있으나 이는 이용자 간 관계적 자원의 형성·효과가 아니라 개인 내면화된 동기요인으로 다루어져 SOCIALCAPITAL로는 미부여된다.",False,1/3,run1:없음; run2:ROLE_WINDOW_MISC; run3:ROLE_WINDOW_MISC
ART002247973,온라인 커뮤니티 혜택이 참여도와 공동구매의도에 미치는 영향과 집단주의의 조절효과에 대한 연구,박찬권(경북대학교),2017,고객만족경영연구,kor,OK,ROLE_WINDOW_MISC,,run1:없음; run2:없음; run3:없음,"has_community=True role_relevant=True env_relevant=False | 이 논문은 온라인 커뮤니티가 기능적·사회적·쾌락적 혜택을 제공하여 참여도와 공동구매 의도를 촉진하는 '장'으로서의 역할을 분석하나, 회원제·익명성·운영 방침 등 커뮤니티의 구조적·환경적 조건을 비교하거나 다루지 않으므로 env_relevant는 false이다. | has_community=True role_relevant=True env_relevant=False | 이 논문은 온라인 커뮤니티의 기능·사회·쾌락적 혜택이 참여도와 공동구매 의도에 미치는 영향을 분석하여, 커뮤니티를 집단적 소비 행동을 매개하는 '장'으로서의 사회적 기능을 조명하나, 회원제 유무·운영 방침·익명성 등 커뮤니티의 구조적·환경적 조건을 비교·검토하지는 않는다. | has_community=True role_relevant=True env_relevant=False | 이 논문은 온라인 커뮤니티의 기능적·사회적·쾌락적 혜택이 참여도와 공동구매 의도에 미치는 영향을 분석하여 커뮤니티를 참여와 집단 구매를 촉진하는 '장'으로서의 사회적 역할을 조명하나, 회원제·익명성·운영 방식 등 구조적 환경 조건의 비교나 차이는 다루지 않는다.","[ROLE] 본 연구는 공동구매 의도라는 소비자 행동이라는 외부 사회현상을 설명하기 위해 온라인 커뮤니티를 플랫폼·매개변수로 활용하는 소비자 행동 연구이므로, 온라인 커뮤니티가 공동구매 현상을 보여주는 창(WINDOW_MISC)으로 쓰인다고 판단된다. | [ROLE] 이 논문은 공동구매 의도라는 소비자 행동 현상을 온라인 커뮤니티라는 플랫폼을 매개로 설명하는 창(WINDOW_MISC)으로 기능하며, '사회적 혜택'은 구조방정식의 한 변수에 불과하여 커뮤니티 공간 안의 사회적 자본 형성 자체를 분석하지 않는다. | [ROLE] 본 연구는 온라인 커뮤니티를 소비자 행동(공동구매 의도·참여도)을 연구하는 맥락으로 활용하며, 혜택·참여도·집단주의·구매의도라는 일반적 행동 변수 간의 관계를 검증하므로, 온라인 커뮤니티 공간 자체의 역할이 아니라 커뮤니티를 매개로 소비·참여 행태라는 외부 사회현상을 보여주는 WINDOW_MISC에 해당한다.",True,0/3,run1:ROLE_WINDOW_MISC; run2:ROLE_WINDOW_MISC; run3:ROLE_WINDOW_MISC
ART003127476,디지털 교육 참여자의 역량 증진 탐색: S대학교 디지털 교수법 강사과정을 중심으로,문복현(서원대학교 평생교육학과),2024,문화산업연구,kor,ERR,,,run1:없음; run2:없음; run3:없음,"has_community=True role_relevant=False env_relevant=False | 이 논문은 디지털 교수법 강사과정의 디지털 도구·기술 역량 증진을 연구하는 것으로, '온라인 커뮤니티 형성'은 유튜브 도구 활용의 부수적 효과로 잠깐 언급될 뿐, 커뮤니티 자체를 분석 대상이나 연구의 창·장으로 삼지 않으므로 커뮤니티 존재는 인정하되 역할·환경 조명 모두 해당하지 않는다. | has_community=False role_relevant=False env_relevant=False | 이 논문은 디지털 교수법 강사과정 참여자의 디지털 도구 활용 역량 및 기술 역량 증진을 연구하는 것으로, '온라인 커뮤니티 형성에 도움을 주는 것으로 나타났다'는 서술은 유튜브 도구 활용의 부수적 효과로 언급될 뿐, 특정 온라인 커뮤니티의 구조·역할·운영 방침을 분석 대상으로 삼지 않는다. | has_community=False role_relevant=False env_relevant=False | 이 논문은 S대학교 디지털 교수법 강사과정의 교육 효과를 질적 사례연구로 분석한 것으로, 온라인 커뮤니티는 '유튜브 도구 활용이 온라인 커뮤니티 형성에 도움을 준다'는 서술 하나로만 언급되며, 분석 대상이 되지 않으므로 커뮤니티 존재 여부를 충족하지 않는다.","이 논문은 디지털 교수법 강사과정의 디지털 도구·기술 역량 증진을 연구하는 것으로, '온라인 커뮤니티 형성'은 유튜브 도구 활용의 부수적 효과로 잠깐 언급될 뿐, 커뮤니티 자체를 분석 대상이나 연구의 창·장으로 삼지 않으므로 커뮤니티 존재는 인정하되 역할·환경 조명 모두 해당하지 않는다. | 이 논문은 디지털 교수법 강사과정 참여자의 디지털 도구 활용 역량 및 기술 역량 증진을 연구하는 것으로, '온라인 커뮤니티 형성에 도움을 주는 것으로 나타났다'는 서술은 유튜브 도구 활용의 부수적 효과로 언급될 뿐, 특정 온라인 커뮤니티의 구조·역할·운영 방침을 분석 대상으로 삼지 않는다. | 이 논문은 S대학교 디지털 교수법 강사과정의 교육 효과를 질적 사례연구로 분석한 것으로, 온라인 커뮤니티는 '유튜브 도구 활용이 온라인 커뮤니티 형성에 도움을 준다'는 서술 하나로만 언급되며, 분석 대상이 되지 않으므로 커뮤니티 존재 여부를 충족하지 않는다.",True,3/3,run1:없음; run2:없음; run3:없음
ART001406357,온라인 브랜드 커뮤니티 애착의 영향요인과 결과변수에 관한 연구,김유경(신라대학교),2009,고객만족경영연구,kor,ERR,,,run1:없음; run2:없음; run3:없음,"has_community=True role_relevant=True env_relevant=False | 이 논문은 온라인 브랜드 커뮤니티라는 공간 자체의 사회적 역할(브랜드 애착·애호도 형성의 매개)을 분석 대상으로 삼아 '장'으로서 조명하나, 회원제 유무·운영·제재 방식·익명성·생애주기 등 구조적·환경적 조건에 따른 차이·비교·변화를 다루지 않으므로 env_relevant는 false이다. | has_community=True role_relevant=True env_relevant=False | 이 논문은 공통 관심 브랜드를 중심으로 형성된 온라인 브랜드 커뮤니티 자체를 분석 대상으로 삼아 커뮤니티가 브랜드 애착·애호도를 형성하는 '장'으로서의 사회적 역할을 규명하므로 role_relevant가 참이나, 회원제·제재방식·익명성·생애주기 등 구조적·환경적 운영 조건에 따른 차이나 비교를 다루지 않으므로 env_relevant는 거짓이다. | has_community=True role_relevant=True env_relevant=False | 이 논문은 온라인 브랜드 커뮤니티를 브랜드 애착·애호도가 형성되는 '장'으로서 분석 대상으로 삼아 커뮤니티 공간의 사회적 역할을 조명하나, 회원제·운영·제재·익명성 등 구조적·환경적 운영 방침에 따른 차이·비교를 다루지 않으므로 env_relevant는 false이다.","[ROLE] 이 논문은 온라인 브랜드 커뮤니티 공간의 특성(상호작용성·친밀감 등)이 커뮤니티 애착과 브랜드 애호도에 미치는 영향을 분석하는 것으로, 공간 내 관계적 요인을 다루고 있으나 공론장 검증이나 사회적 자본의 형성·효과를 직접 다루지 않으며, 외부 사회현상을 보여주는 창으로 커뮤니티를 사용하는 것도 아니어서 6개 코드 중 어느 하나도 부여 기준(0.5)에 미치지 못한다. | [ROLE] 이 논문은 온라인 브랜드 커뮤니티의 5가지 특성이 커뮤니티 애착과 브랜드 애착·애호도에 미치는 영향을 검증하는 마케팅 연구로, 6개 코드 중 어느 하나에도 명확히 귀속되지 않는다; '브랜드 애착'은 온라인 커뮤니티 외부에도 존재하는 마케팅 현상이지만 WINDOW_MISC가 전제하는 정치·문화적 사회현상과는 성격이 다르고, '친밀감·상호작용성'은 이용자 간 관계적 자원(사회자본)이라기보다 브랜드-소비자 관계의 마케팅 개념에 해당하므로 FIELD_SOCIALCAPITAL로도 보기 어렵다. | [ROLE] 본 연구는 온라인 브랜드 커뮤니티를 매개로 '브랜드 애착·애호도'라는 마케팅·소비자 현상을 규명하는 것으로, 커뮤니티 자체의 공론장·사회자본 역할이 아니라 외부에 실체가 있는 브랜드-소비자 관계를 들여다보는 창(WINDOW_MISC) 기능에 가깝다.",False,2/3,run1:없음; run2:없음; run3:ROLE_WINDOW_MISC
ART001672525,온라인커뮤니티에서 공부와 게임의 재미와 플로우 관계,권순재(대구대학교),2012,정보시스템연구,kor,ERR,,,run1:없음; run2:없음; run3:없음,"has_community=False role_relevant=False env_relevant=False | 이 논문은 '온라인 커뮤니티'를 학습·게임 활동이 이루어지는 플랫폼적 배경으로만 언급할 뿐, 공통 관심사를 가진 사용자들의 지속적 상호작용·정보 공유·관계 형성이라는 커뮤니티의 본질적 요소를 분석 대상으로 삼지 않으며, 연구 초점은 개인의 즐거움·편안함·만족감·몰입(flow)이라는 심리적 상태에 있다. | has_community=False role_relevant=False env_relevant=False | 이 논문은 '온라인 커뮤니티'를 분석 대상이 아닌 개인이 학습·게임 활동을 수행하는 일반적 디지털 환경으로만 언급하며, 연구의 핵심은 커뮤니티의 사회적 상호작용이나 구조가 아닌 개인의 몰입(flow)·즐김·편안함·만족감 등 심리적 요인에 있으므로, 정의에 부합하는 온라인 커뮤니티를 분석 대상으로 삼지 않는다. | has_community=True role_relevant=False env_relevant=False | 이 논문은 온라인 커뮤니티에서 학습과 게임 활동 중 즐거움·만족·몰입(flow) 등 개인 심리 요인을 연구하며, 커뮤니티는 활동의 장(venue)으로만 기능할 뿐 커뮤니티 자체의 사회적 역할(창/장)이나 구조적·환경적 조건(회원제, 익명성, 운영 방침 등)을 분석 대상으로 삼지 않는다.","이 논문은 '온라인 커뮤니티'를 학습·게임 활동이 이루어지는 플랫폼적 배경으로만 언급할 뿐, 공통 관심사를 가진 사용자들의 지속적 상호작용·정보 공유·관계 형성이라는 커뮤니티의 본질적 요소를 분석 대상으로 삼지 않으며, 연구 초점은 개인의 즐거움·편안함·만족감·몰입(flow)이라는 심리적 상태에 있다. | 이 논문은 '온라인 커뮤니티'를 분석 대상이 아닌 개인이 학습·게임 활동을 수행하는 일반적 디지털 환경으로만 언급하며, 연구의 핵심은 커뮤니티의 사회적 상호작용이나 구조가 아닌 개인의 몰입(flow)·즐김·편안함·만족감 등 심리적 요인에 있으므로, 정의에 부합하는 온라인 커뮤니티를 분석 대상으로 삼지 않는다. | 이 논문은 온라인 커뮤니티에서 학습과 게임 활동 중 즐거움·만족·몰입(flow) 등 개인 심리 요인을 연구하며, 커뮤니티는 활동의 장(venue)으로만 기능할 뿐 커뮤니티 자체의 사회적 역할(창/장)이나 구조적·환경적 조건(회원제, 익명성, 운영 방침 등)을 분석 대상으로 삼지 않는다.",True,3/3,run1:없음; run2:없음; run3:없음
ART002149503,Knowledge Contributors’ Intrinsic and Extrinsic Motivation on Social Connectedness and Satisfaction,박소라(제주대학교),2016,정보시스템연구,kor,OK,ROLE_FIELD_SOCIALCAPITAL,,run1:없음; run2:없음; run3:없음,"has_community=True role_relevant=True env_relevant=False | 이 논문은 가상 커뮤니티 내 지식 공헌자들의 동기(자율성 이론)를 분석하여 커뮤니티가 지식 공유와 사회적 연결을 형성하는 '장'으로서의 역할을 조명하나, 회원제·익명성·운영 방침 등 커뮤니티의 구조적·환경적 조건을 비교하거나 그 차이를 분석하지는 않는다. | has_community=True role_relevant=True env_relevant=False | 이 논문은 한국 가상커뮤니티 내 지식 기여자의 동기와 사회적 연결·만족을 자기결정론 프레임으로 분석하여, 커뮤니티를 지식 공유와 관계 형성이 이루어지는 '장'으로 조명하지만, 커뮤니티의 구조적·환경적 조건(회원제, 익명성, 운영 방식 등)에 따른 차이나 비교를 다루지 않으므로 env는 false이다. | has_community=True role_relevant=True env_relevant=False | 이 논문은 가상 커뮤니티 내 지식 기여자의 동기(자아결정이론)와 사회적 연결성을 분석 대상으로 삼아, 커뮤니티가 지식 공유와 사회적 관계 형성을 수행하는 '장'으로서의 역할을 조명하나, 회원제·제재·익명성 등 구조적·환경적 조건을 비교하거나 변조 변수로 다루지는 않는다.","[ROLE] 본 연구는 자율결정자기론(self-determination theory) 틀 안에서 지식 공헌 동기를 개인 심리·행동 현상으로 분석하며, 가상 커뮤니티는 그 행위 발생 맥락(장소)으로 기능하므로, 커뮤니티 공간 자체의 공론장·관계적 자원 역할을 검증하는 FIELD가 아니라 지식 공헌·공유라는 더 넓은 사회현상을 보여주는 WINDOW_MISC에 해당한다. | [ROLE] 이 논문은 가상커뮤니티 내 지식 기여자들의 동기(reputation, altruism)가 'social connectedness'라는 이용자 간 관계적 자원의 형성으로 귀결되는지 자기결정론으로 분석하므로, 커뮤니티 공간 안에서 이용자 간 연결의 존재·강도를 다루는 사회자본(FIELD_SOCIALCAPITAL)으로 분류된다. | [ROLE] 본 연구는 가상 커뮤니티 내 지식 기여 행위에 대한 동기(자결정 이론)를 분석하면서 '사회적 연결감(social connectedness)'을 핵심 종속변수로 다루어, 커뮤니티 공간 안에서 이용자 간 관계적 자원(네트워크·만족)이 형성되는 과정을 규명하는 것으로, 장으로서의 사회자본 형성 역할을 보여준다.",False,0/3,run1:ROLE_WINDOW_MISC; run2:ROLE_FIELD_SOCIALCAPITAL; run3:ROLE_FIELD_SOCIALCAPITAL
ART002039666,온라인 커뮤니티에서 자기결정성이 행복과 애착 및 애호도에 미치는 영향,김유경(신라대학교),2015,서비스경영학회지,kor,OK,ROLE_FIELD_SOCIALCAPITAL,,run1:없음; run2:없음; run3:없음,"has_community=True role_relevant=True env_relevant=False | 이 논문은 취미 온라인 커뮤니티에서 자율성·유능감·관계성(self-determination)이 행복감, 커뮤니티 애착, 충성도에 미치는 영향을 분석하여 온라인 커뮤니티가 관계 형성과 정서적 유대를 매개하는 '장'으로서의 사회적 역할을 조명하나, 커뮤니티의 구조적·환경적 조건(회원제, 익명성, 운영 방침 등)에 따른 차이·비교를 다루지 않는다. | has_community=True role_relevant=True env_relevant=False | 이 논문은 취미 온라인 커뮤니티를 자율성·유능감·관계성 등 자결적 욕구가 충족되어 행복→애착→충성도로 이어지는 심리적 공간(장)으로서 분석 대상으로 삼되, 회원제·익명성·운영 방침 등 커뮤니티의 구조적·환경적 조건을 비교하거나 그 차이를 다루지 않는다. | has_community=True role_relevant=True env_relevant=False | 이 논문은 취미 기반 온라인 커뮤니티 내에서 자결성(자율성·유능성·관계)이 사용자의 행복에 영향을 주고, 행복이 커뮤니티 부착(attachment)과 충성(loyalty)으로 이어지는 과정을 분석함으로써, 온라인 커뮤니티가 심리적·사회적 욕구를 충족하고 애착과 충성을 형성하는 '장'으로서의 사회적 역할을 조명하나, 회원제·제재·익명성 등 구조적·환경적 조건에 따른 차이 비교나 변화 분석은 포함하지 않는다.","[ROLE] 이 논문은 온라인 커뮤니티라는 공간 안에서 이용자 간 관계·연결(relationship, network)의 형성 및 커뮤니티에 대한 애착·충성도(attachment, loyalty)라는 관계적 자원의 형성·효과를 자결성 이론과 구조방정식으로 검증하는 것이므로, FIELD 계열의 사회자본(SOCIALCAPITAL) 코드를 부여하되, 공론장 검증이나 외부 사회현상 포착은 없으므로 WINDOW 계열은 모두 미부여하다. | [ROLE] 본 연구는 온라인 커뮤니티 공간 안에서 이용자 간 관계·네트워크 형성(self-determination의 relationship, attachment, loyalty)이 어떻게 행복과 연계되는지를 구조방정식으로 검증하는 것으로, 커뮤니티 공간 자체의 관계적 자원 형성 효과를 다루는 FIELD 계열(SOCIALCAPITAL)에 해당하나, 공론장 기능이나 외부 사회현상 포착은 아니다. | [ROLE] 본 연구는 온라인 커뮤니티 공간 안에서 이용자 간 관계 형성(relationship), 커뮤니티에 대한 애착(attachment), 충성도(loyalty)라는 관계적 자원의 인과 경로를 구조방정식으로 검증하는 것으로, 온라인 커뮤니티라는 장 안에서 이용자 간 연결의 존재·강도·효과를 분석하는 SOCIALCAPITAL에 해당한다.",True,0/3,run1:ROLE_FIELD_SOCIALCAPITAL; run2:ROLE_FIELD_SOCIALCAPITAL; run3:ROLE_FIELD_SOCIALCAPITAL
ART002186444,온라인 게임 애착의 원인과 애착 후 행동에 관한 연구: 온라인 커뮤니티 참여행동과 시도행동을 중심으로,박승배(서일대학교),2016,서비스경영학회지,kor,ERR,,,run1:없음; run2:없음; run3:없음,"has_community=False role_relevant=False env_relevant=False | 이 논문은 TAM을 통해 온라인 게임 애착과 그 후행 행동(커뮤니티 참여, 신버전 트라이)의 관계를 분석하는 기술수용 연구로서, 온라인 게임 커뮤니티는 후행 행동의 하나로 일회성 언급될 뿐 분석 대상이나 연구 재료로 활용되지 않는다. | has_community=True role_relevant=False env_relevant=False | 온라인 게임 커뮤니티에서 '적극적 참여'가 게임 애착의 후행 행동으로 언급되긴 하나, 분석 대상은 TAM 변수와 게임 애착의 관계이지 커뮤니티의 사회적 역할이나 구조적·운영적 조건이 아니라, 커뮤니티는 그저 행동이 발생하는 장소로만 서술되어 역할·환경 조명 모두 해당하지 않는다. | has_community=False role_relevant=False env_relevant=False | 이 논문은 TAM(기술수용모델)을 활용하여 온라인 게임에 대한 사용자 부착(attachment)과 그 후속 행동을 연구하는 기술수용 연구이며, '온라인 게임 커뮤니티 참여'는 부착 후속 행동의 하나로 서술될 뿐 커뮤니티 내 상호작용·구조·사회적 역학을 분석 대상으로 삼지 않으므로 온라인 커뮤니티를 연구 대상으로 삼지 않는다.","이 논문은 TAM을 통해 온라인 게임 애착과 그 후행 행동(커뮤니티 참여, 신버전 트라이)의 관계를 분석하는 기술수용 연구로서, 온라인 게임 커뮤니티는 후행 행동의 하나로 일회성 언급될 뿐 분석 대상이나 연구 재료로 활용되지 않는다. | 온라인 게임 커뮤니티에서 '적극적 참여'가 게임 애착의 후행 행동으로 언급되긴 하나, 분석 대상은 TAM 변수와 게임 애착의 관계이지 커뮤니티의 사회적 역할이나 구조적·운영적 조건이 아니라, 커뮤니티는 그저 행동이 발생하는 장소로만 서술되어 역할·환경 조명 모두 해당하지 않는다. | 이 논문은 TAM(기술수용모델)을 활용하여 온라인 게임에 대한 사용자 부착(attachment)과 그 후속 행동을 연구하는 기술수용 연구이며, '온라인 게임 커뮤니티 참여'는 부착 후속 행동의 하나로 서술될 뿐 커뮤니티 내 상호작용·구조·사회적 역학을 분석 대상으로 삼지 않으므로 온라인 커뮤니티를 연구 대상으로 삼지 않는다.",True,3/3,run1:없음; run2:없음; run3:없음
ART001085214,A Study on Trust Building Model in Online Shopping Mall- Focusing on Social Presence -,김광수(부산대학교),2007,마케팅관리연구,kor,ERR,,,run1:없음; run2:없음; run3:없음,"has_community=False role_relevant=False env_relevant=False | 이 논문은 온라인 쇼핑몰에서의 신뢰 형성 모델을 연구하는 것이며, '온라인 커뮤니티 지원'은 신뢰에 영향을 미치는 여러 변수 중 하나로만 언급될 뿐, 커뮤니티 자체를 분석 대상으로 삼지 않으므로 온라인 커뮤니티의 존재 여부에 해당하지 않는다. | has_community=False role_relevant=False env_relevant=False | 이 논문의 분석 대상은 온라인 쇼핑몰에서의 신뢰 구축 모델이며, '온라인 커뮤니티 지원'은 신뢰에 영향을 미치는 독립변수 중 하나로 등장할 뿐, 커뮤니티 자체의 구조·역할·환경을 분석 대상으로 삼지 않는다. | has_community=False role_relevant=False env_relevant=False | 이 논문은 온라인 쇼핑몰에서의 신뢰 구축 모델을 연구하며 '온라인 커뮤니티 지원'을 독립변수 중 하나로만 포함하고 있을 뿐, 공통 관심사를 가진 사용자의 지속적 상호작용과 관계 형성을 분석 대상으로 삼는 온라인 커뮤니티 자체를 연구하지 않는다.","이 논문은 온라인 쇼핑몰에서의 신뢰 형성 모델을 연구하는 것이며, '온라인 커뮤니티 지원'은 신뢰에 영향을 미치는 여러 변수 중 하나로만 언급될 뿐, 커뮤니티 자체를 분석 대상으로 삼지 않으므로 온라인 커뮤니티의 존재 여부에 해당하지 않는다. | 이 논문의 분석 대상은 온라인 쇼핑몰에서의 신뢰 구축 모델이며, '온라인 커뮤니티 지원'은 신뢰에 영향을 미치는 독립변수 중 하나로 등장할 뿐, 커뮤니티 자체의 구조·역할·환경을 분석 대상으로 삼지 않는다. | 이 논문은 온라인 쇼핑몰에서의 신뢰 구축 모델을 연구하며 '온라인 커뮤니티 지원'을 독립변수 중 하나로만 포함하고 있을 뿐, 공통 관심사를 가진 사용자의 지속적 상호작용과 관계 형성을 분석 대상으로 삼는 온라인 커뮤니티 자체를 연구하지 않는다.",True,3/3,run1:없음; run2:없음; run3:없음
ART002168382,사용자 고착을 위한 네트워크 외부성과 전환비용의 측정 요인: 1인 미디어와 소셜 네트워킹 시장을 중심으로,최재원(한국과학기술원 테크노경영대학원),2010,기업경영리뷰,kor,ERR,,,run1:없음; run2:없음; run3:없음,"has_community=False role_relevant=False env_relevant=False | 이 논문은 웹 소셜 미디어(트위터, 페이스북 등) 플랫폼의 사용자 고착화에 영향을 미치는 네트워크 외부성과 전환비용을 경제·경영학적 관점에서 분석하는 것으로, 온라인 커뮤니티는 과거의 전단계로서만 언급될 뿐 분석 대상이 아니며, 해당 플랫폼의 구조적·환경적 조건이나 사회적 역할도 다루지 않는다. | has_community=True role_relevant=False env_relevant=False | 이 논문은 트위터·페이스북 등 웹 소셜미디어·1인 미디어 플랫폼을 분석 대상으로 삼으나, 온라인 커뮤니티를 창이나 장으로 조명하지도, 회원제·운영·제재·익명성·생애주기 등 커뮤니티의 구조적·환경적 조건을 고려하지도 않으며, 순수히 경제학·경영학적 시각에서 네트워크 외부성과 전환비용이라는 플랫폼 고착화 요인을 논하므로 role·env 모두 해당하지 않는다. | has_community=True role_relevant=False env_relevant=False | 이 논문은 트위터·페이스북 등 소셜 미디어 플랫폼의 사용자 고착화를 네트워크 외부성과 전환비용이라는 경제학적·경영학적 변수로 분석하며, 온라인 커뮤니티는 발전사적 전단계로만 언급될 뿐 커뮤니티의 사회적 역할(창/장)이나 운영·구조적 환경 조건을 분석 대상으로 삼지 않는다.","이 논문은 웹 소셜 미디어(트위터, 페이스북 등) 플랫폼의 사용자 고착화에 영향을 미치는 네트워크 외부성과 전환비용을 경제·경영학적 관점에서 분석하는 것으로, 온라인 커뮤니티는 과거의 전단계로서만 언급될 뿐 분석 대상이 아니며, 해당 플랫폼의 구조적·환경적 조건이나 사회적 역할도 다루지 않는다. | 이 논문은 트위터·페이스북 등 웹 소셜미디어·1인 미디어 플랫폼을 분석 대상으로 삼으나, 온라인 커뮤니티를 창이나 장으로 조명하지도, 회원제·운영·제재·익명성·생애주기 등 커뮤니티의 구조적·환경적 조건을 고려하지도 않으며, 순수히 경제학·경영학적 시각에서 네트워크 외부성과 전환비용이라는 플랫폼 고착화 요인을 논하므로 role·env 모두 해당하지 않는다. | 이 논문은 트위터·페이스북 등 소셜 미디어 플랫폼의 사용자 고착화를 네트워크 외부성과 전환비용이라는 경제학적·경영학적 변수로 분석하며, 온라인 커뮤니티는 발전사적 전단계로만 언급될 뿐 커뮤니티의 사회적 역할(창/장)이나 운영·구조적 환경 조건을 분석 대상으로 삼지 않는다.",True,3/3,run1:없음; run2:없음; run3:없음
ART001865118,온라인 여행 커뮤니티에서 커뮤니케이션 유형에 따른 관광객의 행동 변화,정남호(경희대학교),2014,지식경영연구,kor,OK,ROLE_WINDOW_MISC,,run1:없음; run2:없음; run3:없음,"has_community=True role_relevant=True env_relevant=False | 이 논문은 온라인 여행 커뮤니티(OTC)를 분석 대상으로 삼아, 그 내부의 형식적·비형식적 커뮤니케이션이 관광객의 행동 변화에 미치는 영향을 PPM 틀로 규명함으로써, OTC를 관광 정보 소비와 행동 변화가 일어나는 '장'으로 조명하고 있으나, 회원제·운영 방침·익명성·생애주기 등 커뮤니티의 구조적·환경적 조건 자체를 비교하거나 분석하지는 않는다. | has_community=True role_relevant=True env_relevant=False | 이 논문은 온라인 여행 커뮤니티(OTC) 내 형식적·비형식적 커뮤니케이션이 관광객의 행동 변화에 미치는 영향을 PPM 틀로 분석함으로써, 커뮤니티가 관광객 정보 탐색과 의사결정을 형성하는 '장'으로서의 사회적 역할을 조명한다(role_relevant), 다만 회원제·익명성·운영 방침 등 커뮤니티의 구조적·환경적 조건을 비교하거나 그 차이를 분석하지는 않는다(env_relevant: false). | has_community=True role_relevant=True env_relevant=False | 이 논문은 온라인 여행 커뮤니티(OTC)를 관광객의 공식·비공식 커뮤니케이션이 행동 변화에 미치는 영향을 분석하는 '장'으로 삼아 연구하나, 회원제·익명성·운영 방침 등 커뮤니티의 구조적·환경적 조건을 비교·분석하는 요소는 포함하지 않는다.","[ROLE] 이 논문은 OTC라는 공간을 배경으로 관광객의 정보 검색 행동 변화(PPM 프레임워크)를 분석하므로, 온라인 커뮤니티를 관광 소비자의 외부 행동 현상을 관찰하는 창(Window-MISC)으로 사용하는 데 그친다. | [ROLE] 본 논문은 OTC라는 공간을 통해 관광객의 여행 정보 검색·의사결정 행동(PPM 프레임워크)을 분석하는 것으로, OTC는 관광객이라는 외부 집단의 행동을 관찰하는 창(Window)으로 기능하며, 그 외부 현상은 '관광객의 여행 정보 탐색 행동'에 해당하므로 ROLE_WINDOW_MISC에 부여한다. | [ROLE] 이 논문은 OTC를 여행 정보 탐색·목적지 선택 등旅游者 행동이라는 외부 사회현상을 관측하는 창으로 설정하고, PPM 프레임워크로 여행자의 행동 변화를 설명하므로 ROLE_WINDOW_MISC에 해당한다.",True,0/3,run1:ROLE_WINDOW_MISC; run2:ROLE_WINDOW_MISC; run3:ROLE_WINDOW_MISC
ART001598476,Understanding the Interacting Roles of Online and Offline Brand Communities in Building Brand Loyalty,김용호(부산가톨릭대학교),2011,마케팅관리연구,kor,OK,ROLE_FIELD_SOCIALCAPITAL,,run1:없음; run2:없음; run3:없음,"has_community=True role_relevant=True env_relevant=False | 이 논문은 온라인 브랜드 커뮤니티가 브랜드 충성도를 구축하는 사회적 역할을 분석 대상으로 삼아(ROLE_FIELD), 소비자 경험과 C2C 상호작용 등을 매개로 충성도 형성 과정을 다루지만, 회원제·운영방침·익명성·생애주기 등 커뮤니티의 구조적·환경적 조건에 따른 차이나 비교를 다루지는 않으므로 env_relevant는 false이다. | has_community=True role_relevant=True env_relevant=False | 이 논문은 온라인 브랜드 커뮤니티가 브랜드 충성도를 구축하는 과정과 커뮤니티 충성도·C2C 상호작용이 미치는 조절 효과를 분석함으로써, 온라인 커뮤니티라는 공간 자체의 사회적 역할(장)을 분석 대상으로 삼고 있으나, 회원제·익명성·운영 방침·생애주기 등 구조적·환경적 조건을 비교·분석하는 내용은 초록에 나타나지 않는다. | has_community=True role_relevant=True env_relevant=False | 이 논문은 온라인 브랜드 커뮤니티를 브랜드 충성도 형성의 '장'(ROLE_FIELD)으로 삼아 커뮤니티 충성도와 브랜드 충성도 의도 간의 관계를 분석하지만, 회원제·제재·익명성·생애주기 등 구조적·환경적 조건을 비교하거나 변화시키는 논의는 포함되어 있지 않다.","[ROLE] 이 논문은 온라인 브랜드 커뮤니티 공간 내에서 이용자 간 상호작용과 커뮤니티 소속감이 브랜드 충성도 형성에 어떻게 작용하는지를 분석하므로, 온라인 커뮤니티 공간 안의 관계적 자원(community loyalty, consumer-to-consumer interaction)을 다루는 FIELD 계열에 해당하나, 최종 종속변수가 브랜드 충성도라는 마케팅 결과이므로 SOCIALCAPITAL의 확률은 경계선 수준이다. | [ROLE] 본 연구는 브랜드 충성도(외부 마케팅 현상)를 온라인 브랜드 커뮤니티라는 맥락에서 이해하는 창(WINDOW_MISC)으로 커뮤니티를 사용하며, 소비자 간 상호작용이나 커뮤니티 충성도 같은 관계적 요소가 부분적으로 등장하나 분석의 종속변수는 브랜드 충성도이므로 공론장·사회자본 계열은 미부여된다. | [ROLE] 온라인 브랜드 커뮤니티 안에서 이용자 간 상호작용(C2C interaction)과 커뮤니티 유대(community loyalty)가 브랜드 충성도에 미치는 효과를 분석하는 연구로, 커뮤니티 공간 내부의 관계적 자원 형성과 그 효과를 다루므로 SOCIALCAPITAL이 부여되고, 공론장·양극화·젠더·혐오·기타 외부 사회현상 창으로의 역할은 판별되지 않는다.",False,0/3,run1:ROLE_FIELD_SOCIALCAPITAL; run2:ROLE_WINDOW_MISC; run3:ROLE_FIELD_SOCIALCAPITAL
ART001078016,"관광관련 온라인 브랜드 커뮤니티의 상호작용성이 관계품질, 브랜드 충성도와 브랜드 사랑에 미치는 영향: Flow 경험의 매개역할을 중심으로",박희석(남서울대학교),2007,고객만족경영연구,kor,ERR,,,run1:없음; run2:없음; run3:없음,"has_community=True role_relevant=True env_relevant=True | 이 논문은 관광분야 온라인 브랜드 커뮤니티의 상호작용성이 관계품질과 브랜드 충성도·사랑에 미치는 영향을 분석하며, 커뮤니티를 브랜드 관계가 형성되는 '장'으로 조명하는 동시에, 회원제 커뮤니티(타운홈피)와 개방형 웹사이트, 오프라인 비이용자 간 비교를 통해 커뮤니티의 구조적 조건(회원제 유무)에 따른 관계품질 경로 차이를 보여주므로 환경 요인도 고려된다. | has_community=True role_relevant=True env_relevant=True | 이 논문은 관광 분야 온라인 브랜드 커뮤니티 자체의 상호작용 구조(기업→회원, 회원↔회원, 회원→기업)와 회원/비회원(오프라인·웹사이트·타운홈피) 간 관계품질·브랜드 충성도 차이를 비교 분석함으로써, 커뮤니티라는 공간의 사회적 역할(장)과 동시에 회원제 유무·상호작용 유형 등 구조적 환경 조건(ENV)을 함께 고려한다. | has_community=True role_relevant=True env_relevant=False | 이 논문은 관광 분야 온라인 브랜드 커뮤니티를 브랜드 충성도와 사랑을 형성하는 '장'으로 설정하고, 커뮤니티 내 상호작용 유형(기업↔회원, 회원↔회원)이 관계질에 미치는 영향을 분석하므로 role_relevant는 true이나, 커뮤니티의 회원제·운영방침·익명성·생애주기 등 구조적·환경적 조건에 따른 차이를 비교·검토하지 않으므로 env_relevant는 false이다.","[ROLE] 이 논문은 관광 브랜드 커뮤니티 내 상호작용성(기업→회원, 회원↔회원, 회원→기업)이 신뢰·관계몰입·브랜드 애착 등 관계질량을 매개로 브랜드 충성도와 사랑에 미치는 영향을 실증 분석하는 마케팅 연구로, 온라인 커뮤니티 공간 안에서의 상호작용을 다루되 그 관계의 당사자가 이용자 간 사회적 자본이라기보다 소비자-브랜드 간 관계이므로 SOCIALCAPITAL 임계선에 미달하고, 관광 브랜드 충성도라는 외부 현상을 다루되 온라인 커뮤니티의 상호작용 기제 자체가 분석 핵심이므로 WINDOW_MISC 역시 임계선에 미달하여 6개 코드 모두 미부여된다. | [ENV] 본 연구는 온라인 브랜드 커뮤니티의 상호작용 유형과 관계 품질 변수를 채널(웹사이트·타운홈피·오프라인)별로 비교하나, 회원제 등급·운영 체계·커뮤니티 생애주기·익명성 수준에 따른 결과 차이는 분석 대상이 아니므로 4개 ENV 코드 모두 미부여한다. | [ROLE] 본 연구는 온라인 브랜드 커뮤니티의 상호작용(기업→회원, 회원↔회원, 회원→기업)이 신뢰·관계몰입·브랜드 애착 등 관계적 자원의 형성·효과를 매개하여 브랜드 충성도와 사랑에 이르는지 분석하므로, 커뮤니티 공간 안의 관계적 자원 형성이라는 장(SOCIALCAPITAL)으로서의 역할을 조명한다. | [ENV] 회원(이용자)과 비이용자를 비교 변수로 포함하나, 이는 마케팅 성과의 플랫폼 효과 차이를 확인하는 데 그치고 회원제 구조 자체의 영향이나 운영체제·생애주기·익명성 차원을 분석 대상으로 삼지 않으므로 4개 코드 모두 미부여로 판단한다. | [ROLE] 본 연구는 온라인 브랜드 커뮤니티 공간 안의 상호작용 유형이 신뢰·애착·몰입 등 관계 품질을 매개로 브랜드 충성도·사랑에 미치는 영향을 분석하여 커뮤니티가 관계 유지·강화에 기여하는 장 역할을 규명하지만, 관계의 당사자가 이용자 간이 아닌 이용자-브랜드(기업) 간이므로 SOCIALCAPITAL의 '이용자 간 연결' 요건을 충족하지 못하며, 공론장 검증이나 외부 사회현상 포착도 아니어서 6개 코드 모두 미부여에 해당한다.",False,2/3,run1:없음; run2:ROLE_FIELD_SOCIALCAPITAL; run3:없음
ART002978982,온라인 커뮤니티에 드러난 MZ세대의 감성과 여론조사 간 상관관계에 관한 연구,최한별(명지대학교),2023,한국IT서비스학회지,kor,OK,ROLE_WINDOW_MISC,,run1:없음; run2:없음; run3:없음,"has_community=True role_relevant=True env_relevant=False | 이 논문은 MZ세대의 정치적 지지를 이해하기 위해 온라인 커뮤니티 텍스트를 전통적 여론조사를 보완하는 창(ROLE_WINDOW)으로 활용하며, 커뮤니티의 구조적·환경적 조건(회원제, 익명성, 운영방침 등)을 분석 대상에 포함하지 않는다. | has_community=True role_relevant=True env_relevant=False | 이 논문은 MZ세대의 정치적 감정을 분석하기 위해 온라인 커뮤니티 텍스트 데이터를 수집·분석하는 자료원으로 활용하여, 커뮤니티를 선거 및 공론 여론을 가늠하는 '창'으로 조명하나, 커뮤니티의 구조적·환경적 조건(회원제, 익명성, 운영방침 등)에 따른 차이·비교를 다루지 않으므로 env_relevant는 false이다. | has_community=True role_relevant=True env_relevant=False | 이 논문은 MZ세대의 정치 의견과 공론을 파악하기 위해 온라인 커뮤니티 텍스트 데이터를 전통 여론조사의 보완 수단으로 활용하여, 커뮤니티를 외부 사회현상(정치적 지지, 여론)을 읽어내는 창(ROLE_WINDOW_MISC)으로 조명하지만, 커뮤니티의 구조적·환경적 조건(회원제, 익명성, 운영 방침 등)에 따른 차이·비교·변화를 다루지 않는다.","[ROLE] 온라인 커뮤니티를 전통적 여론조사의 한계를 보완하는 데이터 소스로 활용하여 MZ 세대의 정치적 의견·감정(선거 지지율)을 측정·검증하는 연구이므로, 커뮤니티 공간 자체의 역할이 아닌 커뮤니티를 통해 외부에 실체가 있는 MZ 유권자 집단의 정치적 선호를 보여주는 창(WINDOW_MISC)으로 분류된다. | [ROLE] 본 연구는 온라인 커뮤니티를 전통적 여론조사를 보완하는 수단으로 위치시킴으로써, MZ세대의 정치 여론·정서라는 외부 사회현상을 관측하는 창(WINDOW)으로 활용하고 있으므로 ROLE_WINDOW_MISC가 부여된다. | [ROLE] 온라인 커뮤니티 텍스트를 20대 유권자의 정치적 선호·여론을 측정하는 데이터 소스로 활용하여 전통적 여론조사와의 상관성을 검증하는 연구이므로, 커뮤니티 공간의 내부 구조나 공론장 기능·관계적 자원이 아니라 커뮤니티 밖 실체(청년층 선거 여론)를 보여주는 창(Window)으로 사용되며, 해당 현상은 정치적 양극화·젠더·혐오가 아닌 'MZ세대 정치적 선호'라는_MISC에 해당한다.",True,0/3,run1:ROLE_WINDOW_MISC; run2:ROLE_WINDOW_MISC; run3:ROLE_WINDOW_MISC
ART002341850,부정적 언론보도 상황에서 인증과 온라인 커뮤니티의 추천이 지각된 위험과 제품태도에 미치는 영향,김은광(서울시립대학교),2018,고객만족경영연구,kor,ERR,,,run1:없음; run2:없음; run3:없음,"has_community=True role_relevant=False env_relevant=False | 이 논문은 '온라인 커뮤니티의 추천'을 인증과 비교하는 광고 메시지 유형 변수로만 사용하여, 커뮤니티 자체의 구조·역할·운영 조건을 분석 대상으로 삼지 않으므로 커뮤니티는 연구의 재료로만 언급된다. | has_community=False role_relevant=False env_relevant=False | 이 논문은 부정적 언론보도 상황에서 광고 메시지의 유형(인증 vs. 온라인 커뮤니티 추천)이 제품 태도에 미치는 영향을 실험적으로 검증하는 마케팅 연구로, 온라인 커뮤니티는 '추천 메시지'의 출처로서 언급될 뿐, 커뮤니티 공간 자체의 상호작용·구조·역할이 분석 대상이 되지 않는다. | has_community=False role_relevant=False env_relevant=False | 이 논문은 부정적 언론보도 상황에서 '온라인 커뮤니티의 추천'을 광고메시지의 한 유형으로 설정하여 인증 획득 메시지와 실험적으로 비교하는 연구로, 온라인 커뮤니티 자체를 분석 대상으로 삼지 않고 추천의 출처로서만 언급하므로 커뮤니티가 연구의 대상이 아니다.","이 논문은 '온라인 커뮤니티의 추천'을 인증과 비교하는 광고 메시지 유형 변수로만 사용하여, 커뮤니티 자체의 구조·역할·운영 조건을 분석 대상으로 삼지 않으므로 커뮤니티는 연구의 재료로만 언급된다. | 이 논문은 부정적 언론보도 상황에서 광고 메시지의 유형(인증 vs. 온라인 커뮤니티 추천)이 제품 태도에 미치는 영향을 실험적으로 검증하는 마케팅 연구로, 온라인 커뮤니티는 '추천 메시지'의 출처로서 언급될 뿐, 커뮤니티 공간 자체의 상호작용·구조·역할이 분석 대상이 되지 않는다. | 이 논문은 부정적 언론보도 상황에서 '온라인 커뮤니티의 추천'을 광고메시지의 한 유형으로 설정하여 인증 획득 메시지와 실험적으로 비교하는 연구로, 온라인 커뮤니티 자체를 분석 대상으로 삼지 않고 추천의 출처로서만 언급하므로 커뮤니티가 연구의 대상이 아니다.",True,3/3,run1:없음; run2:없음; run3:없음
ART001104446,"안티사이트에서의 콘텐츠 속성, 공유의 가치, 신뢰, 몰입간 구조적 관계",김훈(세명대학교),2005,광고연구,kor,OK,ROLE_FIELD_SOCIALCAPITAL,,run1:없음; run2:없음; run3:없음,"has_community=True role_relevant=True env_relevant=False | 이 논문은 온라인 커뮤니티의 특수형태인 기업 안티사이트를 분석 대상으로 삼아, 콘텐츠 속성과 회원 간 공유의 가치가 소비자 신뢰 형성에 미치는 영향을 실증적으로 규명하며, 커뮤니티 자체를 소비자의 합법적 주권 보호와 안티 집단 형성을 매개하는 '장'으로 조명하나, 회원제·익명성·운영 방침·생애주기 등 구조적·환경적 조건을 비교·분석하지는 않는다. | has_community=True role_relevant=True env_relevant=False | 이 논문은 기업 안티사이트라는 온라인 커뮤니티를 소비자 신뢰 형성 및 집단적 안티행동의 '장'으로 분석하나, 회원제·익명성·운영 방침 등 구조적·환경적 조건을 비교·검토하지 않으므로 env_relevant는 false이다. | has_community=True role_relevant=True env_relevant=False | 이 논문은 온라인 커뮤니티의 특수형태인 안티사이트를 분석 대상으로 삼아, 그곳에서 소비자 신뢰가 형성되고 소수 불만 소비자가 대규모 안티집단으로 성장하는 과정을 연구하므로 커뮤니티가 소비자 주권 행사의 '장'으로 조명되며(role_relevant), 다만 회원제·운영방침·익명성 등 구조적·환경적 조건에 따른 차이나 비교를 다루지 않으므로 env_relevant는 false이다.","[ROLE] 이 논문은 기업 안티사이트라는 온라인 커뮤니티 공간 안에서 소비자 간 신뢰 형성 과정(콘텐츠 속성, 다른 회원과의 의견 일치·이해·감정 공유)과 소수에서 대규모 집단으로의 네트워크 확장 메커니즘을 실증적으로 규명하는 것이므로, 장(FIELD)으로서의 사회자본(신뢰·공유·네트워크) 형성이 핵심 분석 대상이다. | [ROLE] 이 논문은 기업 안티사이트라는 온라인 커뮤니티 공간 안에서 이용자 간 신뢰 형성·공유 가치·집단 성장 과정(소수→대규모 안티기업집단)을 실증적으로 분석하므로, 장(FIELD)으로서의 사회자본(ROLE_FIELD_SOCIALCAPITAL) 역할이 부여되며, 외부 사회현상을 보여주는 창(WINDOW)으로는 해당하지 않는다. | [ROLE] 이 논문은 안티사이트라는 온라인 커뮤니티 공간 안에서 이용자 간 신뢰 형성과 공유의 가치(의견 일치성, 상호 이해, 정서적 연결)가 어떻게 관계적 자원으로서 작동하는지를 실증적으로 분석하므로 장(FIELD)으로서의 사회자본 형성(ROLE_FIELD_SOCIALCAPITAL)에 부여하되, 안티기업 현상 자체가 외부 사회현상이라는 점은 WINDOW_MISC으로의 가능성을 배제하지 못한다.",True,0/3,run1:ROLE_FIELD_SOCIALCAPITAL; run2:ROLE_FIELD_SOCIALCAPITAL; run3:ROLE_FIELD_SOCIALCAPITAL
ART000993250,락앤락: 밀폐용기 시장의 작은 거인,차태훈(한국외국어대학교),2006,Korea Business Review,kor,ERR,,,run1:없음; run2:없음; run3:없음,"has_community=False role_relevant=False env_relevant=False | 이 논문은 락앤락의 제품 관여도와 시장진입전략, 글로벌 광고효과를 중심으로 한 마케팅 사례 연구이며, 온라인 커뮤니티는 홈쇼핑·TV광고·해외 딜러 전략과 나란히 언급된 홍보 채널 중 하나로만 서술되어 커뮤니티 자체를 분석 대상으로 삼지 않는다. | has_community=False role_relevant=False env_relevant=False | 이 논문은 락앤락 브랜드의 제품 관여도와 시장진입전략, 글로벌 광고 효과를 분석하는 마케팅 사례연구이며, 온라인 커뮤니티는 매스커뮤니케이션과 함께 브랜드 친근감 형성 수단으로 한 문장 언급될 뿐 연구 분석 대상이 아니다. | has_community=True role_relevant=False env_relevant=False | 온라인 커뮤니티는 락앤락의 시장진입 마케팅 채널 중 하나로 서술에 불과하며, 커뮤니티 자체의 구조·역할을 분석하거나 이를 사회현상 이해의 창·장 삼는 것이 아니므로 커뮤니티를 연구 대상으로 삼지 않는다.","이 논문은 락앤락의 제품 관여도와 시장진입전략, 글로벌 광고효과를 중심으로 한 마케팅 사례 연구이며, 온라인 커뮤니티는 홈쇼핑·TV광고·해외 딜러 전략과 나란히 언급된 홍보 채널 중 하나로만 서술되어 커뮤니티 자체를 분석 대상으로 삼지 않는다. | 이 논문은 락앤락 브랜드의 제품 관여도와 시장진입전략, 글로벌 광고 효과를 분석하는 마케팅 사례연구이며, 온라인 커뮤니티는 매스커뮤니케이션과 함께 브랜드 친근감 형성 수단으로 한 문장 언급될 뿐 연구 분석 대상이 아니다. | 온라인 커뮤니티는 락앤락의 시장진입 마케팅 채널 중 하나로 서술에 불과하며, 커뮤니티 자체의 구조·역할을 분석하거나 이를 사회현상 이해의 창·장 삼는 것이 아니므로 커뮤니티를 연구 대상으로 삼지 않는다.",True,3/3,run1:없음; run2:없음; run3:없음
ART002247977,고객 서비스 네트워크에서의 고객가치창출에 관한 연구: 의료 커뮤니티를 중심으로,김지영(연세대학교),2017,고객만족경영연구,kor,OK,ROLE_FIELD_SOCIALCAPITAL,,run1:없음; run2:없음; run3:없음,"has_community=True role_relevant=True env_relevant=False | 이 논문은 온라인 의료 커뮤니티 내 고객 참여가 인지적·감정적 가치와 삶의 질에 미치는 영향을 실증 분석하여, 커뮤니티가 고객가치창출의 '장'으로서 기능하는지를 조명하나, 회원제·익명성·운영 방침 등 구조적·환경적 조건에 따른 차이·비교를 다루지 않는다. | has_community=True role_relevant=True env_relevant=False | 이 논문은 온라인 의료 커뮤니티를 고객 참여를 통해 인지적·감정적 가치와 삶의 질을 창출하는 '장'으로 조명하지만, 회원제·익명성·운영 방침 등 커뮤니티의 구조적·환경적 조건을 고려하지 않는다. | has_community=True role_relevant=True env_relevant=False | 이 논문은 온라인 의료 커뮤니티 내에서 고객의 참여와 정보 공유가 인지적·감정적 가치 및 삶의 질에 미치는 영향을 실증하여, 커뮤니티라는 공간 자체가 고객가치 창출의 사회적 역할(장)을 분석 대상으로 삼지만, 회원제·익명성·운영 방침 등 구조적·환경적 조건을 비교·고찰하지는 않는다.","[ROLE] 본 논문은 온라인 의료 커뮤니티 안에서 다수 고객 간 네트워크를 통한 정보 공유와 참여가 인지적·감정적 가치 및 삶의 질에 미치는 효과를 실증함으로써, 이용자 간 관계적 자원(네트워크·정보 교환)의 존재와 효과를 분석 대상으로 삼는 사회자본(FIELD) 연구로 판정된다. | [ROLE] 이 논문은 온라인 의료 커뮤니티 내 고객들의 참여·정보 공유·상호작용이라는 관계적 자원이 인지적·감정적 가치와 삶의 질에 미치는 효과를 실증함으로써, 커뮤니티 공간 안의 이용자 간 연결과 그 효과를 분석 대상으로 삼는 사회자본(SOCIALCAPITAL) 관점의 연구이다. | [ROLE] 본 연구는 온라인 의료 커뮤니티라는 공간 안에서 고객 간 네트워크 참여·정보 공유·상호작용이 인지적·감정적 가치와 삶의 질에 미치는 효과를 실증함으로써, 이용자 간 관계적 자원(참여·네트워크)의 존재와 효과를 분석하는 장으로서의 사회자본(SOCIALCAPITAL) 역할에 해당한다.",True,0/3,run1:ROLE_FIELD_SOCIALCAPITAL; run2:ROLE_FIELD_SOCIALCAPITAL; run3:ROLE_FIELD_SOCIALCAPITAL
ART001707998,온라인 브랜드커뮤니티에서 구성원들의 유형과 영향력,장영혜(계명대학교),2012,경영교육연구,kor,OK,ROLE_FIELD_SOCIALCAPITAL,,run1:없음; run2:없음; run3:없음,"has_community=True role_relevant=True env_relevant=False | 이 논문은 소비자 주도형 자동차 브랜드커뮤니티를 분석 대상으로 삼아 참여행동 유형과 의견 선도자의 정보 확산·브랜드애착 기능을 규명하므로 커뮤니티 자체의 사회적 기능(장)을 조명하나, 회원제·운영방침·익명성 등 구조적 환경 조건이 참여 유형이나 정보 확산에 미치는 차이·비교를 다루지 않으므로 env_relevant는 false이다. | has_community=True role_relevant=True env_relevant=False | 이 논문은 온라인 브랜드커뮤니티 내 참여행동 유형과 의견 선도자의 정보 확산·브랜드애착 영향력을 분석함으로써, 커뮤니티를 소비자 참여와 브랜드 구축의 '장'으로 조명하나, 회원제·익명성·운영방침 등 구조적 환경 조건에 따른 차이 비교는 다루지 않는다. | has_community=True role_relevant=True env_relevant=False | 이 논문은 온라인 브랜드커뮤니티 내 참여행동 유형과 의견선도자의 정보 확산·브랜드애착·제품개발 참여 영향력을 분석하여, 커뮤니티 공간을 정보 확산과 브랜드 참여의 사회적 역할을 수행하는 '장'으로 조명하나, 회원제·익명성·운영방침 등 구조적·환경적 조건을 변인으로 비교하거나 분석하지는 않는다.","[ROLE] 본 연구는 온라인 브랜드커뮤니티 내부에서 참여행동 유형 분류와 의견 선도자의 정보 확산·브랜드애착 효과를 분석하는 것으로, 커뮤니티 공간 안 이용자 간 연결의 강도와 네트워크적 영향이라는 관계적 자원(사회적 자본)의 관점에서 장(FIELD) 역할을 수행한다고 판단된다. | [ROLE] 본 연구는 온라인 브랜드커뮤니티 공간 안에서 참여 유형 분류, 정보 확산, 의견 선도자의 중심적 역할, 브랜드애착 등 이용자 간 관계적 상호작용을 분석하는 것으로, 커뮤니티라는 장의 내적 관계 역학을 다루되 공론장 검증이나 외부 사회현상 포착보다는 사회적 자본(참여·정보전달·네트워크) 측면에 초점을 둔다. | [ROLE] 이 논문은 온라인 브랜드커뮤니티 내부의 참여행동 유형, 정보 확산, 의견 선도자의 네트워크적 중심성, 브랜드애착 등 이용자 간 관계적 상호작용 구조를 분석하므로, 커뮤니티 공간 안에서의 관계적 자원(참여·공유·네트워크)을 다루는 FIELD 계열(ROLE_FIELD_SOCIALCAPITAL)에 가장 근접하나, 공론장 검증이나 외부 사회현상 포착의 성격은 강하지 않다.",True,0/3,run1:ROLE_FIELD_SOCIALCAPITAL; run2:ROLE_FIELD_SOCIALCAPITAL; run3:ROLE_FIELD_SOCIALCAPITAL
ART002076897,Antecedents and Consequences of Participation and Browsing in Social Network Communities,웬 티 웨트 민(울산대학교),2016,마케팅관리연구,kor,OK,ROLE_FIELD_SOCIALCAPITAL,,run1:없음; run2:없음; run3:없음,"has_community=True role_relevant=True env_relevant=False | 이 논문은 Facebook 커뮤니티를 사회적 영향이 작동하고 참여·관계 지속이 발생하는 '장'으로서 분석 대상으로 삼되, 회원제·익명성·운영 방침 등 커뮤니티의 구조적·환경적 조건을 비교하거나 변수로 다루지 않으므로 role은 해당하나 env는 해당하지 않는다. | has_community=True role_relevant=True env_relevant=False | 이 논문은 Facebook이라는 소셜 네트워크 커뮤니티 내에서 혜택과 사회적 상호작용이 사용자 참여·활용 행동 및 구매·계속 의사에 미치는 영향을 분석하여, 온라인 커뮤니티가 사용자 행동과 사회 영향력을 형성하는 '장'으로서의 역할을 연구 대상으로 삼고 있으나, 회원제·익명성·운영 방침 등 구조적·환경적 조건을 비교하거나 고려하지는 않는다. | has_community=True role_relevant=True env_relevant=False | 이 논문은 Facebook이라는 온라인 커뮤니티를 사회적 영향과 관계 형성이 이루어지는 '장'으로 삼아 참여·浏覽 행동과 지속 의도를 분석하지만, 회원제·제재·익명성 등 커뮤니티의 구조적·환경적 조건 자체를 비교·분석하지는 않는다.","[ROLE] 본 연구는 온라인 커뮤니티 내부에서 이용자 간 친밀도(familiarity)·가까움(closeness) 등 사회교류가 참여·활용 행동 및 관계 지속 의도에 미치는 영향을 분석함으로써, 커뮤니티 공간 안에서 형성·유지되는 관계적 자원(사회자본)을 분석 대상으로 삼는 FIELD 계열로, 특히 ROLE_FIELD_SOCIALCAPITAL에 해당한다. | [ROLE] 본 연구는 Facebook 커뮤니티 내에서 이용자 간 친밀도(familiarity)와 가깝기(closeness)라는 사회적 상호작용이 참여·浏람 행동과 회원 지속 의도에 미치는 영향을 검증하는 것으로, 커뮤니티 공간 안에서 이용자 간 관계적 연결의 강도와 효과를 다루는 장(SOCIALCAPITAL)으로서의 역할을 보여준다. | [ROLE] 본 연구는 Facebook이라는 온라인 커뮤니티 공간 안에서 이용자 간 친밀도(familiarity)와 가까움(closeness)이라는 관계적 자원이 참여·유입 행동에 미치는 효과를 분석하므로, 공간 내 이용자 간 연결의 강도와 효과를 다루는 장으로서의 사회적 자본(FIELD_SOCIALCAPITAL)에 해당하나, 공론장 검증이나 외부 사회현상 포착에는 해당하지 않는다.",True,0/3,run1:ROLE_FIELD_SOCIALCAPITAL; run2:ROLE_FIELD_SOCIALCAPITAL; run3:ROLE_FIELD_SOCIALCAPITAL
ART001918062,"사회적 자본, 지식 품질 그리고 온라인 브랜드 커뮤니티의 성공",윤철호(목포대학교),2014,한국IT서비스학회지,kor,OK,ROLE_FIELD_SOCIALCAPITAL,,run1:없음; run2:없음; run3:없음,"has_community=True role_relevant=True env_relevant=False | 이 논문은 온라인 브랜드 커뮤니티의 성공을 분석하여, 커뮤니티 참여와 브랜드 신뢰가 브랜드 충성도로 이어지는 과정을 규명함으로써 커뮤니티라는 공간 자체의 사회적 역할(장)을 분석 대상으로 삼으나, 회원제·익명성·운영 방침·생애주기 등 구조적·환경적 조건을 비교·검토하지 않는다. | has_community=True role_relevant=True env_relevant=False | 이 논문은 온라인 브랜드 커뮤니티를 사회적 자본(신뢰·동일시)과 지식 품질이 브랜드 충성도로 이어지는 '장'으로 조명하나, 회원제·제재·익명성·생애주기 등 구조적·환경적 조건에 따른 차이를 다루지 않는다. | has_community=True role_relevant=True env_relevant=False | 이 논문은 온라인 브랜드 커뮤니티가 사회적 자본과 지식 품질을 통해 브랜드 신뢰와 충성도를 형성하는 공간으로 기능하는지 분석하므로 커뮤니티 자체의 사회적 역할(장)을 조명하나, 회원제·운영 방침·익명성 등 구조적·환경적 조건에 따른 차이를 다루지 않는다.","[ROLE] 본 연구는 온라인 브랜드 커뮤니티라는 공간 안에서 이용자 간 신뢰·식별성(사회적 자본)과 지식 품질이 참여→브랜드 신뢰→브랜드 충성도로 이어지는 관계적 연결의 형성·효과를 구조방정식 모형으로 검증하므로, 장으로서의 사회적 자본 형성을 다루는 FIELD 계열(Role_Field_SocialCapital)에 해당한다. | [ROLE] 이 논문은 온라인 브랜드 커뮤니티 내부에서 형성되는 신뢰·사적동일성(사회적 자본)과 지식 품질이 참여와 브랜드 충성도에 미치는 효과를 구조방정식모형으로 분석하는 것으로, 커뮤니티 공간 안에서 이용자 간 관계적 자원의 형성·효과를 분석 대상으로 삼는 현장(FIELD) 계열의 사회적 자본 연구이다. | [ROLE] 본 연구는 온라인 브랜드 커뮤니티 내 이용자 간 신뢰(trust)와 동일시(identification)라는 사회자본이 참여를 거쳐 브랜드 신뢰·충성도로 이어지는 인과 경로를 구조방정식모형으로 검증하므로, 커뮤니티 공간 안에서 이용자 간 관계적 자원의 형성·효과를 분석하는 장(FIELD)으로서의 사회자본(ROLE_FIELD_SOCIALCAPITAL)에 해당한다.",True,0/3,run1:ROLE_FIELD_SOCIALCAPITAL; run2:ROLE_FIELD_SOCIALCAPITAL; run3:ROLE_FIELD_SOCIALCAPITAL
ART002850607,온라인 커뮤니티 이용자 참여 증진을 위한 관리자의 운영 전략: 대학별 대나무숲 분석을 중심으로,김혜정(연세대학교),2022,지식경영연구,kor,OK,,ENV_COMMUNITY_GOVERNANCE,run1:없음; run2:없음; run3:없음,"has_community=True role_relevant=True env_relevant=True | 이 논문은 대학별 대나무 숲이라는 온라인 커뮤니티를 이용자 참여가 일어나는 '장'으로서 조명하면서, 관리자의 게시글·댓글 관리 방식과 감성 단어 수, 극성 일치 댓글의 상단 노출 등 운영·제재 조건이 소극적·적극적 참여에 미치는 차이를 실증 분석하여, 커뮤니티의 구조적·환경적 조건에 따른 참여 변화까지 함께 고려한다. | has_community=True role_relevant=True env_relevant=True | 이 논문은 대나무 숲과 같은 온라인 커뮤니티에서 이용자의 소극적·적극적 참여를 연구 대상으로 삼아 커뮤니티를 소통과 참여의 장(ROLE_FIELD)으로 조명하고, 동시에 관리자의 직접적·간접적 참여, 게시글 감성 단어 수, 댓글 상단 노출 등 운영·제재 방식(ENV)이 참여 유형에 미치는 차별적 영향을 실증 분석하여 환경적 조건에 따른 변화를 검토한다. | has_community=True role_relevant=True env_relevant=True | 이 논문은 대학별 대나무 숲 온라인 커뮤니티를 이용자 참여가 일어나는 '장'으로 삼아 분석하고, 관리자의 직접·간접 참여, 게시글 감성 단어 수, 댓글 상단 노출(추천) 등 운영·제재 방식이 소극적·적극적 참여에 미치는 차이를 실증적으로 비교함으로써 커뮤니티의 환경적 조건을 조명한다.","[ROLE] 본 연구는 대나무 숲 커뮤니티에서 관리자의 전략적 참여가 이용자 참여(소극적·적극적)에 미치는 영향을 실증적으로 분석하는 운영·관리 전략 중심 연구로, 공론장 검증이나 이용자 간 관계적 자원 형성이 아닌 관리자-이용자 간 참여 유발 기제가 분석 대상이므로 6개 ROLE 코드 중 어느 하나에도 부여되지 않는다. | [ENV] 본 연구는 관리자의 게시글·댓글 관리 및 상단 노출 등 커뮤니티 운영·검열 기제가 소극적·적극적 참여에 미치는 차별적 영향을 실증 분석하므로 ENV_COMMUNITY_GOVERNANCE가 부여되며, 대나무 숲은 단순 데이터 소스로 언급되어 익명성 비교가 이루어지지 않아 ENV_ONLINE_ANNONIMITY는 미부여된다. | [ROLE] 본 논문은 관리자 참여와 콘텐츠 관리가 이용자 참여에 미치는 영향을 실증 분석하는 커뮤니티 운영·참여 메커니즘 연구로서, 공론장 검증·사회적 자본(이용자 간 관계)·외부 사회현상 포착 중 어느 하나에도 부합하지 않아 6개 코드 모두 미부여. | [ENV] 본 연구는 관리자(운영자)의 직접·간접 참여와 게시글·댓글 관리·노출 순서 등 커뮤니티 운영체계가 이용자 참여 유형에 미치는 차이를 실증 분석하므로 ENV_COMMUNITY_GOVERNANCE가 부여되며, 회원제·생애주기·익명성 비교에 대한 분석은 없으므로 그 외 세 코드는 미부여한다. | [ROLE] 본 연구는 대나무 숲 커뮤니티 내에서 관리자의 전략적 참여가 이용자 참여(소극적·적극적)에 미치는 영향을 실증 분석하는 것으로, 온라인 커뮤니티 공간 자체의 운영 역학을 다루므로 FIELD 계열에 가깝지만, 공론장 평가도 이용자 간 관계적 자원(신뢰·연대·네트워크) 형성도 아닌 관리자–이용자 간 운영-참여 관계를 분석하는 것이므로 6개 코드 중 어느 하나에도 명확히 부합하지 않는다. | [ENV] 본 연구는 관리자의 직접·간접 참여, 게시글·댓글 관리, 댓글 노출 순서 등 커뮤니티 운영체계의 구체적 기제가 소극적·적극적 참여에 차별적으로 미치는 영향을 실증 분석하므로 ENV_COMMUNITY_GOVERNANCE가 부여되며, 회원제·생애주기·익명성 비교는 분석 대상이 아니므로 나머지 세 코드는 미부여한다.",True,0/3,run1:ENV_COMMUNITY_GOVERNANCE; run2:ENV_COMMUNITY_GOVERNANCE; run3:ENV_COMMUNITY_GOVERNANCE
ART002979434,청년층의 커뮤니티 이용 동기와 창업 태도와의 관계에서 사회자본의 매개효과에 대한 실증연구,하준식(호서대 벤처대학원 정보경영학과),2023,경영컨설팅연구,kor,OK,ROLE_FIELD_SOCIALCAPITAL,,run1:없음; run2:없음; run3:없음,"has_community=True role_relevant=True env_relevant=False | 이 논문은 청년창업 태도 형성에 커뮤니티 이용 동기(정보추구·관계형성)와 사회자본의 매개효과를 실증 분석하며, 온라인 커뮤니티를 사회적 자본을 축적하고 창업태도를 형성하는 '장'으로서의 사회적 역할을 조명하나, 회원제·익명성·운영방침 등 커뮤니티의 구조적·환경적 조건에 따른 차이는 다루지 않는다. | has_community=True role_relevant=True env_relevant=False | 이 논문은 청년창업 태도에 미치는 영향으로서 온라인·오프라인 커뮤니티의 사회자본 축적 기능을 검증하므로 커뮤니티를 '장'으로 조명하나, 회원제·익명성·운영 방침 등 커뮤니티의 구조적·환경적 조건을 분석하지는 않는다. | has_community=True role_relevant=False env_relevant=False | 이 논문은 청년창업 태도에 미치는 영향력을 실증하기 위해 온라인·오프라인 커뮤니티 참여를 사회자본 축적의 채널로서 구조방정식 변수로 처리하고 있으나, 커뮤니티 자체의 사회적 역할(창·장)을 조명하거나 운영 구조·제재·익명성 등 환경적 조건을 고려하지 않으므로 role·env 모두 해당하지 않는다.","[ROLE] 본 연구는 온라인·오프라인 커뮤니티라는 공간 안에서 이용자 간 연결(약한/강한)을 통해 사회자본이 형성되고 이것이 창업태도에 매개효과를 준다는 관계를 실증적으로 검증함으로써, 커뮤니티를 관계적 자원(사회자본)의 형성·효과를 다루는 '장'으로 분석한다. | [ROLE] 본 연구는 커뮤니티(온라인·오프라인) 참여를 매개로 참여자 간 연결적·결속적 사회자본이 형성·축적되어 창업태도에 영향을 미치는 매개효과를 실증하므로, 커뮤니티 공간 안에서 이용자 간 관계적 자원의 형성·효과를 분석하는 장(FIELD)으로서의 사회자본 역할에 해당한다. | 이 논문은 청년창업 태도에 미치는 영향력을 실증하기 위해 온라인·오프라인 커뮤니티 참여를 사회자본 축적의 채널로서 구조방정식 변수로 처리하고 있으나, 커뮤니티 자체의 사회적 역할(창·장)을 조명하거나 운영 구조·제재·익명성 등 환경적 조건을 고려하지 않으므로 role·env 모두 해당하지 않는다.",False,1/3,run1:ROLE_FIELD_SOCIALCAPITAL; run2:ROLE_FIELD_SOCIALCAPITAL; run3:없음
ART001958544,Effects of Consumer Participation in Online Brand Communities on Consumer Behavioral Intentions,웬티 풍 타오(울산대학교),2015,마케팅관리연구,kor,OK,ROLE_WINDOW_MISC,,run1:없음; run2:없음; run3:없음,"has_community=True role_relevant=True env_relevant=False | 이 논문은 온라인 브랜드 커뮤니티를 소비자 참여와 행동 의도를 매개하는 '장'으로서 그 사회적 역할을 분석 대상으로 삼고 있으나, 회원제·익명성·운영 방침 등 커뮤니티의 구조적·환경적 조건에 따른 비교나 차이는 다루지 않는다. | has_community=True role_relevant=True env_relevant=False | 이 논문은 온라인 브랜드 커뮤니티를 소비자 참여와 행동 의도가 형성되는 '장'으로 삼아 그 사회적 역할을 분석하나, 회원제·익명성·운영 방침 등 구조적·환경적 조건에 따른 차이나 비교를 다루지 않는다. | has_community=True role_relevant=True env_relevant=False | 이 논문은 온라인 브랜드 커뮤니티를 소비자 참여와 행동 의도를 이해하는 '창'으로 활용하여, 기능적·감성적·사회적 혜택이 참여에 미치는 영향을 분석하므로 role_relevant는 true이나, 회원제·익명성·운영 방침 등 커뮤니티의 구조적·환경적 조건을 비교·분석하지 않으므로 env_relevant는 false이다.","[ROLE] 본 논문은 온라인 브랜드 커뮤니티를 소비자의 참여와 행동의도(건설적 제안, 구매 의도)를 파악하는 도구로 위치시키며, 커뮤니티 내 사회·기능적 혜택이 개인 수준의 태도와 행동의도에 미치는 인과를 검증하므로, 커뮤니티 공간 자체의 공론장·사회자본 기능이라기보다 커뮤니티를 매개로 외부에 존재하는 소비자 행동 현상을 살펴보는 WINDOW_MISC에 해당한다. | [ROLE] 이 논문은 온라인 브랜드 커뮤니티를 소비자 참여와 행동 의도(구매·건설적 제안)라는 일반 소비자 행동 현상을 살펴보기 위한 도구·설정으로 설정하고 있어, 커뮤니티 공간 자체의 사회 역할이 아니라 커뮤니티를 매개로 외부에 존재하는 소비자 행동·브랜드 참여 현상을 포착하는 WINDOW_MISC에 해당한다. | [ROLE] 이 논문은 온라인 브랜드 커뮤니티를 소비자 참여와 행동 의도를 파악하는 '도구(tool)'로 위치시킴으로써, 커뮤니티 그 자체의 공론장·사회자본 기능보다는 온라인 커뮤니티를 매개로 소비자 행동이라는 외부 현상을 조명하는 창(WINDOW_MISC) 역할을 수행한다.",True,0/3,run1:ROLE_WINDOW_MISC; run2:ROLE_WINDOW_MISC; run3:ROLE_WINDOW_MISC
ART002452930,데이터 마이닝을 활용한 가짜뉴스의 선제적 대응을 위한 연구 : M 온라인 커뮤니티 게시물을 중심으로,임문영(호서대학교),2019,한국IT서비스학회지,kor,ERR,,,run1:없음; run2:없음; run3:없음,"has_community=True role_relevant=False env_relevant=False | 본 연구는 'M 커뮤니티' 게시판 크롤 데이터를 2017년 대선기 가짜뉴스 탐지용 랜덤포레스트 모델의 학습·검증 자료로만 활용하며, 커뮤니티의 공론장 기능이나 구조적·환경적 조건을 분석 대상으로 삼지 않으므로 커뮤니티는 연구의 도구·재료에 그친다. | has_community=True role_relevant=False env_relevant=False | 이 논문은 M커뮤니티 게시판의 크롤링 데이터를 원료로 2017 대선기 파가짜뉴스를 랜덤포레스트 알고리즘으로 사전 탐지하는 계산 모델링 연구이며, 커뮤니티의 '감시·응답 전통'을 한 문장 맥락으로 언급할 뿐 커뮤니티의 사회적 역할(창/장)이나 구조·환경 조건에 따른 차이·비교를 분석하지 않으므로 role·env 모두 해당하지 않는다. | has_community=True role_relevant=False env_relevant=False | 이 논문은 M커뮤니티 게시글을 2017 대선 기간 가짜뉴스 탐지용 머신러닝 모델의 학습 데이터로 활용하는 데 그치며, 커뮤니티의 사회적 역할이나 구조적·환경적 조건을 분석 대상으로 삼지 않으므로 역할·환경 조명 모두 해당하지 않는다.","본 연구는 'M 커뮤니티' 게시판 크롤 데이터를 2017년 대선기 가짜뉴스 탐지용 랜덤포레스트 모델의 학습·검증 자료로만 활용하며, 커뮤니티의 공론장 기능이나 구조적·환경적 조건을 분석 대상으로 삼지 않으므로 커뮤니티는 연구의 도구·재료에 그친다. | 이 논문은 M커뮤니티 게시판의 크롤링 데이터를 원료로 2017 대선기 파가짜뉴스를 랜덤포레스트 알고리즘으로 사전 탐지하는 계산 모델링 연구이며, 커뮤니티의 '감시·응답 전통'을 한 문장 맥락으로 언급할 뿐 커뮤니티의 사회적 역할(창/장)이나 구조·환경 조건에 따른 차이·비교를 분석하지 않으므로 role·env 모두 해당하지 않는다. | 이 논문은 M커뮤니티 게시글을 2017 대선 기간 가짜뉴스 탐지용 머신러닝 모델의 학습 데이터로 활용하는 데 그치며, 커뮤니티의 사회적 역할이나 구조적·환경적 조건을 분석 대상으로 삼지 않으므로 역할·환경 조명 모두 해당하지 않는다.",True,3/3,run1:없음; run2:없음; run3:없음
ART001617761,행위자기반모형을 활용한 확산 시뮬레이션 연구,홍재원(동서대학교),2011,기업경영연구,kor,ERR,,,run1:없음; run2:없음; run3:없음,"has_community=False role_relevant=False env_relevant=False | 이 논문은 네트워크 확산 시뮬레이션을 통해 허브·식역·최초수용자 등 네트워크 구조적 변수가 정보 확산에 미치는 영향을 분석하는 연구로, '온라인 커뮤니티 네트워크'를 네트워크 그래프의 적용 맥락으로만 언급할 뿐, 공통 관심사를 가진 사용자들의 지속적 상호작용·관계 형성 등 커뮤니티 자체를 분석 대상으로 삼지 않는다. | has_community=True role_relevant=False env_relevant=False | 이 논문은 온라인 커뮤니티 네트워크 내 정보 확산 메커니즘을 시뮬레이션으로 분석하나, 네트워크 구조(허브, 식역, 최초수용자)라는 일반적 사회네트워크 속성을 다루고 있을 뿐 커뮤니티의 사회적 역할(창/장)을 조명하지도, 회원제·운영방침·익명성·생애주기 등 커뮤니티의 구조적·환경적 조건에 따른 차이를 비교·분석하지도 않으므로 role·env 모두 해당되지 않는다. | has_community=True role_relevant=False env_relevant=False | 이 논문은 온라인 커뮤니티 네트워크를 정보 확산 시뮬레이션의 네트워크 구조로 설정하여 허브·식역·최초수용자 수 등 네트워크 확산 역학을 분석하는 것으로, 커뮤니티의 사회적 역할(창/장)을 조명하지도, 회원제·운영방침·익명성 등 커뮤니티의 구조적·환경적 조건을 고려하지도 않는다.","이 논문은 네트워크 확산 시뮬레이션을 통해 허브·식역·최초수용자 등 네트워크 구조적 변수가 정보 확산에 미치는 영향을 분석하는 연구로, '온라인 커뮤니티 네트워크'를 네트워크 그래프의 적용 맥락으로만 언급할 뿐, 공통 관심사를 가진 사용자들의 지속적 상호작용·관계 형성 등 커뮤니티 자체를 분석 대상으로 삼지 않는다. | 이 논문은 온라인 커뮤니티 네트워크 내 정보 확산 메커니즘을 시뮬레이션으로 분석하나, 네트워크 구조(허브, 식역, 최초수용자)라는 일반적 사회네트워크 속성을 다루고 있을 뿐 커뮤니티의 사회적 역할(창/장)을 조명하지도, 회원제·운영방침·익명성·생애주기 등 커뮤니티의 구조적·환경적 조건에 따른 차이를 비교·분석하지도 않으므로 role·env 모두 해당되지 않는다. | 이 논문은 온라인 커뮤니티 네트워크를 정보 확산 시뮬레이션의 네트워크 구조로 설정하여 허브·식역·최초수용자 수 등 네트워크 확산 역학을 분석하는 것으로, 커뮤니티의 사회적 역할(창/장)을 조명하지도, 회원제·운영방침·익명성 등 커뮤니티의 구조적·환경적 조건을 고려하지도 않는다.",True,3/3,run1:없음; run2:없음; run3:없음
ART002043525,내집단 지위와 메시지 준거점이 소비자 정보평가에 미치는 영향: 집단동일시의 조절효과를 중심으로,허다경(서울시립대학교),2015,마케팅관리연구,kor,ERR,,,run1:없음; run2:없음; run3:없음,"has_community=True role_relevant=False env_relevant=False | 이 논문은 집단간 역학과 마케팅 커뮤니케이션 효과성을 연구하기 위해 온라인 커뮤니티를 실험 배경과 내집단 지위 조작의 수단으로만 활용하며, 커뮤니티 자체의 사회적 역할이나 구조적·환경적 조건을 분석 대상 삼지 않으므로 커뮤니티는 연구의 재료로만 기능한다. | has_community=True role_relevant=False env_relevant=False | 이 논문은 온라인 커뮤니티를 실험의 배경·통로로 설정하여 내집단·외집단 비교 메시지의 마케팅 효과성을 검증하는 사회정체성 이론 연구이므로, 커뮤니티는 분석 대상이 아니라 집단 동일시의 '내집단'으로 기능하는 실험 변수에 불과하며, 창·장으로서의 역할도 커뮤니티의 구조적·환경적 조건에 따른 차이 분석도 모두 부재하다. | has_community=True role_relevant=False env_relevant=False | 온라인 커뮤니티는 마케팅 커뮤니케이션 실험의 배경(scenario)으로만 활용되며, 커뮤니티 자체의 사회적 역할(창/장)이 분석 대상이 되지 않고, 포털 내 상대적 위치는 커뮤니티의 운영 구조·제재·생애주기 등 환경적 조건이 아니라 집단 간 사회적 지위를 조작하기 위한 실험 변수에 불과하므로 role·env 모두 해당하지 않는다.","이 논문은 집단간 역학과 마케팅 커뮤니케이션 효과성을 연구하기 위해 온라인 커뮤니티를 실험 배경과 내집단 지위 조작의 수단으로만 활용하며, 커뮤니티 자체의 사회적 역할이나 구조적·환경적 조건을 분석 대상 삼지 않으므로 커뮤니티는 연구의 재료로만 기능한다. | 이 논문은 온라인 커뮤니티를 실험의 배경·통로로 설정하여 내집단·외집단 비교 메시지의 마케팅 효과성을 검증하는 사회정체성 이론 연구이므로, 커뮤니티는 분석 대상이 아니라 집단 동일시의 '내집단'으로 기능하는 실험 변수에 불과하며, 창·장으로서의 역할도 커뮤니티의 구조적·환경적 조건에 따른 차이 분석도 모두 부재하다. | 온라인 커뮤니티는 마케팅 커뮤니케이션 실험의 배경(scenario)으로만 활용되며, 커뮤니티 자체의 사회적 역할(창/장)이 분석 대상이 되지 않고, 포털 내 상대적 위치는 커뮤니티의 운영 구조·제재·생애주기 등 환경적 조건이 아니라 집단 간 사회적 지위를 조작하기 위한 실험 변수에 불과하므로 role·env 모두 해당하지 않는다.",True,3/3,run1:없음; run2:없음; run3:없음
ART001147410,온라인 환경에서 정보 특성요인과 커뮤니티 특성요인이 구전효과에 미치는 영향에 관한 연구,이은영(한국기술교육대학교),2005,고객만족경영연구,none,NO_ABSTRACT,,,,,초록 없음 (KOR_ABST/ENG_ABST 둘 다 없음),,,
ART003067872,시골장터 기반 로컬 커뮤니티가 지역활성화에 미치는 영향에 대한 온라인 네트워크 분석,박정선(경상국립대학교(칠암) 아름다운마을연구소),2024,정보시스템연구,kor,OK,ROLE_WINDOW_MISC,,run1:없음; run2:없음; run3:없음,"has_community=True role_relevant=True env_relevant=False | 이 논문은 지역 시장 기반 커뮤니티의 온라인 소통 네트워크를 분석하여 지역 재생에 기여하는 역할을 규명하므로 커뮤니티의 사회적 역할(장)을 조명하나, 회원제·운영·익명성 등 온라인 커뮤니티의 구조적·환경적 조건에 따른 차이·비교를 다루지 않는다. | has_community=True role_relevant=True env_relevant=False | 이 논문은 지역 재건을 위한 로컬 마켓 커뮤니티의 역할과 온라인 커뮤니케이션 네트워크의 구조를 분석하여, 커뮤니티 자체가 지역 활성화의 주체로서 기능하는 사회적 역할(장)을 조명하나, 회원제·익명성·운영 방침 등 온라인 커뮤니티의 구조적·환경적 조건을 구체적으로 다루지는 않는다. | has_community=True role_relevant=True env_relevant=False | 이 논문은 지역 커뮤니티의 온라인 소통 네트워크를 구조적으로 분석하여 지역 재생에서 커뮤니티가 수행하는 사회적 역할을 규명하므로 커뮤니티 존재와 역할 조명은 해당하나, 회원제·익명성·운영 방침 등 온라인 커뮤니티의 구조적·환경적 조건을 비교·변화 관점에서 다루지 않으므로 env_relevant는 false이다.","[ROLE] 이 논문은 지역 소멸 위험이라는 외부 사회현상(지역 활성화)을 이해하기 위해 지역 시장 기반 커뮤니티의 온라인 소통 네트워크 구조를 분석 대상으로 삼고 있으므로, 온라인 커뮤니티는 지역 공동체의 지속가능성과 지역 재생을 보여주는 창(WINDOW_MISC)으로 기능한다. | [ROLE] 이 논문은 온라인 커뮤니티 네트워크 내부의 중심성·접속 구조와 커뮤니티 생명력이 지역 재생에 미치는 효과를 분석하므로, 이용자 간 연결의 존재·강도·효과를 다루는 소셜캐피탈(FIELD) 판정이 가장 강하게 성립하며, 공론장 검증이나 외부 사회현상 포착은 근거가 부족하다. | [ROLE] 본 논문은 온라인 네트워크를 '지역 기반 커뮤니티(local market-based community)'의 활력과 지역 재생(regional revitalization)이라는 외부 사회현상을 파악하는 도구로 사용하므로, 온라인 커뮤니티는 그 현상을 비추는 창(WINDOW_MISC)에 해당하며, 커뮤니티 공간 자체의 공론장·사회적 자본 역할을 분석하는 FIELD 계열은 해당하지 않는다.",False,0/3,run1:ROLE_WINDOW_MISC; run2:ROLE_FIELD_SOCIALCAPITAL; run3:ROLE_WINDOW_MISC
ART001995309,성장전략에 기반한 혁신,김현정(상지영서대학교),2015,Korea Business Review,kor,ERR,,,run1:없음; run2:없음; run3:없음,"has_community=True role_relevant=False env_relevant=False | 이 논문은 락앤락의 성장전략과 혁신을 분석하는 경영학 논문으로, 온라인 브랜드 커뮤니티(락앤락 서포터즈)는 홈쇼핑·인포머셜·TV광고 등 여러 마케팅 수단의 하나로만 서술에 언급될 뿐, 커뮤니티 자체의 구조·역할·운영 조건을 분석 대상으로 삼지 않는다. | has_community=False role_relevant=False env_relevant=False | 이 논문은 락앤락의 성장전략과 혁신을 분석하는 경영학 사례연구이며, 온라인 브랜드 커뮤니티는 마케팅 채널 중 하나로 한 줄 언급될 뿐 그 구조·상호작용·사회적 역할이 분석 대상이 되지 않는다. | has_community=False role_relevant=False env_relevant=False | 이 논문은 락앤락의 성장전략과 마케팅 수단 전반을 분석하는 경영학 사례연구이며, 온라인 브랜드 커뮤니티(락앤락 서포터즈)는 홈쇼핑·TV광고 등 여러 마케팅 채널 중 하나로 한 문장 언급될 뿐, 커뮤니티 자체를 분석 대상으로 삼지 않는다.","이 논문은 락앤락의 성장전략과 혁신을 분석하는 경영학 논문으로, 온라인 브랜드 커뮤니티(락앤락 서포터즈)는 홈쇼핑·인포머셜·TV광고 등 여러 마케팅 수단의 하나로만 서술에 언급될 뿐, 커뮤니티 자체의 구조·역할·운영 조건을 분석 대상으로 삼지 않는다. | 이 논문은 락앤락의 성장전략과 혁신을 분석하는 경영학 사례연구이며, 온라인 브랜드 커뮤니티는 마케팅 채널 중 하나로 한 줄 언급될 뿐 그 구조·상호작용·사회적 역할이 분석 대상이 되지 않는다. | 이 논문은 락앤락의 성장전략과 마케팅 수단 전반을 분석하는 경영학 사례연구이며, 온라인 브랜드 커뮤니티(락앤락 서포터즈)는 홈쇼핑·TV광고 등 여러 마케팅 채널 중 하나로 한 문장 언급될 뿐, 커뮤니티 자체를 분석 대상으로 삼지 않는다.",True,3/3,run1:없음; run2:없음; run3:없음
ART001976330,상향식 공정분석을 통한 국내 유리산업의 온실가스 인벤토리 산정,백천현(동의대학교),2015,경영과학,kor,ERR,,,run1:없음; run2:없음; run3:없음,"has_community=False role_relevant=False env_relevant=False | 이 논문은 한국 유리산업의 온실가스 배출량 산출 절차를 다루는 산업·환경 연구이며, 온라인 커뮤니티를 분석 대상으로 삼지 않는다. | has_community=False role_relevant=False env_relevant=False | 이 논문은 한국 유리 산업의 온실가스 배출량 산출을 위한 에너지 균형 분석을 다루는 환경·공학 연구로서, 온라인 커뮤니티를 분석 대상이나 연구 재료로 삼지 않는다. | has_community=False role_relevant=False env_relevant=False | 이 논문은 한국 유리 산업의 온실가스 배출량 산출에 관한 에너지 균형 분석 연구로, 온라인 커뮤니티와 무관하다.","이 논문은 한국 유리산업의 온실가스 배출량 산출 절차를 다루는 산업·환경 연구이며, 온라인 커뮤니티를 분석 대상으로 삼지 않는다. | 이 논문은 한국 유리 산업의 온실가스 배출량 산출을 위한 에너지 균형 분석을 다루는 환경·공학 연구로서, 온라인 커뮤니티를 분석 대상이나 연구 재료로 삼지 않는다. | 이 논문은 한국 유리 산업의 온실가스 배출량 산출에 관한 에너지 균형 분석 연구로, 온라인 커뮤니티와 무관하다.",True,3/3,run1:없음; run2:없음; run3:없음
ART002923065,온라인 커뮤니티에서 허브가 신제품 확산에 미치는 영향 : 집단 내 선호의 편향성에 의한 조절 효과를 중심으로,박주영(연세대학교),2022,전문경영인연구,kor,OK,ROLE_WINDOW_MISC,,run1:없음; run2:없음; run3:없음,"has_community=True role_relevant=True env_relevant=False | 이 논문은 Last.fm이라는 온라인 커뮤니티를 구성원 간 모방 소비와 사회적 전염이 일어나는 '장'으로 삼아 허브의 영향력과 집단 내 선호 편향성이 신제품 확산에 미치는 효과를 분석하나, 커뮤니티의 회원제·운영 방침·익명성 등 구조적·환경적 조건을 변수로 다루지는 않는다. | has_community=True role_relevant=True env_relevant=False | 이 논문은 Last.fm이라는 온라인 커뮤니티를 구성원 간 모방 소비와 신제품 확산이 발생하는 '장'으로 삼아 허브의 사회적 영향력과 집단 내 선호 편향성의 조절 효과를 분석하므로 역할 조명은 해당하나, 회원제·운영·제재·생애주기·익명성·추천 방침 등 커뮤니티의 구조적·환경적 조건을 비교하거나 그 차이를 다루지 않으므로 환경 조명은 해당하지 않는다. | has_community=True role_relevant=True env_relevant=False | 이 논문은 Last.fm 온라인 커뮤니티를 신제품 확산의 사회적 전염이 일어나는 장(ROLE_FIELD)으로 조명하면서도, 핵심 변인인 '집단 내 선호의 편향성'은 커뮤니티의 운영·제재·생애주기·익명성 등 구조적·환경적 조건(ENV)이 아니라 구성원의 관심사 분포에 해당하므로 env_relevant는 false이다.","[ROLE] 이 논문은 온라인 커뮤니티(Last.fm)를 데이터 출처로 활용하여 '신제품 확산·모방 소비'라는 마케팅·소비자 행동 현상을 분석하는 것이므로, 커뮤니티 공간 자체의 역할이 아니라 외부에 존재하는 경제·소비 현상을 보여주는 창(ROLE_WINDOW_MISC)으로 기능한다. | [ROLE] 이 논문은 Last.fm 커뮤니티 내 네트워크 허브의 사회적 영향력과 집단 선호 편향성이 신제품 확산(사회적 전염)에 미치는 효과를 분석함으로써, 이용자 간 연결의 존재·강도·효과를 커뮤니티 공간 안에서 다루는 장(SOcialCAPITAL)으로서의 역할을 조명한다. | [ROLE] 본 연구는 Last.fm 커뮤니티 데이터를 통해 소비자 모방 소비·신제품 확산이라는 일반적 경제·마케팅 현상을 분석하며, 온라인 커뮤니티는 그 현상을 관측하는 데이터 소스(창)로 기능하므로 WINDOW_MISC에 해당한다.",False,0/3,run1:ROLE_WINDOW_MISC; run2:ROLE_FIELD_SOCIALCAPITAL; run3:ROLE_WINDOW_MISC
ART002878522,스택오버플로 배지 시스템의 게임화 효과에 관한 연구,남정인(고려대학교),2022,지식경영연구,kor,ERR,,,run1:없음; run2:없음; run3:없음,"has_community=True role_relevant=True env_relevant=True | 이 논문은 스택오버플로라는 개발자 Q&A 커뮤니티를 분석 대상으로 삼아, 배지 시스템이라는 커뮤니티 운영 방침(ENV_COMMUNITY_GOVERNANCE)과 사용자 정보공개 수준(익명성 수준)에 따른 참여 양·질 변화를 비교하며(ENV), 커뮤니티라는 공간이 게임화를 매개로 사용자 참여를 유도하는 장으로서의 사회적 역할을 분석(ROLE_FIELD)한다. | has_community=True role_relevant=False env_relevant=True | 이 논문은 스택오버플로라는 개발자 Q&A 커뮤니티를 분석 대상으로 삼되, 커뮤니티의 사회적 역할(창·장)을 조명하기보다 배지 시스템이라는 운영 방침과 사용자 정보공개 수준(익명성 관련 환경 조건)에 따른 참여 양·질의 차이를 비교·검토하므로 환경(ENV)은 관련하나 역할(ROLE)은 관련하지 않는다. | has_community=True role_relevant=True env_relevant=False | 스택오버플로 개발자 Q&A 커뮤니티를 분석 대상으로 삼아 배지 시스템이라는 게임화 전략이 사용자 참여 양·질에 미치는 영향을 연구하므로, 커뮤니티는 지식 공유·참여 공간으로서의 사회적 역할(장)을 분석 대상으로 삼고 있으나, 커뮤니티의 구조적·환경적 조건(회원제, 제재 방식, 익명성 수준 등)에 따른 차이·비교를 다루지는 않는다.","[ROLE] 이 논문은 스택오버플로의 배지 시스템이 개인 사용자의 참여 양·질에 미치는 게임화 효과를 측정하는 플랫폼 설계·UX 연구이므로, 공론장 검증·이용자 간 관계적 자원(장)도, 외부 사회현상을 보여주는 창(윈도우)도 아니며, 6개 코드 모두에 부여 근거가 부족하다. | [ENV] 이 논문은 스택오버플로의 배지시스템이라는 게임화 전략이 사용자 참여 양·질에 미치는 영향을 분석한 것으로, 회원제·운영체계·커뮤니티 생애주기·익명성 수준 중 어느 하나를 독립 분석 변수로 비교·검증하지 않으므로 4개 ENV 코드 모두 미부여로 판단한다. | [ENV] 본 연구는 스택오버플로의 배지(게임화)가 참여 양·질에 미치는 주효과와 정보공개 수준의 조절효과를 검증하는 것으로, 배지는 인센티브 설계이므로 운영체계(거버넌스)와 구별되며, 정보공개 수준은 조절변수로 포함되나 결과가 무효과(조절하지 않음)로 나타나 익명성 차이를 실질적으로 분석 대상으로 삼지 못하므로 4개 코드 모두 미부여로 판단한다. | [ROLE] 본 연구는 스택오버플로의 배지 시스템이 개인 사용자의 참여 양·질에 미치는 플랫폼 관리 전략 효과를 측정하는 것으로, 공론장 검증이나 이용자 간 관계적 자원 형성이 아니라 플랫폼 설계-개인 행동 메트릭 차이에 초점을 두어 6개 ROLE 코드 중 어느 하나에도 부합하지 않는다.",True,3/3,run1:없음; run2:없음; run3:없음
ART002703107,중국온라인 커뮤니티 형성과 공동구매에 관한 실증 연구,박주희(계명대학교),2021,국제경영리뷰,kor,OK,ROLE_WINDOW_MISC,,run1:없음; run2:없음; run3:없음,"has_community=True role_relevant=True env_relevant=False | 이 논문은 중국 소비자를 대상으로 온라인 공동구매 커뮤니티의 형성 요인(상호작용, 정보공유, 협상력)과 그 커뮤니티가 소비자의 구매행위 가치에 미치는 영향을 분석하므로, 커뮤니티 자체의 사회적 기능과 형성을 '장'으로 조명하나(ROLE), 회원제·익명성·운영 방침 등 구조적·환경적 조건에 따른 차이나 변화를 다루지 않으므로 ENV는 해당되지 않는다. | has_community=True role_relevant=True env_relevant=False | 이 논문은 중국 소비자를 대상으로 온라인 공동구매 커뮤니티의 형성과 구매행동 가치를 규명하기 위해 커뮤니티 자체의 사회적 역할(구매 의도와 가성비 가치를 실현하는 장)을 분석 대상으로 삼으나, 회원제·운영 방침·익명성 등 구조적·환경적 조건에 따른 차이·비교를 다루지는 않는다. | has_community=True role_relevant=True env_relevant=True | 이 논문은 중국 온라인 공동구매 커뮤니티의 형성 요인(상호작용, 정보공유, 협상력)과 그 구매행동 가치(가성비 매개효과)를 분석하므로, 커뮤니티를 소비자의 집단적 구매를 매개하는 장(ROLE)으로 조명하는 동시에 커뮤니티 형성이라는 생애주기적 조건과 상호작용·협상력 같은 구조적 운영 요인의 차이를 비교(ENV)한다.","[ROLE] 온라인 공동구매 커뮤니티를 통해 소비자 구매행동과 가성비를 중심으로 한 시장·소비 현상을 이해하는 창(WINDOW_MISC)으로 활용되되, 상호작용·정보공유·협상력 등 이용자 간 연결 요인이 언급되어 SOCIALCAPITAL과의 경계는 있으나 최종 목적은 경제적 구매행동 규명이므로 FIELD 계열은 미부여. | [ROLE] 본 연구는 중국 온라인 공동구매 커뮤니티 내 참여자 간 상호작용·정보공유·집단 협상력 등 이용자 간 관계적 자원의 형성과 그 효과를 분석 대상으로 삼음으로써, 온라인 커뮤니티를 사회적 자본이 생성·작용하는 '장'으로 조명한다. | [ROLE] 이 논문은 온라인 공동구매 커뮤니티를 매개로 중국 소비자의 구매행동과 가성비 지향 소비현상을 규명하는 것이므로, 커뮤니티는 소비자·전자상거래라는 외부 사회현상을 보여주는 창(WINDOW_MISC)으로 기능하며, 커뮤니티 내부의 상호작용·정보공유가 언급되나 관계적 자원 자체를 분석하는 것은 아니므로 FIELD 계열은 미부여된다. | [ENV] 본 논문은 중국 온라인 공동구매 커뮤니티의 형성에 영향을 미치는 요인(상호작용, 정보공유, 협상력)과 그로 인한 소비자 구매행동 가치(가성비)를 규명하는 데 초점을 두며, 회원제·운영체계·생애주기·익명성 중 어느 조건에 따른 결과 차이나 비교·추적을 분석 대상으로 삼지 않으므로 4개 코드 모두 미부여로 판단한다.",False,0/3,run1:ROLE_WINDOW_MISC; run2:ROLE_FIELD_SOCIALCAPITAL; run3:ROLE_WINDOW_MISC
ART003223834,워킹맘의 양육스트레스와 음악활용에 관한 인식 조사,박은정(고신대학교),2025,문화예술융합연구,kor,ERR,,,run1:없음; run2:없음; run3:없음,"has_community=False role_relevant=False env_relevant=False | 온라인 커뮤니티는 워킹맘 대상 설문조사의 모집·배포 통로로만 활용되었으며, 커뮤니티 자체의 구조·역할·운영 조건이 분석 대상이 아닌 만큼 공동체 존재 여부를 인정하지 않는다. | has_community=False role_relevant=False env_relevant=False | 이 논문은 온라인 커뮤니티를 워킹맘 설문조사의 모집·분산 통로로만 활용하였으며, 커뮤니티 자체의 구조·역할·환경을 분석 대상으로 삼지 않으므로 커뮤니티 연구가 아니다. | has_community=False role_relevant=False env_relevant=False | 이 논문은 워킹맘의 양육스트레스와 음악활용 현황을 분석하는 연구이며, 온라인 커뮤니티는 설문조사 배포 통로로만 활용되었을 뿐 커뮤니티 자체의 구조·역할·운영 조건을 분석 대상으로 삼지 않는다.","온라인 커뮤니티는 워킹맘 대상 설문조사의 모집·배포 통로로만 활용되었으며, 커뮤니티 자체의 구조·역할·운영 조건이 분석 대상이 아닌 만큼 공동체 존재 여부를 인정하지 않는다. | 이 논문은 온라인 커뮤니티를 워킹맘 설문조사의 모집·분산 통로로만 활용하였으며, 커뮤니티 자체의 구조·역할·환경을 분석 대상으로 삼지 않으므로 커뮤니티 연구가 아니다. | 이 논문은 워킹맘의 양육스트레스와 음악활용 현황을 분석하는 연구이며, 온라인 커뮤니티는 설문조사 배포 통로로만 활용되었을 뿐 커뮤니티 자체의 구조·역할·운영 조건을 분석 대상으로 삼지 않는다.",True,3/3,run1:없음; run2:없음; run3:없음
ART002303914,온라인 커뮤니티에서의 건강 관련 콘텐츠 분류 모형 개발,김태윤(충북대학교),2017,정보시스템연구,kor,ERR,,,run1:없음; run2:없음; run3:없음,"has_community=False role_relevant=False env_relevant=False | 이 논문은 네이버 지식인이라는 Q&A 플랫폼을 의료정보의 신뢰도 검증용 데이터 소스로 활용하는 정보품질·텍스트마이닝 연구로서, 플랫폼을 온라인 커뮤니티의 사회적 공간·역할·구조적 조건으로 분석하지 않으므로 커뮤니티 분석 대상이 아니다. | has_community=False role_relevant=False env_relevant=False | 네이버 지식인은 논문 스스로 'search platform'이라 칭할 만큼 일회성 질의응답형 검색 서비스이지, 회원 간 지속적 상호작용과 관계 형성을 전제하는 온라인 커뮤니티의 정의에 부합하지 않으며, 본 연구는 해당 플랫폼을 의료 정보 신뢰도 검증을 위한 데이터 소스로만 활용하므로 커뮤니티 분석 대상이 아니다. | has_community=False role_relevant=False env_relevant=False | 네이버 지식인은 검색 플랫폼 내 Q&A 서비스로, 사용자가 한 번의 질의-응답을 주고받는 일회적 정보 교환 구조이며, 정의에 요구되는 '지속적 상호작용'과 '관계 형성'이 부재하여 온라인 커뮤니티에 해당하지 않는다.","이 논문은 네이버 지식인이라는 Q&A 플랫폼을 의료정보의 신뢰도 검증용 데이터 소스로 활용하는 정보품질·텍스트마이닝 연구로서, 플랫폼을 온라인 커뮤니티의 사회적 공간·역할·구조적 조건으로 분석하지 않으므로 커뮤니티 분석 대상이 아니다. | 네이버 지식인은 논문 스스로 'search platform'이라 칭할 만큼 일회성 질의응답형 검색 서비스이지, 회원 간 지속적 상호작용과 관계 형성을 전제하는 온라인 커뮤니티의 정의에 부합하지 않으며, 본 연구는 해당 플랫폼을 의료 정보 신뢰도 검증을 위한 데이터 소스로만 활용하므로 커뮤니티 분석 대상이 아니다. | 네이버 지식인은 검색 플랫폼 내 Q&A 서비스로, 사용자가 한 번의 질의-응답을 주고받는 일회적 정보 교환 구조이며, 정의에 요구되는 '지속적 상호작용'과 '관계 형성'이 부재하여 온라인 커뮤니티에 해당하지 않는다.",True,3/3,run1:없음; run2:없음; run3:없음
ART001839986,온라인 커뮤니티의 지속적 사용에 대한 이해：기술적 관점과 사회적 관점의 비교,함주연(고려대학교),2013,한국IT서비스학회지,kor,OK,ROLE_FIELD_SOCIALCAPITAL,,run1:없음; run2:없음; run3:없음,"has_community=True role_relevant=True env_relevant=False | 이 논문은 가상 커뮤니티 내에서 회원의 지속 사용 의도를 설명하기 위해 기술·사회자본 모델을 비교하며, 커뮤니티를 사회적 관계와 자본이 형성되는 공간(장)으로서의 기능과 역할을 분석 대상으로 삼고 있으나, 회원제·익명성·생애주기 등 커뮤니티의 특정 구조적·환경적 조건에 따른 차이·비교를 다루지는 않는다. | has_community=True role_relevant=True env_relevant=False | 이 논문은 가상 커뮤니티 내 회원의 지속적 사용 의도를 기술 수용과 사회적 자본 관점으로 비교 분석함으로써, 커뮤니티 공간 자체의 사회적 기능(장)을 조명하나, 회원제·운영 제재·생애주기·익명성 등 커뮤니티의 구조적·환경적 조건에 따른 차이를 다루지는 않는다. | has_community=True role_relevant=True env_relevant=False | 이 논문은 가상 커뮤니티 내 회원의 지속적 이용 의도를 설명하기 위해 사회자본 및 사회-기술 통합 관점을 비교하는 것으로, 커뮤니티를 사회적 관계 형성과 사회자본 생성의 장(ROLE_FIELD_PUBLICSPHERE)으로 분석 대상에 포함하나, 회원제·제재·익명성·생애주기 등 구조적·환경적 조건에 따른 차이 비교는 다루지 않는다.","[ROLE] 본 연구는 가상 커뮤니티 내 이용자 간 사회적 자본(신뢰·네트워크 등 관계적 자원)이 지속 이용 의도에 미치는 효과를 실증적으로 검증하는 것으로, 온라인 커뮤니티 공간 안에서 이용자 간 연결의 존재·효과를 분석하는 장(FIELD)으로서의 사회적 자본 역할을 다룬다. | [ROLE] 가상 커뮤니티 내 이용자 간 신뢰·네트워크 등 관계적 자원(social capital)이 지속 사용 의도를 설명하는 핵심 변수로 검증된 것으로, 커뮤니티 공간 안의 상호작용 구조 자체를 분석하는 FIELD 계열의 SOCIALCAPITAL에 해당한다. | [ROLE] 이 논문은 가상 커뮤니티 내부에서 이용자 간 관계적 자원(사회자본)이 지속적 사용 의사에 미치는 효과를 구조적 모형 비교로 검증하므로, 커뮤니티 공간 안의 관계 형성·효과를 분석 대상으로 하는 FIELD 계열의 ROLE_FIELD_SOCIALCAPITAL에 해당한다.",True,0/3,run1:ROLE_FIELD_SOCIALCAPITAL; run2:ROLE_FIELD_SOCIALCAPITAL; run3:ROLE_FIELD_SOCIALCAPITAL
ART002485261,넷노그래피를 활용한 성경의 핵심어 네트워크 분석,임병학(부산외국어대학교),2019,로고스경영연구,kor,ERR,,,run1:없음; run2:없음; run3:없음,"has_community=False role_relevant=False env_relevant=False | 이 논문은 온라인 성경 66권의 텍스트를 내용분석과 사회 네트워크 분석의 대상으로 삼고 있으며, '온라인 커뮤니티'는 넷노그래피라는 방법론의 출처를 지목하기 위한 언급에 불과하여 커뮤니티 자체가 분석 대상이 아니다. | has_community=False role_relevant=False env_relevant=False | 이 논문의 분석 대상은 온라인 성경 66권이라는 텍스트 코퍼스에 대한 내용분석과 사회네트워크분석 방법론이며, '온라인 커뮤니티'와 '넷노그래피'는 방법론적 참고로만 등장할 뿐, 공통 관심사를 가진 사용자들의 상호작용 공간인 온라인 커뮤니티를 분석 대상으로 삼지 않는다. | has_community=True role_relevant=False env_relevant=False | 이 논문은 온라인 성경 66권의 텍스트에 내용분석과 사회네트워크분석을 결합한 혼합연구방법을 제시하는 것이 주된 목적이며, '온라인 커뮤니티를 연구하는 질적 방법론인 넷노그래피'라는 표현은 방법론적 참고로 언급될 뿐, 실제 분석 대상은 성경 텍스트의 핵심어 네트워크이지, 상호작용하는 사용자의 온라인 커뮤니티가 아니므로 커뮤니티 존재 여부는 부정한다.","이 논문은 온라인 성경 66권의 텍스트를 내용분석과 사회 네트워크 분석의 대상으로 삼고 있으며, '온라인 커뮤니티'는 넷노그래피라는 방법론의 출처를 지목하기 위한 언급에 불과하여 커뮤니티 자체가 분석 대상이 아니다. | 이 논문의 분석 대상은 온라인 성경 66권이라는 텍스트 코퍼스에 대한 내용분석과 사회네트워크분석 방법론이며, '온라인 커뮤니티'와 '넷노그래피'는 방법론적 참고로만 등장할 뿐, 공통 관심사를 가진 사용자들의 상호작용 공간인 온라인 커뮤니티를 분석 대상으로 삼지 않는다. | 이 논문은 온라인 성경 66권의 텍스트에 내용분석과 사회네트워크분석을 결합한 혼합연구방법을 제시하는 것이 주된 목적이며, '온라인 커뮤니티를 연구하는 질적 방법론인 넷노그래피'라는 표현은 방법론적 참고로 언급될 뿐, 실제 분석 대상은 성경 텍스트의 핵심어 네트워크이지, 상호작용하는 사용자의 온라인 커뮤니티가 아니므로 커뮤니티 존재 여부는 부정한다.",True,3/3,run1:없음; run2:없음; run3:없음
ART002858986,COVID-19 상황하에서 온라인 브랜드 커뮤니티 유형별 서비스 품질 결정요인이 사용자 만족도에 미치는 영향,하유신(우송대학교),2022,인터넷전자상거래연구,kor,OK,ROLE_WINDOW_MISC,,run1:없음; run2:없음; run3:없음,"has_community=True role_relevant=True env_relevant=True | 본 논문은 소비자 주도·기업 운영·제3자 운영 등 세 유형 온라인 브랜드 커뮤니티의 운영 방식(ENV_OPERATING_METHOD)을 비교하면서, 각 유형이 브랜드 서비스 품질에 미치는 차이를 분석함으로써 온라인 커뮤니티라는 공간 자체의 사회적 역할(장)을 조명하고 있다. | has_community=True role_relevant=True env_relevant=True | 이 논문은 소비자 중심·기업 운영·제3자 개방형이라는 세 가지 온라인 브랜드 커뮤니티의 운영 주체와 구조를 비교(ENV)하면서, 각 유형이 브랜드 서비스 품질을 제공하는 공론장·관계 형성의 장(ROLE)으로서 기능하는 방식을 분석한다. | has_community=True role_relevant=True env_relevant=True | 이 논문은 브랜드 서비스 품질을 분석하기 위해 온라인 브랜드 커뮤니티를 서비스 제공의 '장'으로 삼는 동시에, 소비자 주도·기업 운영·제3자 개방 세 유형을 비교함으로써 커뮤니티의 운영 주체라는 구조적 조건(ENV)에 따른 차이를 분석한다.","[ROLE] 본 논문은 코로나19 시기에 기업의 온라인 브랜드 커뮤니티 운영 모델(소비자 중심·기업 운영·제3자 개방)과 서비스 품질 결정요인을 비교 분석하는 것으로, 온라인 커뮤니티 공간 자체의 구조를 다루되 공론장이나 이용자 간 사회적 자본이 아닌 '기업의 디지털 브랜드 전략'이라는 외부 현상을 보여주는 창(WINDOW_MISC)으로 기능한다. | [ENV] 본 연구는 COVID-19 기간 중 온라인 브랜드 커뮤니티의 운영 유형(소비자 주도·기업 운영·제3자 개방)을 비교하되, 분석 대상이 서비스 품질 결정요인(형성성·신뢰성·반응성·상호작용·정보 제공·안정성)에 국한되어 회원제 차등·운영자 제재·생애주기·익명성 등 네 코드 어느 하나도 충족하지 못한다. | [ROLE] 본 논문은 COVID-19 맥락에서 온라인 브랜드 커뮤니티의 운영 모델과 소비자 만족 결정요인(형성성, 신뢰성, 대응성, 상호작용, 정보 제공 유형, 안정성)을 분석하는 경영·마케팅 연구로, 커뮤니티 공간 자체를 분석 대상으로 삼되 공론장 검증이나 이용자 간 관계적 자원 형성을 다루지 않으며, COVID-19를 외부 현상으로 보여주기 위한 창으로도 기능하지 않으므로 6개 코드 모두 미부여. | [ENV] 본 논문은 코로나19 기간 중 세 유형(소비자 주도·기업 운영·제3자 운영)의 온라인 브랜드 커뮤니티를 비교하여 서비스 품질 결정요인(형성성, 신뢰성, 반응성, 상호작용, 정보 제공 유형, 안정성)을 탐색하는 마케팅·경영 연구로, 회원제·운영 규정·생애주기·익명성 등 커뮤니티의 환경적·구조적 조건을 분석 대상으로 삼지 않으므로 4개 코드 모두 미부여로 판단한다. | [ROLE] 이 논문은 코로나19 시기 기업의 온라인 브랜드 커뮤니티 운영 모델과 소비자 만족 결정요인을 분석하는 경영·마케팅 연구로, 온라인 커뮤니티는 기업 디지털 브랜드 전략과 소비자 서비스 품질이라는 외부 사회현상을 보여주는 창(WINDOW_MISC)으로 기능하며, 커뮤니티 공간 자체의 공론장·사회자본 역할은 분석 대상이 아니다. | [ENV] 본 논문은 브랜드 커뮤니티의 서비스 품질 결정요인을 소비자 중심·기업 운영·제3자 운영 유형별로 비교하는 경영학적 분석이며, 4개 ENV 코드 각각이 요구하는 회원 등급 차이, 운영규칙·제재 절차, 커뮤니티 자체의 성장·쇠퇴 단계, 익명성 수준의 실제 비교·분석을 담고 있지 않으므로 전부 미부여로 판단한다.",False,1/3,run1:ROLE_WINDOW_MISC; run2:없음; run3:ROLE_WINDOW_MISC
ART003226632,Research on Risk Identification and Assessment of the UK High-Speed Rail HS2 Project Based on the AHP-ISM Model,한강월(신라대학교 산업디자인대학원),2025,기업경영연구,kor,ERR,,,run1:없음; run2:없음; run3:없음,"has_community=True role_relevant=False env_relevant=False | 이 논문은 영국 HS2 고속철도 프로젝트의 건설 단계 위험 관리(AHP·ISM 분석)를 다루며, 온라인 커뮤니티의 존재·역할·환경 조건 중 어느 것도 분석 대상에 포함하지 않는다. | has_community=False role_relevant=False env_relevant=False | 이 논문은 영국 HS2 고속철도 건설 프로젝트의 위험관리(경제적 위험, 계약 위험)를 AHP·ISM 방법으로 분석하는 공학·경영 연구로서, 온라인 커뮤니티는 등장하지 않는다. | has_community=True role_relevant=False env_relevant=False | 이 논문은 영국 HS2 고속철도 건설 프로젝트의 투자 위험 관리(AHP·ISM)를 다루는 공학·건설관리 연구로, 온라인 커뮤니티를 분석 대상이나 연구 재료로 삼지 않으며, 커뮤니티의 역할이나 환경적 조건도 전혀 논하지 않는다.","이 논문은 영국 HS2 고속철도 프로젝트의 건설 단계 위험 관리(AHP·ISM 분석)를 다루며, 온라인 커뮤니티의 존재·역할·환경 조건 중 어느 것도 분석 대상에 포함하지 않는다. | 이 논문은 영국 HS2 고속철도 건설 프로젝트의 위험관리(경제적 위험, 계약 위험)를 AHP·ISM 방법으로 분석하는 공학·경영 연구로서, 온라인 커뮤니티는 등장하지 않는다. | 이 논문은 영국 HS2 고속철도 건설 프로젝트의 투자 위험 관리(AHP·ISM)를 다루는 공학·건설관리 연구로, 온라인 커뮤니티를 분석 대상이나 연구 재료로 삼지 않으며, 커뮤니티의 역할이나 환경적 조건도 전혀 논하지 않는다.",True,3/3,run1:없음; run2:없음; run3:없음
ART003183436,Decentralized Networks and Social Influence in New Product Diffusion: A Study within Online Affinity Groups,이수빈(연세대학교 경영대학),2025,전문경영인연구,kor,FAILED,,,,,"처리 실패: 2차(ROLE) 호출 파싱 실패: Expecting ':' delimiter: line 1 column 14 (char 13) | 응답 일부: 'audit"": [{""{""audit"": [{""code"": ""ROLE_FIELD_PUBLICSPHERE"", ""quote"": null, ""prob"": 0.05, ""verdict"": ""미부여""}, {""code"": ""ROLE_FIELD_SOCIALCAPITAL"", ""quote"": ""This research investigates the role of network centralization in online affinity groups and its influence on social influence during the diffusion of new products… decentralized networks significantly enhance social influence, particularly in scenarios involving high brand equity and strong fit with the group\'s shared interests."", ""prob"": 0.78, '",,,
ART003258410,온라인 커뮤니티 특성이 참여도와 구매의도에 미치는 영향 : 오피니언 리더십의 조절효과,장성초(신한대학교 글로벌경영학과),2025,고객만족경영연구,kor,OK,ROLE_WINDOW_MISC,,run1:없음; run2:없음; run3:없음,"has_community=True role_relevant=True env_relevant=False | 이 논문은 온라인 커뮤니티가 소비자의 정보 획득·사회적 상호작용·구매 의사결정을 위한 핵심 플랫폼으로서의 사회적 역할(장)을 분석 대상으로 삼되, 명성·신뢰성·효율성·상호작용성은 커뮤니티의 일반적 기능적 속성으로 다루고 회원제·제재·익명성·생애주기 등 운영 방침이나 구조적 환경 조건에 따른 차이·비교를 분석하지 않으므로 env는 해당하지 않는다. | has_community=True role_relevant=True env_relevant=False | 이 논문은 온라인 커뮤니티의 명성·신뢰성·효율성·상호작용성이라는 특성 요인이 사용자 참여도와 구매 의도에 미치는 영향을 분석하여, 커뮤니티가 정보 획득과 구매 의사결정을 위한 '장'으로서의 역량을 검토하나, 회원제·제재·익명성·생애주기 등 커뮤니티 고유한 구조적·환경적 조건을 비교·검토하지는 않는다. | has_community=True role_relevant=True env_relevant=False | 이 논문은 온라인 커뮤니티를 소비자의 정보 획득·사회적 상호작용·구매 의사결정을 위한 핵심 플랫폼(비즈니스 인프라)으로서의 사회적 역할을 분석 대상으로 삼아 '장'으로 조명하나, 명성·신뢰성·효율성·상호작용성은 커뮤니티의 구조적·운영적 조건(회원제, 제재 방식, 익명성, 생애주기 등)이 아닌 사용자 인식 차원의 품질 속성이므로 ENV에는 해당하지 않는다.","[ROLE] 본 연구는 온라인 커뮤니티를 디지털 경제에서 소비자 구매 의사결정을 관찰하는 창(WINDOW_MISC)으로 활용하며, 커뮤니티의 구조적 특성(명성·신뢰성·효율성·상호작용성)이 참여와 구매 의도에 미치는 영향을 검증하지만, 이는 공론장 검증이나 이용자 간 관계적 자원 분석이 아니므로 FIELD 계열은 미부여된다. | [ROLE] 본 연구는 온라인 커뮤니티를 디지털 경제 시대의 소비자 구매 의사결정이라는 외부 사회현상을 분석하는 플랫폼·컨텍스트로 활용하며, 커뮤니티 고유 특성(명성·신뢰성·효율성·상호작용성)이 참여도와 구매 의도에 미치는 인과 메커니즘을 검증하는 소비자 행동 연구이므로 WINDOW_MISC에 부합하나, 커뮤니티 자체의 구조를 다루는 측면도 있어 확률은 중간 수준이다. | [ROLE] 본 연구는 온라인 커뮤니티의 구조적 특성(명성·신뢰성·효율성·상호작용성)이 사용자 참여도 및 구매 의도에 미치는 인과 메커니즘을 계량 모델로 검증하는 마케팅·소비자 행동 연구로, 공론장·사회자본·양극화·젠더·혐오·기타 외부 사회현상 어느 6개 코드에도 명확히 부합하지 않는다.",False,1/3,run1:ROLE_WINDOW_MISC; run2:ROLE_WINDOW_MISC; run3:없음
ART003357604,온라인 커뮤니티 관여도와 디지털 자산 거래 성과,장영진(연세대학교),2026,경영컨설팅연구,kor,ERR,,,run1:없음; run2:없음; run3:없음,"has_community=True role_relevant=True env_relevant=False | 이 논문은 NFT 커뮤니티를 프로젝트의 경제적 성과를 산출하는 '장'으로 조명하지만, 회원제·익명성·운영·제재 방식 등 커뮤니티의 구조적·환경적 조건을 비교·분석하는 것은 아니며, 관여도 수준을 연속 변수로 측정하는 데 그치므로 env_relevant는 false이다. | has_community=True role_relevant=True env_relevant=False | 이 논문은 NFT 프로젝트의 소통 공간인 NFT 커뮤니티의 관여도(유저·관리자 참여)가 NFT 컬렉션의 거래량·가격에 미치는 영향을 실증 분석하여, 커뮤니티가 프로젝트 가치 형성의 핵심 매개인 '장'으로서의 역할을 조명하지만, 회원제·익명성·운영·제재 방식 등 구조적·환경적 조건에 따른 차이·비교를 다루지는 않는다. | has_community=True role_relevant=True env_relevant=False | 이 논문은 NFT 커뮤니티를 프로젝트의 성공과 NFT 컬렉션의 거래량·가격에 영향을 미치는 '장'으로서 그 사회적 역할을 분석 대상으로 삼고 있으나, 회원제·익명성·제재 방식·생애주기 등 커뮤니티의 구조적·환경적 조건에 따른 차이·비교를 다루지 않으므로 env_relevant는 false이다.","[ROLE] 본 연구는 NFT 커뮤니티라는 공간 내부의 이용자·관리자 관여(참여)가 거래량·가격에 미치는 영향을 실증 분석하는 것으로, 커뮤니티 공간 자체의 역동을 다루는 FIELD 성격을 띠나, 공론장 검증도 신뢰·연대 등 관계적 자원 효과 분석도 아닌 시장 가치 메커니즘에 초점을 두어 6개 코드 중 어느 하나에도 명확히 귀속되지 않는다. | [ROLE] 본 연구는 NFT 커뮤니티 내 유저·관리자 간 관여도(참여·상호작용)가 NFT 컬렉션의 거래량·가격에 미치는 인과적 효과를 실증적으로 분석하는 것으로, 커뮤니티 공간 안의 상호작용을 다루는 FIELD 계열에 가까우나 그 대상이 신뢰·연대·숙의 등 공론장·사회자본의 질적 평가가 아닌 시장 성과에 대한 관여도의 인과효과이므로 6개 코드 중 어느 하나도 0.5를 넘기지 못한다. | [ROLE] 이 논문은 NFT 커뮤니티라는 공간 안에서 관리자와 유저 간 관여도(참여·정보공유·상호작용)라는 관계적 자원의 강도가 NFT 거래량·가격에 미치는 효과를 실증 분석하므로, 커뮤니티 내 상호작용의 관계적 측면을 다룬 장(사회자본)으로서의 역할을 조명한다.",False,2/3,run1:없음; run2:없음; run3:ROLE_FIELD_SOCIALCAPITAL
ART002244338,The Coexistance of Online Communities: An Agent-Based Simulation from an Ecological Perspective,Luyang Han(National University of Singapore),2017,경영정보학연구,kor,OK,,ENV_COMMUNITY_LIFECYCLE,run1:없음; run2:없음; run3:없음,"has_community=True role_relevant=False env_relevant=True | 이 논문은 온라인 커뮤니티의 공존·생존을 에이전트 기반 시뮬레이션으로 분석하며, 커뮤니티 규모, 참여 비용, 관심사 분포 등 구조적·환경적 조건이 커뮤니티 발달과 성패에 미치는 영향을 규명하므로, 커뮤니티의 사회적 역할(창·장)을 조명하기보다 운영 구조와 생애주기 조건(ENV_COMMUNITY_GOVERNANCE, ENV_COMMUNITY_LIFECYCLE)을 중심으로 분석한다. | has_community=True role_relevant=False env_relevant=True | 이 논문은 온라인 커뮤니티의 생애주기(형성·쇠퇴)를 중심으로 커뮤니티 규모, 참여 비용, 관심사 분포라는 구조적·환경적 조건을 비교·모의하여 커뮤니티 생존에 미치는 영향을 분석하므로 환경(ENV) 조명이 해당하나, 커뮤니티를 외부 현상을 보여주는 창이나 사회적 기능을 갖는 장으로 조명하지는 않으므로 역할(ROLE) 조명은 해당하지 않는다. | has_community=True role_relevant=True env_relevant=True | 이 논문은 온라인 커뮤니티의 공존·생존 역학을 에이전트 기반 시뮬레이션으로 분석하여 커뮤니티 공간 자체의 사회적 기능(장)을 다루며, 동시에 커뮤니티 크기·참여 비용·관심사 분포 등 구조적·환경적 조건이 커뮤니티 형성과 쇠퇴에 미치는 영향을 비교·검토하므로(ENV: 생애주기·운영 조건) role과 env가 동시에 해당한다.","[ENV] 본 연구는 두 개의 공존 커뮤니티를 에이전트 기반 시뮬레이션으로 비교하며 커뮤니티 크기·참여 비용이 성장·생존·쇠퇴라는 생애주기적 결과에 미치는 영향을 분석하므로 ENV_COMMUNITY_LIFECYCLE만 부여하고, 회원제·운영체계·익명성 관련 비교는 텍스트에 존재하지 않아 나머지 3코드는 미부여로 판단한다. | [ENV] 이 논문은 agent-based simulation을 통해 커뮤니티의 규모·참여 비용·관심 분포가 성장·수렴·생존/쇠퇴에 미치는 영향을 모델링함으로써, 커뮤니티 자체의 생애주기(형성→성장→수렴/쇠퇴)를 핵심 분석 대상으로 삼고 있으므로 ENV_COMMUNITY_LIFECYCLE만 부여하고, 회원제·운영체계·익명성 조건에 대한 비교 분석은 없으므로 나머지 세 코드는 미부여한다. | [ROLE] 본 연구는 에이전트 기반 시뮬레이션을 통해 온라인 커뮤니티 자체의 생존·공존 역학(커뮤니티 규모, 참여 비용, 관심사 분포)을 조직생태학 관점에서 분석하므로 커뮤니티 공간 자체를 분석 대상으로 삼는 FIELD 계열에 가깝지만, 공론장 검증이나 이용자 간 관계적 자원 형성이라는 FIELD 두 코드에 모두 직접 부합하지 않으며, 외부 사회현상을 보여주는 WINDOW로도 분류되지 않아 6개 코드 모두 미부여. | [ENV] 본 논문은 조직생태학의 공존(coexistence) 틀을 온라인 커뮤니티에 적용하여, 커뮤니티 규모·참여 비용·관심 분포가 커뮤니티의 성장과 쇠퇴(생존 vs. 실패)라는 생애주기적 결과에 어떤 영향을 미치는지를 두 커뮤니티를 비교·시뮬레이션하므로 ENV_COMMUNITY_LIFECYCLE에 부여하고, 나머지 세 코드는 해당 조건을 분석 대상으로 다루지 않아 미부여로 판단한다.",True,0/3,run1:ENV_COMMUNITY_LIFECYCLE; run2:ENV_COMMUNITY_LIFECYCLE; run3:ENV_COMMUNITY_LIFECYCLE
ART003066298,온라인 건강 지식 커뮤니티에서의 커뮤니티 정체성 인식이 심리적 계약과 지식 기여 사이의 관계에 미치는 영향: 지식 공유 자기효능감의 조절 역할,장형유(경상국립대학교 경영학부),2024,마케팅논집(Journal of Marketing Studies),kor,OK,ROLE_FIELD_SOCIALCAPITAL,,run1:없음; run2:없음; run3:없음,"has_community=True role_relevant=True env_relevant=False | 이 논문은 온라인 건강 지식 커뮤니티(VHC)를 분석 대상으로 삼아 사용자의 심리적 계약이 커뮤니티 동일성과 지식 기여 행동에 미치는 영향을 규명함으로써, 커뮤니티를 지식 공유와 정체성 형성의 장(ROLE_FIELD)으로 조명하나, 회원제·익명성·운영 방침 등 구조적·환경적 조건을 비교하거나 변수로 다루지 않으므로 env_relevant는 아니다. | has_community=True role_relevant=True env_relevant=False | 이 논문은 온라인 건강 지식 커뮤니티(VHC) 내 회원의 심리적 계약(거래·관계)이 커뮤니티 동일성과 지식 기여 행동에 미치는 영향을 분석함으로써, 커뮤니티를 지식 공유와 집단 정체성 형성의 '장'으로 조명하나, 회원제·익명성·운영 방침 등 구조적·환경적 조건에 따른 차이나 비교를 다루지 않는다. | has_community=True role_relevant=True env_relevant=False | 이 논문은 온라인 건강 지식 커뮤니티(VHC)를 지식이 공유되고 커뮤니티 동일성이 형성되는 '장'으로 삼아, 심리적 계약이 지식 기여 행동에 미치는 영향을 분석하므로 role_relevant이며, 다만 회원제·제재·익명성 등 커뮤니티의 구조적·환경적 조건을 비교·분석하지 않으므로 env_relevant는 아니다.","[ROLE] 본 연구는 온라인 건강 지식 커뮤니티 내부에서 이용자와 커뮤니티 간 심리적 계약(거래·관계)이 커뮤니티 동일성과 지식 공유 행동에 미치는 영향을 구조방정식으로 실증 분석하므로, 이용자 간 관계적 자원(지식 공유·공동체 유대)의 형성과 효과를 다루는 장으로서의 사회자본 역할에 해당한다. | [ROLE] 본 연구는 온라인 건강 지식 커뮤니티 내에서 심리적 계약→커뮤니티 동일성→지식 기여라는 개인 수준의 인과 경로를 구조방정식으로 검증하는 것이므로, 장(FIELD)으로서의 공간 분석에 가깝지만 공론장 검증도 아니고, '커뮤니티 동일성'은 개인이 내면화하는 정체성 서술로 사회자본 판별 기준에서 배제되며, 지식 기여의 관계적 당사자가 이용자 간이라기보다 이용자-커뮤니티(플랫폼) 간이므로 6개 코드 중 어느 하나도 0.5에 미치지 못한다. | [ROLE] 이 논문은 온라인 건강 지식 커뮤니티(VHC) 내부에서 이용자의 심리적 계약이 커뮤니티 동일성과 지식 공유 행동에 미치는 영향을 구조방정식으로 분석함으로써, 이용자 간 참여·공유라는 관계적 자원의 형성 및 효과를 조명하는 장(FIELD·SOCIALCAPITAL)으로서의 온라인 커뮤니티 역할을 다루고 있다.",False,1/3,run1:ROLE_FIELD_SOCIALCAPITAL; run2:없음; run3:ROLE_FIELD_SOCIALCAPITAL
ART003116907,Mechanism of Quantified-Self Consciousness in Customer Participation Behavior: Based on Self Concept Theory,"진홍(Business College, Jiangxi Normal University)",2024,글로벌경영학회지,kor,ERR,,,run1:없음; run2:없음; run3:없음,"has_community=True role_relevant=False env_relevant=False | 이 논문은 양화자기(quantified-self) 의식이라는 심리적 구성물이 온라인 커뮤니티 내 참여 행동에 미치는 영향을 개별 심리 변수(외향성, tie strength)를 조정변수로 넣어 검증하는 연구로, 온라인 커뮤니티는 참여행동이 발생하는 맥락·장소로 언급될 뿐 커뮤니티의 사회적 역할이나 구조적·환경적 조건(운영방식, 익명성, 생애주기 등)을 분석 대상으로 삼지 않는다. | has_community=True role_relevant=False env_relevant=False | 이 논문은 quantified-self consciousness(QSC)라는 심리 구성이 온라인 맥락에서의 참여 행동에 미치는 영향을 분석하는 것으로, 온라인 커뮤니티는 참여 행동을 관찰하는 배경·장소로 언급될 뿐 그 사회적 역할(창/장)이나 구조적·환경적 조건(회원제, 익명성, 운영 방침 등)을 분석 대상으로 삼지 않는다. | has_community=False role_relevant=False env_relevant=False | 이 논문은 양적 자기(quantified-self) 의식(QSC)이라는 심리 구성물이 온라인 맥락에서의 참여 행동에 미치는 영향을 연구하며, '온라인 커뮤니티'는 조직 수준에서 'tie strength' 조절 변수로 한 번 언급될 뿐 커뮤니티 자체의 구조·역할·환경을 분석 대상으로 삼지 않는다.","이 논문은 양화자기(quantified-self) 의식이라는 심리적 구성물이 온라인 커뮤니티 내 참여 행동에 미치는 영향을 개별 심리 변수(외향성, tie strength)를 조정변수로 넣어 검증하는 연구로, 온라인 커뮤니티는 참여행동이 발생하는 맥락·장소로 언급될 뿐 커뮤니티의 사회적 역할이나 구조적·환경적 조건(운영방식, 익명성, 생애주기 등)을 분석 대상으로 삼지 않는다. | 이 논문은 quantified-self consciousness(QSC)라는 심리 구성이 온라인 맥락에서의 참여 행동에 미치는 영향을 분석하는 것으로, 온라인 커뮤니티는 참여 행동을 관찰하는 배경·장소로 언급될 뿐 그 사회적 역할(창/장)이나 구조적·환경적 조건(회원제, 익명성, 운영 방침 등)을 분석 대상으로 삼지 않는다. | 이 논문은 양적 자기(quantified-self) 의식(QSC)이라는 심리 구성물이 온라인 맥락에서의 참여 행동에 미치는 영향을 연구하며, '온라인 커뮤니티'는 조직 수준에서 'tie strength' 조절 변수로 한 번 언급될 뿐 커뮤니티 자체의 구조·역할·환경을 분석 대상으로 삼지 않는다.",True,3/3,run1:없음; run2:없음; run3:없음
ART002913072,How User-Generated Content Characteristics Influence the Impulsive Consumption: Moderating Effect of Tie Strength,"라위의(Hunan Institute of Humanities, Science and Technology, China)",2022,지식경영연구,kor,ERR,,,run1:없음; run2:없음; run3:없음,"has_community=True role_relevant=True env_relevant=False | 이 논문은 소셜커머스 맥락에서 온라인 커뮤니티의 UGC 특성과 사용자 간 지대 강도(tie strength)를 매개로 충동구매의 내적 메커니즘을 분석함으로써, 커뮤니티는 소비자 충동소비 현상을 보여주는 '창'으로 기능하나, 커뮤니티의 회원제·운영방침·익명성·생애주기 등 구조적·환경적 조건을 차이나 비교의 변수로 다루지는 않는다. | has_community=True role_relevant=False env_relevant=False | 본 연구는 소셜커머스 환경의 UGC가 소비자의 충동구매에 미치는 영향을 S-O-R 모형으로 분석하는 것이며, 온라인 커뮤니티는 UGC가 생성·유통되는 매개 배경으로 언급될 뿐, 커뮤니티의 사회적 역할(창/장)이나 구조적·운영적 환경 조건(회원제, 익명성, 제재 방식 등)을 분석 대상으로 삼지 않으므로 role·env 모두 해당하지 않는다. | has_community=True role_relevant=False env_relevant=False | 이 논문은 소셜 커머스 맥락에서 온라인 커뮤니티의 UGC 특성이 소비자의 충동구매에 미치는 영향을 S-O-R 모델로 분석하며, 커뮤니티는 소비자 행동 연구의 데이터 출처·플랫폼으로만 기능하고, 커뮤니티의 사회적 역할(창/장)이나 구조적·환경적 조건(회원제, 익명성, 운영 방침 등)에 대한 비교·분석은 이루어지지 않는다.","[ROLE] 본 논문은 온라인 커뮤니티 내 UGC 특성이 소비자 충동구매에 미치는 영향을 S-O-R 모델로 분석하는 것으로, 커뮤니티 공간 자체의 공론장·관계적 자원 형성이 아니라 커뮤니티를 매개로 한 소비자 구매행동(전자상거래/충동소비)이라는 외부 사회현상을 조망하는 창(WINDOW_MISC)의 성격을 가진다. | 본 연구는 소셜커머스 환경의 UGC가 소비자의 충동구매에 미치는 영향을 S-O-R 모형으로 분석하는 것이며, 온라인 커뮤니티는 UGC가 생성·유통되는 매개 배경으로 언급될 뿐, 커뮤니티의 사회적 역할(창/장)이나 구조적·운영적 환경 조건(회원제, 익명성, 제재 방식 등)을 분석 대상으로 삼지 않으므로 role·env 모두 해당하지 않는다. | 이 논문은 소셜 커머스 맥락에서 온라인 커뮤니티의 UGC 특성이 소비자의 충동구매에 미치는 영향을 S-O-R 모델로 분석하며, 커뮤니티는 소비자 행동 연구의 데이터 출처·플랫폼으로만 기능하고, 커뮤니티의 사회적 역할(창/장)이나 구조적·환경적 조건(회원제, 익명성, 운영 방침 등)에 대한 비교·분석은 이루어지지 않는다.",False,2/3,run1:ROLE_WINDOW_MISC; run2:없음; run3:없음
ART003250677,기술과 창작의 경계: 생성형 AI의 가능성과 제약 탐구,박하은(경희대학교),2025,지식경영연구,kor,ERR,,,run1:없음; run2:없음; run3:없음,"has_community=False role_relevant=False env_relevant=False | 본 연구의 분석 대상은 생성형 AI의 기술적 가능성·제약과 창작 경계 확장이며, 온라인 커뮤니티는 netnography 방법의 데이터 수집 장소로만 활용될 뿐 커뮤니티 자체의 역할이나 환경적 조건이 연구 대상이 아니므로 커뮤니티 존재 여부를 인정하지 않는다. | has_community=True role_relevant=False env_relevant=False | 이 논문은 생성형 AI가 창작의 경계를 어떻게 확장·제약하는지를 탐구하는 것을 목표로 하며, 온라인 커뮤니티 담론은 netnography의 데이터 수집 통로로서만 활용되고, 커뮤니티 자체를 창이나 장으로 조명하지도, 회원제·익명성·운영 방침 등 환경적 조건을 고려하지도 않으므로 role·env 모두 해당하지 않는다. | has_community=True role_relevant=False env_relevant=False | 이 논문은 생성형 AI의 기술적 affordances·constraints와 창작자 주체성·정체성·소유권 재구성을 분석 대상으로 삼고, 온라인 커뮤니티 담론은 netnography 기반의 데이터 수집 통로로만 활용하며, 커뮤니티 자체의 사회적 역할(창·장)이나 구조적·환경적 조건(회원제, 운영 방침, 익명성 등)을 분석 대상이나 비교 변수로 다루지 않는다.","본 연구의 분석 대상은 생성형 AI의 기술적 가능성·제약과 창작 경계 확장이며, 온라인 커뮤니티는 netnography 방법의 데이터 수집 장소로만 활용될 뿐 커뮤니티 자체의 역할이나 환경적 조건이 연구 대상이 아니므로 커뮤니티 존재 여부를 인정하지 않는다. | 이 논문은 생성형 AI가 창작의 경계를 어떻게 확장·제약하는지를 탐구하는 것을 목표로 하며, 온라인 커뮤니티 담론은 netnography의 데이터 수집 통로로서만 활용되고, 커뮤니티 자체를 창이나 장으로 조명하지도, 회원제·익명성·운영 방침 등 환경적 조건을 고려하지도 않으므로 role·env 모두 해당하지 않는다. | 이 논문은 생성형 AI의 기술적 affordances·constraints와 창작자 주체성·정체성·소유권 재구성을 분석 대상으로 삼고, 온라인 커뮤니티 담론은 netnography 기반의 데이터 수집 통로로만 활용하며, 커뮤니티 자체의 사회적 역할(창·장)이나 구조적·환경적 조건(회원제, 운영 방침, 익명성 등)을 분석 대상이나 비교 변수로 다루지 않는다.",True,3/3,run1:없음; run2:없음; run3:없음
ART003358895,전통시장 바가지요금 온라인 담론과 가격공정성 : 소셜 빅데이터 텍스트마이닝 분석,이형태(숭실대학교 벤처중소기업학과),2026,벤처혁신연구,kor,ERR,,,run1:없음; run2:없음; run3:없음,"has_community=False role_relevant=False env_relevant=False | 온라인 커뮤니티는 뉴스·블로그·카페·지식인과 함께 2,874건의 텍스트를 수집하는 다섯 데이터 소스 중 하나로 언급될 뿐, 커뮤니티의 상호작용·구조·사회적 역할 자체를 분석 대상으로 삼지 않고, 수집된 게시글 텍스트에 대한 TF-IDF·의미연결망·CONCOR 분석을 수행하는 담론 내용 연구이므로 커뮤니티가 분석 대상이 아닌 수집 통로에 그친다. | has_community=True role_relevant=False env_relevant=False | 이 논문은 바가지요금 담론 구조를 분석하기 위해 뉴스·블로그·카페·온라인 커뮤니티·지식인 등 다수 플랫폼의 텍스트를 데이터 소스로 수집하였을 뿐, 온라인 커뮤니티 자체의 사회적 역할이나 구조적·환경적 조건을 분석 대상이나 비교 변수로 삼지 않으므로 커뮤니티는 연구의 재료(채널)로서만 등장한다. | has_community=False role_relevant=False env_relevant=False | 이 논문은 온라인 커뮤니티를 뉴스·블로그·카페·지식인과 나란히 데이터 수집 채널 중 하나로만 활용하여 바가지요금 담론 구조를 분석할 뿐, 커뮤니티 자체를 분석 대상으로 삼지 않으므로 커뮤니티 존재 여부에서 제외된다.","온라인 커뮤니티는 뉴스·블로그·카페·지식인과 함께 2,874건의 텍스트를 수집하는 다섯 데이터 소스 중 하나로 언급될 뿐, 커뮤니티의 상호작용·구조·사회적 역할 자체를 분석 대상으로 삼지 않고, 수집된 게시글 텍스트에 대한 TF-IDF·의미연결망·CONCOR 분석을 수행하는 담론 내용 연구이므로 커뮤니티가 분석 대상이 아닌 수집 통로에 그친다. | 이 논문은 바가지요금 담론 구조를 분석하기 위해 뉴스·블로그·카페·온라인 커뮤니티·지식인 등 다수 플랫폼의 텍스트를 데이터 소스로 수집하였을 뿐, 온라인 커뮤니티 자체의 사회적 역할이나 구조적·환경적 조건을 분석 대상이나 비교 변수로 삼지 않으므로 커뮤니티는 연구의 재료(채널)로서만 등장한다. | 이 논문은 온라인 커뮤니티를 뉴스·블로그·카페·지식인과 나란히 데이터 수집 채널 중 하나로만 활용하여 바가지요금 담론 구조를 분석할 뿐, 커뮤니티 자체를 분석 대상으로 삼지 않으므로 커뮤니티 존재 여부에서 제외된다.",True,3/3,run1:없음; run2:없음; run3:없음
ART003228515,온라인 비디오 추천 시스템의 프라이버시 논의 동향: GDPR 도입 전후 텍스트 마이닝을 중심으로,김주영(한국과학기술원),2025,윤리경영연구,kor,OK,ROLE_WINDOW_MISC,,run1:없음; run2:없음; run3:없음,"has_community=True role_relevant=True env_relevant=False | 이 논문은 Reddit r/cybersecurity 커뮤니티 내 프라이버시 담론을 분석하여 GDPR이라는 외부 규제 변화가 사용자들의 개인정보 인식에 미치는 영향을 관찰하는 창(ROLE_WINDOW)으로 커뮤니티를 활용하며, 커뮤니티 자체의 구조적·환경적 조건(회원제, 익명성, 제재 방식 등)을 변수로 삼아 비교·분석하지는 않는다. | has_community=True role_relevant=True env_relevant=False | 이 논문은 Reddit의 r/cybersecurity 서브레딧을 분석 대상 온라인 커뮤니티로 설정하여 GDPR 발효 전후의 프라이버시 담론 변화를 텍스트 마이닝으로 추적하며, 커뮤니티를 규제 환경 변화에 대한 사용자의 프라이버시 계산(privacy calculus)이 어떻게 전환되는지를 관찰하는 창(ROLE_WINDOW)으로 조명하나, 커뮤니티의 회원제·운영 방식·익명성 등 내부 구조·환경 조건 자체를 분석 대상으로는 삼지 않는다. | has_community=True role_relevant=True env_relevant=False | 이 논문은 Reddit r/cybersecurity 서브레딧을 분석 대상으로 삼아 GDPR 발효라는 외부 규제 환경 변화가 커뮤니티 내 프라이버시 담론에 미치는 영향을 텍스트 마이닝으로 추적함으로써, 커뮤니티를 외부 사회현상(규제 변화에 따른 프라이버시 담론 전환)을 보여주는 '창'으로 활용하나, 커뮤니티 자체의 구조적·환경적 조건(회원제, 익명성, 운영·제재 방식 등)을 비교하거나 차이를 분석하지는 않는다.","[ROLE] 이 논문은 EU GDPR 발효라는 외부 규제 환경 변화가 프라이버시 담론에 미치는 영향을 Reddit 커뮤니티 텍스트를 자료로 추적하는 것이므로, 커뮤니티 공간 자체의 공론장·사회자본 역할이 아니라 개인정보 규제 대응이라는 외부 사회현상을 보여주는 창(WINDOW_MISC)으로 기능한다. | [ROLE] 이 논문은 GDPR 발효라는 외부 규제 환경 변화가 프라이버시 담론에 미치는 영향을 Reddit 커뮤니티를 통해 추적하는 것이므로, 온라인 커뮤니티는 외부 사회현상(규제 변화에 따른 개인정보 담론의 전환)을 보여주는 창(ROLE_WINDOW_MISC)으로 기능한다. | [ROLE] 이 논문은 GDPR이라는 외부 규제 환경 변화가 프라이버시 담론에 미치는 영향을 Reddit 서브레딧이라는 커뮤니티 내 게시글을 데이터로 관찰하는 것으로, 온라인 커뮤니티 공간 자체의 역할이 아니라 외부 사회현상(개인정보 규제와 프라이버시 담론의 변화)을 보여주는 창(WINDOW_MISC)으로 기능한다.",True,0/3,run1:ROLE_WINDOW_MISC; run2:ROLE_WINDOW_MISC; run3:ROLE_WINDOW_MISC
ART001262167,온라인 커뮤니티 회원들의 가치제안이 브랜드 애착에 미치는 영향,한광석(남서울대학교),2007,경영과 정보연구,eng,OK,ROLE_WINDOW_MISC,,run1:없음; run2:없음; run3:없음,"has_community=True role_relevant=True env_relevant=False | 이 논문은 온라인 커뮤니티 회원들의 가치 제언이 브랜드 애착에 미치는 영향을 분석하는 것으로, 커뮤니티를 브랜드-소비자 관계를 보여주는 창(ROLE_WINDOW)으로 활용하나, 회원제·익명성·운영 방침 등 환경적 조건을 다루지는 않는다. | has_community=True role_relevant=True env_relevant=False | 이 논문은 온라인 커뮤니티 구성원들의 가치 제안이 브랜드 애착에 미치는 영향을 분석하여, 커뮤니티를 브랜드 인식·소비자 태도를 보여주는 창(ROLE_WINDOW_MISC)으로서 조명하나, 회원제·익명성·운영 방침 등 구조적 조건에 따른 차이는 다루지 않는다. | has_community=True role_relevant=True env_relevant=False | 이 논문은 온라인 커뮤니티 회원들의 가치 제언이 브랜드 애착에 미치는 영향을 분석함으로써, 커뮤니티를 소비자 태도·브랜드 인식이라는 외부 현상을 관찰하는 창(ROLE_WINDOW)으로 활용하나, 회원제·익명성·운영방침 등 커뮤니티의 구조적·환경적 조건 자체를 비교·분석하는 내용은 제목상 확인되지 않는다.","[ROLE] 온라인 커뮤니티 이용자의 가치 제안(후기·추천 등)이 브랜드 애착에 미치는 영향을 다루는 본 논문은, 오프라인 구전(Word-of-Mouth)으로도 존재할 소비자 브랜드 인지의 동인을 온라인 커뮤니티라는 매개체로 관찰하는 것이므로, WINDOW_MISC(소비자 태도·브랜드 인식이라는 외부 사회현상을 보여주는 사례)로 분류된다. | [ROLE] 제목만으로도 분석 대상이 '브랜드 애착(brand affection)'이라는 마케팅·소비자 행동 현상이며, 온라인 커뮤니티는 그 현상의 매개 맥락(가치 제안의 발신 공간)으로 쓰이는 것으로 보아, 외부 사회현상(브랜드 마케팅·소비자 태도)을 보여주는 창(MISC)으로 기능할 가능성이 가장 높으나, '커뮤니티 회원의 가치 제안'이라는 상호작용 기제가 커뮤니티 공간 자체에 의존한다는 점에서 SOCIALCAPITAL 경계 지점에 머물러 있어 텍스트 부재로 확신은 어렵다. | [ROLE] 제목만으로 온라인 커뮤니티 내 가치 제안이 브랜드 애착(마케팅·소비자 행동 영역의 외부 현상)에 미치는 영향을 다루는 것으로 보이나, 텍스트가 제목 한 줄에 불과하여 커뮤니티가 브랜드 애착을 읽는 창인지, 커뮤니티 내 상호작용 자체가 분석 대상인지 판별할 근거가 부족하여 모든 코드에 부여하지 않는다.",False,1/3,run1:ROLE_WINDOW_MISC; run2:ROLE_WINDOW_MISC; run3:없음
ART002730754,온라인 커뮤니티의 네트노그라피 분석을 통한 창업 아이디어 도출 통합모델 제안,오승희(한양대학교),2021,Journal of Information Technology Applications & Management,kor,ERR,,,run1:없음; run2:없음; run3:없음,"has_community=False role_relevant=False env_relevant=False | 이 논문은 국내 기저귀 온라인 카페의 게시글을 창업 아이디어 도출을 위한 데이터 소스(재료)로 활용하는 것일 뿐, 커뮤니티 자체의 사회적 역할이나 구조적·환경적 조건을 분석 대상 삼지 않으므로 커뮤니티 존재 여부를 인정하기 어렵다. | has_community=False role_relevant=False env_relevant=False | 이 논문은 국내 기저귀 온라인 카페 데이터를 창업 아이디어 도출을 위한 연구 자료(재료)로 활용하는 데 그치며, 온라인 커뮤니티 자체의 사회적 역할이나 구조적·환경적 조건을 분석 대상으로 삼고 있지 않으므로 커뮤니티 존재 여부가 성립하지 않는다. | has_community=False role_relevant=False env_relevant=False | 이 논문은 온라인 커뮤니티(국내 기저귀 온라인 카페)의 게시글을 창업 아이디어 도출을 위한 데이터 소스로만 활용하며, 커뮤니티 자체의 사회적 역할이나 구조적·환경적 조건을 분석 대상으로 삼지 않는다.","이 논문은 국내 기저귀 온라인 카페의 게시글을 창업 아이디어 도출을 위한 데이터 소스(재료)로 활용하는 것일 뿐, 커뮤니티 자체의 사회적 역할이나 구조적·환경적 조건을 분석 대상 삼지 않으므로 커뮤니티 존재 여부를 인정하기 어렵다. | 이 논문은 국내 기저귀 온라인 카페 데이터를 창업 아이디어 도출을 위한 연구 자료(재료)로 활용하는 데 그치며, 온라인 커뮤니티 자체의 사회적 역할이나 구조적·환경적 조건을 분석 대상으로 삼고 있지 않으므로 커뮤니티 존재 여부가 성립하지 않는다. | 이 논문은 온라인 커뮤니티(국내 기저귀 온라인 카페)의 게시글을 창업 아이디어 도출을 위한 데이터 소스로만 활용하며, 커뮤니티 자체의 사회적 역할이나 구조적·환경적 조건을 분석 대상으로 삼지 않는다.",True,3/3,run1:없음; run2:없음; run3:없음
ART002397003,"How do Online Product-Related Electronic Network of Interest Grow?: The Role of Content, Communication Activity, and Structure",배성주(연세대학교),2018,연세경영연구,kor,ERR,,,run1:없음; run2:없음; run3:없음,"has_community=True role_relevant=True env_relevant=True | 이 논문은 제품 관련 eNoI를 공통 관심사를 가진 사용자가 상호작용하며 지식·정보를 공유하는 온라인 커뮤니티로 정의하고, 그 성장(생애주기)을 구조적 조건(소통 집중도, 콘텐츠 다양성, 참여·반응성 등)에 따른 차이의 관점에서 분석함으로써 커뮤니티의 사회적 역할(장)과 환경적 조건(ENV)을 동시에 조명한다. | has_community=True role_relevant=True env_relevant=True | 이 논문은 975개의 제품 관련 eNoI(온라인 커뮤니티)의 성장 역학을 분석 대상으로 삼아 그 구조적 조건(중앙화, 주제 다양성, 반응성, 참여 활동)이 성장에 미치는 영향을 실증적으로 비교·검증하므로, 커뮤니티 공간 자체의 성장 구조를 분석하는 '장'으로서의 역할 조명(role)과 운영·구조적 환경 조건(env)을 동시에 고려한다. | has_community=True role_relevant=True env_relevant=True | 이 논문은 제품 관련 온라인 커뮤니티(eNoI)의 성장 역학을 분석 대상으로 삼아(장), 커뮤니케이션 채널·접근성·참여·통신 중앙화 등 구조적·환경적 조건이 커뮤니티 생애주기(성장)에 미치는 영향을 비교·검증하므로 역할과 환경 모두에 해당한다.","[ROLE] 이 논문은 제품 관련 전자적 관심 네트워크(eNoI)의 성장 요인(커뮤니케이션 활동, 네트워크 구조, 집중화)을 실증적으로 검증하며, 커뮤니티 공간 내 이용자 간 연결의 구조적·관계적 측면을 분석 대상으로 삼아 사회자본(네트워크 형성·성장) 계열에 해당하나, 공론장 검증이나 외부 사회현상 창 역할은 두지 않는다. | [ENV] 이 논문은 975개 제품 관련 eNoI의 성장(growth)을 내용·통신활동·구조 변수로 설명하는 네트워크 성장 모델이므로, 커뮤니티 자체의 형성→분화→쇠퇴 전 생애주기 추적이 아니라 성장 단편만 다루고, 회원제·운영체계·익명성 비교도 없어 4개 코드 모두 미부여로 판단한다. | [ROLE] 본 논문은 제품 관련 온라인 커뮤니티(eNoI)의 성장 요인(주제 다양성, 반응성, 커뮤니케이션 집중도)을 관리학 관점에서 실증 분석하는 것으로, 공론장·사회자본·양극화·젠더·혐오 등 6개 ROLE 코드 어느 하나와도 명확히 대응되지 않으며, 커뮤니티 공간 자체의 성장 메커니즘을 다루는 정보시스템·경영 논문이므로 모든 코드는 미부여로 판단된다. | [ENV] 본 논문은 975개 제품 관련 eNoI의 18개월간 '성장(growth)'을 인과적으로 분석하되, 커뮤니티 자체의 형성·분화·쇠퇴 단계 변화를 추적하지 않고, 회원제·운영체계·익명성 차원도 다루지 않아 4개 ENV 코드 모두 미부여로 판단한다. | [ROLE] 본 논문은 제품 관련 온라인 커뮤니티(eNoI)의 성장 동인(내용 다양성, 소통 활동, 네트워크 구조의 집중도)을 관리학적 관점에서 분석하는 것으로, 커뮤니티 공간 안의 네트워크 구조와 소통 패턴을 다루어 FIELD 계열에 가깝지만 공론장 검증도 신뢰·연대 형성의 효과 분석도 아니므로 6개 코드 모두 미부여된다. | [ENV] 본 논문은 제품 관련 전자 관심 네트워크(eNoI)의 성장 요인을 네트워크 구조·콘텐츠·활동 수준에서 분석하나, 회원제·운영체제·생애주기·익명성 등 4개 ENV 코드가 요구하는 '조건 간 차이·비교·변화'를 실제로 분석 대상으로 삼지 않으므로 모두 미부여.",False,2/3,run1:ROLE_FIELD_SOCIALCAPITAL; run2:없음; run3:없음
ART003200514,A study on the factors influencing consumers' intention to use community group buying platforms,이일녕(우석대학교),2025,글로벌경영학회지,kor,ERR,,,run1:없음; run2:없음; run3:없음,"has_community=False role_relevant=False env_relevant=False | 이 논문은 '커뮤니티 그룹바이 플랫폼'이라는 상업적 전자상거래 플랫폼의 IT 품질(정보·시스템·서비스 품질)이 소비자 신뢰와 사용 의도에 미치는 영향을 분석하는 정보시스템 연구로, 공통 관심사·목적에 기반한 지속적 상호작용과 관계 형성을 전제로 한 온라인 커뮤니티가 아닌 거래 중심 플랫폼을 다루므로 커뮤니티 존재 여부 자체가 성립하지 않는다. | has_community=False role_relevant=False env_relevant=False | 이 논문은 '커뮤니티 그룹바이(社区团购) 플랫폼'을 IT 품질(정보·시스템·서비스 품질)→신뢰→사용 의도라는 기술 수용 모델의 적용 대상인 전자상거래 서비스 플랫폼으로 분석하며, '커뮤니티'는 사업 모델의 수식어일 뿐 사용자 간 지속적 상호작용·정보 공유·관계 형성이라는 디지털 공간 자체를 분석 대상으로 삼지 않는다. | has_community=True role_relevant=False env_relevant=False | 이 논문은 커뮤니티 그룹바잉 플랫폼의 IT 품질(정보·시스템·서비스 품질)과 신뢰가 이용 의도에 미치는 영향을 검증하는 기술 수용 연구로서, 온라인 커뮤니티를 공론장·사회현상 창이나 그 자체의 사회적 장으로 조명하지도, 회원제·제재·익명성·생애주기 등 커뮤니티 고유 구조·환경 조건을 고려하지도 않는다.","이 논문은 '커뮤니티 그룹바이 플랫폼'이라는 상업적 전자상거래 플랫폼의 IT 품질(정보·시스템·서비스 품질)이 소비자 신뢰와 사용 의도에 미치는 영향을 분석하는 정보시스템 연구로, 공통 관심사·목적에 기반한 지속적 상호작용과 관계 형성을 전제로 한 온라인 커뮤니티가 아닌 거래 중심 플랫폼을 다루므로 커뮤니티 존재 여부 자체가 성립하지 않는다. | 이 논문은 '커뮤니티 그룹바이(社区团购) 플랫폼'을 IT 품질(정보·시스템·서비스 품질)→신뢰→사용 의도라는 기술 수용 모델의 적용 대상인 전자상거래 서비스 플랫폼으로 분석하며, '커뮤니티'는 사업 모델의 수식어일 뿐 사용자 간 지속적 상호작용·정보 공유·관계 형성이라는 디지털 공간 자체를 분석 대상으로 삼지 않는다. | 이 논문은 커뮤니티 그룹바잉 플랫폼의 IT 품질(정보·시스템·서비스 품질)과 신뢰가 이용 의도에 미치는 영향을 검증하는 기술 수용 연구로서, 온라인 커뮤니티를 공론장·사회현상 창이나 그 자체의 사회적 장으로 조명하지도, 회원제·제재·익명성·생애주기 등 커뮤니티 고유 구조·환경 조건을 고려하지도 않는다.",True,3/3,run1:없음; run2:없음; run3:없음
ART002612507,코로나19 펜데믹(pandemic) 상황에서 고등학교 경력 체육 교사가 겪는 온라인 수업 실천의 어려움과 극복 전략 탐색,이의재(서강대학교),2020,학습자중심교과교육연구,kor,ERR,,,run1:없음; run2:없음; run3:없음,"has_community=False role_relevant=False env_relevant=False | 이 논문은 코로나 상황에서 온라인 체육수업의 수용·준비·실행 과정에서의 어려움을 서사 연구로 분석하는 것으로, '학습공동체'는 교사들의 단기 극복 전략으로 잠깐 언급될 뿐 온라인 커뮤니티 자체를 분석 대상으로 삼지 않는다. | has_community=True role_relevant=False env_relevant=False | 이 논문은 코로나 펜데믹 상황에서 고등학교 경력 체육 교사 두 명의 온라인 수업 수용·준비·실행 과정의 어려움과 극복 전략을 내러티브 연구로 다루며, '학습공동체'가 단기 전략으로 간략히 언급되기는 하나 이를 온라인 커뮤니티의 구조·역할·환경 조건으로 분석하지 않으므로, 온라인 커뮤니티가 연구의 분석 대상이 되지 않는다. | has_community=False role_relevant=False env_relevant=False | 이 논문은 코로나 상황에서 고등 체육 교사의 온라인 수업 수용·준비·실행 과정의 어려움과 극복 전략을 연구하는 것으로, 온라인 수업은 교수·학습 매체일 뿐이며 '학습공동체'는 극복 전략으로 잠깐 언급될 뿐 커뮤니티의 구조·역할·환경을 분석 대상 삼지 않는다.","이 논문은 코로나 상황에서 온라인 체육수업의 수용·준비·실행 과정에서의 어려움을 서사 연구로 분석하는 것으로, '학습공동체'는 교사들의 단기 극복 전략으로 잠깐 언급될 뿐 온라인 커뮤니티 자체를 분석 대상으로 삼지 않는다. | 이 논문은 코로나 펜데믹 상황에서 고등학교 경력 체육 교사 두 명의 온라인 수업 수용·준비·실행 과정의 어려움과 극복 전략을 내러티브 연구로 다루며, '학습공동체'가 단기 전략으로 간략히 언급되기는 하나 이를 온라인 커뮤니티의 구조·역할·환경 조건으로 분석하지 않으므로, 온라인 커뮤니티가 연구의 분석 대상이 되지 않는다. | 이 논문은 코로나 상황에서 고등 체육 교사의 온라인 수업 수용·준비·실행 과정의 어려움과 극복 전략을 연구하는 것으로, 온라인 수업은 교수·학습 매체일 뿐이며 '학습공동체'는 극복 전략으로 잠깐 언급될 뿐 커뮤니티의 구조·역할·환경을 분석 대상 삼지 않는다.",True,3/3,run1:없음; run2:없음; run3:없음
ART001540563,온라인 교사공동체의 협력적 전문성 개발 : 인디스쿨 사례연구,서경혜(이화여자대학교),2011,한국교원교육연구,kor,OK,ROLE_FIELD_SOCIALCAPITAL,,run1:없음; run2:없음; run3:없음,"has_community=True role_relevant=True env_relevant=False | 이 논문은 인디스쿨 온라인 교사공동체에서 교사 전문성 개발이 어떻게 이루어지는지를 탐구하여, 온라인 커뮤니티가 협력적 전문성 개발의 '장'으로서 수행하는 사회적 역할을 분석 대상으로 삼고 있으나, 회원제·운영·제재·익명성 등 커뮤니티의 구조적·환경적 조건을 비교·고찰하지 않는다. | has_community=True role_relevant=True env_relevant=False | 이 논문은 인디스쿨이라는 온라인 교사공동체를 협력적 전문성 개발이 이루어지는 '장'으로 조명하여 그 사회적 역할을 분석하고 있으나, 회원제·익명성·운영 방침 등 커뮤니티의 구조적·환경적 조건을 비교하거나 그 차이를 다루지 않는다. | has_community=True role_relevant=True env_relevant=False | 이 논문은 인디스쿨 온라인 교사공동체를 교사 전문성 개발이 이루어지는 협력적 학습 공간(장)으로 분석 대상으로 삼고 있으나, 회원제·제재·익명성·생애주기 등 커뮤니티의 구조적·환경적 조건에 따른 차이나 변화를 고려하지는 않는다.","[ROLE] 이 논문은 온라인 교사공동체(인디스쿨)라는 공간 안에서 이용자 간 자료 공유·문제 협의·정서적 지지·협력적 전문성 개발 등 관계적 상호작용이 어떻게 교사 전문성 개발로 이어지는지를 분석하므로, 온라인 커뮤니티 공간 자체의 역할로서 사회자본 형성·효과에 해당한다. | [ROLE] 이 논문은 온라인 교사공동체(인디스쿨) 안에서 교사들 간의 자료 공유·문제 협의·정서적 지지를 매개로 한 협력적 전문성 개발을 분석하며, 개인주의적 접근에서 이용자 간 관계적·협력적 자원 형성으로의 전환을 핵심으로 삼아 장으로서의 사회적 자본(SOCIALCAPITAL) 역할에 해당한다. | [ROLE] 본 논문은 교사 전문성 개발(협력적 전문성 개발, 자료 공유, 정서적 지지 등)이라는 외부 사회현상을 온라인 교사공동체(인디스쿨)라는 사례를 통해 탐구하는 WINDOW_MISC에 해당하며, 이용자 간 관계적 자원(자료 공유·정서적 지지)의 서술이 존재하나 분석의 초점은 전문성 개발이라는 외부 현상에 놓여 있어 SOCIALCAPITAL은 미부여로 판단하였다.",False,0/3,run1:ROLE_FIELD_SOCIALCAPITAL; run2:ROLE_FIELD_SOCIALCAPITAL; run3:ROLE_WINDOW_MISC
ART001433331,교사공동체의 실천적 지식,서경혜(이화여자대학교),2010,한국교원교육연구,kor,OK,ROLE_FIELD_SOCIALCAPITAL,,run1:없음; run2:없음; run3:없음,"has_community=True role_relevant=True env_relevant=False | 이 논문은 온라인 교사공동체 '인디스쿨'을 실천적 지식의 외현화·공유·검증·재구성 순환이 이루어지는 공간(장)으로서 분석 대상으로 삼고 있으나, 회원제·제재·익명성 등 구조적·환경적 조건을 변수로 비교하거나 그 조건에 따른 차이를 분석하지 않으므로 env는 해당하지 않는다. | has_community=True role_relevant=True env_relevant=False | 이 논문은 온라인 교사공동체 인디스쿨을 실천적 지식의 외현화·공유·검증·재구성 순환을 수행하는 '장'으로 삼아 그 사회적 기능을 분석하지만, 회원제·익명성·운영 방침 등 구조적 조건을 비교·변화시키는 변수로 다루지 않으므로 env는 해당하지 않는다. | has_community=True role_relevant=True env_relevant=False | 이 논문은 인디스쿨 온라인 교사공동체를 실천적 지식의 외현화·공유·검증·재구성이 순환하는 장(ROLE_FIELD_PUBLICSPHERE)으로 분석하나, 회원제·익명성·제재 방식 등 구조적·환경적 조건을 변수로 비교하거나 그 조건에 따른 차이를 분석하지는 않으므로 env_relevant는 false이다.","[ROLE] 본 연구는 온라인 교사공동체(인디스쿨) 내부에서 개인적 암묵지가 외현화·공유·검증·재구성의 순환 과정을 통해 집단적 실천 지식이라는 관계적 자원으로 형성·확산되는 메커니즘을 분석하므로, 커뮤니티 공간 안에서 이용자 간 연결을 매개로 공동 자원이 만들어지는 장(FIELD)으로서의 사회자본 형성 역할을 주로 조명한다. | [ROLE] 본 연구는 온라인 교사공동체 인디스쿨 내부에서 외현화·공유·검증·재구성의 순환 과정을 통해 실천적 지식이 형성·발전되는 메커니즘을 분석하므로 커뮤니티 공간 자체를 분석 대상으로 삼는 FIELD 계열에 가깝지만, 그 핵심 분석 대상이 '실천적 지식'의 형성·확산이므로 공론장 검증(PUBLICSPHERE)이나 관계적 자원 형성·효과(SOCIALCAPITAL)라는 6개 FIELD 코드의 판별 기준에 0.5를 넘기엔 근거가 부족하여, WINDOW 계열도 외부 사회현상 포착이 아니어서 6개 코드 모두 미부여로 판단된다. | [ROLE] 논문은 온라인 교사공동체 인디스쿨 안에서 이용자 간 지식의 외현화·공유·검증·재구성이라는 상호작용 과정을 추적하여, 커뮤니티 공간 자체가 실천적 지식을 형성·확산하는 관계적 자원 네트워크로서 기능하는지를 분석하므로 FIELD 계열 중 ROLE_FIELD_SOCIALCAPITAL에 부여하고, WINDOW 계열은 모두 미부여한다.",False,1/3,run1:ROLE_FIELD_SOCIALCAPITAL; run2:없음; run3:ROLE_FIELD_SOCIALCAPITAL
ART001250917,교사들의 지식공유 및 전문성 향상을 위한네트워크 기반 실천공동체의 발달과정: 인디스쿨 사례연구,김도헌(진주교육대학교),2008,교육공학연구,kor,OK,ROLE_FIELD_SOCIALCAPITAL,ENV_COMMUNITY_LIFECYCLE,run1:없음; run2:없음; run3:없음,"has_community=True role_relevant=True env_relevant=True | 이 논문은 초등 교사들의 온라인 분산 실천공동체인 '인디스쿨'을 분석 대상으로 삼아, 지식공유·전문성 향상을 위한 공동체로서의 사회적 역할(장)을 조명하는 동시에, 잠재기-결합기-성숙기-유지기로 구분되는 커뮤니티 생애주기(ENV)와 자생적 형성 vs 인위적 운영이라는 운영 방식의 차이를 비교·분석하고 있다. | has_community=True role_relevant=True env_relevant=True | 이 논문은 초등 교사들의 온라인 실천공동체 '인디스쿨'을 연구 대상으로 삼아, 그 생애주기(잠재기·결합기·성숙기·유지기)에 따른 구조적 변화와 자생적 형성·운영 방식을 분석함으로써 커뮤니티 자체의 발달 과정(장)과 운영 환경(ENV)을 동시에 조명한다. | has_community=True role_relevant=True env_relevant=True | 이 논문은 초등 교사들의 온라인 실천공동체 '인디스쿨'을 분석 대상으로 삼아, 공동체 자체의 지식공유·전문성 향상이라는 사회적 역할을 장(ROLE_FIELD_*)으로 조명하는 동시에, 잠재기-결합기-성숙기-유지기로 나뉜 생애주기와 자생적 육성·지원 대 인위적 설계·운영이라는 운영 방식의 차이를 구조적 조건으로 분석한다.","[ROLE] 이 논문은 '인디스쿨'이라는 온라인 실천공동체 자체가 신뢰 형성과 지식공유를 매개로 어떻게 생성·성숙·변화하는지를 발달 단계별로 분석하는 것으로, 커뮤니티 공간 안에서 이용자 간 관계적 자원(신뢰·공유·주인의식)의 형성과정을 장(SOCIALCAPITAL)으로서 조명한다. | [ENV] 본 연구는 인디스쿨이라는 단일 온라인 실천공동체의 생성·성숙·유지라는 4단계 생애주기를 핵심사건 중심으로 추적하는 것이 주된 분석 대상이므로 ENV_COMMUNITY_LIFECYCLE만 부여되며, 나머지 세 코드는 해당 조건에 따른 비교나 변화 분석이 텍스트에 존재하지 않아 미부여한다. | [ROLE] 본 연구는 온라인 분산 실천공동체 '인디스쿨'의 생성·성숙·유지 단계에서 이용자 간 신뢰 형성, 지식 공유, 공동체 주인 의식 등 관계적 자원의 발달 과정을 분석 대상으로 삼고 있으므로, 온라인 커뮤니티 공간 안에서 이용자 간 연결의 존재·강도·효과를 다루는 FIELD 계열의 SOCIALCAPITAL에 해당한다. | [ENV] 이 논문은 인디스쿨이라는 단일 온라인 실천공동체의 생성·성숙·유지라는 생애주기 4단계를 핵심사건 중심으로 추적·분석하는 것이 주된 분석 대상이므로 ENV_COMMUNITY_LIFECYCLE만 부여되며, 회원제·운영체계·익명성 차이는 분석 대상이 되지 않는다. | [ROLE] 본 연구는 온라인 교사 실천공동체(인디스쿨) 내부에서 이용자 간 신뢰 형성·지식 공유·공동체 주인식 등 관계적 자원이 어떻게 생성되고 변화하는지를 발달 단계별로 추적하므로, 온라인 커뮤니티 공간 안의 사회적 자본(SOCIALCAPITAL) 형성을 분석하는 FIELD 계열에 해당한다. | [ENV] 본 논문은 인디스쿨이라는 분산 실천공동체 자체를 잠재기·결합기·성숙기·유지기의 4단계로 추적하며 단계별 핵심사건과 발견주제를 분석하므로 ENV_COMMUNITY_LIFECYCLE에 해당하나, 회원제·운영체계·익명성 차이는 분석 대상에서 다루지 않아 나머지 세 코드는 미부여한다.",True,0/3,"run1:ENV_COMMUNITY_LIFECYCLE,ROLE_FIELD_SOCIALCAPITAL; run2:ENV_COMMUNITY_LIFECYCLE,ROLE_FIELD_SOCIALCAPITAL; run3:ENV_COMMUNITY_LIFECYCLE,ROLE_FIELD_SOCIALCAPITAL"
ART002881427,유아교사의 디지털역량 강화를 위한 교육 프로그램 개발,김교령(가톨릭대학교),2022,육아지원연구,kor,ERR,,,run1:없음; run2:없음; run3:없음,"has_community=False role_relevant=False env_relevant=False | 이 논문은 유아교사 디지털역량 교육 프로그램 개발이 목적이며, 온라인 커뮤니티는 프로그램 운영 수단(전달 채널)으로만 언급될 뿐 커뮤니티 자체를 분석 대상이나 연구 재료로 삼지 않으므로, 커뮤니티는 운영 수단에 그쳐 has_community를 false로 판단한다. | has_community=False role_relevant=False env_relevant=False | 이 논문은 유아교사 디지털역량 강화 교육 프로그램의 개발·실행·평가를 연구하며, 온라인 커뮤니티는 해당 프로그램의 전달 매체(플랫폼)로만 언급될 뿐 커뮤니티 자체의 구조·역할·운영 조건을 분석 대상으로 삼지 않으므로, 온라인 커뮤니티를 연구의 재료로 활용하지 않는다. | has_community=False role_relevant=False env_relevant=False | 이 논문은 유아교사 디지털역량 강화 교육 프로그램 개발이 목적이며, 온라인 커뮤니티와 화상회의 플랫폼은 프로그램 운영 매개 수단으로만 언급될 뿐, 커뮤니티 자체의 사회적 역할이나 구조적·환경적 조건을 분석 대상으로 삼지 않는다.","이 논문은 유아교사 디지털역량 교육 프로그램 개발이 목적이며, 온라인 커뮤니티는 프로그램 운영 수단(전달 채널)으로만 언급될 뿐 커뮤니티 자체를 분석 대상이나 연구 재료로 삼지 않으므로, 커뮤니티는 운영 수단에 그쳐 has_community를 false로 판단한다. | 이 논문은 유아교사 디지털역량 강화 교육 프로그램의 개발·실행·평가를 연구하며, 온라인 커뮤니티는 해당 프로그램의 전달 매체(플랫폼)로만 언급될 뿐 커뮤니티 자체의 구조·역할·운영 조건을 분석 대상으로 삼지 않으므로, 온라인 커뮤니티를 연구의 재료로 활용하지 않는다. | 이 논문은 유아교사 디지털역량 강화 교육 프로그램 개발이 목적이며, 온라인 커뮤니티와 화상회의 플랫폼은 프로그램 운영 매개 수단으로만 언급될 뿐, 커뮤니티 자체의 사회적 역할이나 구조적·환경적 조건을 분석 대상으로 삼지 않는다.",True,3/3,run1:없음; run2:없음; run3:없음
ART002024110,대학생의 자기수용이 대인관계능력에 미치는 영향: 자아존중감과 의사소통능력의 매개효과,이어진(부산대학교),2015,상담학연구,kor,ERR,,,run1:없음; run2:없음; run3:없음,"has_community=False role_relevant=False env_relevant=False | 이 논문은 자기수용과 대인관계능력 간 매개효과를 검증하는 심리 연구로, 온라인 커뮤니티는 설문 배포를 위한 모집 통로로서만 언급될 뿐, 커뮤니티 자체의 구조·역할·운영 조건을 분석 대상으로 삼지 않는다. | has_community=False role_relevant=False env_relevant=False | 온라인 커뮤니티는 설문 대상자 모집 통로로만 언급되며, 커뮤니티 자체의 구조·역할·환경이 분석 대상이 되지 않으므로 커뮤니티 연구로 볼 수 없다. | has_community=False role_relevant=False env_relevant=False | 온라인 커뮤니티는 설문 응답자를 모집하는 통로로만 언급될 뿐, 커뮤니티 내부의 상호작용·구조·역할을 분석 대상으로 삼지 않으므로 커뮤니티 존재 여부가 성립하지 않는다.","이 논문은 자기수용과 대인관계능력 간 매개효과를 검증하는 심리 연구로, 온라인 커뮤니티는 설문 배포를 위한 모집 통로로서만 언급될 뿐, 커뮤니티 자체의 구조·역할·운영 조건을 분석 대상으로 삼지 않는다. | 온라인 커뮤니티는 설문 대상자 모집 통로로만 언급되며, 커뮤니티 자체의 구조·역할·환경이 분석 대상이 되지 않으므로 커뮤니티 연구로 볼 수 없다. | 온라인 커뮤니티는 설문 응답자를 모집하는 통로로만 언급될 뿐, 커뮤니티 내부의 상호작용·구조·역할을 분석 대상으로 삼지 않으므로 커뮤니티 존재 여부가 성립하지 않는다.",True,3/3,run1:없음; run2:없음; run3:없음
ART002178575,대학생들은 플립드러닝수업을 통해 어떤 경험을 하는가?,임상훈(한양대학교),2016,교육정보미디어연구,kor,ERR,,,run1:없음; run2:없음; run3:없음,"has_community=False role_relevant=False env_relevant=False | 이 논문은 플립드 러닝 수업의 학습 경험을 연구 주제로 삼고 있으며, 온라인 커뮤니티는 심층면담과 함께 데이터 수집 수단(관찰 대상)으로만 언급될 뿐, 커뮤니티 자체의 구조·역할·환경을 분석 대상으로 삼지 않는다. | has_community=True role_relevant=False env_relevant=False | 이 논문은 플립드 러닝 수업의 학습 경험을 연구 대상으로 삼고 있으며, 온라인 커뮤니티는 심층면담·성찰일지와并列된 자료 수집 도구(관찰)로만 언급될 뿐, 커뮤니티 자체의 사회적 역할이나 구조적·환경적 조건을 분석 대상으로 삼지 않는다. | has_community=False role_relevant=False env_relevant=False | 이 논문은 플립드 러닝 수업의 학습 경험을 연구 대상으로 삼고 있으며, 온라인 커뮤니티는 심층면담·성찰일지와 병행된 데이터 수집 수단(관찰 대상)으로서만 언급될 뿐, 커뮤니티 자체의 구조·역할·운영 조건을 분석 대상으로 삼지 않는다.","이 논문은 플립드 러닝 수업의 학습 경험을 연구 주제로 삼고 있으며, 온라인 커뮤니티는 심층면담과 함께 데이터 수집 수단(관찰 대상)으로만 언급될 뿐, 커뮤니티 자체의 구조·역할·환경을 분석 대상으로 삼지 않는다. | 이 논문은 플립드 러닝 수업의 학습 경험을 연구 대상으로 삼고 있으며, 온라인 커뮤니티는 심층면담·성찰일지와并列된 자료 수집 도구(관찰)로만 언급될 뿐, 커뮤니티 자체의 사회적 역할이나 구조적·환경적 조건을 분석 대상으로 삼지 않는다. | 이 논문은 플립드 러닝 수업의 학습 경험을 연구 대상으로 삼고 있으며, 온라인 커뮤니티는 심층면담·성찰일지와 병행된 데이터 수집 수단(관찰 대상)으로서만 언급될 뿐, 커뮤니티 자체의 구조·역할·운영 조건을 분석 대상으로 삼지 않는다.",True,3/3,run1:없음; run2:없음; run3:없음
ART000942978,영유아보육시설과 유아교육기관에서 영유아의 참여권의 신장방안,이용교(광주대학교),2004,아동과 권리,kor,ERR,,,run1:없음; run2:없음; run3:없음,"has_community=False role_relevant=False env_relevant=False | 이 논문은 영유아의 참여권 실현 여부를 선행연구와 면담을 통해 분석하며, '홈페이지와 카페를 통한 온라인 공동체 형성'은 향후 대안으로 잠깐 언급된 제안에 불과하여 온라인 커뮤니티를 연구 대상이나 분석 재료로 삼지 않는다. | has_community=False role_relevant=False env_relevant=False | 이 논문은 영유아보육·유아교육기관에서 아동의 참여권 실현 여부를 분석하는 연구이며, '홈페이지와 카페를 통한 온라인 공동체 형성'은 참여권 신장 대안으로 열거된 여덟 가지 정책 제안 중 하나에 불과하여 온라인 커뮤니티 자체를 분석 대상으로 삼지 않는다. | has_community=False role_relevant=False env_relevant=False | 이 논문은 영유아보육시설·유아교육기관에서 영유아의 참여권 실현 여부를 분석하는 연구이며, 온라인 커뮤니티(홈페이지·카페)는 참여권 신장 대안 중 하나로 잠깐 언급될 뿐, 분석 대상이나 연구 재료로 활용되지 않는다.","이 논문은 영유아의 참여권 실현 여부를 선행연구와 면담을 통해 분석하며, '홈페이지와 카페를 통한 온라인 공동체 형성'은 향후 대안으로 잠깐 언급된 제안에 불과하여 온라인 커뮤니티를 연구 대상이나 분석 재료로 삼지 않는다. | 이 논문은 영유아보육·유아교육기관에서 아동의 참여권 실현 여부를 분석하는 연구이며, '홈페이지와 카페를 통한 온라인 공동체 형성'은 참여권 신장 대안으로 열거된 여덟 가지 정책 제안 중 하나에 불과하여 온라인 커뮤니티 자체를 분석 대상으로 삼지 않는다. | 이 논문은 영유아보육시설·유아교육기관에서 영유아의 참여권 실현 여부를 분석하는 연구이며, 온라인 커뮤니티(홈페이지·카페)는 참여권 신장 대안 중 하나로 잠깐 언급될 뿐, 분석 대상이나 연구 재료로 활용되지 않는다.",True,3/3,run1:없음; run2:없음; run3:없음
ART001115235,온라인 수업에서 학습자들의 상호작용 증진을 위한 공동체의식 형성에 관한 고찰,이동주(The University of Texas at Austin),2004,교육공학연구,kor,ERR,,,run1:없음; run2:없음; run3:없음,"has_community=False role_relevant=False env_relevant=False | 이 논문은 온라인 학습 환경에서 학습자들의 '공동체의식(sense of community)'이라는 교육·심리학적 구성물의 형성 요인을 선행 연구로 검토하는 문헌고찰로서, 특정 온라인 커뮤니티를 분석 대상으로 삼지 않으며, '공동체'는 학습 성과 변수로 다루어지므로 온라인 커뮤니티의 연구 대상이 아니다. | has_community=False role_relevant=False env_relevant=False | 이 논문은 '공동체식(sense of community)'을 교육학적·심리학적 개념으로 다루며, 온라인 학습 환경에서의 학습자 상호작용을 구조화된 온라인 수업(강의) 맥락에서 검토하는 문헌고찰이므로, 공통 관심사·목적에 기반한 자발적 디지털 공간으로서의 온라인 커뮤니티를 분석 대상으로 삼지 않는다. | has_community=False role_relevant=False env_relevant=False | 이 논문은 '공동체의식(sense of community)'이라는 교육심리학적 개념의 구성요소와 학습 효과에 대한 문헌고찰이며, 온라인 학습 환경은 특정 커뮤니티 플랫폼을 분석 대상으로 삼은 것이 아니라 심리적·교육적 개념을 논의하는 일반적 맥락에 불과하므로, 온라인 커뮤니티 자체를 분석 대상으로 삼지 않는다.","이 논문은 온라인 학습 환경에서 학습자들의 '공동체의식(sense of community)'이라는 교육·심리학적 구성물의 형성 요인을 선행 연구로 검토하는 문헌고찰로서, 특정 온라인 커뮤니티를 분석 대상으로 삼지 않으며, '공동체'는 학습 성과 변수로 다루어지므로 온라인 커뮤니티의 연구 대상이 아니다. | 이 논문은 '공동체식(sense of community)'을 교육학적·심리학적 개념으로 다루며, 온라인 학습 환경에서의 학습자 상호작용을 구조화된 온라인 수업(강의) 맥락에서 검토하는 문헌고찰이므로, 공통 관심사·목적에 기반한 자발적 디지털 공간으로서의 온라인 커뮤니티를 분석 대상으로 삼지 않는다. | 이 논문은 '공동체의식(sense of community)'이라는 교육심리학적 개념의 구성요소와 학습 효과에 대한 문헌고찰이며, 온라인 학습 환경은 특정 커뮤니티 플랫폼을 분석 대상으로 삼은 것이 아니라 심리적·교육적 개념을 논의하는 일반적 맥락에 불과하므로, 온라인 커뮤니티 자체를 분석 대상으로 삼지 않는다.",True,3/3,run1:없음; run2:없음; run3:없음
ART002702516,COVID-19로 인한 비대면 학습 환경에서 대학생의 학교소속감과 대학생활만족도가 학업지속의향에 미치는 영향,이하연(건국대학교 교육공학과),2021,進路敎育硏究,kor,ERR,,,run1:없음; run2:없음; run3:없음,"has_community=False role_relevant=False env_relevant=False | 이 논문은 비대면 학습 환경에서 대학생의 학교소속감과 대학생활만족도가 학업지속의향에 미치는 영향을 설문조사로 분석하는 연구이며, 온라인 커뮤니티는 결론 부분에서 소속감 제고 방안의 하나로 언급될 뿐 연구 분석 대상이 아니다. | has_community=False role_relevant=False env_relevant=False | 이 논문은 비대면 학습 환경에서 대학생의 소속감과 만족도가 학업지속의향에 미치는 영향을 설문조사·회귀분석으로 규명하는 것이 목적이며, 온라인 커뮤니티는 결론부에서 대학생활 상실감 해소를 위한 활성화 방안으로 일회성 언급된 것으로, 분석 대상이 되지 않는다. | has_community=False role_relevant=False env_relevant=False | 이 논문은 비대면 학습 환경에서 학교소속감과 대학생활만족도가 학업지속의향에 미치는 영향을 설문으로 분석하는 연구이며, 온라인 커뮤니티는 결론 부에서 활성화 방안을 제시하는 정책 권고 사항으로만 언급될 뿐, 분석 대상이나 연구 재료로 활용되지 않는다.","이 논문은 비대면 학습 환경에서 대학생의 학교소속감과 대학생활만족도가 학업지속의향에 미치는 영향을 설문조사로 분석하는 연구이며, 온라인 커뮤니티는 결론 부분에서 소속감 제고 방안의 하나로 언급될 뿐 연구 분석 대상이 아니다. | 이 논문은 비대면 학습 환경에서 대학생의 소속감과 만족도가 학업지속의향에 미치는 영향을 설문조사·회귀분석으로 규명하는 것이 목적이며, 온라인 커뮤니티는 결론부에서 대학생활 상실감 해소를 위한 활성화 방안으로 일회성 언급된 것으로, 분석 대상이 되지 않는다. | 이 논문은 비대면 학습 환경에서 학교소속감과 대학생활만족도가 학업지속의향에 미치는 영향을 설문으로 분석하는 연구이며, 온라인 커뮤니티는 결론 부에서 활성화 방안을 제시하는 정책 권고 사항으로만 언급될 뿐, 분석 대상이나 연구 재료로 활용되지 않는다.",True,3/3,run1:없음; run2:없음; run3:없음
ART001340968,온라인 학습 환경에서 학습자의 공동체의식과 학습준비도가 학습효과에 미치는 영향,김정겸(충남대학교),2009,학습자중심교과교육연구,kor,ERR,,,run1:없음; run2:없음; run3:없음,"has_community=True role_relevant=False env_relevant=False | 이 논문은 방송통신고의 온라인 학습 환경에서 '공동체의식'이라는 심리 변수와 학습준비도가 학습효과에 미치는 영향을 실증적으로 분석하는 것으로, '온라인 커뮤니티'는 공통 관심사·목적에 기반한 지속적 상호작용과 관계 형성을 위한 디지털 공간이 아니라 온라인 학습 플랫폼 내 교실·학교 공동체 의식이라는 심리 구성 요소를 측정하는 데 그치며, 커뮤니티의 사회적 역할이나 구조적·환경적 조건(익명성, 운영 방침, 생애주기 등)을 분석 대상으로 삼지 않는다. | has_community=False role_relevant=False env_relevant=False | 이 논문은 방송통신고등학교의 온라인 학습 환경에서 학습자의 '공동체의식'이라는 심리 변인과 학습효과 간의 상관 관계를 실증적으로 조사하는 것으로, 온라인 커뮤니티가 분석 대상이 아니라 구조화된 온라인 학습 플랫폼에서의 학습 효과를 다루며, '공동체'는 디지털 공간으로서의 커뮤니티가 아닌 교실·학교 소속감이라는 심리 개념을 의미한다. | has_community=True role_relevant=False env_relevant=False | 이 논문은 방송통신고등학교의 온라인 학습 환경이라는 교육 전달 매개체 내에서 '공동체 의식'이라는 심리 변인이 학습효과에 미치는 영향을 실증적으로 조사하는 것으로, 공통 관심사·목적에 기반한 사용자의 지속적 상호작용과 관계 형성을 전제로 한 온라인 커뮤니티 공간 자체를 분석 대상으로 삼지 않으며, 온라인 커뮤니티의 사회적 역할(창·장)이나 구조적·환경적 조건(회원제, 익명성, 운영 방침 등)을 고려하지도 않으므로 role·env 모두 해당하지 않는다.","이 논문은 방송통신고의 온라인 학습 환경에서 '공동체의식'이라는 심리 변수와 학습준비도가 학습효과에 미치는 영향을 실증적으로 분석하는 것으로, '온라인 커뮤니티'는 공통 관심사·목적에 기반한 지속적 상호작용과 관계 형성을 위한 디지털 공간이 아니라 온라인 학습 플랫폼 내 교실·학교 공동체 의식이라는 심리 구성 요소를 측정하는 데 그치며, 커뮤니티의 사회적 역할이나 구조적·환경적 조건(익명성, 운영 방침, 생애주기 등)을 분석 대상으로 삼지 않는다. | 이 논문은 방송통신고등학교의 온라인 학습 환경에서 학습자의 '공동체의식'이라는 심리 변인과 학습효과 간의 상관 관계를 실증적으로 조사하는 것으로, 온라인 커뮤니티가 분석 대상이 아니라 구조화된 온라인 학습 플랫폼에서의 학습 효과를 다루며, '공동체'는 디지털 공간으로서의 커뮤니티가 아닌 교실·학교 소속감이라는 심리 개념을 의미한다. | 이 논문은 방송통신고등학교의 온라인 학습 환경이라는 교육 전달 매개체 내에서 '공동체 의식'이라는 심리 변인이 학습효과에 미치는 영향을 실증적으로 조사하는 것으로, 공통 관심사·목적에 기반한 사용자의 지속적 상호작용과 관계 형성을 전제로 한 온라인 커뮤니티 공간 자체를 분석 대상으로 삼지 않으며, 온라인 커뮤니티의 사회적 역할(창·장)이나 구조적·환경적 조건(회원제, 익명성, 운영 방침 등)을 고려하지도 않으므로 role·env 모두 해당하지 않는다.",True,3/3,run1:없음; run2:없음; run3:없음
ART001591183,온라인 학습공동체에서 학습성과와 사회적 실재감 수준에 따른 상호작용 양상의 차이 규명,강명희(이화여자대학교),2011,평생교육 · HRD연구,kor,FAILED,,,,,처리 실패: Request timed out.,,,
ART001001199,온라인 탐구환경에서의 학습경험: 효과적인 탐구학습 설계를 위한 시사,임병노(경희대학교),2003,교육공학연구,kor,FAILED,,,,,처리 실패: Request timed out.,,,
ART000909903,온라인 수업의 실시간 토론 내용 분석,이옥화(충북대학교),2003,교육공학연구,kor,FAILED,,,,,처리 실패: Request timed out.,,,
ART001556992,초등 교사들의 온라인상에서의 수업자료 공유에 대한 사례연구,서경혜(이화여자대학교),2011,초등교육연구,kor,FAILED,,,,,처리 실패: Request timed out.,,,
ART001771294,인터넷 문화기술지의 방법적 특징 및 연구 절차 탐색,오영범(진주교육대학교),2013,교육인류학연구,kor,FAILED,,,,,처리 실패: Request timed out.,,,
ART002244989,NCS 기반 교육과정의 효율적 운영을 위한 교수･학습 및 평가 방법 요구 분석,이민욱(한국직업능력개발원),2017,직업교육연구,kor,FAILED,,,,,처리 실패: Request timed out.,,,
ART002719196,온라인 영어학습공동체에서 학습실재감과 학습몰입이 학습성과에 미치는 영향,홍수민(이화여자대학교),2021,외국어교육연구,kor,FAILED,,,,,처리 실패: Request timed out.,,,
ART001197018,가상학습공동체 형성 과정 모형 연구,나일주(서울대학교),2003,교육공학연구,kor,FAILED,,,,,처리 실패: Request timed out.,,,
ART001930079,온라인 교사공동체 전문성 발달의 특징에 관한 질적 사례 연구,오영범(부산대학교),2014,평생학습사회,kor,FAILED,,,,,처리 실패: Request timed out.,,,
ART001952403,"온라인 카페(online cafe) 활용 체육수업을 통한 여고생들의 교실공동체, 상호학습 및 수업 만족도",류민정(경남대학교),2014,교과교육학연구,kor,FAILED,,,,,처리 실패: Request timed out.,,,
ART002824399,90년대생 교사 특성 분석: 세대 특성과 개인 특성을 중심으로,박상완(부산교육대학교),2022,한국교원교육연구,kor,FAILED,,,,,처리 실패: Request timed out.,,,
ART002806832,초등 전문상담교사의 교직적응에 관한 현상학적 연구-코로나19 팬데믹 상황에서 초임교사를 중심으로-,한유나(이화여자대학교),2022,교원교육,kor,FAILED,,,,,처리 실패: Request timed out.,,,
ART001087846,초등학교 온라인 교사 학습 공동체에서의 지속적 지도력,이성은(이화여자대학교),2007,초등교육연구,kor,FAILED,,,,,처리 실패: Request timed out.,,,
ART001612050,교사공동체의 온라인상 협력을 통한 수업자료 개발의 실제와 쟁점,서경혜(이화여자대학교),2011,교육과학연구,kor,FAILED,,,,,처리 실패: Request timed out.,,,
ART001918323,앱 인벤터를 활용한 초·중등 프로그래밍 교육 방안,안상진(한국교원대학교),2014,컴퓨터교육학회 논문지,kor,FAILED,,,,,처리 실패: Request timed out.,,,
ART002445820,자생적 온라인 교사 공동체의 질문분석을 통한 초등교사의 과학 교수 관련 어려움 탐색 -인디스쿨의 물리 관련 질문 게시글을 중심으로-,김윤화(서울대학교),2019,한국과학교육학회지,kor,FAILED,,,,,처리 실패: Request timed out.,,,
ART002172248,앱 인벤터와 아두이노를 이용한 피지컬 컴퓨팅 교육이 공업계 고등학생의 창의·융합적 사고에 미치는 영향,최숙영(우석대학교),2016,컴퓨터교육학회 논문지,kor,FAILED,,,,,처리 실패: Request timed out.,,,
ART002572920,온라인 커뮤니티에 참여한 특수교사들의 학부모에 대한 인식과 경험,홍정숙(대구대학교),2020,특수교육저널:이론과 실천,kor,FAILED,,,,,처리 실패: Request timed out.,,,
ART001713568,실과 환경 영역의 스마트교육 전략 활용 방안,금지헌(한국교육개발원),2012,실과교육연구,kor,FAILED,,,,,처리 실패: Request timed out.,,,
ART002514673,가정과 의생활 메이커스페이스 구축에 관한 연구,김샛별(성산고등학교),2019,학습자중심교과교육연구,kor,FAILED,,,,,처리 실패: Request timed out.,,,
ART001749261,유아 부모의 육아일기에 나타난 자녀 양육 경험,모정아(놀뫼유치원 교사),2013,열린유아교육연구,kor,FAILED,,,,,처리 실패: Request timed out.,,,
ART002528515,유아기 어머니가 경험한 부모교육의 현실태 및 요구 분석,김주연(대구대학교),2019,학습자중심교과교육연구,kor,FAILED,,,,,처리 실패: Request timed out.,,,
ART002255570,앱 인벤터 활용 SW 교육이 초등학생의 컴퓨팅 사고력과 컴퓨터에 대한 태도에 미치는 영향,김거현(대구교육대학교),2017,정보교육학회논문지,kor,FAILED,,,,,처리 실패: Request timed out.,,,
ART000995571,혼합형 학습에서 교사의 역할에 관한 중요도와 실행도의 차이 분석,주영주(이화여자대학교),2006,초등교육연구,kor,FAILED,,,,,처리 실패: Request timed out.,,,
ART002642073,빅데이터를 사용한 온라인 육아 커뮤니티 영유아 부모의 자녀양육 고민 분석: 딥러닝 기법의 적용,정옥경(총신대학교),2020,교육문화연구,kor,FAILED,,,,,처리 실패: Request timed out.,,,
ART002747358,원격 수업 관련 교사의 경험과 실제 - O초등학교 중심으로 -,조용훈(청주교육대학교),2021,학교와 수업 연구,kor,FAILED,,,,,처리 실패: Request timed out.,,,
ART002096703,예비교사의 프로그래밍 교수내용지식 향상을 위한 프로그래밍 교육프로그램 설계,안상진(한국교원대학교),2016,컴퓨터교육학회 논문지,kor,FAILED,,,,,처리 실패: Request timed out.,,,
ART002298485,특수교사의 온라인 커뮤니티 참여 경험에 관한 질적 연구,김정연(조선대학교),2017,특수교육교과교육연구,kor,FAILED,,,,,처리 실패: Request timed out.,,,
ART002442105,고령자의 온라인공동체 활동에 나타난 확장학습 경험에 관한 연구,차혜경(성결대학교),2019,교육문화연구,kor,FAILED,,,,,처리 실패: Request timed out.,,,
ART001408770,온라인학습커뮤니티를 활용한 교사교육: 미국의 사례 분석에 기초한 성공 요인,조미헌(청주교육대학교),2009,정보교육학회논문지,kor,FAILED,,,,,처리 실패: Request timed out.,,,
ART002382639,“온라인 학습 공동체” 관련 국내 연구동향 분석: 초·중등 온라인 과학 학습 공동체 구성을 위한 시사점을 중심으로,장진아(서울대학교 교육종합연구원),2018,교과교육학연구,kor,FAILED,,,,,처리 실패: Request timed out.,,,
ART001821767,자문화기술지를 통한 온라인 교사공동체 운영경험 분석,정민수(전주교육대학교),2013,열린교육연구,kor,FAILED,,,,,처리 실패: Request timed out.,,,
ART002946354,온라인 커뮤니티 분석을 통한 초등교사의 인공지능 교육 현황 및 관심사 분석,이철현(경인교육대학교),2023,한국실과교육학회지,kor,FAILED,,,,,처리 실패: Request timed out.,,,
ART002696260,대학교수의 온라인 수업 경험 탐색: 교수법 공동체 사례,김진희(안동대학교),2021,교육과 학습: Global Creative Leader,kor,FAILED,,,,,처리 실패: Request timed out.,,,
ART001204097,온라인 커뮤니티 유형별 다중비교를 통한 커뮤니티 특성요인의 설명력에 관한 연구,한재용((주)ITNC21 CIO),2007,상업경영연구,kor,FAILED,,,,,처리 실패: Request timed out.,,,
ART002820088,영유아 대상 영어교육과 증강현실 활용에 대한 교사의 인식,채진영(부산대학교),2022,학습자중심교과교육연구,kor,FAILED,,,,,처리 실패: Request timed out.,,,
ART002943365,초등교사의 다문화 감수성과 다문화 교수효능감의 관계에서 다문화 사회정의역량의 매개효과,이공숙(전북대학교),2023,한국교원교육연구,kor,FAILED,,,,,처리 실패: Request timed out.,,,
ART002646885,교육실습 플랫폼의 설계전략 탐색을 위한 요구분석: 교육대학 사례를 중심으로,안정현(공주교육대학교 글로벌인재교육센터),2020,학습자중심교과교육연구,kor,FAILED,,,,,처리 실패: Request timed out.,,,
ART002882608,앱 인벤터를 활용한 SW프로젝트 교육이 컴퓨팅 사고력 기반 문제해결력과 SW학습 과제가치 인식에 미치는 효과: 인문사회계열 신입생을 대상으로,유지원(가천대학교 교육대학원 AI융합교육전공),2022,컴퓨터교육학회 논문지,kor,FAILED,,,,,처리 실패: Request timed out.,,,
ART002994348,"해외 인성교육 정책 및 실천의 변화 동향과 시사점 -미국, 영국, 싱가포르 사례를 중심으로-",김윤경(금파중학교),2023,인격교육,kor,FAILED,,,,,처리 실패: Request timed out.,,,
ART002687823,초등교사의 미술 수업에서 온라인 교사 커뮤니티 활용에 대한 경험,공완욱(일산초등학교),2021,미술교육연구논총,kor,FAILED,,,,,처리 실패: Request timed out.,,,
ART002563128,과학 수업에서 비주얼씽킹 도입에 대한 초등교사의 인식과 실행- 교사 온라인 커뮤니티 자료를 중심으로 -,박지원(남산초등학교),2020,초등과학교육,kor,FAILED,,,,,처리 실패: Request timed out.,,,
ART001381801,웹2.0 기반 온라인 로봇교육 커뮤니티의 개발,성영훈(진주교육대학교),2009,정보교육학회논문지,kor,FAILED,,,,,처리 실패: Request timed out.,,,
ART002263370,특수학급 교사의 ICT 및 온라인 교사 커뮤니티 활용 실제 분석: 디지털 교수학습 자료를 중심으로,박은혜(이화여자대학교),2017,특수아동교육연구,kor,FAILED,,,,,처리 실패: Request timed out.,,,
ART002850451,온라인 교사공동체에 관한 체계적 문헌고찰,우한솔(펜실베니아주립대학교),2022,교육행정학연구,kor,FAILED,,,,,처리 실패: Request timed out.,,,
