id,title,author,published_year,journal,abstract_lang,status,role_codes,env_codes,dropped_by_cap,focus,rationale,full_agreement,error_runs,run_details
ART000861501,온라인 커뮤니티에서의 공동체 의식이 웹사이트 충성도와 구매의도에 미치는 영향에 관한 연구,박성연(이화여자대학교),2003,경영학연구,kor,OK,,,run1:없음; run2:없음; run3:없음,"has_community=True role_relevant=False env_relevant=False | 이 논문은 온라인 커뮤니티에서 형성된 가상 공동체 의식이 웹사이트 충성도에 미치는 마케팅적 효과를 실증 분석하는 것이 목적이며, 커뮤니티를 외부 사회현상을 비추는 창이나 그 자체의 사회적 역할을 분석하는 장으로 조명하지도, 회원제·익명성·운영 방침 등 구조적 환경 조건을 비교·검토하지도 않으므로 role·env 모두 해당하지 않는다. | has_community=True role_relevant=True env_relevant=False | 이 논문은 온라인 커뮤니티에서 형성된 가상 공동체 의식이 웹사이트 충성도와 구매의도에 미치는 영향을 실증 분석함으로써, 온라인 커뮤니티를 고객 충성도 형성의 장(ROLE_FIELD_PUBLICSPHERE)으로 조명하나, 회원제·익명성·운영 방침 등 구조적·환경적 조건을 비교하거나 그 차이를 분석하지는 않는다. | has_community=True role_relevant=True env_relevant=False | 이 논문은 온라인 커뮤니티에서 형성되는 가상 공동체 의식과 웹사이트 동일시가 고객 충성도에 미치는 영향을 실증 분석하여, 커뮤니티 공간 자체가 충성도를 생성하는 '장'으로서의 사회적 역할을 조명하나, 회원제·익명성·운영 방침 등 구조적·환경적 조건을 비교·고찰하지는 않는다.","이 논문은 온라인 커뮤니티에서 형성된 가상 공동체 의식이 웹사이트 충성도에 미치는 마케팅적 효과를 실증 분석하는 것이 목적이며, 커뮤니티를 외부 사회현상을 비추는 창이나 그 자체의 사회적 역할을 분석하는 장으로 조명하지도, 회원제·익명성·운영 방침 등 구조적 환경 조건을 비교·검토하지도 않으므로 role·env 모두 해당하지 않는다. | [ROLE] 본 연구는 온라인 커뮤니티를 고객 충성도·구매의도라는 마케팅 현상을 설명하는 통로로 사용하며, '가상 공동체 의식→동일시→충성도' 인과 사슬을 설문으로 실증 검증하므로, 커뮤니티 공간 자체의 역할(장)이 아니라 커뮤니티를 매개로 외부의 고객 충성도·마케팅 효과(창, MISC)를 분석하는 논문이다. | [ROLE] 온라인 커뮤니티 내 '가상 공동체 의식'이라는 이용자 간 관계적 자원의 형성과 그 효과가 웹사이트 충성도·구매의도에 미치는 인과를 실증적으로 검증하는 것으로, 커뮤니티 공간 안에서 형성되는 관계적 연결의 존재와 효과를 분석 대상으로 삼아 사회적 자본(FIELD) 계열에 해당한다.",False,1/3,run1:없음; run2:ROLE_WINDOW_MISC; run3:ROLE_FIELD_SOCIALCAPITAL
ART001050092,온라인 커뮤니티 몰입에 미치는 영향 연구: 만족과 커뮤니티 신뢰를 매개로,문영주(공주대학교),2007,정보시스템연구,eng,OK,ROLE_FIELD_SOCIALCAPITAL,,run1:없음; run2:없음; run3:없음,"has_community=True role_relevant=True env_relevant=False | 이 논문은 기업이 구축한 온라인 커뮤니티 내 사회적在场(social presence)이 유용성·몰입(flow)·신뢰 등에 미치는 영향을 실증 분석하여, 커뮤니티라는 공간 자체의 사회적 기능(장)을 조명하나, 회원제·제재·익명성·생애주기 등 구조적·환경적 조건에 따른 차이·비교는 다루지 않는다. | has_community=True role_relevant=True env_relevant=False | 이 논문은 기업 웹사이트상의 온라인 커뮤니티 자체를 분석 대상으로 삼아 사회현재감이 유용성·만족도·커뮤니티 신뢰·커뮤니티 플로우에 미치는 영향을 실증분석하므로 커뮤니티라는 공간의 사회적 기능(장)을 조명하나, 회원제·운영·제재·생애주기·익명성 등 구조적·환경적 조건을 비교하거나 그 차이를 분석하지 않으므로 환경 조명은 해당하지 않는다. | has_community=True role_relevant=True env_relevant=False | 이 논문은 기업의 웹사이트 온라인 커뮤니티를 분석 대상으로 삼아 사회적 존재감(social presence)이 유용성·만족도·커뮤니티 신뢰·커뮤니티 플로우에 미치는 영향을 실증적으로 분석함으로써, 온라인 커뮤니티를 사용자 경험과 신뢰가 형성되는 '장'으로 조명하나, 회원제·제재·익명성·생애주기 등 커뮤니티 운영 방침에 따른 차이·비교를 다루지는 않는다.","[ROLE] 이 논문은 기업 웹사이트 내 온라인 커뮤니티 공간에서 social presence가 community trust, satisfaction, flow 등 이용자 간 관계적 자원(신뢰)의 형성 경로와 효과를 실증적으로 분석하므로, 장(FIELD)으로서의 사회자본(SOCIALCAPITAL) 역할에 해당하며, 외부 사회현상을 보여주는 창(WINDOW)이나 공론장 검증과는 무관하다. | [ROLE] 본 연구는 온라인 커뮤니티 공간 내부의 이용자 간 관계적 자원인 social presence와 community trust가 flow·satisfaction에 미치는 영향을 실증 분석하여, 커뮤니티 공간 안의 관계적 연결(장)을 다루나 공론장 검증이나 외부 사회현상 포착은 불분명하다. | [ROLE] 기업 온라인 커뮤니티 내 social presence가 유용성·만족도·community trust·flow에 미치는 영향을 분석하는 것으로 커뮤니티 공간 자체의 내부 역동을 다루지만, 공론장 기능 검증도 이용자 간 관계적 자원(신뢰·연대)의 형성·효과에 대한 명시적 분석도 아니므로 6개 코드 모두 미부여.",False,1/3,run1:ROLE_FIELD_SOCIALCAPITAL; run2:ROLE_FIELD_SOCIALCAPITAL; run3:없음
ART001159097,온라인 커뮤니티와 고객충성도의 관계에 관한 연구: 온라인 커뮤니티 의식의 매개변수적 역할을 중심으로,김상욱(중앙대학교),2004,마케팅관리연구,kor,ERR,,,run1:없음; run2:없음; run3:없음,"has_community=True role_relevant=True env_relevant=False | 이 논문은 온라인 커뮤니티를 공동체 의식과 충성도가 형성·유지되는 '장'으로 조명하고 있으나, 관리활동의 효과만을 일반적 인과관계로 다루고 있을 뿐 회원제·익명성·생애주기 등 커뮤니티의 구조적·환경적 조건에 따른 차이·비교·변화를 분석하지 않으므로 env_relevant는 false이다. | has_community=True role_relevant=True env_relevant=True | 이 논문은 온라인 커뮤니티의 관리활동(운영 방침)이 공동체 의식을 매개로 커뮤니티 충성도에 미치는 인과 경로를 분석함으로써, 커뮤니티의 운영적 조건(ENV)이 커뮤니티 공간의 사회적 기능(공동체 의식 형성, 충성도 생성)이라는 '장'으로서의 역할(ROLE)에 어떻게 영향을 주는지 조명한다. | has_community=True role_relevant=False env_relevant=False | 이 논문은 온라인 커뮤니티 관리활동→공동체 의식→고객 충성도라는 인과 모델을 검증하는 경영·마케팅 연구로, 커뮤니티를 사회현상을 비추는 창이나 그 자체의 사회적 역할을 분석 대상으로 삼지도 않고, 회원제·익명성·생애주기 등 구조적·환경적 조건에 따른 차이·비교를 다루지도 않으며, '관리활동'은 특정 운영 방침의 비교가 아닌 일반적 독립변수로서만 등장한다.","[ROLE] 본 연구는 온라인 커뮤니티 관리활동→공동체 의식→충성도라는 인과경로를 검증하는 조직·관리 차원의 연구로, 공론장 검증(PUBLICSPHERE)도, 이용자 간 관계적 자원 분석(SOCIALCAPITAL)도 아니며, 외부 사회현상을 보여주는 창(WINDOW)으로의 활용도 강하지 않아 6개 코드 모두 미부여에 그친다. | [ROLE] 본 연구는 온라인 커뮤니티 관리활동→공동체 의식→충성도라는 경영·관리 중심의 인과 구조를 검증하는 것으로, 온라인 커뮤니티 공간 자체를 다루지만 공론장 기능 검증이나 이용자 간 관계적 자원 분석이 아닌 플랫폼 충성도라는 결과변수에 초점을 두어 6개 ROLE 코드 중 어느 하나에도 확실히 해당하지 않는다. | [ENV] 본 논문은 커뮤니티 '관리활동'을 독립변수로 충성도·공동체 의식과 인과관계만을 점검하며, 회원제·운영체계·생애주기·익명성 중 어느 하나의 구조적·환경적 조건에 따른 차이·비교·변화를 분석 대상에 두지 않으므로 4개 코드 모두 미부여다. | 이 논문은 온라인 커뮤니티 관리활동→공동체 의식→고객 충성도라는 인과 모델을 검증하는 경영·마케팅 연구로, 커뮤니티를 사회현상을 비추는 창이나 그 자체의 사회적 역할을 분석 대상으로 삼지도 않고, 회원제·익명성·생애주기 등 구조적·환경적 조건에 따른 차이·비교를 다루지도 않으며, '관리활동'은 특정 운영 방침의 비교가 아닌 일반적 독립변수로서만 등장한다.",True,3/3,run1:없음; run2:없음; run3:없음
ART001158893,온라인 브랜드 커뮤니티의 활동 및 유형이 브랜드 충성도에 미치는 영향,한상린(한양대학교),2006,마케팅관리연구,kor,ERR,,,run1:없음; run2:없음; run3:없음,"has_community=True role_relevant=True env_relevant=False | 이 논문은 온라인 브랜드 커뮤니티가 브랜드 충성도를 형성·강화하는 '장'으로서의 역할을 정량적으로 분석하므로 ROLE에 해당하나, 커뮤니티 유형 비교는 구조적·환경적 조건(회원제, 익명성, 운영 방침 등)에 따른 차이·비교를 다루기보다는 참여 효과의 일반적 검증에 머무르므로 ENV는 해당하지 않는다. | has_community=True role_relevant=True env_relevant=False | 이 논문은 온라인 브랜드 커뮤니티가 브랜드 충성도라는 사회적 결과를 생산하는 '장'으로서의 역할(ROLE_FIELD)을 분석 대상으로 삼고 있으나, '유형에 따른 차이'라는 서술은 회원제·모더레이션·익명성·생애주기 등 구체적 구조·환경 조건을 비교·분석하는 것으로까지 확증되지 않는다. | has_community=True role_relevant=True env_relevant=False | 이 논문은 온라인 브랜드 커뮤니티가 회원의 브랜드 충성도를 형성하는 '장'(ROLE_FIELD)으로서의 역할을 정량적으로 분석하지만, 회원제 유무·운영·제재 방식·익명성 등 커뮤니티의 구조적·환경적 조건을 비교하거나 변화 요인으로 삼는 논의는 포함되어 있지 않다.","[ROLE] 이 논문은 온라인 브랜드 커뮤니티의 유형별 활동이 '브랜드 충성도'라는 마케팅 결과에 미치는 효과를 정량 조사하는 것으로, 공론장·사회자본 등 장(FIELD) 계열의 상호작용 분석도, 정치적·젠더·혐오 등 창(WINDOW) 계열의 사회현상 포착도 아니며, '브랜드 충성도'는 온라인 커뮤니티 바깥에 존재하는 마케팅 개념이나 6개 코드 중 어느 하나로도 명백히 귀속되지 않는다. | [ROLE] 본 연구는 온라인 브랜드 커뮤니티 공간 안에서 회원 활동이 브랜드 충성도라는 관계적 결과에 미치는 효과를 정량적으로 분석하는 것으로, 커뮤니티 내부 상호작용을 다루는 장(FIELD) 성격이 있으나 그 관계적 자원이 이용자 간 연결이 아니라 소비자-브랜드 간 충성도에 초점을 두어 SOCIALCAPITAL 판별 기준(이용자 간 관계)에는 부합하지 않으며, 외부 사회현상을 보여주는 창(WINDOW)으로도 보기는 어렵고, 6개 코드 모두 0.5 미만에 그쳐 미부여. | [ROLE] 본 연구는 온라인 브랜드 커뮤니티를 통해 '브랜드 충성도'라는 마케팅 현상의 형성을 정량적으로 검증하는 것으로, 커뮤니티 공간 안의 이용자 간 관계나 공론장 기능 자체가 분석 대상이 아니라 온라인 커뮤니티가 소비자와 브랜드 간 충성도라는 외부 마케팅 현상을 매개하는 채널로 기능하는지를 다루므로 WINDOW_MISC에 해당한다.",False,2/3,run1:없음; run2:없음; run3:ROLE_WINDOW_MISC
ART001456717,온라인 커뮤니티의 중심성 변화에 대한 탐색적 연구 : 사회연결망 분석을 이용하여,배순한(한양대학교),2010,지식경영연구,kor,OK,ROLE_FIELD_SOCIALCAPITAL,,run1:없음; run2:없음; run3:없음,"has_community=True role_relevant=True env_relevant=False | 이 논문은 SNA를 통해 온라인 커뮤니티 내부의 관계 구조와 중심성 변화, 의견 리더의 출현과 권력 변동 등을 분석 대상으로 삼아 커뮤니티라는 공간 자체의 사회적 역할(장)을 조명하나, 회원제·운영 방침·익명성 등 구조적·환경적 조건에 따른 차이·비교·변화를 다루지는 않는다. | has_community=True role_relevant=True env_relevant=False | 이 논문은 SNA를 활용해 온라인 커뮤니티 내부의 관계 변화와 의견 지도자 출현·권력 이동 과정을 추적하여, 커뮤니티 공간 자체의 사회적 역동성을 분석 대상으로 삼되(장), 회원제·운영방식·익명성 등 커뮤니티의 구조적·환경적 조건을 비교·검토하지는 않는다. | has_community=True role_relevant=True env_relevant=False | 이 논문은 온라인 커뮤니티 내부의 사회적 네트워크 동학(중심성 변화, 의견 리더의 출현과 권력 변동)을 SNA로 분석하여 커뮤니티 공간 자체의 사회적 역할을 '장'으로 조명하나, 회원제·운영 방침·익명성 등 구조적·환경적 조건에 따른 차이·비교·변화를 검토하지는 않는다.","[ROLE] 본 연구는 SNA(사회망분석)를 통해 온라인 커뮤니티 내부의 관계 구조(중심성, 참여자 간 연결 변화, 의견 지도자 출현)를 추적하는 것으로, 커뮤니티 공간 안에서 이용자 간 네트워크의 형성·변동이 자체 분석 대상이므로 FIELD 계열 중 SOCIALCAPITAL에 부여하며, 외부 사회현상을 보여주는 WINDOW 계열이나 공론장 검증은 해당하지 않는다. | [ROLE] 본 연구는 SNA를 통해 온라인 커뮤니티 내부에서 이용자 간 관계(중심성·권력)가 시간에 따라 어떻게 변하는지를 분석하므로, 온라인 커뮤니티라는 공간 안에서 관계적 자원(사회자본·네트워크)의 형성·변동을 다루는 FIELD/SOCIALCAPITAL에 해당하며, 외부 사회현상을 보여주는 WINDOW로 기능하지 않는다. | [ROLE] 본 논문은 SNA를 통해 온라인 커뮤니티 내부에서 참여자 간 사회적 네트워크의 구축·유지·확장 및 중심성 변화(의견 지도자의 등장과 권력 변동)를 분석하므로, 온라인 커뮤니티 공간 안에서 이용자 간 관계적 자원의 존재·강도·변화를 다루는 FIELD 계열의 SOCIALCAPITAL에 해당한다.",True,0/3,run1:ROLE_FIELD_SOCIALCAPITAL; run2:ROLE_FIELD_SOCIALCAPITAL; run3:ROLE_FIELD_SOCIALCAPITAL
ART001167276,패션 온라인 커뮤니티 특성이 브랜드 충성도에 미치는 영향: 라이프스타일 집단 간 비교,고은주(연세대학교),2006,Journal of Global Scholars of Marketing Science(마케팅과학연구),kor,ERR,,,run1:없음; run2:없음; run3:없음,"has_community=True role_relevant=True env_relevant=False | 이 논문은 패션 온라인 커뮤니티의 특성(상호작용성, 정보제공성, 흥미제공성)이 브랜드 충성도에 미치는 영향을 라이프스타일 집단별로 비교 분석하여, 커뮤니티 공간 자체의 브랜드 충성도 형성 역할(장)을 조명하나, 회원제·익명성·운영 방침·생애주기 등 구조적·환경적 조건을 다루지는 않는다. | has_community=True role_relevant=True env_relevant=False | 이 논문은 패션 온라인 커뮤니티의 상호작용성·정보제공성·흥미제공성이라는 공간적 특성이 브랜드 충성도 형성에 미치는 영향을 분석하여 커뮤니티가 고객 관계 형성과 충성도 구축이라는 사회적 역할을 수행하는 '장'으로서 조명하나, 회원제·익명성·운영 방침 등 구조적·환경적 조건에 따른 차이나 비교는 다루지 않는다. | has_community=True role_relevant=True env_relevant=False | 이 논문은 패션 온라인 커뮤니티의 특성(상호작용성·정보제공성·흥미제공성)이 브랜드 충성도에 미치는 영향을 분석하며, 커뮤니티를 고객 관계 형성 및 충성도 제고의 장(ROLE_FIELD)으로 조명하나, 분석 대상은 커뮤니티의 기능적 서비스 요인이며 회원제·익명성·제재 방식 등 구조적·운영 방침 차원의 환경 조건 비교는 다루지 않으므로 env_relevant는 false이다.","[ROLE] 본 연구는 패션 온라인 커뮤니티의 구조적 특성(상호작용성·정보제공성·흥미제공성)을 라이프스타일 세분화 집단별 브랜드 충성도에 미치는 마케팅 효과로 환원하여 분석하므로, 커뮤니티 공간 자체의 사회역할이 아니라 패션 마케팅·소비자 행동이라는 외부 현상을 보여주는 사례(window)로서 커뮤니티를 활용하고 있다. | [ROLE] 이 논문은 패션 온라인 커뮤니티의 특성(상호작용성·정보제공성·흥미제공성)이 브랜드 충성도에 미치는 영향을 라이프스타일 집단에 따라 분석하는 것으로, 커뮤니티 공간 자체를 마케팅 도구로서 다루고 있으나 공론장·사회자본의 FIELD 판별 기준에도, 외부 사회현상을 보여주는 WINDOW 판별 기준에도 명확히 부합하지 않는 사례로, 6개 코드 중 어느 하나도 0.5에 미치지 못한다. | [ROLE] 본 논문은 패션 기업의 마케팅 도구로서 온라인 커뮤니티의 특성(상호작용성·정보제공성·흥미제공성)이 브랜드 충성도에 미치는 영향을 라이프스타일 집단에 따라 분석하는 것으로, 공론장 검증이나 이용자 간 사회적 자본 형성의 분석 대상이 아니며, 패션 마케팅이라는 외부 현상을 커뮤니티라는 채널로 다루고 있지만 커뮤니티 공간 자체의 특성 분석에 무게가 실려 6개 코드 모두 0.5 미만으로 미부여한다.",False,2/3,run1:ROLE_WINDOW_MISC; run2:없음; run3:없음
ART001221165,사용자의 인지욕구 특성이 온라인 커뮤니티 충성도와 브랜드 태도에 미치는 영향에 관한 연구,이선로(연세대학교),2007,Asia Pacific Journal of Information Systems,kor,OK,ROLE_FIELD_SOCIALCAPITAL,,run1:없음; run2:없음; run3:없음,"has_community=True role_relevant=True env_relevant=False | 이 논문은 브랜드 기반 온라인 커뮤니티의 상호작용·정보·보상·개인화 서비스가 소속감, 커뮤니티 충성, 브랜드 태도에 미치는 영향을 분석하여 커뮤니티 공간을 브랜드 자산 관리와 집단 지성 창출의 '장'(ROLE)으로 조명하나, 회원제·운영·제재·생애주기·익명성 등 커뮤니티의 구조적·환경적 운영 방침을 비교·분석하지는 않으므로 env는 false이다. | has_community=True role_relevant=True env_relevant=False | 이 논문은 브랜드 기반 온라인 커뮤니티가 소비자의 정보 공유·집단 지성·브랜드 충성도 형성을 매개하는 장(ROLE_FIELD)으로서의 사회적 역할을 분석 대상으로 삼으나, 회원제·제재·익명성·생애주기 등 커뮤니티의 구조적·운영적 조건(ENV)을 비교·분석하지는 않는다. | has_community=True role_relevant=True env_relevant=True | 이 논문은 브랜드 온라인 커뮤니티의 구조적 조건(상호작용, 정보 제공, 보상, 개인화 서비스)이 소속감·커뮤니티 충성도·브랜드 태도에 미치는 영향을 개인의 인지 필요(NFC) 수준에 따라 비교 분석함으로써, 커뮤니티 공간의 사회적 역할(장)과 그 구조적 환경 조건을 동시에 조명한다.","[ROLE] 본 논문은 브랜드 기반 온라인 커뮤니티 내부의 상호작용·정보·보상·개인화 서비스가 'sense of community'와 'community loyalty'라는 이용자 간 관계적 자원의 형성과 강도에 미치는 영향을 구조방정식으로 검증하는 것으로, 커뮤니티 공간 안에서 이용자 간 연결·귀속감·충성도라는 관계적 자원의 형성 메커니즘을 다루므로 FIELD 계열의 SOCIALCAPITAL에 부여하되, 공론장 검증이나 외부 사회현상 포착의 근거는 없다. | [ROLE] 본 연구는 브랜드 기반 온라인 커뮤니티 공간 자체를 분석 대상으로 삼아, 상호작용·정보·보상·개인화 서비스가 'sense of community'와 'community loyalty'라는 이용자 간 관계적 자원의 형성·강도에 어떻게 영향을 미치는지를 모델링하므로, FIELD 계열 중 SOCIALCAPITAL에 해당하며, 외부 사회현상을 보여주는 WINDOW 계열에 해당하지 않는다. | [ROLE] 본 연구는 브랜드 기반 온라인 커뮤니티의 상호작용·정보·보상·개인화 서비스가 'sense of community'와 'community loyalty'에 미치는 효과를 마케팅 관점에서 분석하므로, 이용자 간 관계적 자원(social capital)의 형성에 일부 관여하나 궁극적 목적이 브랜드 태도·고객관계 전략이라는 내부화된 경영 지향성이므로 6개 코드 중 어느 하나도 0.5에 미치지 못한다. | [ENV] 본 연구는 브랜드 기반 온라인 커뮤니티의 상호작용·정보·보상·개인화 서비스가 커뮤니티 소속감과 충성도에 미치는 영향을 개인의 인지적 특성(NFC) 조절효과로 분석한 것으로, 회원제·운영체계·생애주기·익명성 중 어느 환경적·구조적 조건도 비교·분석의 대상으로 다루지 않으므로 4개 코드 모두 미부여.",False,1/3,run1:ROLE_FIELD_SOCIALCAPITAL; run2:ROLE_FIELD_SOCIALCAPITAL; run3:없음
ART001002603,"한국과 일본 온라인 게이머의 게임 만족도, 신뢰도, 온라인 게임커뮤니티 인식에 관한 실증적 비교연구: 멀티그룹 공분산 구조분석을 중심으로",엄명용(성균관대학교),2006,Asia Pacific Journal of Information Systems,eng,ERR,,,run1:없음; run2:없음; run3:없음,"has_community=True role_relevant=True env_relevant=False | 이 논문은 온라인 게임 커뮤니티를 게이머의 신뢰·만족도·사회적 평판에 영향을 미치는 구조적 경로상의 한 인자로 포함하여, 커뮤니티 공간이 게임 비즈니스 생태계에서 수행하는 사회적 역할을(ROLE_FIELD) 분석하나, 회원제·익명성·운영 방침 등 커뮤니티의 구조적·환경적 조건(ENV)에 대한 비교·변화 분석은 이루어지지 않는다. | has_community=False role_relevant=False env_relevant=False | 본 논문은 온라인 게임 사업의 경영전략과 게이머의 충성도·만족도·구전 효과 등 행동적도를 구조모형으로 분석하는 연구로, '온라인 게임 커뮤니티'는 사업자 지원과 사회평판 사이의 매개 변수로만 등장할 뿐, 사용자가 지속적으로 상호작용하고 관계를 형성하는 디지털 공간으로서의 커뮤니티 그 자체가 분석 대상이 아니다. | has_community=True role_relevant=False env_relevant=False | 이 논문은 온라인 게임 커뮤니티를 구조방정식 모형 내의 하나의 변수(요인)로서만 포함하여 게이머의 만족·신뢰·추천 의사에 미치는 영향을 추정할 뿐, 커뮤니티를 외부 현상을 비추는 창이나 그 자체의 사회적 역할·구조적 조건을 분석 대상으로 삼지 않으므로 role·env 모두 해당하지 않는다.","[ROLE] 본 논문은 온라인 게임 커뮤니티를 단순한 데이터 소스가 아니라 'trust toward game publishers'와 'social reputation'이라는 관계적 자원의 형성·전달 매개 공간으로서 그 역할(role)을 구조모형에 독립 변수로 위치시킴으로써, 커뮤니티 공간 안에서 신뢰·평판 등 사회적 자본이 어떻게 구축되는지를 다루므로 FIELD_SOCIALCAPITAL에 부여한다. | 본 논문은 온라인 게임 사업의 경영전략과 게이머의 충성도·만족도·구전 효과 등 행동적도를 구조모형으로 분석하는 연구로, '온라인 게임 커뮤니티'는 사업자 지원과 사회평판 사이의 매개 변수로만 등장할 뿐, 사용자가 지속적으로 상호작용하고 관계를 형성하는 디지털 공간으로서의 커뮤니티 그 자체가 분석 대상이 아니다. | 이 논문은 온라인 게임 커뮤니티를 구조방정식 모형 내의 하나의 변수(요인)로서만 포함하여 게이머의 만족·신뢰·추천 의사에 미치는 영향을 추정할 뿐, 커뮤니티를 외부 현상을 비추는 창이나 그 자체의 사회적 역할·구조적 조건을 분석 대상으로 삼지 않으므로 role·env 모두 해당하지 않는다.",False,2/3,run1:ROLE_FIELD_SOCIALCAPITAL; run2:없음; run3:없음
ART000860737,온라인 브랜드 공동체 의식이 브랜드 커뮤니티 동일시와 브랜드 태도에 미치는 영향에 관한 연구,서문식(부산대학교),2003,마케팅관리연구,none,NO_ABSTRACT,,,,,초록 없음 (KOR_ABST/ENG_ABST 둘 다 없음),,,
ART001039391,A Study of the Factors Influencing WOM Effects in Online Environments,임종원(서울대학교),2007,아시아마케팅저널,kor,ERR,,,run1:없음; run2:없음; run3:없음,"has_community=False role_relevant=False env_relevant=False | 이 논문은 온라인 환경에서의 구전(WOM) 효과에 대한 문헌 검토 및 연구 모형 제안을 목적으로 하며, '커뮤니티 상호작용'은 온라인 WOM의 다섯 가지 정보 특성 중 하나로만 언급될 뿐, 특정 온라인 커뮤니티를 분석 대상으로 삼거나 그 구조·운영 조건을 연구하지 않으므로 온라인 커뮤니티를 연구의 핵심 대상으로 삼지 않는다. | has_community=True role_relevant=False env_relevant=False | 이 논문은 온라인 환경 내 WOM(구전 효과)의 정보적 특성(동조성, 생생성, 커뮤니티 상호작용, 접근성, 유연성)을 문헌적으로 검토하여 이원 경로 모형(신뢰성·참조성 매개)을 제안하는 것으로, '커뮤니티 상호작용'은 WOM 정보 특성 중 하나의 변수로 나열될 뿐, 특정 온라인 커뮤니티를 분석 대상으로 삼거나 그 공간의 사회적 역할·구조적·환경적 조건을 조명하지 않는다. | has_community=False role_relevant=False env_relevant=False | 이 논문은 온라인 환경에서의 구전(WOM) 효과 요인을 광범위하게 문헌고찰하고 이중경로 모델을 제안하는 것으로, '커뮤니티 상호작용'이 정보 특성 중 하나로 열거될 뿐 온라인 커뮤니티를 분석 대상으로 삼지 않으며, 특정 커뮤니티의 구조·역할·환경을 조명하지 않는다.","이 논문은 온라인 환경에서의 구전(WOM) 효과에 대한 문헌 검토 및 연구 모형 제안을 목적으로 하며, '커뮤니티 상호작용'은 온라인 WOM의 다섯 가지 정보 특성 중 하나로만 언급될 뿐, 특정 온라인 커뮤니티를 분석 대상으로 삼거나 그 구조·운영 조건을 연구하지 않으므로 온라인 커뮤니티를 연구의 핵심 대상으로 삼지 않는다. | 이 논문은 온라인 환경 내 WOM(구전 효과)의 정보적 특성(동조성, 생생성, 커뮤니티 상호작용, 접근성, 유연성)을 문헌적으로 검토하여 이원 경로 모형(신뢰성·참조성 매개)을 제안하는 것으로, '커뮤니티 상호작용'은 WOM 정보 특성 중 하나의 변수로 나열될 뿐, 특정 온라인 커뮤니티를 분석 대상으로 삼거나 그 공간의 사회적 역할·구조적·환경적 조건을 조명하지 않는다. | 이 논문은 온라인 환경에서의 구전(WOM) 효과 요인을 광범위하게 문헌고찰하고 이중경로 모델을 제안하는 것으로, '커뮤니티 상호작용'이 정보 특성 중 하나로 열거될 뿐 온라인 커뮤니티를 분석 대상으로 삼지 않으며, 특정 커뮤니티의 구조·역할·환경을 조명하지 않는다.",True,3/3,run1:없음; run2:없음; run3:없음
ART000882921,온라인 커뮤니티 마케팅 활동과 친커뮤니티 행동간의 관계에 있어서 몰입의 매개역할,김재욱(고려대학교),2002,마케팅연구,none,NO_ABSTRACT,,,,,초록 없음 (KOR_ABST/ENG_ABST 둘 다 없음),,,
ART001240888,온라인 커뮤니티에서 자기표현 욕구의 영향요인과 디지털 아이템 구매의도에 미치는 효과,고준(전남대학교),2008,Asia Pacific Journal of Information Systems,kor,ERR,,,run1:없음; run2:없음; run3:없음,"has_community=True role_relevant=True env_relevant=False | 이 논문은 Cyworld 등 온라인 커뮤니티를 디지털 아이템 구매와 자기표현·사회적 정체성이 발현되는 장(ROLE)으로 분석하지만, 회원제·익명성·생애주기·운영 방침 등 커뮤니티의 구조적·환경적 조건이 행동에 미치는 차이·비교를 다루지 않으므로 env는 해당하지 않는다. | has_community=True role_relevant=True env_relevant=False | 이 논문은 사이월드 등 온라인 커뮤니티 내 디지털 아이템 구매 동기를 분석하며 커뮤니티 집단 규범과 참여도를 변수로 포함하여 커뮤니티를 경제·사회적 상호작용의 '장'으로 조명하나, 회원제·운영 방침·익명성 등의 구조적·환경적 조건을 비교·분석하지는 않는다. | has_community=True role_relevant=True env_relevant=False | 이 논문은 Cyworld 등 가상 커뮤니티 내 디지털 아이템 구매 동기를 사회정체성·자기표현 이론으로 분석하며, 커뮤니티 자체를 자기표현과 소속감을 수행하는 장(field)으로 조명하나, 회원제·익명성·운영방침 등 구조적·환경적 조건을 비교·고찰하지는 않는다.","[ROLE] 본 논문은 온라인 커뮤니티의 디지털 아이템 판매라는 경제적 기능과 이용자의 자기표현·소속 욕구에 기반한 구매 동기를 분석하는 것으로, 6개 코드 중 어느 하나에 명확히 대응하지 않으나, 커뮤니티 내부 규범·참여를 매개로 한 소비자 행동 연구라는 점에서 FIELD_SOCIALCAPITAL(0.3)과, 디지털 소비·가상 경제라는 현상을 다루는 점에서 WINDOW_MISC(0.4)이 가장 근접하나 모두 임계점에 미달한다. | [ROLE] 본 논문은 가상 아이템 구매 의도에 대한 소비자 행동·비즈니스 모델 연구로, 커뮤니티 내 'community group norm'과 'community involvement'가 중개 변수로 언급되지만 그 자체로 관계적 자원의 형성·효과를 분석하는 것이 아니며, 디지털 아이템 구매는 온라인 공간에 고유한 현상이므로 외부 사회현상을 보여주는 창으로 보기 어렵고, 6개 ROLE 코드에 명확히 해당하지 않는다. | [ROLE] 본 연구는 온라인 커뮤니티(사이월드 등) 내 디지털 아이템 구매 동기라는 상업·경제적 비즈니스 모델을 사회정체성·자기표현 이론으로 설명하는 것으로, 6개 ROLE 코드 중 그 어느 하나에도 명확히 해당하지 않으며, 커뮤니티 규범·참여가 언급되지만 분석 대상이 아닌 설명변수에 그쳐 SOCIALCAPITAL도 미부여 수준에 머문다.",True,3/3,run1:없음; run2:없음; run3:없음
ART001174270,온라인 커뮤니티에서 개인의 참여 동기와 사회적 영향 요인이 몰입에 미치는 영향,이문봉(동의대학교),2005,정보시스템연구,eng,ERR,,,run1:없음; run2:없음; run3:없음,"has_community=True role_relevant=True env_relevant=False | 이 논문은 온라인 커뮤니티라는 공간 안에서 개인 참여 동기(유용성, 용이성, 재미)와 사회 영향(주관적 규범, 가시성, 이미지)이 사용자의 태도·행동적 헌신에 미치는 영향을 구조방정식으로 분석하고 있으므로, 커뮤니티를 참여와 관계 형성이 이루어지는 '장'으로 조명하나(ROLE_FIELD), 커뮤니티의 구조적·운영적 조건(회원제, 익명성, 제재 방식 등) 자체가 변수로 다루어지지는 않으므로 ENV는 해당하지 않는다. | has_community=True role_relevant=True env_relevant=False | 이 논문은 온라인 커뮤니티 내 사용자 태도·행위 몰입(attitudinal/behavioral commitment)을 분석 대상으로 삼아 커뮤니티를 지속적 상호작용과 관계 형성을 가능하게 하는 '장'으로 조명하나, 회원제·익명성·운영·제재 등 커뮤니티의 구조적·환경적 조건을 비교·검토하지는 않는다. | has_community=True role_relevant=True env_relevant=False | 이 논문은 온라인 커뮤니티 내 사용자의 참여 동기(인지된 유용성, 용이성, 놀이성)와 사회적 영향(주관적 규범, 가시성, 이미지)이 태도적·행동적 헌신에 미치는 영향을 분석하여, 커뮤니티를 사회적 헌신과 참여 역학이 작동하는 '장'으로 조명하나, 회원제·제재·익명성·생애주기 등 커뮤니티의 구조적·환경적 조건에 따른 차이·비교는 다루지 않는다.","[ROLE] 본 논문은 e-비즈니스 맥락에서 온라인 커뮤니티 이용자의 태도적·행동적 몰입에 미치는 개별 참여동기와 사회 영향 요인의 인과관계를 구조방정식으로 검증하는 양적 연구로서, 공론장 검증이나 이용자 간 관계적 자원(신뢰·연대·네트워크)의 형성·효과를 분석 대상으로 삼지 않으며, 외부 사회현상을 보여주는 창으로도 기능하지 않으므로 6개 코드 중 어느 것도 부여되지 않는다. | [ROLE] 본 논문은 온라인 커뮤니티 내 개인의 참여 동기(유용성, 사용 용이성, 놀이성)와 사회적 영향(주관적 규범, 가시성, 이미지)이 사용자의 태도적·행동적 헌신에 미치는 영향을 구조방정식모형으로 검증하는 것으로, 온라인 커뮤니티 공간 자체를 분석 대상으로 삼되 공론장 검증도 이용자 간 관계적 자원 형성도 아닌 개인-플랫폼 간 결합 메커니즘에 초점을 두어 6개 코드 어느 하나에도 부합하지 않는다. | [ROLE] 본 연구는 디지털화 사회와 e-business라는 외부 사회현상을 이해하기 위해 온라인 커뮤니티의 참여 동기·관여 요인을 실증 분석하는 창(WINDOW_MISC)으로 활용하며, 공론장 기능이나 이용자 간 관계 자원의 형성·효과를 다루지 않는다.",False,2/3,run1:없음; run2:없음; run3:ROLE_WINDOW_MISC
ART001484348,"온라인 관광 구전정보 품질과 신뢰성, 커뮤니티 상호작용성이 구전정보의 유용성과 구전효과에 미치는 영향",김나은(세종대학교),2010,서비스경영학회지,kor,ERR,,,run1:없음; run2:없음; run3:없음,"has_community=True role_relevant=False env_relevant=False | 관광 e-WOM의 마케팅 효과성을 검증하는 연구로서 온라인 커뮤니티(여행 리뷰·포럼)는 WOM이 유통되는 채널·매체로만 사용되며, 커뮤니티 자체의 사회적 역할(창/장)이나 구조·환경적 조건(회원제, 익명성, 운영 방침 등)은 분석 대상이 되지 않는다. | has_community=True role_relevant=False env_relevant=False | 이 논문은 관광 제품 맥락에서 e-WOM 속성과 커뮤니티 상호작용이 WOM 유용성 및 효과에 미치는 영향을 실증적으로 검증하는 마케팅 연구로, '커뮤니티 상호작용'은 독립변수로 포함되었을 뿐 온라인 커뮤니티 자체의 사회적 역할이나 구조·운영 조건을 분석 대상으로 삼지 않는다. | has_community=False role_relevant=False env_relevant=False | 이 논문은 관광 상품에 대한 e-WOM 속성(공감, 생생성, 적시성, 신빙성)이 소비자의 구매 의도에 미치는 영향을 실증적으로 검증하는 마케팅·소통 연구로, '커뮤니티 상호작용'은 회귀분석의 하나의 변수로만 등장하여 유의미하지 않은 것으로 나타나며, 온라인 공간은 커뮤니티로서가 아닌 WOM 정보 유통의 매개 채널로만 기능하므로 온라인 커뮤니티를 분석 대상으로 삼지 않는다.","관광 e-WOM의 마케팅 효과성을 검증하는 연구로서 온라인 커뮤니티(여행 리뷰·포럼)는 WOM이 유통되는 채널·매체로만 사용되며, 커뮤니티 자체의 사회적 역할(창/장)이나 구조·환경적 조건(회원제, 익명성, 운영 방침 등)은 분석 대상이 되지 않는다. | 이 논문은 관광 제품 맥락에서 e-WOM 속성과 커뮤니티 상호작용이 WOM 유용성 및 효과에 미치는 영향을 실증적으로 검증하는 마케팅 연구로, '커뮤니티 상호작용'은 독립변수로 포함되었을 뿐 온라인 커뮤니티 자체의 사회적 역할이나 구조·운영 조건을 분석 대상으로 삼지 않는다. | 이 논문은 관광 상품에 대한 e-WOM 속성(공감, 생생성, 적시성, 신빙성)이 소비자의 구매 의도에 미치는 영향을 실증적으로 검증하는 마케팅·소통 연구로, '커뮤니티 상호작용'은 회귀분석의 하나의 변수로만 등장하여 유의미하지 않은 것으로 나타나며, 온라인 공간은 커뮤니티로서가 아닌 WOM 정보 유통의 매개 채널로만 기능하므로 온라인 커뮤니티를 분석 대상으로 삼지 않는다.",True,3/3,run1:없음; run2:없음; run3:없음
ART001255675,"온라인 커뮤니티에서 사회적 영향이 플로우, 지각된 유용성, 이용의도에 미치는 영향: 싸이월드를 중심으로",유일(순천대학교),2008,정보시스템연구,kor,ERR,,,run1:없음; run2:없음; run3:없음,"has_community=True role_relevant=False env_relevant=False | 이 논문은 온라인 커뮤니티를 기술 수용(TAM)·몰입(flow) 이론의 적용 대상인 '사용 의도'의 객체로만 다루며, 커뮤니티의 사회적 역할(창/장)이나 구조적·환경적 조건(회원제, 익명성, 운영방침 등)을 분석 대상으로 삼지 않으므로 role·env 모두 해당하지 않는다. | has_community=True role_relevant=False env_relevant=False | 이 논문은 TAM과フロー이론을 결합하여 온라인 커뮤니티 이용 의도에 미치는 사회적 영향(주관적 규범, 이미지, 가시성)을 분석하는 기술 수용 연구로, 온라인 커뮤니티를 사회적 역할의 '창'이나 '장'으로 조명하지도, 회원제·익명성·운영 방침 등 구조적·환경적 조건을 비교·분석하지도 않으며, 이용 의도라는 개별 행동 결정 변수에 초점을 두고 있으므로 role·env 모두 해당하지 않는다. | has_community=True role_relevant=False env_relevant=False | 이 논문은 TAM·유입(flow) 이론을 결합하여 온라인 커뮤니티 이용 의도에 영향을 미치는 사회적 영향(주관적 규범, 이미지, 가시성) 차원을 구조방정식으로 검증하는 기술 수용 연구로, 커뮤니티를 사회현상을 비추는 창이나 사회적 장으로 조명하지도, 회원제·익명성·운영 방침 등 구조·환경적 조건을 비교·분석하지도 않는다.","이 논문은 온라인 커뮤니티를 기술 수용(TAM)·몰입(flow) 이론의 적용 대상인 '사용 의도'의 객체로만 다루며, 커뮤니티의 사회적 역할(창/장)이나 구조적·환경적 조건(회원제, 익명성, 운영방침 등)을 분석 대상으로 삼지 않으므로 role·env 모두 해당하지 않는다. | 이 논문은 TAM과フロー이론을 결합하여 온라인 커뮤니티 이용 의도에 미치는 사회적 영향(주관적 규범, 이미지, 가시성)을 분석하는 기술 수용 연구로, 온라인 커뮤니티를 사회적 역할의 '창'이나 '장'으로 조명하지도, 회원제·익명성·운영 방침 등 구조적·환경적 조건을 비교·분석하지도 않으며, 이용 의도라는 개별 행동 결정 변수에 초점을 두고 있으므로 role·env 모두 해당하지 않는다. | 이 논문은 TAM·유입(flow) 이론을 결합하여 온라인 커뮤니티 이용 의도에 영향을 미치는 사회적 영향(주관적 규범, 이미지, 가시성) 차원을 구조방정식으로 검증하는 기술 수용 연구로, 커뮤니티를 사회현상을 비추는 창이나 사회적 장으로 조명하지도, 회원제·익명성·운영 방침 등 구조·환경적 조건을 비교·분석하지도 않는다.",True,3/3,run1:없음; run2:없음; run3:없음
ART001316437,온라인 커뮤니티 활동과 개인 특성이 구전 효과에 미치는 영향에 관한 연구,이선로(연세대학교),2008,경영학연구,kor,OK,,,run1:없음; run2:없음; run3:없음,"has_community=True role_relevant=True env_relevant=False | 이 논문은 온라인 커뮤니티라는 공간 자체의 사회적 역할, 즉 커뮤니티 의식과 구전(WOM) 효과가 작동하는 '장'으로서의 기능을 분석 대상으로 삼고 있으나, 상호작용성과 사이트 명성은 플랫폼 설계 특성·평판에 해당하여 회원제·운영·제재·익명성·생애주기 등 커뮤니티의 구조적·환경적 운영 방침을 비교·변화시키는 조건으로 다루고 있지는 않다. | has_community=True role_relevant=True env_relevant=True | 이 논문은 온라인 커뮤니티를 구전 효과와 커뮤니티 의식이 작동하는 '장'으로 조명하는 동시에, 상호작용성과 사이트 명성이라는 커뮤니티의 구조적·환경적 조건이 커뮤니티 의식과 구전 효용성에 미치는 차이를 분석하여 환경 요인을 고려하고 있다. | has_community=True role_relevant=True env_relevant=False | 이 논문은 온라인 커뮤니티를 구전 효과가 발생하는 '장'으로서 커뮤니티 의식과 정보 공유의 사회적 역할을 분석 대상으로 삼되, 상호작용성과 사이트 명성은 일반적 플랫폼 특성 변수로 다루었을 뿐 커뮤니티 운영 방침·제재 방식·생애주기 등 구조적·환경적 조건의 차이를 비교·분석하지는 않으므로 env_relevant는 false이다.","[ROLE] 이 논문은 온라인 커뮤니티 공간 내에서 상호작용성(이용자 간 연결)이 커뮤니티 의식(관계적 자원)을 형성하고, 이것이 구전(정보 공유) 효용성과 효과에 미치는 영향을 분석함으로써, 커뮤니티 안의 이용자 간 관계적 자원의 형성·효과를 다루는 SOCIALCAPITAL에 해당하나, 구매 의사결정·제품 관여도 등 마케팅 맥락으로 포장되어 있어 공론장이나 외부 현상 창으로는 판정되지 않는다. | [ROLE] 이 논문은 온라인 커뮤니티를 구전(WOM) 효과라는 일반적 소비자·정보전달 현상을 관찰하는 설정(setting)으로 활용하므로, 커뮤니티 공간 자체의 역할이 아니라 바깥에 실체가 있는 구전 효과·인지 욕구 등 소비자 행동 현상을 들여다보는 창(WINDOW_MISC)으로 분류된다. | [ENV] 본 연구는 온라인 커뮤니티 환경에서 커뮤니티 의식·상호작용성·사이트 명성·인지 욕구가 구전 효과에 미치는 영향을 분석하므로, 회원제 차이·운영체계·커뮤니티 생애주기·익명성 비교라는 4개 ENV 코드에 해당하는 비교·변화 분석은 전혀 포함하지 않아 전부 미부여로 판단한다. | [ROLE] 본 연구는 온라인 커뮤니티의 구조적 특성(상호작용성, 사이트 명성)과 커뮤니티 의식이 구전 효과에 미치는 영향을 매개·조절 변인 모형으로 검증하는 것으로, 커뮤니티 공간 자체의 특성을 분석 대상으로 삼아 FIELD 계열에 가깝지만, 그 초점이 공론장 검증이나 관계적 자원 형성·효과에 있지 않고 소비자 정보 확산 메커니즘에 있으므로 6개 코드 모두 0.5 미만에 그친다.",False,1/3,run1:ROLE_FIELD_SOCIALCAPITAL; run2:ROLE_WINDOW_MISC; run3:없음
ART001847093,온라인 사용 후기 유형에 따른 정보 유용성 및 제품태도에 미치는 영향력의 차이 : 온라인 브랜드 커뮤니티 유형과 자기 감시성의 조절효과를 중심으로,정효진(경북대학교),2014,마케팅관리연구,kor,OK,,,run1:없음; run2:없음; run3:없음,"has_community=True role_relevant=True env_relevant=True | 이 논문은 온라인 브랜드 커뮤니티를 소비자의 구전커뮤니케이션과 태도 형성이 이루어지는 '장'으로 조명하면서, '기업 주도형'과 '소비자 주도형'이라는 운영 주체 구조 차이를 조절변수로 비교 분석하여 커뮤니티의 환경적 조건(운영 방식)이 후기 효과에 미치는 영향을 검토하고 있으므로, 역할과 환경 양쪽에 해당한다. | has_community=True role_relevant=False env_relevant=True | 이 논문은 온라인 사용 후기의 효과를 중심으로 마케팅 효과를 분석하며, 온라인 브랜드 커뮤니티를 '기업 주도형'과 '소비자 주도형'으로 분류하여 그 유형에 따른 조절효과를 검증함으로써 커뮤니티의 운영 주체(운영 방식)라는 구조적 조건에 따른 차이를 비교·분석하고 있으나, 커뮤니티 자체의 사회적 역할(창/장)을 조명하는 것은 아니며 환경 조건으로서의 커뮤니티 유형 비교에 해당한다. | has_community=True role_relevant=False env_relevant=True | 이 논문은 온라인 브랜드 커뮤니티를 '기업 주도형'과 '소비자 주도형'으로 분류하여 그 구조적 유형별 차이가 온라인 사용 후기의 정보 유용성·제품태도 효과에 미치는 조절효과를 분석하고 있으므로, 커뮤니티의 운영 주체라는 환경적 조건을 비교 대상으로 삼고 있으나(ENV), 커뮤니티 자체의 사회적 역할이나 외부 현상을 비추는 창으로서 조명하지는 않는다(ROLE 불관련).","[ROLE] 이 논문은 소비자의 사용 후기(구전커뮤니케이션)가 정보 유용성과 제품태도에 미치는 효과를 분석하는 마케팅 연구로, 온라인 브랜드 커뮤니티는 후기 전달 채널이자 조절변수(기업 주도형/소비자 주도형)에 불과하고, 커뮤니티 공간 자체의 상호작용이나 사회자본 형성이 분석 대상이 아니므로, 외부 현상인 소비자 구전·제품태도 형성을 보여주는 창(ROLE_WINDOW_MISC)으로 분류된다. | [ENV] 본 연구는 사용 후기의 방향·특성과 자기 감시성에 따른 효과를 주 분석 대상으로 삼고, 온라인 브랜드 커뮤니티 유형(기업 주도형 vs 소비자 주도형)을 단순 조절변수로만 활용하였을 뿐, 커뮤니티 내부 운영체계의 구체적 기제(삭제·제재·중재 등)를 분석 대상으로 삼지 않으므로 ENV_COMMUNITY_GOVERNANCE도 미부여이며, 나머지 세 코드 역시 근거 문장이 부재하여 전부 미부여로 판단한다. | [ENV] 본 연구는 온라인 사용 후기의 방향성·특성이 정보 유용성과 제품태도에 미치는 영향에서 브랜드 커뮤니티 유형(기업 주도형/소비자 주도형)과 자기 감시성의 조절효과를 검증하는 마케팅 연구로, 커뮤니티의 회원제·운영체계·생애주기·익명성 등 환경적·구조적 조건 자체를 분석 대상으로 삼지 않으므로 4개 ENV 코드 모두 미부여이다. | [ENV] 이 논문은 온라인 브랜드 커뮤니티를 '기업 주도형'과 '소비자 주도형'으로 이분하고 그 조절효과를 실증적으로 검증하므로 ENV_COMMUNITY_GOVERNANCE가 부여되나, 회원제·생애주기·익명성 차이는 다루지 않아 나머지 세 코드는 미부여이다.",False,1/3,run1:ROLE_WINDOW_MISC; run2:없음; run3:ENV_COMMUNITY_GOVERNANCE
ART001140393,온라인 커뮤니티 형성과 유지에 관한 연구-규범적 몰입과 감성적 몰입의 매개역할을 중심으로-,강명수(한성대학교),2005,대한경영학회지,kor,OK,ROLE_FIELD_SOCIALCAPITAL,,run1:없음; run2:없음; run3:없음,"has_community=True role_relevant=True env_relevant=False | 이 논문은 온라인 커뮤니티를 기업의 고객관계관리(CRM)를 수행하는 '장'으로서 그 사회적 기능을 분석 대상으로 삼되, 규범적·감성적 몰입, 상호작용, 의례전통 등 이용자 수준 거버넌스 요인을 다루기는 하나 회원제·제재·익명성·생애주기 등 커뮤니티의 구조적·환경적 조건을 비교·변화하는 관점은 다루지 않으므로 role만 해당한다. | has_community=True role_relevant=True env_relevant=False | 이 논문은 기업의 고객관계관리 차원에서 온라인 커뮤니티의 형성·유지 모형을 개발하며, 규범적·감성적 몰입, 상호작용, 공유의식, 의례전통 등 커뮤니티 내부의 사회적 역동을 분석 대상으로 삼아 커뮤니티를 '장'으로서 조명하나, 회원제·제재·익명성·생애주기 등 구조적·환경적 조건을 비교·차이 있게 고려하지는 않는다. | has_community=True role_relevant=True env_relevant=False | 이 논문은 온라인 커뮤니티를 고객관계관리(CRM)를 위한 '장'으로서 그 형성과 유지에 관한 모형을 실증 분석하고 있으나, 회원제·제재·익명성·생애주기 등 구조적·환경적 조건에 따른 차이·비교를 다루지 않으므로 env_relevant는 false이다.","[ROLE] 본 연구는 온라인 커뮤니티를 고객관계관리(CRM)라는 외부 마케팅 현상을 구현하는 매체·사례로 위치시키며, 커뮤니티 내부의 상호작용·공유·몰입 변수를 재방문의도·참여의도라는 비즈니스 결과와 연결하여 분석하므로, 커뮤니티 공간 자체의 공론장·사회적자본 역할이 아닌 CRM이라는 외부 사회현상을 보여주는 역할(WINDOW_MISC)로 판단된다. | [ROLE] 본 연구는 온라인 커뮤니티 공간 내부의 상호작용·공유의식·몰입 등 이용자 간 관계적 자원의 형성·유지 메커니즘을 실증적으로 분석하므로, 공간 안의 관계적 자원 형성·효과를 다루는 FIELD 계열 중 SOCIALCAPITAL에 부여하고, CRM이라는 외부 비즈니스 현상을 배경으로 삼되 분석 대상이 커뮤니티 내부 역학이므로 WINDOW 계열은 미부여한다. | [ROLE] 본 연구는 온라인 커뮤니티 공간 안의 상호작용·공유의식·의례전통 등 관계적·의례적 요소가 이용자 몰입과 재방문·참여 의도에 미치는 영향을 실증 모형으로 분석함으로써, 커뮤니티 내부의 관계적 자원 형성과 유지 효과를 다룸으로써 ROLE_FIELD_SOCIALCAPITAL이 부여되며, 공론장·양극화·젠더·혐오 등 다른 코드에는 해당하지 않는다.",False,0/3,run1:ROLE_WINDOW_MISC; run2:ROLE_FIELD_SOCIALCAPITAL; run3:ROLE_FIELD_SOCIALCAPITAL
ART001005547,온라인 커뮤니티기반 블로그 활동에 영향을 미치는프라이버시 정보의 유형과 조절변수 연구,신지영(이화여자대학교),2006,경영학연구,kor,OK,ROLE_FIELD_SOCIALCAPITAL,,run1:없음; run2:없음; run3:없음,"has_community=True role_relevant=False env_relevant=False | 이 논문은 오프라인 친밀관계가 온라인 블로그로 연장되는 맥락에서 개인정보 교환 유형과 프라이버시 염려를 실증 분석하는 데 목적이 있으며, 블로그는 연구의 설정·매체로서 사용될 뿐 그 사회적 역할(창·장)이나 구조적·환경적 조건(회원제, 익명성, 운영 방침 등)이 분석 대상이 되지 않는다. | has_community=True role_relevant=True env_relevant=False | 이 논문은 오프라인 친밀관계가 유지되는 블로그를 회원 간 개인정보 교환과 프라이버시 염려가 작동하는 공간으로 분석하여, 온라인 커뮤니티가 사회적 긴밀 관계를 유지하는 '장'으로서의 역할을 조명하지만, 회원제·제재·생애주기·익명성 등 구조적·환경적 조건을 변수로 삼아 비교·분석하지는 않는다. | has_community=True role_relevant=True env_relevant=False | 이 논문은 BLOG를 오프라인 친밀관계의 온라인 연장선으로서 사회적 긴밀 관계를 유지하는 '장'으로 분석하므로 role_relevant이나, 개인정보 유형·프라이버시 염려·개인의 공개 통제력 등 개인 단위 요인을 다룰 뿐 회원제·운영 방식·익명성 등 커뮤니티의 구조적·환경적 조건을 변수로 다루지 않아 env_relevant는 아니다.","이 논문은 오프라인 친밀관계가 온라인 블로그로 연장되는 맥락에서 개인정보 교환 유형과 프라이버시 염려를 실증 분석하는 데 목적이 있으며, 블로그는 연구의 설정·매체로서 사용될 뿐 그 사회적 역할(창·장)이나 구조적·환경적 조건(회원제, 익명성, 운영 방침 등)이 분석 대상이 되지 않는다. | [ROLE] 본 연구는 BLOG라는 온라인 커뮤니티 공간 안에서 호스트-방문자 간 개인정보 공유가 사회적 긴밀 관계 유지와 회원 유지·이탈에 미치는 효과를 분석함으로써, 이용자 간 관계적 자원(신뢰·연결)의 존재와 효과를 다루는 SOCIAL CAPITAL로 판정되며, 공론장·양극화·젠더·혐오 등 나머지 5개 코드에는 해당하지 않는다. | [ROLE] 본 연구는 블로그 공간 안에서 개인 정보 공유라는 상호작용이 이용자 간 사회적 긴밀 관계를 유지하는 관계적 자원(사회자본)으로 기능하면서도 동시에 프라이버시 위험을 초래하는 이중성을 실증적으로 분석하므로, FIELD 계열의 SOCIALCAPITAL에 부여한다.",False,1/3,run1:없음; run2:ROLE_FIELD_SOCIALCAPITAL; run3:ROLE_FIELD_SOCIALCAPITAL
ART001870234,"온라인 여행 커뮤니티에서 지각된 가치와 정보공유 만족의 결정요인에 관한 연구: 개인의 혁신성, 혁신저항, 전문성",정남호(경희대학교),2014,고객만족경영연구,kor,OK,ROLE_WINDOW_MISC,,run1:없음; run2:없음; run3:없음,"has_community=True role_relevant=True env_relevant=False | 이 논문은 온라인 여행 커뮤니티를 여행정보 탐색·공유가 이루어지는 공간(장)으로서 그 지각된 가치와 정보공유 만족이라는 사회적 기능을 분석 대상으로 삼되, 커뮤니티의 구조적·환경적 조건(회원제, 익명성, 운영 방침 등)에 따른 비교나 차이는 다루지 않으므로 role만 해당한다. | has_community=True role_relevant=True env_relevant=False | 이 논문은 온라인 여행 커뮤니티가 여행정보 탐색·공유와 구성원 간 관계형성을 가능하게 하는 '장'으로서의 사회적 역할을 분석 대상으로 삼지만, 회원제·익명성·운영 방침 등 커뮤니티의 구조적·환경적 조건을 비교·고찰하지는 않으므로 role만 해당한다. | has_community=True role_relevant=True env_relevant=False | 온라인 여행 커뮤니티를 여행정보 탐색·공유가 이루어지는 '장'으로서 지각된 가치와 정보공유 만족을 매개로 분석 대상 삼아 커뮤니티의 사회적 기능을 조명하나, 회원제·익명성·생애주기 등 커뮤니티의 구조적·환경적 조건을 비교·검토하지는 않는다.","[ROLE] 본 연구는 온라인 여행 커뮤니티를 여행정보 탐색·공유라는 외부 사회현상을 관찰하는 창으로 사용하며, 분석 변수는 혁신성·지각된 전문성·혁신저항 등 개인 특성으로, 커뮤니티 공간 자체의 공론장·사회적 자본 기능이라기보다 정보공유 만족이라는 일반적 현상을 개인 수준에서 설명하는 데 초점이 있으므로 WINDOW_MISC에 해당한다. | [ROLE] 본 연구는 온라인 여행 커뮤니티 내 정보 공유 행동에 미치는 개인 특성과 지각된 가치·만족도를 인과모형으로 분석하는 기술적·기능적 연구로, 6개 ROLE 코드 중 어느 하나도 0.5를 넘기지 못하나, 정보 공유라는 상호작용 요소가 존재하여 SOCIALCAPITAL과 MISC에 약한 관련성만 부여된다. | [ROLE] 본 논문은 관광 정보 탐색·공유라는 외부 사회현상을 관찰하기 위해 온라인 여행 커뮤니티를 플랫폼·장소로 설정하고, 개인의 혁신성·지각된 전문성·혁신저항이 지각된 가치와 정보공유 만족에 미치는 영향을 실증 분석하므로, 커뮤니티 자체의 공론장·사회자본적 역할이 아니라 관광 소비자 정보행동을 비추는 창(WINDOW_MISC)으로 기능한다.",False,1/3,run1:ROLE_WINDOW_MISC; run2:없음; run3:ROLE_WINDOW_MISC
ART001593397,소셜네트워크 연결밀도와 중심성에 따른 소셜쇼핑 구매의도의 차이 -온라인커뮤니티와 SNS를 중심으로-,천명환(목원대학교),2011,경영과 정보연구,kor,OK,ROLE_FIELD_SOCIALCAPITAL,,run1:없음; run2:없음; run3:없음,"has_community=True role_relevant=True env_relevant=False | 이 논문은 집단중심의 온라인 커뮤니티와 개인중심의 SNS를 비교하여 소셜쇼핑 구매의도에 미치는 구조적 차이를 분석함으로써, 온라인 커뮤니티라는 공간의 구조적 역할(장)을 조명하지만, 회원제·운영제재·익명성·생애주기 등 커뮤니티의 운영 방침이나 환경적 조건에 따른 차이·비교를 다루지는 않는다. | has_community=True role_relevant=True env_relevant=False | 이 논문은 집단중심의 온라인 커뮤니티를 소셜쇼핑이 일어나는 '장'으로서 연결밀도·중심성과 구매의도의 관계를 분석하고 있으나, 비교 대상은 네트워크 위상 구조(연결밀도, 중심성)일 뿐 회원제·운영 방침·익명성 등 커뮤니티의 구조적·환경적 조건에 따른 차이·비교를 다루지 않으므로 env_relevant는 false이다. | has_community=True role_relevant=True env_relevant=False | 이 논문은 집단중심의 온라인 커뮤니티와 개인중심의 SNS를 비교하여 소셜쇼핑 구매의도에 미치는 네트워크 구조적 차이를 분석함으로써, 온라인 커뮤니티를 집단적 소비가 이루어지는 '장'으로서의 사회적 역할을 조명하나, 회원제·제재방식·익명성 등 커뮤니티의 구조적·환경적 조건에 따른 차이까지 논하지 않는다.","[ROLE] 연구는 온라인 커뮤니티의 구조적 특성(연결밀도·중심성)이 이용자 간 연결의 강도와 위치로서 구매의도에 미치는 효과를 검증하는 것으로, 커뮤니티 공간 내 이용자 간 관계적 구조가 분석 대상이므로 FIELD 계열(사회자본)에 가깝다. | [ROLE] 본 연구는 온라인 커뮤니티·SNS 내 연결밀도와 중심성이라는 이용자 간 네트워크 구조의 존재·강도·효과를 구매의도에 미치는 영향으로 검증하는 것이므로, 온라인 커뮤니티 공간 자체의 관계적 구조(사회자본 계열)를 분석 대상으로 삼는 FIELD 판정이다. | [ROLE] 본 연구는 온라인 커뮤니티·SNS 공간 내부의 구조적 특성(연결밀도·중심성)이 이용자 간 연결의 강도와 위치에 따라 소셜쇼핑 구매의도에 미치는 효과를 검증함으로써, 커뮤니티 공간 안의 네트워크 관계 구조와 그 효과를 분석하는 장(FIELD)으로서의 사회자본(SOCIALCAPITAL) 역할에 해당한다.",True,0/3,run1:ROLE_FIELD_SOCIALCAPITAL; run2:ROLE_FIELD_SOCIALCAPITAL; run3:ROLE_FIELD_SOCIALCAPITAL
ART000953287,"온라인 커뮤니티에서 공동체의식과 관계의 질, 고객충성도간의 관계에 관한 연구 : 만족, 신뢰, 몰입의 매개효과를 중심으로",최혁라(순천대학교),2005,Journal of Information Technology Applications & Management,eng,OK,ROLE_FIELD_SOCIALCAPITAL,,run1:없음; run2:없음; run3:없음,"has_community=True role_relevant=True env_relevant=False | 이 논문은 온라인 커뮤니티를 비즈니스 모델로서 고객 충성도 향상의 '장'으로 조명하여 커뮤니티 감각이 관계 질을 매개로 충성도에 미치는 영향을 분석하지만, 회원제·운영 방침·익명성 등 구조적·환경적 조건을 고려하지 않는다. | has_community=True role_relevant=True env_relevant=False | 이 논문은 온라인 커뮤니티의 'sense of community'가 관계의 질을 매개하여 고객 충성도에 미치는 영향을 마케팅 모델로 분석함으로써, 커뮤니티라는 공간의 사회적 역할(충성도 형성)을 '장'으로 조명하고 있으나, 회원제·익명성·운영 방침 등 구조적·환경적 조건은 다루지 않는다. | has_community=True role_relevant=True env_relevant=False | 이 논문은 온라인 커뮤니티를 비즈니스 모델로서 고객 충성도에 미치는 영향을 연구하며, 커뮤니티 공간 자체가 관계 질을 매개로 고객 충성도를 형성하는 사회적 기능(장)을 분석 대상으로 삼지만, 회원제·익명성·운영 방침 등 구조적·환경적 조건에 따른 차이나 비교를 다루지 않는다.","[ROLE] 이 논문은 온라인 커뮤니티 공간 안에서 형성되는 'sense of online community'가 relationship quality를 매개로 customer loyalty에 미치는 영향을 검증하는 연구로, 커뮤니티 공간 내에서 이용자 간 소속감·관계 질·충성도라는 관계적 자원의 형성·전달·효과를 다루므로 FIELD 계열의 SOCIALCAPITAL에 해당하나, 관계의 종점이 이용자 간이라기보다 이용자–브랜드 관계에 가깝고 양적 마케팅 모델 검증에 그쳐 확률은 0.6으로 제한한다. | [ROLE] 온라인 커뮤니티라는 공간 안에서 'sense of community'와 'relationship quality'라는 관계적 자원이 고객 충성도에 미치는 경로를 검증하는 연구이므로, 커뮤니티 공간 내 이용자 간·플랫폼-이용자 간 연결의 존재와 효과를 분석하는 SOCIALCAPITAL에 해당하며, 외부 사회현상을 보여주는 WINDOW 계열은 아니다. | [ROLE] 이 논문은 온라인 커뮤니티 내부의 'sense of community'와 'relationship quality'가 고객 충성도에 미치는 경로를 검증함으로써, 커뮤니티 공간 안에서 이용자 간 관계적 자원(유대감·관계 질)의 형성 효과(장: SOCIALCAPITAL)를 분석하나, 동시에 커뮤니티를 비즈니스 모델·고객 관계 도구로 프레임하는 측면(창: MISC)이 약하게 존재한다.",True,0/3,run1:ROLE_FIELD_SOCIALCAPITAL; run2:ROLE_FIELD_SOCIALCAPITAL; run3:ROLE_FIELD_SOCIALCAPITAL
ART001104517,온라인 브랜드 커뮤니티의 이용 동기에 대한 해석주의적 연구,강태중(중앙대학교),2005,광고연구,kor,ERR,,,run1:없음; run2:없음; run3:없음,"has_community=True role_relevant=True env_relevant=False | 이 논문은 특정 브랜드를 중심으로 형성된 온라인 커뮤니티의 구성원 심리적 이용 동기를 분석 대상으로 삼아 커뮤니티 자체의 사회적 기능(정보 교환·관계 형성·집단 정체성 등)을 장으로 조명하나, 회원제·익명성·운영 방침 등 구조적·환경적 조건에 따른 차이나 비교는 다루지 않는다. | has_community=True role_relevant=True env_relevant=False | 이 논문은 브랜드 중심 온라인 커뮤니티에서 구성원이 지니는 심리적 이용 동기(정보·거래·사회적 관계·집단형성·과시·헌신·유희)를 분석하여 커뮤니티 공간 자체의 사회적 역할을 '장'으로 조명하나, 회원제·익명성·운영 방침 등 구조적·환경적 조건에 따른 차이나 비교는 다루지 않는다. | has_community=True role_relevant=True env_relevant=False | 이 논문은 브랜드 중심 온라인 커뮤니티를 구성원들이 정보·관계·집단형성·과시·헌신·유희 등 심리적 동기를 실현하는 '장'으로 조명하나, 회원제·익명성·운영 방침 등 구조적·환경적 조건을 고려하지 않으므로 env_relevant는 false이다.","[ROLE] 이 논문은 브랜드 온라인 커뮤니티 구성원의 심리적 이용 동기를 7가지로 분류하여 마케팅 시사점을 도출하는 기술적 분석으로, 공론장 검증이나 이용자 간 관계적 자원의 실제 형성·효과를 다루지 않으며, 외부 사회현상을 보여주는 창으로서의 역할도 명시하지 않아 6개 코드 모두 미부여로 판단된다. | [ROLE] 본 연구는 브랜드 온라인 커뮤니티 구성원의 심리적 이용 동기를 7가지 차원으로 분류하는 소비자 행동 연구로서, 이용자 간 관계적 자원(신뢰·연대·네트워크)의 실제 형성·효과를 다루는 SOCIALCAPITAL이나 공론장 기능 검증(PUBLICSPHERE)에 해당하지 않으며, 온라인 커뮤니티를 통해 외부 사회현상을 포착하는 WINDOW도 아니다. | [ROLE] 이 논문은 브랜드 온라인 커뮤니티의 구성원들의 심리적 이용 동기(정보·거래·사회적 관계·집단형성·과시·헌신·유희 7가지)를 개별 동기로 식별하는 데 초점을 두는데, 이는 커뮤니티 공간의 기능을 다룬다는 점에서 FIELD 계열에 가깝지만, 이용자 간 연결의 존재·강도·효과를 실제로 분석하는 사회자본 검증도 아니고, 공론장으로서의 숙의·의견 형성 평가도 아니므로 6개 코드 모두 미부여로 판단된다.",True,3/3,run1:없음; run2:없음; run3:없음
ART001904581,경험수집 소비행동에 대한 통합적 연구,이수현(서울대학교),2014,소비자학연구,kor,ERR,,,run1:없음; run2:없음; run3:없음,"has_community=False role_relevant=False env_relevant=False | 이 논문은 경험수집이라는 소비자행동의 동기·가치·확산과정을 분석 대상으로 삼으며, 온라인 커뮤니티는 경험 공유의 확산 채널로서 SNS와 나란히 한 문장에 언급될 뿐, 커뮤니티 자체를 분석 대상이나 연구 소재로 삼지 않는다. | has_community=False role_relevant=False env_relevant=False | 이 논문은 경험수집이라는 소비자행동을 문화기술적 면담과 설문조사를 통해 분석하는 연구이며, 온라인 커뮤니티는 경험의 확산 통로로서 일견 언급될 뿐 분석 대상이나 연구 재료가 되지 않으므로 커뮤니티 연구로 볼 수 없다. | has_community=False role_relevant=False env_relevant=False | 이 논문은 경험수집이라는 소비자 행동을 분석 대상으로 삼으며, 온라인 커뮤니티는 SNS와 함께 경험의 확산·공유 통로로 일회성 언급될 뿐 커뮤니티 자체를 분석 대상으로 삼지 않는다.","이 논문은 경험수집이라는 소비자행동의 동기·가치·확산과정을 분석 대상으로 삼으며, 온라인 커뮤니티는 경험 공유의 확산 채널로서 SNS와 나란히 한 문장에 언급될 뿐, 커뮤니티 자체를 분석 대상이나 연구 소재로 삼지 않는다. | 이 논문은 경험수집이라는 소비자행동을 문화기술적 면담과 설문조사를 통해 분석하는 연구이며, 온라인 커뮤니티는 경험의 확산 통로로서 일견 언급될 뿐 분석 대상이나 연구 재료가 되지 않으므로 커뮤니티 연구로 볼 수 없다. | 이 논문은 경험수집이라는 소비자 행동을 분석 대상으로 삼으며, 온라인 커뮤니티는 SNS와 함께 경험의 확산·공유 통로로 일회성 언급될 뿐 커뮤니티 자체를 분석 대상으로 삼지 않는다.",True,3/3,run1:없음; run2:없음; run3:없음
ART001002523,온라인 게이머의 라이프스타일에 관한 탐색적 연구 : 비게이머와의 비교 및 게이머 세분시장별 비교,김정구(성균관대학교),2003,경영학연구,kor,ERR,,,run1:없음; run2:없음; run3:없음,"has_community=False role_relevant=False env_relevant=False | 이 논문은 온라인 게이머를 소비자 집단으로 취급하여 라이프스타일 세분시장과 게임 애호도 요인을 분석하는 마케팅 연구로, 온라인 게임을 소비 제품으로 다루고 있을 뿐 공통 관심사를 가진 사용자의 상호작용·정보 공유·관계 형성을 전제로 한 온라인 커뮤니티를 연구 대상으로 삼지 않는다. | has_community=False role_relevant=False env_relevant=False | 이 논문은 온라인 게이머를 소비자 세분시장으로 분류하고 게임 애호도 요인을 분석하는 마케팅·소비자 연구로, 공통 관심사나 목적을 가진 사용자가 지속적으로 상호작용하며 관계를 형성하는 디지털 공간(온라인 커뮤니티)을 분석 대상으로 삼지 않는다. | has_community=True role_relevant=False env_relevant=False | 이 논문은 온라인 게이머를 라이프스타일 기반 소비자 세분시장으로 파악하여 마케팅 전략을 도출하는 것이 주목적이며, '사회적 상호작용 요인'은 게임 애호도 영향요인 중 하나로 언급될 뿐 온라인 커뮤니티의 구조·운영·역할을 분석 대상 삼지 않으므로 커뮤니티가 분석 대상이 아닌 연구 재료에 머문다.","이 논문은 온라인 게이머를 소비자 집단으로 취급하여 라이프스타일 세분시장과 게임 애호도 요인을 분석하는 마케팅 연구로, 온라인 게임을 소비 제품으로 다루고 있을 뿐 공통 관심사를 가진 사용자의 상호작용·정보 공유·관계 형성을 전제로 한 온라인 커뮤니티를 연구 대상으로 삼지 않는다. | 이 논문은 온라인 게이머를 소비자 세분시장으로 분류하고 게임 애호도 요인을 분석하는 마케팅·소비자 연구로, 공통 관심사나 목적을 가진 사용자가 지속적으로 상호작용하며 관계를 형성하는 디지털 공간(온라인 커뮤니티)을 분석 대상으로 삼지 않는다. | 이 논문은 온라인 게이머를 라이프스타일 기반 소비자 세분시장으로 파악하여 마케팅 전략을 도출하는 것이 주목적이며, '사회적 상호작용 요인'은 게임 애호도 영향요인 중 하나로 언급될 뿐 온라인 커뮤니티의 구조·운영·역할을 분석 대상 삼지 않으므로 커뮤니티가 분석 대상이 아닌 연구 재료에 머문다.",True,3/3,run1:없음; run2:없음; run3:없음
ART001081741,"여행도매업체 온라인 브랜드 커뮤니티 특성이 커뮤니티 의식, 커뮤니티 충성도와 브랜드 태도에 미치는 영향 연구",천민호(동양공업전문대학 관광경영학과),2007,서비스경영학회지,eng,OK,,,run1:없음; run2:없음; run3:없음,"has_community=True role_relevant=True env_relevant=False | 이 논문은 여행 도매업체의 브랜드 커뮤니티를 온라인 기반 공간(사이버스페이스)으로 설정하여, 정보·상호작용·보상·엔터테인먼트 등 커뮤니티의 구조적 특징이 소속감·충성도·브랜드 태도에 미치는 영향을 분석하므로 커뮤니티 존재와 '장'으로서의 역할 조명에 해당하나, 회원제·익명성·생애주기 등 운영 조건에 따른 차이·비교를 다루지 않아 환경 조명은 아니다. | has_community=True role_relevant=True env_relevant=False | 이 논문은 여행 도매업체의 브랜드 커뮤니티(온라인 기반 공간)의 구조적 특성(정보성, 상호작용성, 브랜드 평판, 보상, 엔터테인먼트)이 소속감·충성도·브랜드 태도에 미치는 영향을 분석하여, 커뮤니티 공간 자체의 사회적 기능을 '장'으로 조명하나, 회원제·제재·생애주기·익명성 등 환경적 조건의 차이나 비교를 다루지 않으므로 env_relevant는 아니다. | has_community=True role_relevant=False env_relevant=False | 이 논문은 여행 도매업자의 'Brand Community'가 Sense of Community·Community Loyalty·Brand Attitude에 미치는 영향을 마케팅 관점에서 분석하며, 온라인 기반 공간(cyberspace)을 브랜드 충성도 구축의 마케팅 수단·채널로서만 언급할 뿐, 커뮤니티의 사회적 역할(창/장)이나 구조적·환경적 조건(회원제, 익명성, 운영 방침 등)을 분석 대상으로 삼지 않는다.","[ROLE] 이 논문은 관광 도매업자 대상의 온라인 브랜드 커뮤니티 공간 안에서 정보·상호작용·보상·오락 등 커뮤니티 특성如何利用자가 형성하는 Sense of Community와 Community Loyalty라는 관계적 자원의 존재·전달 경로를 실증적으로 검증함으로써, 온라인 커뮤니티가 이용자 간 신뢰·귀속·충성이라는 사회적 자본을 매개하는 장으로서의 역할을 분석한다. | [ROLE] 이 논문은 여행 도매업체의 브랜드 커뮤니티 특성이 Sense of Community·Community Loyalty·Brand Attitude에 미치는 영향을 실증 분석하는 마케팅 연구로, 온라인 커뮤니티를 브랜드 충성도라는 일반적 비즈니스 현상을 관찰하는 창(WINDOW_MISC)으로 활용하며, 오프라인 대체 가능 검정에서 결론이 성립하여 FIELD 계열은 배제된다. | 이 논문은 여행 도매업자의 'Brand Community'가 Sense of Community·Community Loyalty·Brand Attitude에 미치는 영향을 마케팅 관점에서 분석하며, 온라인 기반 공간(cyberspace)을 브랜드 충성도 구축의 마케팅 수단·채널로서만 언급할 뿐, 커뮤니티의 사회적 역할(창/장)이나 구조적·환경적 조건(회원제, 익명성, 운영 방침 등)을 분석 대상으로 삼지 않는다.",False,1/3,run1:ROLE_FIELD_SOCIALCAPITAL; run2:ROLE_WINDOW_MISC; run3:없음
ART001351065,온라인 커뮤니티에서 조직시민행동의 영향요인이 지식공헌에 미치는 영향,김경규(연세대학교),2009,지식경영연구,eng,OK,ROLE_FIELD_SOCIALCAPITAL,,run1:없음; run2:없음; run3:없음,"has_community=True role_relevant=True env_relevant=False | 이 논문은 온라인 커뮤니티 내 지식 기여 행동과 그 선행변인(OCB, 응집성, 애정 유사도)의 관계를 실증 분석하며, 커뮤니티를 지식 공유라는 사회적 역할을 수행하는 '장'으로 조명하나, 회원제·익명성·운영 방침 등 구조적·환경적 조건을 비교·검토하지는 않는다. | has_community=True role_relevant=True env_relevant=False | 이 논문은 온라인 커뮤니티에서 지식기여가 어떻게 이루어지는지를 OCB, 응집성, 정서적 유사성의 관점에서 분석하여 커뮤니티를 지식 공유의 '장'으로 조명하나, 회원제·익명성·운영방침 등 구조적·환경적 조건을 비교하거나 그 차이를 다룬 것은 아니다. | has_community=True role_relevant=True env_relevant=False | 이 논문은 온라인 커뮤니티 내 지식 공헌(Knowledge Contribution)과 조직시민적 행동(OCB)의 관계를 분석하여, 커뮤니티 공간 자체가 지식 공유와 사회적 연대라는 '장'의 역할을 수행하는지 조명하나, 회원제·운영 방침·익명성 등 커뮤니티의 구조적·환경적 조건을 비교·분석하지는 않는다.","[ROLE] 이 논문은 온라인 커뮤니티 내 이용자 간 관계적 자원(cohesiveness, affection similarity)이 지식 기여(knowledge contribution)라는 참여행동에 미치는 효과를 PLS로 검증함으로써, 커뮤니티 공간 안의 관계적 연결의 존재·강도·효과를 분석하는 SOCIALCAPITAL로서의 장(FIELD) 역할을 수행한다. | [ROLE] 본 연구는 온라인 커뮤니티 이용자 간 결합도(cohesiveness)와 정서 유사성(affection similarity)이라는 관계적 자원이 OCB를 매개로 지식 기여(공유)에 미치는 효과를 실증적으로 검증하므로, 커뮤니티 내부의 이용자 간 연결·관계의 존재와 효과를 다루는 SOCIALCAPITAL에 해당한다. | [ROLE] 본 연구는 온라인 커뮤니티 공간 안에서 이용자 간 결속(cohesiveness)·감정 유사성(affection similarity)이라는 관계적 자원이 조직시민행동(OCB)을 통해 지식 기여(knowledge contribution)라는 참여·공유 행위에 어떤 효과를 미치는지를 실증 분석하고 있으므로, 커뮤니티 안의 이용자 간 관계적 자원의 존재·효과를 다룬 장으로서의 사회자본(SOCIALCAPITAL) 코드가 부여되며, 공론장 검증이나 외부 사회현상 포착은 나타나지 않는다.",True,0/3,run1:ROLE_FIELD_SOCIALCAPITAL; run2:ROLE_FIELD_SOCIALCAPITAL; run3:ROLE_FIELD_SOCIALCAPITAL
ART001318356,온라인 커뮤니티의 신뢰형성이 구매의도에 미치는 영향,문영주(공주대학교),2008,전자상거래학회지,kor,OK,ROLE_FIELD_SOCIALCAPITAL,,run1:없음; run2:없음; run3:없음,"has_community=True role_relevant=True env_relevant=False | 이 논문은 온라인 커뮤니티 내에서 신뢰가 형성되는 과정이 구매의도에 미치는 영향을 분석하여, 커뮤니티라는 공간의 소비자 행동 유도라는 사회적 역할(장)을 조명하나, 회원제·운영·제재·익명성 등 구조적·환경적 조건을 다루지 않는다. | has_community=True role_relevant=True env_relevant=False | 이 논문은 기업이 구축한 온라인 커뮤니티가 구성원의 신뢰를 형성하고 구매의도에 영향을 미치는 '장'으로서의 사회적 역할을 분석 대상으로 삼지만, 회원제 유무·익명성·생애주기·제재 방식 등 구조적·환경적 조건에 따른 차이·비교를 다루지 않으므로 role만 해당한다. | has_community=True role_relevant=True env_relevant=False | 이 논문은 기업이 구축·운영하는 온라인 커뮤니티 내에서 신뢰가 형성되고 구매의도가 발생하는 과정을 분석하므로 커뮤니티를 '장'으로 조명하나, 커뮤니티 명성·사회적 실재감·즐거움은 신뢰 형성 요인으로 다루되 회원제·제재·생애주기·익명성 등 구조적·환경적 조건에 따른 차이·비교·변화를 다루지 않으므로 env는 해당하지 않는다.","[ROLE] 본 연구는 온라인 커뮤니티 공간 내에서 신뢰·사회적 실재감·즐거움 등 관계적 자원이 어떻게 형성되고 그 효과가 구매의도에 미치는지를 분석하므로, 커뮤니티 안의 이용자 간 연결과 신뢰라는 관계적 자원 형성을 조명하는 장(FIELD)으로서의 사회자본 역할에 해당한다. | [ROLE] 본 연구는 온라인 커뮤니티 공간 내에서 신뢰·사회적 실재감·즐거움 등 관계적 자원이 어떻게 형성되고 구매의도에 영향을 미치는지를 분석하므로, 커뮤니티 공간 안의 이용자 간 관계 형성이라는 사회적 자본(FIELD)으로 판정된다. | [ROLE] 이 논문은 온라인 커뮤니티 공간 안에서의 신뢰형성과 구성원 간 관계형성(사회적 실재감, 커뮤니티 명성, 즐거움)을 분석하여 커뮤니티가 관계적 자원(신뢰·연대)을 형성하는 장으로서의 역할을 조명하므로 ROLE_FIELD_SOCIALCAPITAL을 부여한다.",True,0/3,run1:ROLE_FIELD_SOCIALCAPITAL; run2:ROLE_FIELD_SOCIALCAPITAL; run3:ROLE_FIELD_SOCIALCAPITAL
ART001676790,"온라인 커뮤니티 시민행동, 신뢰, 보상이 정보공헌에 미치는 영향",강재정(제주대학교),2012,인터넷전자상거래연구,kor,OK,ROLE_FIELD_SOCIALCAPITAL,,run1:없음; run2:없음; run3:없음,"has_community=True role_relevant=True env_relevant=False | 이 논문은 온라인 커뮤니티라는 공간 내에서의 시민성 행동(OCB), 신뢰, 인센티브가 정보 기여에 미치는 영향을 분석하여 커뮤니티를 정보 공유·시민성 실천의 '장'으로 조명하나, 회원제·익명성·운영 방침 등 구조적·환경적 조건의 차이나 비교를 다루지 않는다. | has_community=True role_relevant=True env_relevant=False | 이 논문은 온라인 커뮤니티라는 공간 자체가 정보 공여·시민성 행동·신뢰가 작동하는 사회적 '장'으로 분석 대상이므로 role_relevant이나, 회원제·익명성·운영 방침 등 커뮤니티의 구조적·환경적 조건을 비교하거나 그 차이에 따른 변화를 다루지 않으므로 env_relevant는 false이다. | has_community=True role_relevant=False env_relevant=False | 이 논문은 온라인 커뮤니티를 연구의 설정(context)으로 삼아 개인 수준의 정보기여 행동을 관측하지만, 커뮤니티 자체의 사회적 역할(창/장)이나 구조적·환경적 조건(회원제, 익명성, 운영 방침 등)을 분석 대상으로 삼지 않으며, 단지 행위의 발생 장소를 제시하는 수준에 그친다.","[ROLE] 본 연구는 온라인 커뮤니티 공간 안에서 신뢰(trust)라는 관계적 자원과 시민성 행동(OCB)이 정보 기여(정보 공유·참여)에 미치는 직접적·조절 효과를 실증적으로 검증하므로, 온라인 커뮤니티라는 장(FIELD) 안에서 이용자 간 신뢰·참여의 존재와 효과를 다루는 사회자본(SOCIALCAPITAL)에 해당한다. | [ROLE] 이 논문은 온라인 커뮤니티 공간 안에서 이용자 간 신뢰(관계적 자원)와 시민성 행동이 정보 기여(참여)에 미치는 직접·조절 효과를 검증하는 것이므로, FIELD 계열 가운데 신뢰의 존재와 효과를 다루는 SOCIALCAPITAL에 해당하나, 공론장적 숙의나 외부 사회현상 포착과는 무관하다. | 이 논문은 온라인 커뮤니티를 연구의 설정(context)으로 삼아 개인 수준의 정보기여 행동을 관측하지만, 커뮤니티 자체의 사회적 역할(창/장)이나 구조적·환경적 조건(회원제, 익명성, 운영 방침 등)을 분석 대상으로 삼지 않으며, 단지 행위의 발생 장소를 제시하는 수준에 그친다.",False,1/3,run1:ROLE_FIELD_SOCIALCAPITAL; run2:ROLE_FIELD_SOCIALCAPITAL; run3:없음
ART001310795,"A Study on the Relationship Between Online Community Characteristics and Loyalty : Focused on Mediating Roles of Self-Congruency, Consumer Experience, and Consumer to Consumer Interactivity",김문태(부산 가톨릭대학교 유통경영정보학부),2008,Journal of Global Scholars of Marketing Science(마케팅과학연구),kor,ERR,,,run1:없음; run2:없음; run3:없음,"has_community=True role_relevant=True env_relevant=False | 이 논문은 Cyworld·Daum·Naver 등 온라인 커뮤니티를 소비자 상호작용과 구매 충성도가 형성되는 '장'으로 분석 대상으로 삼되, 커뮤니티의 운영·제재 방식·익명성·생애주기 등 구조적 환경 조건에 따른 차이·비교를 다루기보다는 콘텐츠 품질·경험 설계·C-to-C 상호작용성 등 마케팅·UX 차원의 요인에 충성도 과정을 설명하는 데 중점을 두므로 role은 해당하나 env는 해당하지 않는다. | has_community=True role_relevant=True env_relevant=True | 이 논문은 온라인 커뮤니티를 소비자 충성도 형성과 경제 가치 창출의 '장'(ROLE_FIELD_PUBLICSPHERE)으로 조명하는 동시에, 콘텐츠 우위·맞춤화·C2C 상호작용·비주얼·내비게이션 등 구조적 환경 조건(ENV_COMMUNITY_GOVERNANCE)이 충성도에 미치는 영향을 Cyworld·Daum·Naver 간 비교를 통해 분석하므로 role·env 모두 해당한다. | has_community=True role_relevant=True env_relevant=False | 이 논문은 Cyworld·Daum·Naver 등 온라인 커뮤니티에서 소비자 간 상호작용과 콘텐츠 경험 요인이 구매 충성도에 미치는 영향을 분석하며, 커뮤니티를 경제적 관계 형성의 '장'으로 조명하나, 회원제·제재·익명성·생애주기 등 운영 방침 차원의 환경 조건을 비교·분석하지는 않는다.","[ROLE] 이 논문은 온라인 커뮤니티를 마케팅·경제적 관점에서 소비자 충성도(purchase loyalty)와 C-to-C interactivity, trust, content superiority 같은 요인이 어떻게 작용하는지 분석하고 있으므로, 온라인 커뮤니티 공간 자체의 공론장·사회자본 역할이 아니라 커뮤니티 외적으로 존재하는 '소비자 충성도·마케팅'이라는 사회현상을 온라인 커뮤니티라는 사례로 조망하는 WINDOW_MISC에 해당한다. | [ROLE] 본 논문은 온라인 커뮤니티의 구매 충성도 구축 과정과 경제적 잠재력을 마케팅 관점에서 분석하는 연구로, C2C 상호작용과 신뢰가 언급되지만 그 목적은 사회적 관계 자원 형성이 아닌 소비자 구매 행동 촉진에 있으므로 6개 코드 중 어느 하나도 0.5를 넘기지 못한다. | [ENV] 이 논문은 온라인 커뮤니티의 구매 충성도 형성에 영향을 미치는 플랫폼 설계 요소(콘텐츠 우위성, 상호작용성, 체험성)를 마케팅 관점에서 분석하며, 회원제 등급 차이·운영 체계·커뮤니티 생애주기·익명성 수준 중 어느 하나를 분석 변수로 다루지 않으므로 4개 ENV 코드 모두 미부여로 판단한다. | [ROLE] 본 논문은 온라인 커뮤니티(Cyworld, Daum, Naver 등)의 구매 충성도 형성에 영향을 미치는 마케팅·경제적 요인(콘텐츠 우위, C-to-C 상호작용, 신뢰, 체험 등)을 분석하는 마케팅 연구로, 공론장 검증이나 사회적 자본 형성, 외부 사회현상 포착 어느 코드에도 부합하지 않으며, C-to-C 상호작용이 언급되긴 하나 그 분석 대상이 관계적 자원 자체라기보다 구매 충성도라는 경제적 결과 변수에 종속된 매개변수에 불과하여 6개 코드 모두 미부여.",False,2/3,run1:ROLE_WINDOW_MISC; run2:없음; run3:없음
ART001768723,온라인 커뮤니티 참여도와 공동구매의도에 영향을 미치는 요인: 한국과 중국을 중심으로,박철(고려대학교),2013,경영정보학연구,kor,OK,ROLE_FIELD_SOCIALCAPITAL,,run1:없음; run2:없음; run3:없음,"has_community=True role_relevant=True env_relevant=False | 이 논문은 온라인 커뮤니티를 소비자의 정보공유·상호작용을 매개로 공동구매 의도가 형성되는 '장'(ROLE_FIELD)으로 조명하되, 회원제·익명성·생애주기·제재방식 등 커뮤니티의 구조적·환경적 조건을 비교·변화하는 변수로 다루지 않고, 커뮤니티 특성(보상, 외적 규범, 상호작용, 동류의식)을 참여도와 구매행동을 예측하는 일반적 행동변수로만 투입하므로 env_relevant는 false이다. | has_community=True role_relevant=True env_relevant=False | 이 논문은 온라인 커뮤니티를 소비자가 공동구매를 수행하는 '장'으로서 그 공간의 특성(보상, 외적 규범, 상호작용, 동류의식)이 참여와 구매행동에 미치는 영향을 분석하므로 role_relevant이 true이나, 회원제·익명성·운영 방침·생애주기 등 커뮤니티의 구조적·환경적 조건을 비교·검토하지 않으므로 env_relevant는 false이다. | has_community=True role_relevant=True env_relevant=True | 이 논문은 온라인 커뮤니티를 소비자의 정보 공유·상호작용·공동구매가 이루어지는 장(ROLE_FIELD)으로 분석하면서, 커뮤니티 지원·관계지원 차원의 외적 규범과 보상 등 구조적·환경적 조건(ENV_COMMUNITY_GOVERNANCE)이 참여와 구매 의도에 미치는 영향을 한국·중국 간 비교를 통해 차이 있게 검토한다.","[ROLE] 이 논문은 온라인 커뮤니티를 공간으로 설정하되, 커뮤니티 특성(보상·외적 규범·상호작용·동류의식)이 참여를 매개로 공동구매 의도라는 소비자 구매행동에 미치는 영향을 구조방정식으로 검증하는 것이 핵심이므로, 커뮤니티 공간 자체의 공론장·사회자본 기능 분석이 아니라 커뮤니티를 매개로 외부에 실체 있는 소비자 구매행동(ROLE_WINDOW_MISC)을 살펴보는 사례에 해당한다. | [ROLE] 본 연구는 온라인 커뮤니티 공간 안에서 이용자 간 관계적 자원(상호작용, 동류의식, 관계지원)이 참여를 매개로 공동구매 의도에 미치는 영향을 구조방정식으로 검증하는 것으로, 커뮤니티 내부의 관계적 연결과 그 효과를 분석 대상으로 삼아 FIELD 계열의 SOCIALCAPITAL에 해당한다. | [ROLE] 이 논문은 온라인 커뮤니티 공간 안에서 이용자 간 관계지원(상호작용·동류의식)이 참여를 매개로 공동구매 의도에 미치는 영향을 구조방정식으로 검증하므로, 커뮤니티 내부의 관계적 자원 형성·효과를 다루는 장(FIELD)으로서의 사회적 자본(SOCIALCAPITAL) 역할에 해당한다. | [ENV] 본 연구는 커뮤니티 지원·관계지원 특성(보상, 외적 규범, 상호작용, 동류의식)이 참여와 공동구매 의도에 미치는 영향을 한국·중국 간 비교 분석하는 소비자 행동 연구로, 회원제·운영체제·생애주기·익명성 같은 구조적·환경적 조건에 따른 차이·비교·변화를 분석 대상으로 삼지 않아 4개 ENV 코드 모두 미부여로 판단한다.",False,0/3,run1:ROLE_WINDOW_MISC; run2:ROLE_FIELD_SOCIALCAPITAL; run3:ROLE_FIELD_SOCIALCAPITAL
ART001389624,온라인 커뮤니티 활동과 사적 관계구축이 구전 및 구매행동에 미치는 영향에 관한 연구,이진용(중앙대학교),2009,유통연구,kor,OK,,,run1:없음; run2:없음; run3:없음,"has_community=True role_relevant=True env_relevant=False | 온라인 중고차 커뮤니티의 활동(지속참여, 정보추구, 관계구축)이 오프라인 구매·매장방문·구전 등 성과변수에 미치는 영향을 실증 분석함으로써, 커뮤니티라는 공간이 상거래와 관계 형성의 매개 역할을 수행하는 '장'으로서의 사회적 기능을 분석 대상 삼고 있으나, 회원제·운영방침·익명성·생애주기 등 커뮤니티의 구조적·환경적 조건을 분석 변수로 고려하지는 않는다. | has_community=True role_relevant=True env_relevant=False | 이 논문은 온라인 중고차 커뮤니티라는 공간 자체의 활동(지속참여, 정보추구, 관계구축)이 오프라인 구매·매장방문·구전 등 실질적 성과에 미치는 영향을 실증 분석함으로써 커뮤니티를 '장'으로 조명하나, 커뮤니티의 구조적·환경적 조건(회원제, 제재 방식, 생애주기 등)을 변수로 삼아 차이를 비교·분석하지는 않는다. | has_community=True role_relevant=True env_relevant=False | 이 논문은 온라인 중고차 커뮤니티를 지속참여·정보추구·관계구축 활동을 통해 구매·방문·구전 성과를 생산하는 '장'으로서 분석 대상 삼아 연구하나, 커뮤니티의 구조적·환경적 조건(회원제, 운영방침, 익명성 등)에 따른 차이·비교·변화를 고려하지 않으므로 env_relevant는 false이다.","[ROLE] 본 논문은 온라인 중고차 커뮤니티를 사례로 삼아 커뮤니티 내 활동(지속참여·정보추구·관계구축)이 오프라인 구매·매장방문·구전이라는 소비자 구매행동·마케팅 성과로 어떻게 전환되는지를 실증 분석하므로, 커뮤니티 공간 자체의 공론장·사회자본 역할을 검증하는 것이 아니라 커뮤니티를 외부의 소비자 구매행동 현상을 보여주는 창(WINDOW_MISC)으로 활용하고 있다. | [ROLE] 중고차 온라인 커뮤니티 내 참여·정보추구·관계구축 활동이 오프라인 구매·매장방문·구전 등 상업적 성과에 미치는 영향을 실증 분석하는 연구로, 커뮤니티 공간 안의 관계적 상호작용(참여·관계구축)을 다루어 SOCIALCAPITAL에 일부 연관되나 핵심 초점이 상업적 성과 검증에 있어 관계적 자원 형성 자체를 분석 대상으로 삼지 않아 6개 코드 모두 미부여. | [ROLE] 온라인 중고차 커뮤니티 내부의 지속참여·정보추구·사적 관계구축 활동이 오프라인 구매·매장방문·구전 등 상업적 성과에 미치는 영향을 실증 분석하므로, 커뮤니티 공간 내 이용자 간 관계적 자원(사적 관계구축)의 효과를 다루는 SOCIALCAPITAL에 부분적으로 부합하나, 공론장·양극화·젠더·혐오 등 다른 코드와는 무관하다.",False,1/3,run1:ROLE_WINDOW_MISC; run2:없음; run3:ROLE_FIELD_SOCIALCAPITAL
ART002500217,"온라인 토론 커뮤니티에서의 익명성과 개인 및 집단 정체성, 토론의 질 간의 영향 연구",이애리(상명대학교),2019,경영정보학연구,kor,OK,,ENV_ONLINE_ANNONIMITY,run1:없음; run2:없음; run3:없음,"has_community=True role_relevant=True env_relevant=True | 이 논문은 온라인 토론 커뮤니티를 집단 지식 생성·분배와 양질 토론의 '장'으로서의 사회적 역할을 분석 대상으로 삼으면서(ROLE), 익명성 수준과 집단 규범, 참여 동기 등 커뮤니티의 구조적·운영적 조건이 행위 통제에 미치는 영향을 실증적으로 비교·검증하므로(ENV), 역할과 환경 두 측면 모두에 해당한다. | has_community=True role_relevant=True env_relevant=True | 이 논문은 익명성 수준·가입기간 등 환경적 조건에 따른 차이 비교를 통해 온라인 토론 커뮤니티가 참여·규범 형성의 '장'으로서 사회적 역할을 분석하므로, 역할과 환경 양쪽을 동시에 조명한다. | has_community=True role_relevant=True env_relevant=True | 본 연구는 익명성 수준, 커뮤니티 가입기간, 집단 규범 준수 등 구조적·환경적 조건(ENV)의 차이를 비교하면서, 온라인 토론 커뮤니티가 양질의 공론장(ROLE_FIELD_PUBLICSPHERE)으로 기능하는 데 미치는 영향을 실증적으로 분석한다.","[ROLE] 이 논문은 익명성·정체성·집단 규범을 매개로 온라인 토론 커뮤니티 내 행위 통제 메커니즘을 실증적으로 검증하는 연구로, 온라인 커뮤니티 공간 자체를 분석 대상으로 삼아 FIELD 계열에 속하나, 공론장의 숙의·의견 형성 기능을 평가하는 것도 이용자 간 관계적 자원(신뢰·연대·네트워크)의 형성을 다루는 것도 아니며, 규범·정체성 등 개인 내면화 차원의 행위 조절에 초점을 두므로 6개 코드 중 어느 하나도 0.5를 넘기지 못한다. | [ENV] 본 연구는 익명성 수준을 독립변수로 설정하여 그 수준별·주제별·성별·연령별·가입기간별 그룹 간 차이를 실증적으로 비교하는 구조이므로 ENV_ONLINE_ANNONIMITY가 부여되며, 나머지 세 코드는 회원제·운영체계·커뮤니티 자체의 생애주기에 대한 비교 분석이 없어 미부여된다. | [ROLE] 본 연구는 익명성 환경에서 온라인 커뮤니티 공간 내부의 행위 통제 메커니즘(정체성·참여 동기·집단 규범·토론 질)을 실증 분석하는 것으로, 장(FIELD) 계열에 가깝지만 참여·규범 등 관계적 자원(SOCIALCAPITAL)보다는 개인 수준의 행위 통제 요인에 초점이 맞춰져 있어 두 FIELD 코드 모두 0.5 미만에 그친다. | [ENV] 본 연구는 '익명성 수준별' 그룹 간 차이점을 명시적으로 비교 분석 대상에 포함시켜 ENV_ONLINE_ANNONIMITY가 부여되나, 회원제·운영체계·커뮤니티 생애주기에 대한 비교 분석은 포함되어 있지 않아 나머지 세 코드는 미부여한다. | [ROLE] 본 논문은 익명성 환경에서 정체성·집단 규범·참여 동기가 온라인 토론 커뮤니티 내부에서 행위 통제를 어떻게 매개하는지 분석하는 것으로, 커뮤니티 공간 자체의 거버넌스·행위 통제 메커니즘을 다루나 공론장 기능의 검증·평가도, 이용자 간 관계적 자원 형성도, 외부 사회현상 포착도 아닌 점에서 6개 ROLE 코드 모두에 미부여한다. | [ENV] 본 연구가 익명성 수준별·주제별·성별·연령별·가입기간별 그룹 간 차이를 실증적으로 비교한다는 점에서 ENV_ONLINE_ANNONIMITY는 명확히 부여되나, 회원제·등급 차이(ENV_COMMUNITY_SUBSCRIPTION), 커뮤니티 자체의 생애주기(ENV_COMMUNITY_LIFECYCLE), 형식적 운영체계(ENV_COMMUNITY_GOVERNANCE)에 대한 비교 분석은 나타나지 않아 나머지 세 코드는 미부여한다.",True,0/3,run1:ENV_ONLINE_ANNONIMITY; run2:ENV_ONLINE_ANNONIMITY; run3:ENV_ONLINE_ANNONIMITY
ART001208597,온라인 커뮤니티 의식 측정을 위한 척도 개발,임언석(오리콤 브랜드전략연구소),2007,마케팅연구,kor,ERR,,,run1:없음; run2:없음; run3:없음,"has_community=True role_relevant=True env_relevant=False | 이 논문은 온라인 커뮤니티 공간 자체에서 형성되는 '온라인 커뮤니티 의식(SOC)'의 측정 척도를 개발하는 것으로, 커뮤니티가 소속감·감정적 연결을 매개로 주체 간 관계를 형성하는 '장'으로서의 역할을 분석 대상으로 삼으나(ROLE_FIELD), 회원제·익명성·운영 방침 등 구조적·환경적 조건에 따른 차이나 비교를 다루지 않으므로 ENV는 해당하지 않는다. | has_community=True role_relevant=True env_relevant=False | 이 논문은 온라인 커뮤니티 공간이 오프라인와 구별되는 고유한 '커뮤니티 의식'을 형성하는 사회적 장(ROLE_FIELD)으로 조명하되, 회원소속감·감정적 연결·욕구 충족·flow라는 심리적 척도 개발에 집중할 뿐 회원제 유무·제재 방식·익명성 등 구조적 환경 조건에 따른 차이를 분석하지 않으므로 env_relevant는 false이다. | has_community=True role_relevant=True env_relevant=False | 이 논문은 온라인 커뮤니티가 구성원에게 회원소속감·감정적 연결·욕구 충족·flow를 제공하는 '장'으로서의 사회적 기능을 분석 대상으로 삼아 SOC 척도를 개발하므로 role_relevant이며, 다만 회원소속감은 심리적 차원일 뿐 회원제 유무·제재·익명성 등 구조적·환경적 조건에 따른 차이·비교가 없으므로 env_relevant는 아니다.","[ROLE] 이 논문은 오프라인와 구별되는 온라인 커뮤니티 의식(SOC) 척도를 개발하는 것으로, 온라인 커뮤니티 공간 안에서 이용자 간 감정적 연결·소속감 등 관계적 자원의 존재와 강도를 다루는 것이므로 FIELD 계열의 SOCIALCAPITAL에 해당하며, 외부 사회현상을 보여주는 WINDOW 계열과는 거리가 멀다. | [ROLE] 본 연구는 온라인 커뮤니티 의식(SOC) 측정척도 개발을 목적으로 한 방법론적 연구로, 회원소속감·감정적 연결 등 관계적 차원을 포함하나 이용자 간 관계적 자원의 존재·효과를 분석하는 것이 아니라 개인이 내면화하는 심리적 구성요소를 측정하는 데 그치며, 외부 사회현상을 포착하는 창으로서의 기능도 나타나지 않으므로 6개 코드 모두 미부여한다. | [ROLE] 본 연구는 온라인 커뮤니티 의식(SOC)의 측정척도 개발이 목적이며, 회원소속감·감정적 연결 등 관계적 차원이 포함되나 척도 신뢰도·타당도 검증에 초점을 두어 사회자본의 형성·효과를 분석하지도, 공론장 기능을 평가하지도 않으므로 6개 코드 어느 것에도 0.5 이상을 부여하기 어렵다.",False,2/3,run1:ROLE_FIELD_SOCIALCAPITAL; run2:없음; run3:없음
ART001500560,온라인상에서 기업이슈 생성 및 확산,김종현(성균관대학교),2010,Korea Business Review,kor,ERR,,,run1:없음; run2:없음; run3:없음,"has_community=True role_relevant=False env_relevant=False | 이 논문은 온라인 기업이슈의 생성·확산 메커니즘과 기업평판 관리를 분석 대상으로 삼으며, 독립 토론실·커뮤니티를 확산 경로(채널)로서 언급하고 익명성 높은 포탈이라는 서술이 있으나, 커뮤니티 자체의 사회적 역할(창/장)을 조명하지도, 익명성 등 구조적 조건에 따른 차이·비교를 분석하지도 않으므로 role·env 모두 해당하지 않는다. | has_community=True role_relevant=False env_relevant=False | 이 논문은 온라인 기업이슈의 생성·확산 메커니즘을 분석하는 것을 목적으로 하며, 독립 토론실·포탈·블로그 등 커뮤니티는 이슈가 전파되는 통로·채널로서 언급될 뿐 커뮤니티의 사회적 역할(창·장)을 조명하지도, 익명성 등 구조적 조건에 따른 차이·비교를 분석하지도 않으므로 role·env 모두 해당하지 않는다. | has_community=False role_relevant=False env_relevant=False | 이 논문은 온라인 커뮤니티(포털 토론실, 블로그 등)를 기업이슈의 생성·확산 경로로서 연구 재료로 활용하고 있을 뿐, 커뮤니티 자체의 구조·역할·운영 조건을 분석 대상으로 삼지 않으므로 커뮤니티 존재 여부가 성립하지 않는다.","이 논문은 온라인 기업이슈의 생성·확산 메커니즘과 기업평판 관리를 분석 대상으로 삼으며, 독립 토론실·커뮤니티를 확산 경로(채널)로서 언급하고 익명성 높은 포탈이라는 서술이 있으나, 커뮤니티 자체의 사회적 역할(창/장)을 조명하지도, 익명성 등 구조적 조건에 따른 차이·비교를 분석하지도 않으므로 role·env 모두 해당하지 않는다. | 이 논문은 온라인 기업이슈의 생성·확산 메커니즘을 분석하는 것을 목적으로 하며, 독립 토론실·포탈·블로그 등 커뮤니티는 이슈가 전파되는 통로·채널로서 언급될 뿐 커뮤니티의 사회적 역할(창·장)을 조명하지도, 익명성 등 구조적 조건에 따른 차이·비교를 분석하지도 않으므로 role·env 모두 해당하지 않는다. | 이 논문은 온라인 커뮤니티(포털 토론실, 블로그 등)를 기업이슈의 생성·확산 경로로서 연구 재료로 활용하고 있을 뿐, 커뮤니티 자체의 구조·역할·운영 조건을 분석 대상으로 삼지 않으므로 커뮤니티 존재 여부가 성립하지 않는다.",True,3/3,run1:없음; run2:없음; run3:없음
ART002115246,온라인 브랜드 커뮤니티 내 리뷰어의 내적속성과 사회적 지지에 따른 정보행동에 관한 연구,박지연(울산대학교 기업경영연구소),2016,경영학연구,kor,OK,ROLE_WINDOW_MISC,,run1:없음; run2:없음; run3:없음,"has_community=True role_relevant=True env_relevant=False | 이 논문은 온라인 브랜드 커뮤니티를 정보 생성·전달이 이루어지는 '장'으로서 리뷰어의 정보행동과 사회적 지지의 매개 역할을 분석 대상으로 삼되, 회원제·익명성·운영 방침 등 커뮤니티의 구조적·환경적 조건을 비교·검토하지 않으므로 env_relevant는 false이다. | has_community=True role_relevant=True env_relevant=False | 이 논문은 온라인 브랜드 커뮤니티를 리뷰어의 정보생성·전달이 잠재 소비자의 구매행동에 영향을 미치는 '장'으로 조명하되, 회원제·익명성·운영 방침 등 커뮤니티의 구조적·환경적 조건을 비교 분석하지는 않는다. | has_community=True role_relevant=True env_relevant=False | 이 논문은 온라인 브랜드 커뮤니티를 리뷰어의 정보생성·전달과 사회적 지지가 작동하는 '장'으로 조명하지만, 회원제·익명성·운영 방침 등 커뮤니티의 구조적·환경적 조건을 비교·분석하지는 않는다.","[ROLE] 온라인 브랜드 커뮤니티를 잠재 소비자의 구매행동에 영향을 미치는 외부 사회현상(소비자 정보행동·브랜드 정보 확산)을 보여주는 창으로 설정하되, 커뮤니티 내 사회적 지지는 조정변수로서만 다루어 관계적 자원 형성 자체를 분석 대상으로 삼지는 않으므로 WINDOW_MISC에 부여하고 FIELD 계열은 미부여한다. | [ROLE] 본 연구는 온라인 브랜드 커뮤니티를 경험적 설정으로 삼아 리뷰어 개인의 내적속성(자기고양 동기, 공적 자의식)과 정보행동(정보생성·전달) 간 인과를 검증하는 소비자 심리 연구이므로, 커뮤니티 공간 자체가 아닌 커뮤니티를 매개로 한 개인적 정보 공유·리뷰 행위라는 외부 사회현상을 다루는 WINDOW_MISC에 해당한다. | [ROLE] 본 연구는 온라인 브랜드 커뮤니티를 설정으로 삼되, 핵심 분석 대상은 이용자 개인의 내적 심리(자기고양적 동기, 공적 자의식)가 정보 생성·전달 행동을 어떻게驱动的하는지이므로, 커뮤니티 공간 자체의 역할이 아니라 커뮤니티 밖에서도 존재하는 소비자 정보 공유 행동을 보여주는 창(WINDOW_MISC)으로 기능한다.",True,0/3,run1:ROLE_WINDOW_MISC; run2:ROLE_WINDOW_MISC; run3:ROLE_WINDOW_MISC
ART001775659,온라인 채용시험정보 커뮤니티 내에서 지식공유의도에 영향을 미치는 요인에 관한 연구,전현규(경희대학교),2013,지식경영연구,kor,OK,ROLE_FIELD_SOCIALCAPITAL,,run1:없음; run2:없음; run3:없음,"has_community=True role_relevant=True env_relevant=False | 이 논문은 직업시험을 준비하는 사람들이 지식을 자발적으로 공유하는 지식공유 커뮤니티(eNp)를 분석 대상으로 삼으며, 'sense of community'와 '관계 자본(상호성)'을 모델 요인으로 포함하여 커뮤니티가 지식 교환과 관계 형성의 장(ROLE_FIELD)으로 기능하는 지를 조명하나, 회원제·익명성·운영방침 등 커뮤니티의 구조적·환경적 조건을 변수로 삼아 비교·분석하지는 않는다. | has_community=True role_relevant=True env_relevant=False | 이 논문은 자격시험 준비를 위한 지식 공유 커뮤니티(전자적 실천 네트워크)에서 타인—주로陌生人—에게 자발적으로 지식을 공헌하는 동기를 분석하는 것으로, 커뮤니티를 경쟁 맥락에서 지식 공유가 이루어지는 '장'으로 조명하나, 회원제·익명성·운영 방침 등 구조적·환경적 조건을 비교·고찰하지는 않는다. | has_community=True role_relevant=True env_relevant=False | 이 논문은 직업시험 준비를 위한 온라인 지식공유 커뮤니티(electronic network of practice)를 분석 대상으로 삼아, 개인 동기·관계자본·공동체 의식·경쟁 심리가 지식 공헌 행동에 미치는 영향을 개인 단위로 연구하므로, 커뮤니티를 지식 교환의 '장'으로 조명하는 것이지(ROLE_FIELD), 회원제·운영방침·익명성 등의 구조적 환경 조건을 비교·검토하지는 않는다.","[ROLE] 이 논문은 자격시험 준비를 위한 온라인 지식공유 커뮤니티 내에서 이용자 간 관계적 자원(relational capital, reciprocity)과 공동체 감각(sense of community)이 지식 공유 행동에 미치는 영향을 분석함으로써, 온라인 커뮤니티 공간 안에서 형성되는 이용자 간 연결의 존재·강도·효과를 다루는 SOCIALCAPITAL 역할에 해당한다. | [ROLE] 본 연구는 전자적 실천네트워크(전자지식공유 커뮤니티) 안에서 이용자 간 상호호혜(reciprocity)라는 관계자본과 공동체 의식(sense of community)이 지식공유 의도에 미치는 영향을 검증하므로, 온라인 커뮤니티 공간 내부의 관계적 자원 형성·효과를 다루는 SOCIALCAPITAL에 부여하며, 경쟁자 의식(rivalry)은 외부 취업경쟁 현상을 가리키지만 커뮤니티 내 심리 요인으로 분석되어 WINDOW 계열로는 미부여한다. | [ROLE] 본 연구는 자격시험 수험을 위한 온라인 지식공유 커뮤니티 내부에서 이용자 간 상호작용의 관계적 자원(상호성, 신뢰, 공동체 의식, 경쟁 심리)이 지식 기여 의도에 어떻게 영향을 미치는지를 분석함으로써, 커뮤니티 공간 안에서 형성되는 사회적 자본의 구조와 효과를 조명한다.",True,0/3,run1:ROLE_FIELD_SOCIALCAPITAL; run2:ROLE_FIELD_SOCIALCAPITAL; run3:ROLE_FIELD_SOCIALCAPITAL
ART001816673,국제항공특송의 경쟁력 실증분석에 관한 연구,정연봉(인천대학교),2013,한국항공경영학회지,kor,ERR,,,run1:없음; run2:없음; run3:없음,"has_community=True role_relevant=False env_relevant=False | 이 논문은 항공특송산업의 경쟁력을 비용·서비스·시간 측면에서 분석하는 물류·운송 연구로서, 온라인 커뮤니티를 분석 대상이나 연구 재료로 삼고 있지 않다. | has_community=True role_relevant=False env_relevant=False | 이 논문은 국내 항공운송산업의 침체와 항공특송업체의 경쟁력을 비용·서비스·시간 측면에서 분석하는 물류·운송산업 연구로, 온라인 커뮤니티를 분석 대상이나 연구 재료로 활용하지 않는다. | has_community=True role_relevant=False env_relevant=False | 이 논문은 항공특송업체와 포워더 간 항공운송 경쟁력을 비용·서비스·시간 측면에서 비교 분석하는 물류·항공산업 연구로, 온라인 커뮤니티를 연구 대상으로 삼지 않는다.","이 논문은 항공특송산업의 경쟁력을 비용·서비스·시간 측면에서 분석하는 물류·운송 연구로서, 온라인 커뮤니티를 분석 대상이나 연구 재료로 삼고 있지 않다. | 이 논문은 국내 항공운송산업의 침체와 항공특송업체의 경쟁력을 비용·서비스·시간 측면에서 분석하는 물류·운송산업 연구로, 온라인 커뮤니티를 분석 대상이나 연구 재료로 활용하지 않는다. | 이 논문은 항공특송업체와 포워더 간 항공운송 경쟁력을 비용·서비스·시간 측면에서 비교 분석하는 물류·항공산업 연구로, 온라인 커뮤니티를 연구 대상으로 삼지 않는다.",True,3/3,run1:없음; run2:없음; run3:없음
ART001513763,온실가스 규제와 기업 CEO의 탄소 전략: EU 및 일본 사례를 중심으로,김현진(서울과학종합대학원),2010,전문경영인연구,kor,ERR,,,run1:없음; run2:없음; run3:없음,"has_community=True role_relevant=False env_relevant=False | 이 논문은 배출권거래·CDM/JI 등 탄소 시장 메커니즘과 기업 CEO의 탄소 전략을 다루며, 온라인 커뮤니티를 분석 대상이나 연구 재료로 삼지 않으므로 커뮤니티 존재 자체가 성립하지 않는다. | has_community=True role_relevant=False env_relevant=False | 이 논문은 EU 및 일본 기업의 탄소전략과 배출권거래 시장 메커니즘을 분석하는 환경정책·경영연구로서, 온라인 커뮤니티를 분석 대상이나 연구 재료로 삼지 않으므로 커뮤니티 존재 여부가 성립하지 않는다. | has_community=True role_relevant=False env_relevant=False | 이 논문은 EU·일본 기업의 탄소전략과 배출권거래, CDM/JI 등 시장 메커니즘을 활용한 온실가스 규제 대응을 분석하는 경영·환경정책 연구로, 온라인 커뮤니티를 분석 대상으로 삼지 않는다.","이 논문은 배출권거래·CDM/JI 등 탄소 시장 메커니즘과 기업 CEO의 탄소 전략을 다루며, 온라인 커뮤니티를 분석 대상이나 연구 재료로 삼지 않으므로 커뮤니티 존재 자체가 성립하지 않는다. | 이 논문은 EU 및 일본 기업의 탄소전략과 배출권거래 시장 메커니즘을 분석하는 환경정책·경영연구로서, 온라인 커뮤니티를 분석 대상이나 연구 재료로 삼지 않으므로 커뮤니티 존재 여부가 성립하지 않는다. | 이 논문은 EU·일본 기업의 탄소전략과 배출권거래, CDM/JI 등 시장 메커니즘을 활용한 온실가스 규제 대응을 분석하는 경영·환경정책 연구로, 온라인 커뮤니티를 분석 대상으로 삼지 않는다.",True,3/3,run1:없음; run2:없음; run3:없음
ART001150309,한국기업의 지식경영 성공요인에 관한 실증적 연구,김찬중(충북대학교),2004,조직과 인사관리연구,kor,ERR,,,run1:없음; run2:없음; run3:없음,"has_community=True role_relevant=False env_relevant=False | 이 논문은 한국 기업의 지식경영 성공요인(최고경영자 의지, 평가보상, 조직문화, 지식관리시스템, 조직구조)을 10개 기업을 대상으로 실증 분석하는 기업관리 연구로, 온라인 커뮤니티를 분석 대상이나 연구 재료로 삼지 않으므로 커뮤니티 존재 여부가 성립하지 않는다. | has_community=False role_relevant=False env_relevant=False | 이 논문은 한국기업의 지식경영 성공요인(최고경영자 의지, 평가보상, 조직문화, 지식관리시스템, 조직구조)을 실증적으로 확인하는 조직 내 지식경영 연구로서, 공통 관심사를 가진 사용자가 지속적 상호작용을 하는 온라인 커뮤니티를 분석 대상으로 삼지 않는다. | has_community=True role_relevant=False env_relevant=False | 이 논문은 한국 기업의 지식경영 성공요인(최고경영자 의지, 평가보상, 조직문화, 지식관리시스템, 조직구조)을 10개 기업을 대상으로 실증 분석하는 연구로, 온라인 커뮤니티가 분석 대상이나 연구 재료로 등장하지 않으므로 커뮤니티 존재 여부가 성립하지 않는다.","이 논문은 한국 기업의 지식경영 성공요인(최고경영자 의지, 평가보상, 조직문화, 지식관리시스템, 조직구조)을 10개 기업을 대상으로 실증 분석하는 기업관리 연구로, 온라인 커뮤니티를 분석 대상이나 연구 재료로 삼지 않으므로 커뮤니티 존재 여부가 성립하지 않는다. | 이 논문은 한국기업의 지식경영 성공요인(최고경영자 의지, 평가보상, 조직문화, 지식관리시스템, 조직구조)을 실증적으로 확인하는 조직 내 지식경영 연구로서, 공통 관심사를 가진 사용자가 지속적 상호작용을 하는 온라인 커뮤니티를 분석 대상으로 삼지 않는다. | 이 논문은 한국 기업의 지식경영 성공요인(최고경영자 의지, 평가보상, 조직문화, 지식관리시스템, 조직구조)을 10개 기업을 대상으로 실증 분석하는 연구로, 온라인 커뮤니티가 분석 대상이나 연구 재료로 등장하지 않으므로 커뮤니티 존재 여부가 성립하지 않는다.",True,3/3,run1:없음; run2:없음; run3:없음
ART002227956,온라인 커뮤니티에서 개인의 수직적 특성이 구전요인과 구전효과의 관계에 미치는 영향,박성호(경북대학교),2017,한국생산관리학회지,kor,OK,ROLE_FIELD_SOCIALCAPITAL,,run1:없음; run2:없음; run3:없음,"has_community=True role_relevant=True env_relevant=True | 이 논문은 온라인 커뮤니티를 구전 커뮤니케이션이 발생하는 '장'으로 삼아 커뮤니티 유대·상호작용성·명성 등 구조적·환경적 조건이 구전 신뢰성과 효과에 미치는 차이를 실증적으로 비교 분석하고 있으므로, 역할과 환경 모두 조명된다. | has_community=True role_relevant=True env_relevant=True | 이 논문은 온라인 커뮤니티 내 구전활동의 효과를 분석 대상으로 삼아 커뮤니티 유대·상호작용성·명성 등 구조적 조건(ENV_COMMUNITY_GOVERNANCE)이 구전 신뢰성과 유대에 미치는 영향을 실증적으로 검증하며, 동시에 커뮤니티가 정보 공유와 관계 형성의 장(ROLE_FIELD_PUBLICSPHERE)으로서 기능하는 방식을 조명한다. | has_community=True role_relevant=True env_relevant=True | 이 논문은 온라인 커뮤니티를 구전활동이 발생하는 '장'으로 삼아 커뮤니티 유대·신뢰성 등 구전효과를 분석하는 동시에, 상호작용성과 커뮤니티 명성이라는 구조적·환경적 조건이 구전요인에 미치는 인과적 영향을 실증적으로 검증하고 개인 수직적 특성에 따른 차이를 비교하므로 role과 env 모두 해당한다.","[ROLE] 본 연구는 온라인 커뮤니티라는 공간 안에서 이용자 간 커뮤니티 유대·구전 신뢰성·상호작용성이라는 관계적 자원이 구전 효과에 미치는 영향을 실증 분석하므로, 공론장이나 외부 사회현상의 창이 아니라 커뮤니티 내 사회자본 형성·전달 메커니즘을 다루는 FIELD 계열(SOCIALCAPITAL)로 판정된다. | [ENV] 본 연구는 커뮤니티 유대·명성·상호작용성 등 구조적 특성과 개인 수직적 특성의 조절 효과를 분석하나, 회원제/운영체계/커뮤니티 자체의 생애주기/익명성 대비라는 4개 ENV 코드의 판별 기준에 해당하는 비교·변화 분석이 없으므로 전부 미부여로 판단한다. | [ROLE] 이 논문은 온라인 커뮤니티 공간 내부의 관계적 자원인 '커뮤니티 유대'와 '구전 신뢰성', '상호작용성'이 구전 효과에 미치는 영향을 실증 분석함으로써, 커뮤니티가 이용자 간 신뢰·연대·네트워크를 형성·매개하는 장으로서의 역할을 다루고 있다. | [ENV] 본 연구는 커뮤니티 유대·상호작용성·명성 등 구조적 특성을 변수로 포함하나, 이는 구체적 운영체계(삭제·제재·투표 등)의 비교 분석이 아니라 구전 효과의 선행 변수로 사용될 뿐이므로 GOVERNANCE 미부여, 커뮤니티 변화 언급도 생애주기 단계 추적과는 거리가 있어 LIFECYCLE 미부여, 나머지 두 코드 역시 근거 문장이 없어 전부 미부여로 판단한다. | [ROLE] 온라인 커뮤니티 내 커뮤니티 유대·상호작용성·명성 등 이용자 간 관계적 자원의 존재와 그 효과를 실증적으로 검증하는 것이므로 FIELD 계열 중 SOCIALCAPITAL에 부여하고, 외부 사회현상을 보여주는 창으로는 기능하지 않으므로 WINDOW 계열은 모두 미부여한다. | [ENV] 이 논문은 커뮤니티의 상호작용성·명성 같은 구조적 특성이 구전 효과에 미치는 영향을 개인의 수직적 성향 조절 하에서 실증 분석하는 것이 주 목적이라, 회원제·운영 규범·생애주기·익명성 중 어느 하나도 비교·변화 분석의 대상으로 삼지 않아 4개 코드 모두 미부여.",True,0/3,run1:ROLE_FIELD_SOCIALCAPITAL; run2:ROLE_FIELD_SOCIALCAPITAL; run3:ROLE_FIELD_SOCIALCAPITAL
ART001712583,온라인 쇼핑몰에서 라이프스타일 유형이 커뮤니티활동과 고객관계형성에 미치는 영향,문승제(건국대학교),2012,상업경영연구,kor,ERR,,,run1:없음; run2:없음; run3:없음,"has_community=True role_relevant=True env_relevant=False | 이 논문은 인터넷쇼핑몰에 부설된 온라인 커뮤니티 활동이 고객관계 형성에 매개하는 사회적 역할을 분석 대상으로 삼고 있으나(ROLE), 커뮤니티의 운영 방식·회원제·익명성 등 구조적·환경적 조건에 따른 차이나 비교를 다루지 않으므로(env_relevant: false) 환경 조명은 없다. | has_community=True role_relevant=False env_relevant=False | 이 논문은 인터넷쇼핑몰 내 '온라인 커뮤니티 활동'을 라이프스타일 유형과 고객관계 형성 사이의 매개 변수로만 다루며, 커뮤니티의 사회적 역할(창·장)이나 구조적·환경적 조건을 분석하지 않으므로 role·env 모두 해당하지 않는다. | has_community=True role_relevant=False env_relevant=False | 이 논문은 인터넷쇼핑몰 내 온라인 커뮤니티활동의 참여 여부를 라이프스타일 유형과 고객관계형성 사이의 매개 변수로 통계적으로 다루고 있을 뿐, 커뮤니티를 외부 현상을 보여주는 창이나 공간 자체의 사회적 역할로 조명하지도, 회원제·제재·익명성·운영 방침 등 구조적·환경적 조건을 고려하지도 않는다.","[ROLE] 본 연구는 온라인 커뮤니티 활동을 소비자의 라이프스타일 유형과 고객관계 형성(고객충성도) 사이의 매개변수로 처리하는 마케팅·소비자 행동 연구로, 커뮤니티 공간 자체의 역할이 아니라 커뮤니티를 매개로 한 고객관계 형성이라는 외부 현상(소비자 행동·고객관계관리)을 보여주는 창으로 기능한다. | 이 논문은 인터넷쇼핑몰 내 '온라인 커뮤니티 활동'을 라이프스타일 유형과 고객관계 형성 사이의 매개 변수로만 다루며, 커뮤니티의 사회적 역할(창·장)이나 구조적·환경적 조건을 분석하지 않으므로 role·env 모두 해당하지 않는다. | 이 논문은 인터넷쇼핑몰 내 온라인 커뮤니티활동의 참여 여부를 라이프스타일 유형과 고객관계형성 사이의 매개 변수로 통계적으로 다루고 있을 뿐, 커뮤니티를 외부 현상을 보여주는 창이나 공간 자체의 사회적 역할로 조명하지도, 회원제·제재·익명성·운영 방침 등 구조적·환경적 조건을 고려하지도 않는다.",False,2/3,run1:ROLE_WINDOW_MISC; run2:없음; run3:없음
ART001563874,온라인 커뮤니티에서 자기결정성이 현실감과 몰입에 미치는 영향,권두순(서강대학교),2011,정보시스템연구,kor,ERR,,,run1:없음; run2:없음; run3:없음,"has_community=True role_relevant=False env_relevant=False | 이 논문은 자기결정이론의 자율성·유능감·관계성 변수가 내재적 동기, 몰입, 신뢰, 충성도에 미치는 인과관계를 분석하는 심리 연구로, 온라인 커뮤니티를 분석 대상으로 삼거나 그 구조·역할을 논하지 않는다. | has_community=True role_relevant=False env_relevant=False | 이 논문은 자기결정론(자율성, 유능감, 관계성)을 기반으로 내적 동기가 현실감, 몰입, 신뢰, 충성도에 미치는 인과관계를 분석하는 심리학 연구로, 온라인 커뮤니티를 분석 대상이나 연구 재료로 삼고 있지 않다. | has_community=True role_relevant=False env_relevant=False | 이 논문은 자기결정성 이론의 자율성·유능감·관련성이 내적 동기, 몰입, 신뢰, 충성도에 미치는 인과관계를 다루는 심리학 연구로, 온라인 커뮤니티를 분석 대상이나 연구 맥락으로 삼지 않는다.","이 논문은 자기결정이론의 자율성·유능감·관계성 변수가 내재적 동기, 몰입, 신뢰, 충성도에 미치는 인과관계를 분석하는 심리 연구로, 온라인 커뮤니티를 분석 대상으로 삼거나 그 구조·역할을 논하지 않는다. | 이 논문은 자기결정론(자율성, 유능감, 관계성)을 기반으로 내적 동기가 현실감, 몰입, 신뢰, 충성도에 미치는 인과관계를 분석하는 심리학 연구로, 온라인 커뮤니티를 분석 대상이나 연구 재료로 삼고 있지 않다. | 이 논문은 자기결정성 이론의 자율성·유능감·관련성이 내적 동기, 몰입, 신뢰, 충성도에 미치는 인과관계를 다루는 심리학 연구로, 온라인 커뮤니티를 분석 대상이나 연구 맥락으로 삼지 않는다.",True,3/3,run1:없음; run2:없음; run3:없음
ART002097982,인적자원이 지각하는 직장 내 체험적 요인이 직원 간 상호작용 및 직무만족에 미치는 영향,김문태(부산가톨릭대학교),2016,인적자원관리연구,kor,ERR,,,run1:없음; run2:없음; run3:없음,"has_community=True role_relevant=False env_relevant=False | 이 논문은 직장 내 인적자원의 체험적 요인이 직무만족·조직몰입·고객지향성에 미치는 영향을 검증하는 조직행동 연구이며, '온라인 커뮤니티'는 과거 연구에서 도출된 '상호작용성' 개념의 출처로 한 줄 언급되는 데 그쳐, 커뮤니티 자체가 분석 대상이 되지 않는다. | has_community=False role_relevant=False env_relevant=False | 이 논문은 직장 내 인적자원의 체험적 요인과 직무만족·조직몰입을 검증하는 조직관리 연구로, 온라인 커뮤니티는 '과거 온라인 커뮤니티의 활성화 연구에서 등장했던 상호작용성'을 일반 회사로 이식했다는 문헌적 언급에 그쳐, 분석 대상이 아니다. | has_community=False role_relevant=False env_relevant=False | 이 논문은 직장 내 인적자원의 체험적 요인과 직무만족·조직몰입을 검증하는 내부마케팅 연구이며, '온라인 커뮤니티의 활성화 연구'는 단순히 상호작용성 개념의 출처로 한 번 언급될 뿐, 커뮤니티 자체가 분석 대상이 아니다.","이 논문은 직장 내 인적자원의 체험적 요인이 직무만족·조직몰입·고객지향성에 미치는 영향을 검증하는 조직행동 연구이며, '온라인 커뮤니티'는 과거 연구에서 도출된 '상호작용성' 개념의 출처로 한 줄 언급되는 데 그쳐, 커뮤니티 자체가 분석 대상이 되지 않는다. | 이 논문은 직장 내 인적자원의 체험적 요인과 직무만족·조직몰입을 검증하는 조직관리 연구로, 온라인 커뮤니티는 '과거 온라인 커뮤니티의 활성화 연구에서 등장했던 상호작용성'을 일반 회사로 이식했다는 문헌적 언급에 그쳐, 분석 대상이 아니다. | 이 논문은 직장 내 인적자원의 체험적 요인과 직무만족·조직몰입을 검증하는 내부마케팅 연구이며, '온라인 커뮤니티의 활성화 연구'는 단순히 상호작용성 개념의 출처로 한 번 언급될 뿐, 커뮤니티 자체가 분석 대상이 아니다.",True,3/3,run1:없음; run2:없음; run3:없음
ART002123292,육아커뮤니티에서 온라인 구전정보 조회 수에 영향을 미치는 요인에 관한 연구,이윤혜(고려대학교),2016,인터넷전자상거래연구,kor,OK,ROLE_WINDOW_MISC,,run1:없음; run2:없음; run3:없음,"has_community=True role_relevant=True env_relevant=False | 이 논문은 Moms-Holic이라는 육아 온라인 커뮤니티의 리뷰 반응을 분석하여 온라인 리뷰가 소비자 의사결정에 미치는 영향과 평판 경제를 조명하므로 커뮤니티를 소비자 참여 현상을 읽는 창으로 삼되, 커뮤니티의 구조적·운영적 조건(회원제, 익명성, 제재 방식 등)에 따른 차이를 다루지는 않는다. | has_community=True role_relevant=True env_relevant=False | 이 논문은 맘스홀릭(parenting 커뮤니티)에서 수집한 리뷰를 분석하여 소비자 참여·구전·평판 경제를 관찰하는 창(ROLE_WINDOW)으로 커뮤니티를 활용하지만, 회원제·익명성·운영 방식 등 커뮤니티의 구조적·환경적 조건을 비교하거나 그 차이에 따른 변화를 다루지 않으므로 env_relevant는 false이다. | has_community=True role_relevant=True env_relevant=False | 이 논문은 한국 최대 육아 온라인 커뮤니티 Moms-Holic을 분석 대상으로 삼아 커뮤니티 내 리뷰의 노출에 영향을 미치는 요인을 콘텐츠 분석으로 규명하므로, 커뮤니티가 소비자 참여와 평판 경제가 작동하는 '장'으로 조명되지만, 회원제·익명성·운영 방침 등 구조적·환경적 조건을 분석 변수로 다루지는 않는다.","[ROLE] 본 연구는 온라인 육아 커뮤니티에서 리뷰의 노출·반응을 좌우하는 콘텐츠 특성(댓글 수, 이미지 유무, 브랜드, 실무 경험 내용 등)을 분석하는 데 초점을 두어, 공론장 검증이나 이용자 간 관계적 자원 형성이라는 FIELD 코드의 핵심 요건을 충족하지 못하며, 동시에 외부 사회현상을 보여주는 WINDOW로서도 특정 범주(양극화·젠더·혐오)에 부합하지 않는다. | [ROLE] 본 논문은 온라인 부모 커뮤니티(Moms-Holic)를 소비자 구전(word-of-mouth)·평판 경제·부모 세대 간 사회적 문제 소통이라는 외부 사회현상을 관찰하는 창(Window)으로 활용하며, 커뮤니티 공간 자체의 공론장 기능이나 이용자 간 관계적 자원 형성을 분석하는 것이 아니므로 ROLE_WINDOW_MISC에 부여한다. | [ROLE] 이 논문은 온라인 부모 커뮤니티(Moms-Holic)를 통해 소비자의 구전(word-of-mouth)·평판 경제·부모 세대의 사회 문제 소통이라는 외부 사회현상을 보여주는 사례로 삼고 있으므로, WINDOW 계열 중 MISC에 해당한다.",False,1/3,run1:없음; run2:ROLE_WINDOW_MISC; run3:ROLE_WINDOW_MISC
ART001565149,관광 웹사이트 명성과 커뮤니티 의식이 온라인 구전효과에 미치는 영향에 관한 연구,김나은(백석예술대학),2011,서비스경영학회지,kor,ERR,,,run1:없음; run2:없음; run3:없음,"has_community=False role_relevant=False env_relevant=False | 이 논문은 관광 웹사이트에서의 구전(WOM) 효과에 관하여 웹사이트 평판과 'sense of community'를 독립변수로 투입하는 커뮤니케이션·마케팅 연구이며, 온라인 커뮤니티를 분석 대상으로 삼지 않고 '공동체 의식'을 심리적 변수로만 활용하므로, 정의에 해당하는 온라인 커뮤니티를 연구 재료로 삼지 않는다. | has_community=False role_relevant=False env_relevant=False | 이 논문은 관광 웹사이트의 구전(WOM) 효과 체계를 분석하는 마케팅 연구로, 'sense of community'는 독립변수로서 심리적·관계적 구성물(construct)로 사용되며, 실제 온라인 커뮤니티의 구조·운영·역할을 분석 대상으로 삼고 있지 않다. | has_community=False role_relevant=False env_relevant=False | 본 연구는 관광 웹사이트에서의 구전 효과(word-of-mouth)를 분석하는 소비자 행동 연구이며, 'sense of community'는 심리적 구성체(독립변수)로 사용될 뿐, 공통 관심사를 가진 사용자가 지속적으로 상호작용하는 온라인 커뮤니티 자체를 분석 대상으로 삼지 않는다.","이 논문은 관광 웹사이트에서의 구전(WOM) 효과에 관하여 웹사이트 평판과 'sense of community'를 독립변수로 투입하는 커뮤니케이션·마케팅 연구이며, 온라인 커뮤니티를 분석 대상으로 삼지 않고 '공동체 의식'을 심리적 변수로만 활용하므로, 정의에 해당하는 온라인 커뮤니티를 연구 재료로 삼지 않는다. | 이 논문은 관광 웹사이트의 구전(WOM) 효과 체계를 분석하는 마케팅 연구로, 'sense of community'는 독립변수로서 심리적·관계적 구성물(construct)로 사용되며, 실제 온라인 커뮤니티의 구조·운영·역할을 분석 대상으로 삼고 있지 않다. | 본 연구는 관광 웹사이트에서의 구전 효과(word-of-mouth)를 분석하는 소비자 행동 연구이며, 'sense of community'는 심리적 구성체(독립변수)로 사용될 뿐, 공통 관심사를 가진 사용자가 지속적으로 상호작용하는 온라인 커뮤니티 자체를 분석 대상으로 삼지 않는다.",True,3/3,run1:없음; run2:없음; run3:없음
ART001927428,창업 플랫폼으로서 온라인 커뮤니티 평가와 투자의향에 관한 연구,김성우(전자부품연구원),2014,대한경영학회지,kor,OK,ROLE_WINDOW_MISC,,run1:없음; run2:없음; run3:없음,"has_community=True role_relevant=True env_relevant=False | 이 논문은 블로그·카페 등 온라인 커뮤니티를 지식산업·창업의 사업화 주체이자 투자 대상으로서 경제적 역할(장)을 분석하는 반면, 회원제·익명성·운영 방침 등 커뮤니티의 구조적·환경적 조건을 변수로 삼아 차이·비교·변화를 다루는 것은 아니다. | has_community=True role_relevant=True env_relevant=False | 이 논문은 온라인 커뮤니티(블로그·카페)를 사업화 주체이자 투자 대상으로서의 경제적 가치를 평가하는 모형(ROLE_FIELD)을 도출하는 데 초점을 맞추고 있으며, 회원제·익명성·운영 방침 등 구조적·환경적 조건에 따른 차이·비교·변화를 분석하지 않으므로 env_relevant는 false다. | has_community=True role_relevant=True env_relevant=False | 이 논문은 온라인 커뮤니티(블로그·카페)를 지식산업·창업·투자 대상으로서의 경제적·사회적 역할(장)을 분석 대상으로 삼되, 회원제·운영방침·익명성 등 구조적 환경 조건에 따른 차이·비교·변화를 다루지 않으므로 role만 해당한다.","[ROLE] 온라인 커뮤니티를 지식산업·크라우드펀딩·1인기업 창업이라는 외부 경제현상의 매개체·투자 대상으로 평가하는 가치평가·투자 의향 연구이므로, 커뮤니티 공간 자체의 공론장·사회적 자본 역할이 아닌 외부 경제현상을 보여주는 창(ROLE_WINDOW_MISC)에 해당한다. | [ROLE] 본 연구는 온라인 커뮤니티 자체를 사업화·투자 대상으로 가치평가하는 경제·상업적 관점을 다루고 있어, 공론장이나 사회자본의 FIELD 판정에는 부합하지 않으며, 지식산업·크라우드펀딩 등 외부 사회현상을 언급하나 커뮤니티 공간의 경제적 가치를 분석하는 것이 주된 목적인 만큼 WINDOW_MISC에도 명확히 부합하지 않는다. | [ROLE] 본 논문은 온라인 커뮤니티를 지식산업·크라우드펀딩·1인기업 창업 등 외부 경제·산업 현상을 관측하는 창(ROLE_WINDOW_MISC)으로 활용하며, 커뮤니티 자체의 공론장 기능이나 이용자 간 사회자본 형동을 분석하지 않으므로 FIELD 계열은 미부여한다.",False,1/3,run1:ROLE_WINDOW_MISC; run2:없음; run3:ROLE_WINDOW_MISC
ART002482937,사회적 지지가 목표달성 의도에 미치는 영향: 판촉 보상물 획득 과정을 중심으로,정난희(연세대학교 경영대학 박사과정),2019,소비자학연구,kor,ERR,,,run1:없음; run2:없음; run3:없음,"has_community=False role_relevant=False env_relevant=False | 이 논문은 스타벅스 다이어리 프로모션에서 사회적 지지(친한 친구 vs. 타인)가 목표달성 의도에 미치는 영향을 실험적으로 검증하는 것으로, '온라인 커뮤니티 멤버'는 단순히 사회적 지지 제공자의 한 유형으로서 비교 조건의 라벨로만 등장할 뿐, 커뮤니티 자체의 구조·역할·운영 방식을 분석 대상으로 삼지 않는다. | has_community=True role_relevant=False env_relevant=False | 이 논문은 스타벅스 다이어리 프로모션에서 사회적 지지(친한 친구 vs. 타인)가 목표달성 의도에 미치는 영향을 실험적으로 규명하는 소비자 행동 연구이며, '온라인 커뮤니티 멤버'는 친밀도 수준이 낮은 사회적 지지 제공자 범주로만 언급될 뿐, 커뮤니티 공간 자체의 구조·운영·역할이 분석 대상이 되지 않는다. | has_community=False role_relevant=False env_relevant=False | 이 논문은 스타벅스 다이어리 프로모션 상황에서 사회적 지지가 목표달성 의도에 미치는 영향을 실험적으로 규명하는 소비자 행동 연구이며, '온라인 커뮤니티 멤버'는 친한 친구와 대비되는 사회적 지지 제공자의 한 유형(실험 조건)으로만 등장할 뿐, 커뮤니티 자체의 구조·역할·운영 방침이 분석 대상이 아니다.","이 논문은 스타벅스 다이어리 프로모션에서 사회적 지지(친한 친구 vs. 타인)가 목표달성 의도에 미치는 영향을 실험적으로 검증하는 것으로, '온라인 커뮤니티 멤버'는 단순히 사회적 지지 제공자의 한 유형으로서 비교 조건의 라벨로만 등장할 뿐, 커뮤니티 자체의 구조·역할·운영 방식을 분석 대상으로 삼지 않는다. | 이 논문은 스타벅스 다이어리 프로모션에서 사회적 지지(친한 친구 vs. 타인)가 목표달성 의도에 미치는 영향을 실험적으로 규명하는 소비자 행동 연구이며, '온라인 커뮤니티 멤버'는 친밀도 수준이 낮은 사회적 지지 제공자 범주로만 언급될 뿐, 커뮤니티 공간 자체의 구조·운영·역할이 분석 대상이 되지 않는다. | 이 논문은 스타벅스 다이어리 프로모션 상황에서 사회적 지지가 목표달성 의도에 미치는 영향을 실험적으로 규명하는 소비자 행동 연구이며, '온라인 커뮤니티 멤버'는 친한 친구와 대비되는 사회적 지지 제공자의 한 유형(실험 조건)으로만 등장할 뿐, 커뮤니티 자체의 구조·역할·운영 방침이 분석 대상이 아니다.",True,3/3,run1:없음; run2:없음; run3:없음
ART001694517,온라인 쇼핑몰의 사회적 지원 기능이 고객 태도에 미치는 영향 연구: 자기효능감과 소속감의 인식을 중심으로,이윤재(영남대학교),2012,상품학연구,kor,ERR,,,run1:없음; run2:없음; run3:없음,"has_community=True role_relevant=False env_relevant=False | 이 논문은 온라인 커뮤니티를 사회적 소프트웨어의 한 유형으로 서론에 언급하기는 하나, 실제 분석 대상은 상거래 중심의 온라인 쇼핑몰이며, 그 내의 게시판·프로파일·댓글 등 사회적 지원 기능이 소비자의 자기효능감과 소속감에 미치는 영향을 다루므로, 공통 관심사·목적 기반의 지속적 상호작용 공간으로서의 온라인 커뮤니티 자체를 연구의 분석 대상으로 삼지 않는다. | has_community=False role_relevant=False env_relevant=False | 본 연구의 분석 대상은 온라인 쇼핑몰이라는 상거래 플랫폼의 사회적 지원 기능(게시판, 댓글, 친구 찾기 등)이 소비자의 자기효능감과 소속감에 미치는 영향이며, 공통의 관심사나 목적을 가진 사용자 간 지속적 상호작용과 관계 형성을 핵심으로 하는 온라인 커뮤니티를 연구 대상으로 삼고 있지 않다. | has_community=False role_relevant=False env_relevant=False | 이 논문의 분석 대상은 온라인 쇼핑몰의 사회적 지원 기능(게시판, 댓글, 친구 찾기 등)이 이용자의 자기효능감과 소속감에 미치는 영향이며, '온라인 커뮤니티'는 도입부에서 사회적 소프트웨어의 한 예시로만 열거된 뒤 연구 대상에서 제외되므로, 온라인 커뮤니티 자체를 분석 대상으로 삼지 않는다.","이 논문은 온라인 커뮤니티를 사회적 소프트웨어의 한 유형으로 서론에 언급하기는 하나, 실제 분석 대상은 상거래 중심의 온라인 쇼핑몰이며, 그 내의 게시판·프로파일·댓글 등 사회적 지원 기능이 소비자의 자기효능감과 소속감에 미치는 영향을 다루므로, 공통 관심사·목적 기반의 지속적 상호작용 공간으로서의 온라인 커뮤니티 자체를 연구의 분석 대상으로 삼지 않는다. | 본 연구의 분석 대상은 온라인 쇼핑몰이라는 상거래 플랫폼의 사회적 지원 기능(게시판, 댓글, 친구 찾기 등)이 소비자의 자기효능감과 소속감에 미치는 영향이며, 공통의 관심사나 목적을 가진 사용자 간 지속적 상호작용과 관계 형성을 핵심으로 하는 온라인 커뮤니티를 연구 대상으로 삼고 있지 않다. | 이 논문의 분석 대상은 온라인 쇼핑몰의 사회적 지원 기능(게시판, 댓글, 친구 찾기 등)이 이용자의 자기효능감과 소속감에 미치는 영향이며, '온라인 커뮤니티'는 도입부에서 사회적 소프트웨어의 한 예시로만 열거된 뒤 연구 대상에서 제외되므로, 온라인 커뮤니티 자체를 분석 대상으로 삼지 않는다.",True,3/3,run1:없음; run2:없음; run3:없음
ART002639852,네트워크 허브를 이용한 바이럴 마케팅 시딩 전략: 네트워크 밀도가 미치는 조절 효과 중심으로,최강준(연세대학교),2020,소비자학연구,kor,ERR,,,run1:없음; run2:없음; run3:없음,"has_community=True role_relevant=False env_relevant=False | 이 논문은 last.fm의 음악 커뮤니티를 네트워크 밀도·허브 영향력 분석의 자료 집단으로 활용하여 바이럴 마케팅 시딩 전략을 제안하는 것이므로, 온라인 커뮤니티 자체의 사회적 역할(창·장)을 조명하지도 않고, 회원제·생애주기·익명성 등 운영·환경 조건에 따른 차이를 비교하지도 않는다. | has_community=True role_relevant=False env_relevant=False | 이 논문은 last.fm의 커뮤니티를 네트워크 밀도와 허브의 사회적 영향력을 분석하기 위한 데이터 소스로 활용하며, 커뮤니티 자체의 사회적 역할이나 회원제·운영 방침·익명성 등 구조적·환경적 조건을 분석 대상으로 삼지 않으므로 role·env 모두 해당하지 않는다. | has_community=True role_relevant=False env_relevant=False | 이 논문은 last.fm의 커뮤니티 정보를 사회적 네트워크의 밀도 변수로 활용하여 바이럴 마케팅의 시딩 전략을 분석하는 것으로, 온라인 커뮤니티는 네트워크 구조의 한 데이터 단위에 불과하며 커뮤니티의 사회적 역할(창/장)이나 운영·환경적 조건(회원제, 익명성, 제재 방식 등)을 분석 대상으로 삼지 않는다.","이 논문은 last.fm의 음악 커뮤니티를 네트워크 밀도·허브 영향력 분석의 자료 집단으로 활용하여 바이럴 마케팅 시딩 전략을 제안하는 것이므로, 온라인 커뮤니티 자체의 사회적 역할(창·장)을 조명하지도 않고, 회원제·생애주기·익명성 등 운영·환경 조건에 따른 차이를 비교하지도 않는다. | 이 논문은 last.fm의 커뮤니티를 네트워크 밀도와 허브의 사회적 영향력을 분석하기 위한 데이터 소스로 활용하며, 커뮤니티 자체의 사회적 역할이나 회원제·운영 방침·익명성 등 구조적·환경적 조건을 분석 대상으로 삼지 않으므로 role·env 모두 해당하지 않는다. | 이 논문은 last.fm의 커뮤니티 정보를 사회적 네트워크의 밀도 변수로 활용하여 바이럴 마케팅의 시딩 전략을 분석하는 것으로, 온라인 커뮤니티는 네트워크 구조의 한 데이터 단위에 불과하며 커뮤니티의 사회적 역할(창/장)이나 운영·환경적 조건(회원제, 익명성, 제재 방식 등)을 분석 대상으로 삼지 않는다.",True,3/3,run1:없음; run2:없음; run3:없음
ART001769318,소셜 미디어 시대의 인간 상호작용: 가능성과 위험,윤영민(한양대학교),2013,Entrue Journal of Information Technology,kor,ERR,,,run1:없음; run2:없음; run3:없음,"has_community=False role_relevant=False env_relevant=False | 이 논문은 소셜 미디어의 네 가지 특성(비용 감소, 기록 증가, 선택성 강화, 속도 증가)이 초래하는 광범위한 사회적 변화를 참여문화·선물경제·빅데이터·온라인 공동체·즉각적 반응 문화라는 다섯 개념으로 해독하는 이론적 탐색으로, '온라인 공동체'는 분석 대상이 아니라 다른 네 개념과 나란히 언급되는 하나의 해석 렌즈에 불과하여 특정 온라인 커뮤니티를 연구 재료로 삼지 않는다. | has_community=True role_relevant=False env_relevant=False | 이 논문은 소셜 미디어의 네 가지 특성(비용 감소, 기록 증가, 선택성 강화, 속도 증가)이 초래하는 사회 변화를 참여문화·선물경제·빅데이터·온라인 공동체·즉각적 반응의 문화라는 다섯 개념으로 해독하는 광범위한 이론적 개요이므로, 온라인 공동체는 분석 대상이 아니라 사회 미디어 현상을 설명하는 개념 중 하나로만 거명되며, 커뮤니티의 사회적 역할(창/장) 조명이나 구조적·환경적 조건(회원제, 제재, 익명성, 운영 방침 등)에 대한 비교·분석은 이루어지지 않는다. | has_community=True role_relevant=False env_relevant=False | 이 논문은 소셜 미디어의 네 가지 특성(비용 감소, 기록 증가, 선택성 강화, 속도 증가)이 초래하는 사회 변화를 참여문화·선물경제·빅데이터·온라인 공동체·즉각적 반응의 문화라는 다섯 개념으로 해독하는 일반적 이론적 탐구로서, '온라인 공동체'가 분석 대상이 아니라 다른 네 개념과 나란히 제시된 해독 렌즈 중 하나에 불과하며, 특정 커뮤니티의 구조·상호작용·운영 방식을 실제로 분석하지 않으므로 역할·환경 조명 모두 해당하지 않는다.","이 논문은 소셜 미디어의 네 가지 특성(비용 감소, 기록 증가, 선택성 강화, 속도 증가)이 초래하는 광범위한 사회적 변화를 참여문화·선물경제·빅데이터·온라인 공동체·즉각적 반응 문화라는 다섯 개념으로 해독하는 이론적 탐색으로, '온라인 공동체'는 분석 대상이 아니라 다른 네 개념과 나란히 언급되는 하나의 해석 렌즈에 불과하여 특정 온라인 커뮤니티를 연구 재료로 삼지 않는다. | 이 논문은 소셜 미디어의 네 가지 특성(비용 감소, 기록 증가, 선택성 강화, 속도 증가)이 초래하는 사회 변화를 참여문화·선물경제·빅데이터·온라인 공동체·즉각적 반응의 문화라는 다섯 개념으로 해독하는 광범위한 이론적 개요이므로, 온라인 공동체는 분석 대상이 아니라 사회 미디어 현상을 설명하는 개념 중 하나로만 거명되며, 커뮤니티의 사회적 역할(창/장) 조명이나 구조적·환경적 조건(회원제, 제재, 익명성, 운영 방침 등)에 대한 비교·분석은 이루어지지 않는다. | 이 논문은 소셜 미디어의 네 가지 특성(비용 감소, 기록 증가, 선택성 강화, 속도 증가)이 초래하는 사회 변화를 참여문화·선물경제·빅데이터·온라인 공동체·즉각적 반응의 문화라는 다섯 개념으로 해독하는 일반적 이론적 탐구로서, '온라인 공동체'가 분석 대상이 아니라 다른 네 개념과 나란히 제시된 해독 렌즈 중 하나에 불과하며, 특정 커뮤니티의 구조·상호작용·운영 방식을 실제로 분석하지 않으므로 역할·환경 조명 모두 해당하지 않는다.",True,3/3,run1:없음; run2:없음; run3:없음
ART001839552,온라인 브랜드커뮤니티 구성원들의 제품개발참여의도에 관한 구조적 관계,장영혜(계명대학교),2013,마케팅논집(Journal of Marketing Studies),kor,OK,ROLE_WINDOW_MISC,,run1:없음; run2:없음; run3:없음,"has_community=True role_relevant=True env_relevant=False | 이 논문은 온라인 브랜드커뮤니티를 소비자와 기업 간 제품개발 참여를 매개하는 사회적 공간(장)으로서 그 역할을 분석 대상으로 삼고 있으나, 회원제 여부·운영 방침·익명성 등 커뮤니티의 구조적·환경적 조건에 따른 차이·비교를 다루지 않으므로 env는 false이다. | has_community=True role_relevant=True env_relevant=False | 이 논문은 자동차 브랜드커뮤니티 내 소비자 참여가 브랜드애착·충성도·제품개발 참여의도에 미치는 영향을 구조방정식으로 분석하여, 온라인 브랜드커뮤니티가 소비자-기업 간 관계 형성과 참여를 촉진하는 '장'으로서의 역할을 조명하나(ROLE), 커뮤니티의 회원제·운영방침·익명성 등 구조적 조건을 변수로 비교·분석하지는 않으므로(ENV) env_relevant는 false이다. | has_community=True role_relevant=True env_relevant=False | 이 논문은 자동차 브랜드커뮤니티를 소비자와 브랜드 간 소통·공조 창작이 이루어지는 '장'으로 조명하여 커뮤니티 활동이 제품개발 참여의도에 미치는 구조적 관계를 분석하나, 회원수 1,000명 이상은 단순 표본 선정 기준에 그치고 커뮤니티의 구조적·환경적 조건(회원제 유무, 익명성, 운영 방침 등)에 따른 차이·비교·변화를 분석하지는 않는다.","[ROLE] 본 연구는 온라인 브랜드커뮤니티를 공간 자체의 사회적 역할이 아닌, 소비자-브랜드 공동창출(제품개발 참여)이라는 외부의 소비자행동 현상을 관찰하는 창(Window)으로 활용하며, 그 현상은 신자유주의적 소비 참여·브랜드 경영 전략에 해당하여 WINDOW_MISC에 해당한다. | [ROLE] 이 논문은 온라인 브랜드커뮤니티를 소비자-브랜드 간 코크리에이션(제품개발 참여)을 유도하는 매개 채널로 설정하고, 커뮤니티 지각된 가치·적극적 참여가 브랜드애착과 충성도로 이어지는 구조를 검증함으로써, 커뮤니티 공간 자체가 분석 대상이라기보다 소비자의 제품개발 참여라는 외부 사회현상을 포착하는 창(WINDOW_MISC)으로 기능한다. | [ROLE] 온라인 브랜드커뮤니티는 소비자 제품개발 참여·브랜드애착·브랜드충성도라는 외부 소비자행동·브랜드관리 현상을 관찰하는 매개 장치(창)로 기능하며, 커뮤니티 공간 내 이용자 간 관계적 자원 형성이나 공론장 기능 분석이 아닌 기업의 소비자 커뮤니케이션 전략을 조명하는 WINDOW_MISC에 해당한다.",True,0/3,run1:ROLE_WINDOW_MISC; run2:ROLE_WINDOW_MISC; run3:ROLE_WINDOW_MISC
ART001744265,온라인 게임의 상호작용성이 사용자 충성도에 미치는 영향에 관한 연구 : 게임 장르별 연구,한영춘(영남대학교),2013,경영연구,kor,ERR,,,run1:없음; run2:없음; run3:없음,"has_community=True role_relevant=True env_relevant=False | 이 논문은 온라인 게임 커뮤니티의 상호작용(소속감·지원)이 사용자 몰입과 충성도에 미치는 효과를 분석하여 커뮤니티를 사용자 행동의 '장'으로 조명하지만, 회원제·운영 방침·익명성·생애주기 등 구조적·환경적 조건의 차이나 변화를 다루지 않는다. | has_community=True role_relevant=False env_relevant=False | 이 논문은 온라인 게임 커뮤니티의 소속감·지원을 게임 몰입·충성도에 영향을 미치는 심리적·디자인 변수로 개념화하여 분석할 뿐, 커뮤니티의 사회적 역할(창/장)이나 구조적·환경적 조건(회원제, 익명성, 운영 방침 등)을 조명하지 않는다. | has_community=True role_relevant=False env_relevant=False | 이 논문은 온라인 게임 사용자의 몰입·충성도 모델에서 '커뮤니티 상호작용'(소속감, 지원)을 기계적 상호작용과 나란히 매개변수로 포함하고 있을 뿐, 커뮤니티를 외부 현상을 비추는 창이나 그 자체의 사회적 역할로 조명하지도, 회원제·익명성·운영 방침 등 구조·환경적 조건을 비교·분석하지도 않는다.","[ROLE] 본 논문은 온라인 게임 커뮤니티 내 사용자 간 소속감·지원(관계적 측면)과 기계적 상호작용(목표·조작성·보상)이 사용자 몰입·충성도에 미치는 효과를 게임 장르별 조절효과와 함께 정량 분석하는 연구로, 커뮤니티 상호작용이 이용자 간 연결의 효과로서 사회자본 개념에 일부 닿지만 분석의 초점은 게임 설계 변수와 몰입 인자라 6개 코드 모두 0.5에 미치지 못한다. | 이 논문은 온라인 게임 커뮤니티의 소속감·지원을 게임 몰입·충성도에 영향을 미치는 심리적·디자인 변수로 개념화하여 분석할 뿐, 커뮤니티의 사회적 역할(창/장)이나 구조적·환경적 조건(회원제, 익명성, 운영 방침 등)을 조명하지 않는다. | 이 논문은 온라인 게임 사용자의 몰입·충성도 모델에서 '커뮤니티 상호작용'(소속감, 지원)을 기계적 상호작용과 나란히 매개변수로 포함하고 있을 뿐, 커뮤니티를 외부 현상을 비추는 창이나 그 자체의 사회적 역할로 조명하지도, 회원제·익명성·운영 방침 등 구조·환경적 조건을 비교·분석하지도 않는다.",True,3/3,run1:없음; run2:없음; run3:없음
ART001156039,e-CRM에 기반한 온라인 커뮤니티 사이트 활성화 모형: 방송사 사례를 중심으로,김창수(영남대학교),2004,경영정보학연구,kor,ERR,,,run1:없음; run2:없음; run3:없음,"has_community=True role_relevant=True env_relevant=False | 이 논문은 방송사 온라인 커뮤니티 사이트의 활성화 모형을 e-CRM 관점에서 제시하며, 커뮤니티 공간 자체를 고객관계 관리의 '장'으로 분석 대상으로 삼고 있으나, 회원제·제재·익명성·생애주기 등 커뮤니티의 구조적·환경적 조건을 차이나 비교의 변수로 다루지는 않는다. | has_community=True role_relevant=True env_relevant=False | 이 논문은 방송사 온라인 커뮤니티 사이트를 e-CRM이 작동하는 '장'으로 삼아 고객 유치·유지·강화·활성화 모형을 제시하므로 역할(ROLE) 조명에 해당하나, 회원제·제재·익명성·생애주기 등 커뮤니티의 구조적·환경적 조건을 비교하거나 그 차이를 분석하지는 않으므로 환경(ENV) 조명에는 해당하지 않는다. | has_community=True role_relevant=True env_relevant=False | 이 논문은 방송사 온라인 커뮤니티 사이트의 활성화와 지속 가능성을 e-CRM 모형으로 분석하므로 커뮤니티 공간을 고객관계 관리의 '장'으로 조명하나, 회원제·익명성·운영 방식 등 구조적 환경 조건을 비교·분석하기보다 고객 유치·유지 단계의 전략적 모형을 제시하는 데 중점을 두어 env_relevant는 false이다.","[ROLE] 본 연구는 방송사 온라인 커뮤니티의 e-CRM 활성화 모형(고객유치·유지·강화·활성화)을 제시하는 비즈니스·마케팅 중심 연구로, 공론장 검증이나 이용자 간 사회자본 형성도, 외부 사회현상을 창으로 비추는 것도 아니며, 6개 코드 중 어느 하나에도 명확히 대응하지 않는다. | [ROLE] 본 논문은 방송사 온라인 커뮤니티의 e-CRM 활성화 모형을 제시하는 경영·마케팅 연구로, 이용자 간 공론장·사회적 자본 형성도 아니고 외부 사회현상을 보여주는 창도 아니며, 회사-고객 간 관계관리 전략에 초점이 두어져 6개 코드 중 어느 하나도 부여되지 않는다. | [ROLE] 이 논문은 방송사 온라인 커뮤니티를 e-CRM(전자 고객관계관리)이라는 e-비즈니스 전략을 적용·활성화하는 사례로 분석하므로, 온라인 커뮤니티는 오프라인 CRM 등 다른 맥락에서도 존재하는 '고객관계관리'라는 외부 경영 현상을 보여주는 창(WINDOW_MISC)에 해당한다.",False,2/3,run1:없음; run2:없음; run3:ROLE_WINDOW_MISC
ART001157484,국내 중소 게임 개발기업의 개발전략에 대한 탐색적 연구: 국내 온라인 게임의 장르별 충성도 관련 요인을 중심으로,정재진(한국소프트웨어진흥원),2004,기업가정신과 벤처연구,kor,ERR,,,run1:없음; run2:없음; run3:없음,"has_community=True role_relevant=False env_relevant=False | 이 논문은 온라인 게임의 성공요인(플로우, 구전, 도전·보상, 사회적 규범) 중 하나로 게임동호회·길드 등 온라인 커뮤니티의 고객 충성도 기여도를 LISREL 모형의 변수로 다루고 있으나, 커뮤니티 자체의 사회적 역할(창/장)을 조명하지도, 회원제·운영 방식·익명성 등 구조적·환경적 조건을 비교·분석하지도 않으므로 role·env 둘 다 해당하지 않는다. | has_community=True role_relevant=True env_relevant=False | 이 논문은 온라인 게임의 고객 충성도 요인을 탐색하며, 그 중 게임동호회·길드 등 온라인 커뮤니티가 충성도 유지에 어떻게 기여하는지 분석함으로써 커뮤니티의 사회적 기능(장)을 조명하나, 커뮤니티의 구조·운영 방침·생애주기 등 환경적 조건을 비교·검토하지는 않는다. | has_community=True role_relevant=False env_relevant=False | 이 논문은 온라인 게임 성공요인(플로우, 구전, 도전·보상, 사회적 규범 등)을 탐색하는 것이 주 목적이며, 게임동호회·길드 등 온라인 커뮤니티는 충성도 유지에 기여하는 요인 중 하나의 변수로만 언급될 뿐, 커뮤니티 자체를 창이나 장으로 조명하지도, 구조적·환경적 조건을 따지도 않는다.","이 논문은 온라인 게임의 성공요인(플로우, 구전, 도전·보상, 사회적 규범) 중 하나로 게임동호회·길드 등 온라인 커뮤니티의 고객 충성도 기여도를 LISREL 모형의 변수로 다루고 있으나, 커뮤니티 자체의 사회적 역할(창/장)을 조명하지도, 회원제·운영 방식·익명성 등 구조적·환경적 조건을 비교·분석하지도 않으므로 role·env 둘 다 해당하지 않는다. | [ROLE] 본 연구의 주된 분석 대상은 온라인 게임 산업의 성장과 고객 충성도 요인이며, 커뮤니티(길드·동호회)는 충성도 모형의 여러 변수 중 하나로 사용되므로, 온라인 커뮤니티는 외부 사회현상인 '디지털 엔터테인먼트 산업'을 보여주는 창(WINDOW_MISC)으로 기능한다. | 이 논문은 온라인 게임 성공요인(플로우, 구전, 도전·보상, 사회적 규범 등)을 탐색하는 것이 주 목적이며, 게임동호회·길드 등 온라인 커뮤니티는 충성도 유지에 기여하는 요인 중 하나의 변수로만 언급될 뿐, 커뮤니티 자체를 창이나 장으로 조명하지도, 구조적·환경적 조건을 따지도 않는다.",False,2/3,run1:없음; run2:ROLE_WINDOW_MISC; run3:없음
ART001513501,통합적 마케팅커뮤니케이션 도구로써 온라인 브랜드 커뮤니티의 역할,강용수(울산과학대학),2010,경영과 정보연구,kor,OK,ROLE_WINDOW_MISC,,run1:없음; run2:없음; run3:없음,"has_community=True role_relevant=True env_relevant=False | 이 논문은 온라인 브랜드커뮤니티 자체를 IMC 도구로서 브랜드 충성도를 형성하는 '장'으로 분석 대상으로 삼아(ROLE_FIELD), 다만 회원제·익명성·제재·생애주기 등 구조적·환경적 조건을 비교·변화시키는 분석은 하지 않으므로 ENV는 해당하지 않는다. | has_community=True role_relevant=True env_relevant=False | 이 논문은 온라인 브랜드커뮤니티를 브랜드 충성도를 형성하는 마케팅 공간(장)으로 분석하나, 커뮤니티의 구조적·환경적 조건(회원제, 익명성, 제재 방식, 생애주기 등)을 비교·분석하는 변수로 다루지 않고, 게시물 내 구전·신뢰·광고 유용성 같은 상호작용 메커니즘에만 초점을 맞추고 있으므로 env_relevant는 false이다. | has_community=True role_relevant=True env_relevant=False | 이 논문은 온라인 브랜드커뮤니티가 광고·구전·다이렉트마케팅 등 촉진도구의 집합으로 기능하며 브랜드 충성도 형성을 매개하는 장(ROLE_FIELD)으로 조명하지만, 회원제·익명성·운영 방침 등 커뮤니티의 구조적·환경적 조건을 비교·분석하지는 않는다.","[ROLE] 본 연구는 온라인 브랜드커뮤니티가 광고·구전·신뢰 등 내부 상호작용을 매개로 브랜드 충성도를 생성하는 마케팅(IMC) 공간으로 기능하는지 분석하는 것이므로, 공론장·사회자본·외부 사회현상 창 등 6개 코드 어디에도 부합하지 않으며, 이용자 간 구전 신뢰·커뮤니티 충성도 요소를 다루긴 하나 그 목적이 관계적 자원 형성이 아닌 브랜드 충성도라는 마케팅 효과에 있으므로 FIELD·WINDOW 모두 부여하지 않음. | [ROLE] 본 연구는 브랜드 충성도·마케팅 효과라는 온라인 커뮤니티 외에도 존재하는 사회경제적 현상을 온라인 브랜드커뮤니티라는 공간의 내부 메커니즘(광고·구전·신뢰)을 통해 조명하는 것으로, WINDOW_MISC에 해당한다. | [ROLE] 이 논문은 온라인 브랜드커뮤니티를 브랜드 충성도·신뢰와 같은 마케팅 현상을 규명하는 창(ROLE_WINDOW_MISC)으로 활용하며, 이용자 간 구전 신뢰가 커뮤니티 충성도에 미치는 영향이 언급되나 마케팅 메커니즘의 한 요소로 다루어져 사회자본(ROLE_FIELD_SOCIALCAPITAL) 판정에는 미치지 못한다.",False,1/3,run1:없음; run2:ROLE_WINDOW_MISC; run3:ROLE_WINDOW_MISC
ART001517475,정부주도의 농촌 정보화마을 전자상거래 모델의 성공요인과 수익성에 대한 연구,정수현(조선대학교),2010,경영정보학연구,kor,ERR,,,run1:없음; run2:없음; run3:없음,"has_community=True role_relevant=False env_relevant=False | 이 논문은 정보화 마을 조성사업의 전자상거래 매출액에 영향을 주는 요인을 분석하며, '홈페이지 커뮤니티 활성화'를 통계적 예측변수로만 활용하고 커뮤니티의 사회적 역할이나 구조적·환경적 조건을 분석하지 않으므로, 운영 수단·모집 통로 정도로만 언급된 사례에 해당한다. | has_community=True role_relevant=False env_relevant=False | 이 논문은 정보화 마을 조성사업의 농산물 전자상거래 매출액에 영향을 주는 요인을 분석하는 것이 주목적이며, '홈페이지 커뮤니티 조직의 지식공유'는 정보화 교육·정보기술 이용과 나란히 매출 영향 요인으로 하나만 선정된 변인에 불과하여, 온라인 커뮤니티를 창·장으로 조명하지도, 그 구조적·환경적 조건을 고려하지도 않는다. | has_community=True role_relevant=False env_relevant=False | 정보화 마을 홈페이지 커뮤니티의 지식공유가 전자상거래 매출에 미치는 인과적 요인 중 하나로 측정되었을 뿐, 커뮤니티의 사회적 역할(창·장)을 조명하거나 회원제·운영 방침·익명성 등 구조적·환경적 조건을 비교·분석하는 내용은 없다.","이 논문은 정보화 마을 조성사업의 전자상거래 매출액에 영향을 주는 요인을 분석하며, '홈페이지 커뮤니티 활성화'를 통계적 예측변수로만 활용하고 커뮤니티의 사회적 역할이나 구조적·환경적 조건을 분석하지 않으므로, 운영 수단·모집 통로 정도로만 언급된 사례에 해당한다. | 이 논문은 정보화 마을 조성사업의 농산물 전자상거래 매출액에 영향을 주는 요인을 분석하는 것이 주목적이며, '홈페이지 커뮤니티 조직의 지식공유'는 정보화 교육·정보기술 이용과 나란히 매출 영향 요인으로 하나만 선정된 변인에 불과하여, 온라인 커뮤니티를 창·장으로 조명하지도, 그 구조적·환경적 조건을 고려하지도 않는다. | 정보화 마을 홈페이지 커뮤니티의 지식공유가 전자상거래 매출에 미치는 인과적 요인 중 하나로 측정되었을 뿐, 커뮤니티의 사회적 역할(창·장)을 조명하거나 회원제·운영 방침·익명성 등 구조적·환경적 조건을 비교·분석하는 내용은 없다.",True,3/3,run1:없음; run2:없음; run3:없음
ART001717000,A Study on the Chinese Consumers’ Attitude and Intention toward Online Group-Buying,"Chang, I-Chun(상하이 교통대학 평생교육원)",2012,대한경영학회지,kor,ERR,,,run1:없음; run2:없음; run3:없음,"has_community=True role_relevant=False env_relevant=False | 이 논문은 중국의 온라인 그룹구매 플랫폼에서 '가상 커뮤니티 신뢰'를 전자적 입소문과 기술수용모델에 결합한 소비 참여 변수로 다루고 있을 뿐, 커뮤니티를 사회현상을 비추는 창이나 그 자체의 사회적 역할을 분석하는 장으로 삼지도 않고, 회원제·익명성·운영 방침 등 구조적·환경적 조건에 따른 차이를 검토하지도 않는다. | has_community=False role_relevant=False env_relevant=False | 본 논문은 중국의 온라인 그룹바이(团购)라는 상업적 거래 메커니즘에서 소비자의 참여 의사에 영향을 미치는 '가상 커뮤니티 신뢰' 요인을 분석하는 것으로, 여기서 'virtual community'란 공통 관심사·목적을 가진 사용자들이 지속적으로 상호작용하며 관계를 형성하는 디지털 공간이라기보다 구매 협상력을 높이기 위해 일시적으로 집결하는 거래 단위에 가깝고, 커뮤니티 자체의 구조·역할·운영 방침이 분석 대상이 아니므로 온라인 커뮤니티 분석 대상이 아니다. | has_community=True role_relevant=False env_relevant=False | 이 논문은 중국 온라인 그룹바이(团购) 플랫폼을 가상 커뮤니티로 호명하며 e-WOM·TAM 이론을 통해 소비자 참여 의사에 미치는 '커뮤니티 신뢰'를 변수로 다루지만, 커뮤니티 자체를 사회현상을 비추는 창이나 그 공간의 사회적 역할을 분석하는 장으로 삼지 않으며, 회원제·운영방침·익명성 등 구조적·환경적 조건의 차이나 비교도 검토하지 않으므로 role·env 모두 해당하지 않는다.","이 논문은 중국의 온라인 그룹구매 플랫폼에서 '가상 커뮤니티 신뢰'를 전자적 입소문과 기술수용모델에 결합한 소비 참여 변수로 다루고 있을 뿐, 커뮤니티를 사회현상을 비추는 창이나 그 자체의 사회적 역할을 분석하는 장으로 삼지도 않고, 회원제·익명성·운영 방침 등 구조적·환경적 조건에 따른 차이를 검토하지도 않는다. | 본 논문은 중국의 온라인 그룹바이(团购)라는 상업적 거래 메커니즘에서 소비자의 참여 의사에 영향을 미치는 '가상 커뮤니티 신뢰' 요인을 분석하는 것으로, 여기서 'virtual community'란 공통 관심사·목적을 가진 사용자들이 지속적으로 상호작용하며 관계를 형성하는 디지털 공간이라기보다 구매 협상력을 높이기 위해 일시적으로 집결하는 거래 단위에 가깝고, 커뮤니티 자체의 구조·역할·운영 방침이 분석 대상이 아니므로 온라인 커뮤니티 분석 대상이 아니다. | 이 논문은 중국 온라인 그룹바이(团购) 플랫폼을 가상 커뮤니티로 호명하며 e-WOM·TAM 이론을 통해 소비자 참여 의사에 미치는 '커뮤니티 신뢰'를 변수로 다루지만, 커뮤니티 자체를 사회현상을 비추는 창이나 그 공간의 사회적 역할을 분석하는 장으로 삼지 않으며, 회원제·운영방침·익명성 등 구조적·환경적 조건의 차이나 비교도 검토하지 않으므로 role·env 모두 해당하지 않는다.",True,3/3,run1:없음; run2:없음; run3:없음
ART002528642,빅데이터와 네트노그라피 분석을 통합한 온라인 커뮤니티 고객 욕구 도출 방안: 천기저귀 온라인 커뮤니티 사례를 중심으로,박순화(경상대학교),2019,경영정보학연구,kor,OK,ROLE_WINDOW_MISC,,run1:없음; run2:없음; run3:없음,"has_community=True role_relevant=True env_relevant=False | 이 논문은 온라인 소비자 커뮤니티에 축적된 데이터를 분석하여 소비자 욕구와 행동을 파악하는 연구를 하므로, 커뮤니티를 소비자 행동이라는 외부 사회현상을 읽는 창(ROLE_WINDOW)으로 삼고 있으나, 회원제·운영 방침·익명성 등 커뮤니티의 구조적·환경적 조건을 변수로 비교·분석하지는 않는다. | has_community=True role_relevant=False env_relevant=False | 이 논문은 온라인 소비자 커뮤니티를 빅데이터-네트노그라피 분석의 데이터 소스로 활용하여 소비자 욕구와 행동을 규명하는 방법론 연구이며, 커뮤니티의 사회적 역할(창/장)이나 구조적·환경적 조건(회원제, 운영방침, 익명성 등)을 분석 대상으로 삼지 않는다. | has_community=True role_relevant=True env_relevant=False | 이 논문은 온라인 소비자 커뮤니티를 소비자 욕구와 행동이 형성·표현되는 '장'으로서 분석 대상으로 삼되, 회원제·제재·익명성 등 구체적 구조적·환경적 조건에 따른 차이나 변화를 다루지 않으므로 role만 해당된다.","[ROLE] 본 연구는 온라인 소비자 커뮤니티를 소비자 욕구·행동이라는 외부 사회현상을 관측·설명하기 위한 자료 매개체(창)로 위치づけ며, 커뮤니티 공간 자체의 공론장·사회적 자본 기능보다 소비자 행동 분석에 초점을 두므로 WINDOW_MISC로 분류된다. | 이 논문은 온라인 소비자 커뮤니티를 빅데이터-네트노그라피 분석의 데이터 소스로 활용하여 소비자 욕구와 행동을 규명하는 방법론 연구이며, 커뮤니티의 사회적 역할(창/장)이나 구조적·환경적 조건(회원제, 운영방침, 익명성 등)을 분석 대상으로 삼지 않는다. | [ROLE] 이 논문은 소비자 욕구·행동이라는 커뮤니티 외의 사회현상을 파악하는 데 온라인 소비자 커뮤니티를 데이터 소스로 활용하는 창(WINDOW_MISC)으로 기능하며, 공론장 검증이나 이용자 간 관계적 자원 분석 등 장(FIELD) 계열 근거는 없다.",False,1/3,run1:ROLE_WINDOW_MISC; run2:없음; run3:ROLE_WINDOW_MISC
ART001492552,드라마 산업의 마인드 셋(MindSets) 탐구: 온라인 드라마 커뮤니티와 스타(Stars)의 合奏,김경묵(덕성여자대학교),2010,경영학연구,kor,ERR,,,run1:없음; run2:없음; run3:없음,"has_community=True role_relevant=False env_relevant=False | 이 논문은 온라인 드라마 커뮤니티의 '크기'를 시청률에 영향을 미치는 양적 변수로만 투입하여 회귀분석에 활용하고, 커뮤니티 내부의 상호작용·담론·사회적 역할(창·장)을 분석하지도, 회원제·익명성·운영 방침 등 환경적 조건을 고려하지도 않으므로, 커뮤니티는 연구의 분석 대상이라기보다 시청률 예측의 대리변수(proxy)로만 기능한다. | has_community=True role_relevant=False env_relevant=False | 이 논문은 드라마 시청률에 영향을 미치는 요인으로 '인터넷 커뮤니티의 크기'를 하나의 정량 변수로 활용하고 있으나, 커뮤니티 내부의 상호작용·사회적 역할이나 구조적·환경적 조건을 분석 대상으로 삼지 않으므로, 온라인 커뮤니티는 연구 재료(대리 변수)로만 기능한다. | has_community=True role_relevant=False env_relevant=False | 이 논문은 드라마 시청률에 영향을 미치는 요인을 실증 분석하는 연구로, 온라인 드라마 커뮤니티를 자체의 사회적 공간이나 공론장으로서 조명하는 것이 아니라 단순히 커뮤니티 '크기'를 회귀분석의 독립변수로만 투입하고 있어, 커뮤니티의 역할(창·장)이나 구조적·환경적 조건 어느 쪽도 분석하지 않는다.","이 논문은 온라인 드라마 커뮤니티의 '크기'를 시청률에 영향을 미치는 양적 변수로만 투입하여 회귀분석에 활용하고, 커뮤니티 내부의 상호작용·담론·사회적 역할(창·장)을 분석하지도, 회원제·익명성·운영 방침 등 환경적 조건을 고려하지도 않으므로, 커뮤니티는 연구의 분석 대상이라기보다 시청률 예측의 대리변수(proxy)로만 기능한다. | 이 논문은 드라마 시청률에 영향을 미치는 요인으로 '인터넷 커뮤니티의 크기'를 하나의 정량 변수로 활용하고 있으나, 커뮤니티 내부의 상호작용·사회적 역할이나 구조적·환경적 조건을 분석 대상으로 삼지 않으므로, 온라인 커뮤니티는 연구 재료(대리 변수)로만 기능한다. | 이 논문은 드라마 시청률에 영향을 미치는 요인을 실증 분석하는 연구로, 온라인 드라마 커뮤니티를 자체의 사회적 공간이나 공론장으로서 조명하는 것이 아니라 단순히 커뮤니티 '크기'를 회귀분석의 독립변수로만 투입하고 있어, 커뮤니티의 역할(창·장)이나 구조적·환경적 조건 어느 쪽도 분석하지 않는다.",True,3/3,run1:없음; run2:없음; run3:없음
ART002115253,웹 개발자들의 HTML5 채택 저항 요인에 관한 연구,송해엽(카이스트),2016,경영학연구,kor,ERR,,,run1:없음; run2:없음; run3:없음,"has_community=False role_relevant=False env_relevant=False | 이 논문은 HTML5 채택 저항의 영향 요인을 분석하는 기술 수용 연구이며, '온라인 커뮤니티를 통한 정보 습득'은 독립변수 중 하나로 잠깐 언급될 뿐, 온라인 커뮤니티 자체가 분석 대상이 아니다. | has_community=True role_relevant=False env_relevant=False | 온라인 커뮤니티는 HTML5 채택 저항에 영향을 미치는 '정보 습득 통로'로서 하나의 독립변수 항목으로만 언급될 뿐, 커뮤니티 자체의 구조·역할·운영 조건이 분석 대상이 되지 않으므로 커뮤니티를 연구 재료로 활용하지 않는 경우이다. | has_community=False role_relevant=False env_relevant=False | 이 논문은 HTML5 채택 저항의 영향요인을 분석하는 기술 수용 연구이며, '온라인 커뮤니티'는 웹 전문가의 정보 습득 통로로서 하나의 변수로만 언급되고, 커뮤니티 자체를 분석 대상이나 분석 축으로 다루지 않는다.","이 논문은 HTML5 채택 저항의 영향 요인을 분석하는 기술 수용 연구이며, '온라인 커뮤니티를 통한 정보 습득'은 독립변수 중 하나로 잠깐 언급될 뿐, 온라인 커뮤니티 자체가 분석 대상이 아니다. | 온라인 커뮤니티는 HTML5 채택 저항에 영향을 미치는 '정보 습득 통로'로서 하나의 독립변수 항목으로만 언급될 뿐, 커뮤니티 자체의 구조·역할·운영 조건이 분석 대상이 되지 않으므로 커뮤니티를 연구 재료로 활용하지 않는 경우이다. | 이 논문은 HTML5 채택 저항의 영향요인을 분석하는 기술 수용 연구이며, '온라인 커뮤니티'는 웹 전문가의 정보 습득 통로로서 하나의 변수로만 언급되고, 커뮤니티 자체를 분석 대상이나 분석 축으로 다루지 않는다.",True,3/3,run1:없음; run2:없음; run3:없음
ART002456903,고객의 조직 사회화를 위한 조건 탐색: 고객의 심리적 권한위임이 커뮤니티-구성원 교환관계에 미치는 영향에 있어서 고객 참여의 매개효과를 중심으로,나동만(한국직업능력개발원 연구위원),2019,대한경영학회지,kor,OK,ROLE_WINDOW_MISC,,run1:없음; run2:없음; run3:없음,"has_community=True role_relevant=True env_relevant=False | 이 논문은 기업이 구성·제공하는 온라인 커뮤니티를 고객이 조직 사회화와 참여 행위를 수행하는 '장'으로 분석 대상에 포함하나, 커뮤니티의 구조적·환경적 조건(회원제, 익명성, 운영 방침 등)을 변수로 비교·분석하지는 않으므로 role만 해당한다. | has_community=True role_relevant=True env_relevant=False | 이 논문은 기업이 구성·제공한 온라인 커뮤니티를 고객–기업 간 사회적 교환과 참여 행위가 발생하는 '장'으로 두어 커뮤니티-구성원 교환과 심리적 권한위임의 매개 관계를 검증하므로 role_relevant이지만, 커뮤니티의 구조적·환경적 조건(회원제, 제재 방식, 익명성, 생애주기 등)에 따른 차이·비교를 다루지 않으므로 env_relevant는 아니다. | has_community=True role_relevant=True env_relevant=False | 이 논문은 기업이 구성·제공하는 제품 사용자 온라인 커뮤니티를 고객 참여와 기업-고객 관계 형성이 구체화되는 '장'으로 조명하되, 커뮤니티의 구조적·환경적 조건(회원제, 운영·제재 방식, 익명성 등)에 따른 차이나 변화를 분석하지는 않으므로 role만 해당한다.","[ROLE] 본 연구는 온라인 커뮤니티를 플랫폼으로 활용하여 '기업-고객 간 관계 형성 및 고객 참여(코크리에이션)'라는 외부 조직·경영 현상을 분석하는 창(WINDOW_MISC) 역할을 하며, 공론장 검증이나 이용자 간 관계적 자원(사회자본) 분석은 아닌 것으로 판단된다. | [ROLE] 본 연구는 기업이 제공하는 제품 사용자 커뮤니티를 매개로 기업-고객 간 공창(co-creation) 및 심리적 권한위임을 분석하므로, 온라인 커뮤니티 자체의 사회적 역할이 아니라 커뮤니티 밖에도 존재하는 '기업-고객 공동생산·관계 관리'라는 경영 현상을 보여주는 창(WINDOW_MISC)으로 기능한다. | [ROLE] 본 연구의 핵심 분석 대상은 '고객-기업 간 관계의 긴밀화'라는 경영·조직 현상(고객을 partial employee로 간주한 공헌론)이며, 기업이 제공한 제품 사용자 커뮤니티는 이 현상을 실증하는 empirical setting(창)에 불과하여 WINDOW_MISC으로 분류된다.",True,0/3,run1:ROLE_WINDOW_MISC; run2:ROLE_WINDOW_MISC; run3:ROLE_WINDOW_MISC
ART001112366,온라인 브랜드 공동체에 대한 반응이 어떻게 브랜드로 전이되는가?,김진교(서울대학교),2006,마케팅연구,kor,ERR,,,run1:없음; run2:없음; run3:없음,"has_community=True role_relevant=True env_relevant=False | 이 논문은 브랜드 공동체의 반응이 브랜드로 전이되는 과정을 분석함으로써, 공동체가 브랜드 인식을 형성·전달하는 '장'으로서의 역할을 조명하나(ROLE_FIELD), 회원제·익명성·운영 방침 등 공동체의 구조적·환경적 조건에 따른 차이·비교를 다루지는 않으므로 ENV는 해당하지 않는다. | has_community=True role_relevant=False env_relevant=False | 이 논문은 브랜드 공동체(온라인)를 마케팅적 구성물로서 베이지안 회귀모형의 입력 변수로만 활용하여 브랜드 반응 전이 경로를 통계적으로 추정하는 데 초점을 두며, 공동체 자체의 사회적 역할(창·장)을 조명하거나 회원제·운영 방식·익명성 등 구조적·환경적 조건을 분석하지 않으므로 role·env 모두 해당하지 않는다. | has_community=True role_relevant=False env_relevant=False | 이 논문은 브랜드 공동체에 대한 반응이 브랜드로 전이되는 경로를 베이지안 회귀모형으로 추정하는 마케팅·경영 연구로, '브랜드 공동체'를 온라인 커뮤니티라는 디지털 상호작용 공간으로 분석하는 것이 아니라 반응 전이 변수로서의 마케팅 개념으로만 활용하므로, 온라인 커뮤니티를 창·장으로 조명하지도 않고 구조적·환경적 조건을 고려하지도 않는다.","[ROLE] 이 논문은 브랜드 공동체 내 반응이 브랜드로 전이되는 경로를 베이지안 회귀모형으로 추정하여 브랜드 관리의 관리적 시사점을 도출하는 것으로, 온라인 커뮤니티 공간 자체의 역할이 아니라 브랜드 반응 전이·소비자 행동이라는 외부 마케팅 현상을 보여주는 창(WINDOW_MISC)으로 커뮤니티를 활용한다. | 이 논문은 브랜드 공동체(온라인)를 마케팅적 구성물로서 베이지안 회귀모형의 입력 변수로만 활용하여 브랜드 반응 전이 경로를 통계적으로 추정하는 데 초점을 두며, 공동체 자체의 사회적 역할(창·장)을 조명하거나 회원제·운영 방식·익명성 등 구조적·환경적 조건을 분석하지 않으므로 role·env 모두 해당하지 않는다. | 이 논문은 브랜드 공동체에 대한 반응이 브랜드로 전이되는 경로를 베이지안 회귀모형으로 추정하는 마케팅·경영 연구로, '브랜드 공동체'를 온라인 커뮤니티라는 디지털 상호작용 공간으로 분석하는 것이 아니라 반응 전이 변수로서의 마케팅 개념으로만 활용하므로, 온라인 커뮤니티를 창·장으로 조명하지도 않고 구조적·환경적 조건을 고려하지도 않는다.",False,2/3,run1:ROLE_WINDOW_MISC; run2:없음; run3:없음
ART001700943,온라인 커뮤니티에서의 지식공유행동의 동기요인에 관한 연구,김유경(신라대학교),2012,경영과 정보연구,kor,OK,ROLE_WINDOW_MISC,,run1:없음; run2:없음; run3:없음,"has_community=True role_relevant=True env_relevant=False | 이 논문은 YF소나타·Sony디카 브랜드 커뮤니티 내 지식공유행동의 동기요인을 분석하여, 온라인 커뮤니티를 지식 공유가 이루어지는 '장'으로서의 사회적 기능을 규명하되, 회원제·운영방침 등 구조적·환경적 조건에 따른 차이 비교나 변화 분석은 다루지 않으므로 role만 해당한다. | has_community=True role_relevant=True env_relevant=False | 이 논문은 YF소나타·Sony디카 사진 온라인 브랜드 커뮤니티를 지식공유 행동의 장(ROLE_FIELD)으로 삼아 회원들의 지식공유 동기요인을 분석하나, 커뮤니티의 구조적·환경적 조건(회원제, 제재, 익명성 등)에 따른 차이·비교를 다루지 않으므로 env는 해당하지 않는다. | has_community=True role_relevant=True env_relevant=False | 이 논문은 YF소나타와 Sony디카 사진 온라인 브랜드 커뮤니티 회원의 지식공유행동 동기를 규명하는 것을 목적으로 하므로, 온라인 커뮤니티를 지식공유라는 사회적 역할을 수행하는 장(ROLE_FIELD)으로 조명하나, 회원제·익명성·운영방침 등 구조적·환경적 조건에 따른 차이·비교·변화를 분석하지 않으므로 env_relevant는 false이다.","[ROLE] 본 연구는 온라인 브랜드 커뮤니티 내 지식공유행동의 개별 동기요인(신뢰, 소속감, 과시욕구 등)을 정성·정량적으로 규명하는 것으로, 커뮤니티 공간 안의 상호작용을 다루는 FIELD 성격을 띠나, 이용자 간 관계적 자원의 형성·효과를 분석하는 SOCIALCAPITAL이라기보다 개인 심리적 동기 인자 발굴에 중점을 두어 6개 코드 중 어느 하나도 0.5에 미치지 못한다. | [ROLE] 이 논문은 지식공유행동의 동기요인이라는 외부 사회현상을 온라인 커뮤니티 회원들을 데이터 소스로 삼아 밝히는 것으로, 커뮤니티 공간 자체의 역할이 아니라 오프라인에서도 성립 가능한 지식공유·동기 현상을 관찰하는 창(ROLE_WINDOW_MISC)에 해당한다. | [ROLE] 이 논문은 온라인 브랜드 커뮤니티(YF소나타, Sony디카)를 사례로 삼아 개인 수준의 지식공유 동기요인(과시욕구, 인지도, 소속감 등)을 규명하는 것으로, 지식공유 행위는 온라인 커뮤니티가 없어도 존재하는 일반적 사회현상이므로 WINDOW_MISC에 해당하며, 신뢰·소속감 등의 언급이 있으나 이는 이용자 간 관계적 자원의 형성·효과가 아니라 개인 내면화된 동기요인으로 다루어져 SOCIALCAPITAL로는 미부여된다.",False,1/3,run1:없음; run2:ROLE_WINDOW_MISC; run3:ROLE_WINDOW_MISC
ART002247973,온라인 커뮤니티 혜택이 참여도와 공동구매의도에 미치는 영향과 집단주의의 조절효과에 대한 연구,박찬권(경북대학교),2017,고객만족경영연구,kor,OK,ROLE_WINDOW_MISC,,run1:없음; run2:없음; run3:없음,"has_community=True role_relevant=True env_relevant=False | 이 논문은 온라인 커뮤니티가 기능적·사회적·쾌락적 혜택을 제공하여 참여도와 공동구매 의도를 촉진하는 '장'으로서의 역할을 분석하나, 회원제·익명성·운영 방침 등 커뮤니티의 구조적·환경적 조건을 비교하거나 다루지 않으므로 env_relevant는 false이다. | has_community=True role_relevant=True env_relevant=False | 이 논문은 온라인 커뮤니티의 기능·사회·쾌락적 혜택이 참여도와 공동구매 의도에 미치는 영향을 분석하여, 커뮤니티를 집단적 소비 행동을 매개하는 '장'으로서의 사회적 기능을 조명하나, 회원제 유무·운영 방침·익명성 등 커뮤니티의 구조적·환경적 조건을 비교·검토하지는 않는다. | has_community=True role_relevant=True env_relevant=False | 이 논문은 온라인 커뮤니티의 기능적·사회적·쾌락적 혜택이 참여도와 공동구매 의도에 미치는 영향을 분석하여 커뮤니티를 참여와 집단 구매를 촉진하는 '장'으로서의 사회적 역할을 조명하나, 회원제·익명성·운영 방식 등 구조적 환경 조건의 비교나 차이는 다루지 않는다.","[ROLE] 본 연구는 공동구매 의도라는 소비자 행동이라는 외부 사회현상을 설명하기 위해 온라인 커뮤니티를 플랫폼·매개변수로 활용하는 소비자 행동 연구이므로, 온라인 커뮤니티가 공동구매 현상을 보여주는 창(WINDOW_MISC)으로 쓰인다고 판단된다. | [ROLE] 이 논문은 공동구매 의도라는 소비자 행동 현상을 온라인 커뮤니티라는 플랫폼을 매개로 설명하는 창(WINDOW_MISC)으로 기능하며, '사회적 혜택'은 구조방정식의 한 변수에 불과하여 커뮤니티 공간 안의 사회적 자본 형성 자체를 분석하지 않는다. | [ROLE] 본 연구는 온라인 커뮤니티를 소비자 행동(공동구매 의도·참여도)을 연구하는 맥락으로 활용하며, 혜택·참여도·집단주의·구매의도라는 일반적 행동 변수 간의 관계를 검증하므로, 온라인 커뮤니티 공간 자체의 역할이 아니라 커뮤니티를 매개로 소비·참여 행태라는 외부 사회현상을 보여주는 WINDOW_MISC에 해당한다.",True,0/3,run1:ROLE_WINDOW_MISC; run2:ROLE_WINDOW_MISC; run3:ROLE_WINDOW_MISC
ART003127476,디지털 교육 참여자의 역량 증진 탐색: S대학교 디지털 교수법 강사과정을 중심으로,문복현(서원대학교 평생교육학과),2024,문화산업연구,kor,ERR,,,run1:없음; run2:없음; run3:없음,"has_community=True role_relevant=False env_relevant=False | 이 논문은 디지털 교수법 강사과정의 디지털 도구·기술 역량 증진을 연구하는 것으로, '온라인 커뮤니티 형성'은 유튜브 도구 활용의 부수적 효과로 잠깐 언급될 뿐, 커뮤니티 자체를 분석 대상이나 연구의 창·장으로 삼지 않으므로 커뮤니티 존재는 인정하되 역할·환경 조명 모두 해당하지 않는다. | has_community=False role_relevant=False env_relevant=False | 이 논문은 디지털 교수법 강사과정 참여자의 디지털 도구 활용 역량 및 기술 역량 증진을 연구하는 것으로, '온라인 커뮤니티 형성에 도움을 주는 것으로 나타났다'는 서술은 유튜브 도구 활용의 부수적 효과로 언급될 뿐, 특정 온라인 커뮤니티의 구조·역할·운영 방침을 분석 대상으로 삼지 않는다. | has_community=False role_relevant=False env_relevant=False | 이 논문은 S대학교 디지털 교수법 강사과정의 교육 효과를 질적 사례연구로 분석한 것으로, 온라인 커뮤니티는 '유튜브 도구 활용이 온라인 커뮤니티 형성에 도움을 준다'는 서술 하나로만 언급되며, 분석 대상이 되지 않으므로 커뮤니티 존재 여부를 충족하지 않는다.","이 논문은 디지털 교수법 강사과정의 디지털 도구·기술 역량 증진을 연구하는 것으로, '온라인 커뮤니티 형성'은 유튜브 도구 활용의 부수적 효과로 잠깐 언급될 뿐, 커뮤니티 자체를 분석 대상이나 연구의 창·장으로 삼지 않으므로 커뮤니티 존재는 인정하되 역할·환경 조명 모두 해당하지 않는다. | 이 논문은 디지털 교수법 강사과정 참여자의 디지털 도구 활용 역량 및 기술 역량 증진을 연구하는 것으로, '온라인 커뮤니티 형성에 도움을 주는 것으로 나타났다'는 서술은 유튜브 도구 활용의 부수적 효과로 언급될 뿐, 특정 온라인 커뮤니티의 구조·역할·운영 방침을 분석 대상으로 삼지 않는다. | 이 논문은 S대학교 디지털 교수법 강사과정의 교육 효과를 질적 사례연구로 분석한 것으로, 온라인 커뮤니티는 '유튜브 도구 활용이 온라인 커뮤니티 형성에 도움을 준다'는 서술 하나로만 언급되며, 분석 대상이 되지 않으므로 커뮤니티 존재 여부를 충족하지 않는다.",True,3/3,run1:없음; run2:없음; run3:없음
ART001406357,온라인 브랜드 커뮤니티 애착의 영향요인과 결과변수에 관한 연구,김유경(신라대학교),2009,고객만족경영연구,kor,ERR,,,run1:없음; run2:없음; run3:없음,"has_community=True role_relevant=True env_relevant=False | 이 논문은 온라인 브랜드 커뮤니티라는 공간 자체의 사회적 역할(브랜드 애착·애호도 형성의 매개)을 분석 대상으로 삼아 '장'으로서 조명하나, 회원제 유무·운영·제재 방식·익명성·생애주기 등 구조적·환경적 조건에 따른 차이·비교·변화를 다루지 않으므로 env_relevant는 false이다. | has_community=True role_relevant=True env_relevant=False | 이 논문은 공통 관심 브랜드를 중심으로 형성된 온라인 브랜드 커뮤니티 자체를 분석 대상으로 삼아 커뮤니티가 브랜드 애착·애호도를 형성하는 '장'으로서의 사회적 역할을 규명하므로 role_relevant가 참이나, 회원제·제재방식·익명성·생애주기 등 구조적·환경적 운영 조건에 따른 차이나 비교를 다루지 않으므로 env_relevant는 거짓이다. | has_community=True role_relevant=True env_relevant=False | 이 논문은 온라인 브랜드 커뮤니티를 브랜드 애착·애호도가 형성되는 '장'으로서 분석 대상으로 삼아 커뮤니티 공간의 사회적 역할을 조명하나, 회원제·운영·제재·익명성 등 구조적·환경적 운영 방침에 따른 차이·비교를 다루지 않으므로 env_relevant는 false이다.","[ROLE] 이 논문은 온라인 브랜드 커뮤니티 공간의 특성(상호작용성·친밀감 등)이 커뮤니티 애착과 브랜드 애호도에 미치는 영향을 분석하는 것으로, 공간 내 관계적 요인을 다루고 있으나 공론장 검증이나 사회적 자본의 형성·효과를 직접 다루지 않으며, 외부 사회현상을 보여주는 창으로 커뮤니티를 사용하는 것도 아니어서 6개 코드 중 어느 하나도 부여 기준(0.5)에 미치지 못한다. | [ROLE] 이 논문은 온라인 브랜드 커뮤니티의 5가지 특성이 커뮤니티 애착과 브랜드 애착·애호도에 미치는 영향을 검증하는 마케팅 연구로, 6개 코드 중 어느 하나에도 명확히 귀속되지 않는다; '브랜드 애착'은 온라인 커뮤니티 외부에도 존재하는 마케팅 현상이지만 WINDOW_MISC가 전제하는 정치·문화적 사회현상과는 성격이 다르고, '친밀감·상호작용성'은 이용자 간 관계적 자원(사회자본)이라기보다 브랜드-소비자 관계의 마케팅 개념에 해당하므로 FIELD_SOCIALCAPITAL로도 보기 어렵다. | [ROLE] 본 연구는 온라인 브랜드 커뮤니티를 매개로 '브랜드 애착·애호도'라는 마케팅·소비자 현상을 규명하는 것으로, 커뮤니티 자체의 공론장·사회자본 역할이 아니라 외부에 실체가 있는 브랜드-소비자 관계를 들여다보는 창(WINDOW_MISC) 기능에 가깝다.",False,2/3,run1:없음; run2:없음; run3:ROLE_WINDOW_MISC
ART001672525,온라인커뮤니티에서 공부와 게임의 재미와 플로우 관계,권순재(대구대학교),2012,정보시스템연구,kor,ERR,,,run1:없음; run2:없음; run3:없음,"has_community=False role_relevant=False env_relevant=False | 이 논문은 '온라인 커뮤니티'를 학습·게임 활동이 이루어지는 플랫폼적 배경으로만 언급할 뿐, 공통 관심사를 가진 사용자들의 지속적 상호작용·정보 공유·관계 형성이라는 커뮤니티의 본질적 요소를 분석 대상으로 삼지 않으며, 연구 초점은 개인의 즐거움·편안함·만족감·몰입(flow)이라는 심리적 상태에 있다. | has_community=False role_relevant=False env_relevant=False | 이 논문은 '온라인 커뮤니티'를 분석 대상이 아닌 개인이 학습·게임 활동을 수행하는 일반적 디지털 환경으로만 언급하며, 연구의 핵심은 커뮤니티의 사회적 상호작용이나 구조가 아닌 개인의 몰입(flow)·즐김·편안함·만족감 등 심리적 요인에 있으므로, 정의에 부합하는 온라인 커뮤니티를 분석 대상으로 삼지 않는다. | has_community=True role_relevant=False env_relevant=False | 이 논문은 온라인 커뮤니티에서 학습과 게임 활동 중 즐거움·만족·몰입(flow) 등 개인 심리 요인을 연구하며, 커뮤니티는 활동의 장(venue)으로만 기능할 뿐 커뮤니티 자체의 사회적 역할(창/장)이나 구조적·환경적 조건(회원제, 익명성, 운영 방침 등)을 분석 대상으로 삼지 않는다.","이 논문은 '온라인 커뮤니티'를 학습·게임 활동이 이루어지는 플랫폼적 배경으로만 언급할 뿐, 공통 관심사를 가진 사용자들의 지속적 상호작용·정보 공유·관계 형성이라는 커뮤니티의 본질적 요소를 분석 대상으로 삼지 않으며, 연구 초점은 개인의 즐거움·편안함·만족감·몰입(flow)이라는 심리적 상태에 있다. | 이 논문은 '온라인 커뮤니티'를 분석 대상이 아닌 개인이 학습·게임 활동을 수행하는 일반적 디지털 환경으로만 언급하며, 연구의 핵심은 커뮤니티의 사회적 상호작용이나 구조가 아닌 개인의 몰입(flow)·즐김·편안함·만족감 등 심리적 요인에 있으므로, 정의에 부합하는 온라인 커뮤니티를 분석 대상으로 삼지 않는다. | 이 논문은 온라인 커뮤니티에서 학습과 게임 활동 중 즐거움·만족·몰입(flow) 등 개인 심리 요인을 연구하며, 커뮤니티는 활동의 장(venue)으로만 기능할 뿐 커뮤니티 자체의 사회적 역할(창/장)이나 구조적·환경적 조건(회원제, 익명성, 운영 방침 등)을 분석 대상으로 삼지 않는다.",True,3/3,run1:없음; run2:없음; run3:없음
ART002149503,Knowledge Contributors’ Intrinsic and Extrinsic Motivation on Social Connectedness and Satisfaction,박소라(제주대학교),2016,정보시스템연구,kor,OK,ROLE_FIELD_SOCIALCAPITAL,,run1:없음; run2:없음; run3:없음,"has_community=True role_relevant=True env_relevant=False | 이 논문은 가상 커뮤니티 내 지식 공헌자들의 동기(자율성 이론)를 분석하여 커뮤니티가 지식 공유와 사회적 연결을 형성하는 '장'으로서의 역할을 조명하나, 회원제·익명성·운영 방침 등 커뮤니티의 구조적·환경적 조건을 비교하거나 그 차이를 분석하지는 않는다. | has_community=True role_relevant=True env_relevant=False | 이 논문은 한국 가상커뮤니티 내 지식 기여자의 동기와 사회적 연결·만족을 자기결정론 프레임으로 분석하여, 커뮤니티를 지식 공유와 관계 형성이 이루어지는 '장'으로 조명하지만, 커뮤니티의 구조적·환경적 조건(회원제, 익명성, 운영 방식 등)에 따른 차이나 비교를 다루지 않으므로 env는 false이다. | has_community=True role_relevant=True env_relevant=False | 이 논문은 가상 커뮤니티 내 지식 기여자의 동기(자아결정이론)와 사회적 연결성을 분석 대상으로 삼아, 커뮤니티가 지식 공유와 사회적 관계 형성을 수행하는 '장'으로서의 역할을 조명하나, 회원제·제재·익명성 등 구조적·환경적 조건을 비교하거나 변조 변수로 다루지는 않는다.","[ROLE] 본 연구는 자율결정자기론(self-determination theory) 틀 안에서 지식 공헌 동기를 개인 심리·행동 현상으로 분석하며, 가상 커뮤니티는 그 행위 발생 맥락(장소)으로 기능하므로, 커뮤니티 공간 자체의 공론장·관계적 자원 역할을 검증하는 FIELD가 아니라 지식 공헌·공유라는 더 넓은 사회현상을 보여주는 WINDOW_MISC에 해당한다. | [ROLE] 이 논문은 가상커뮤니티 내 지식 기여자들의 동기(reputation, altruism)가 'social connectedness'라는 이용자 간 관계적 자원의 형성으로 귀결되는지 자기결정론으로 분석하므로, 커뮤니티 공간 안에서 이용자 간 연결의 존재·강도를 다루는 사회자본(FIELD_SOCIALCAPITAL)으로 분류된다. | [ROLE] 본 연구는 가상 커뮤니티 내 지식 기여 행위에 대한 동기(자결정 이론)를 분석하면서 '사회적 연결감(social connectedness)'을 핵심 종속변수로 다루어, 커뮤니티 공간 안에서 이용자 간 관계적 자원(네트워크·만족)이 형성되는 과정을 규명하는 것으로, 장으로서의 사회자본 형성 역할을 보여준다.",False,0/3,run1:ROLE_WINDOW_MISC; run2:ROLE_FIELD_SOCIALCAPITAL; run3:ROLE_FIELD_SOCIALCAPITAL
ART002039666,온라인 커뮤니티에서 자기결정성이 행복과 애착 및 애호도에 미치는 영향,김유경(신라대학교),2015,서비스경영학회지,kor,OK,ROLE_FIELD_SOCIALCAPITAL,,run1:없음; run2:없음; run3:없음,"has_community=True role_relevant=True env_relevant=False | 이 논문은 취미 온라인 커뮤니티에서 자율성·유능감·관계성(self-determination)이 행복감, 커뮤니티 애착, 충성도에 미치는 영향을 분석하여 온라인 커뮤니티가 관계 형성과 정서적 유대를 매개하는 '장'으로서의 사회적 역할을 조명하나, 커뮤니티의 구조적·환경적 조건(회원제, 익명성, 운영 방침 등)에 따른 차이·비교를 다루지 않는다. | has_community=True role_relevant=True env_relevant=False | 이 논문은 취미 온라인 커뮤니티를 자율성·유능감·관계성 등 자결적 욕구가 충족되어 행복→애착→충성도로 이어지는 심리적 공간(장)으로서 분석 대상으로 삼되, 회원제·익명성·운영 방침 등 커뮤니티의 구조적·환경적 조건을 비교하거나 그 차이를 다루지 않는다. | has_community=True role_relevant=True env_relevant=False | 이 논문은 취미 기반 온라인 커뮤니티 내에서 자결성(자율성·유능성·관계)이 사용자의 행복에 영향을 주고, 행복이 커뮤니티 부착(attachment)과 충성(loyalty)으로 이어지는 과정을 분석함으로써, 온라인 커뮤니티가 심리적·사회적 욕구를 충족하고 애착과 충성을 형성하는 '장'으로서의 사회적 역할을 조명하나, 회원제·제재·익명성 등 구조적·환경적 조건에 따른 차이 비교나 변화 분석은 포함하지 않는다.","[ROLE] 이 논문은 온라인 커뮤니티라는 공간 안에서 이용자 간 관계·연결(relationship, network)의 형성 및 커뮤니티에 대한 애착·충성도(attachment, loyalty)라는 관계적 자원의 형성·효과를 자결성 이론과 구조방정식으로 검증하는 것이므로, FIELD 계열의 사회자본(SOCIALCAPITAL) 코드를 부여하되, 공론장 검증이나 외부 사회현상 포착은 없으므로 WINDOW 계열은 모두 미부여하다. | [ROLE] 본 연구는 온라인 커뮤니티 공간 안에서 이용자 간 관계·네트워크 형성(self-determination의 relationship, attachment, loyalty)이 어떻게 행복과 연계되는지를 구조방정식으로 검증하는 것으로, 커뮤니티 공간 자체의 관계적 자원 형성 효과를 다루는 FIELD 계열(SOCIALCAPITAL)에 해당하나, 공론장 기능이나 외부 사회현상 포착은 아니다. | [ROLE] 본 연구는 온라인 커뮤니티 공간 안에서 이용자 간 관계 형성(relationship), 커뮤니티에 대한 애착(attachment), 충성도(loyalty)라는 관계적 자원의 인과 경로를 구조방정식으로 검증하는 것으로, 온라인 커뮤니티라는 장 안에서 이용자 간 연결의 존재·강도·효과를 분석하는 SOCIALCAPITAL에 해당한다.",True,0/3,run1:ROLE_FIELD_SOCIALCAPITAL; run2:ROLE_FIELD_SOCIALCAPITAL; run3:ROLE_FIELD_SOCIALCAPITAL
ART002186444,온라인 게임 애착의 원인과 애착 후 행동에 관한 연구: 온라인 커뮤니티 참여행동과 시도행동을 중심으로,박승배(서일대학교),2016,서비스경영학회지,kor,ERR,,,run1:없음; run2:없음; run3:없음,"has_community=False role_relevant=False env_relevant=False | 이 논문은 TAM을 통해 온라인 게임 애착과 그 후행 행동(커뮤니티 참여, 신버전 트라이)의 관계를 분석하는 기술수용 연구로서, 온라인 게임 커뮤니티는 후행 행동의 하나로 일회성 언급될 뿐 분석 대상이나 연구 재료로 활용되지 않는다. | has_community=True role_relevant=False env_relevant=False | 온라인 게임 커뮤니티에서 '적극적 참여'가 게임 애착의 후행 행동으로 언급되긴 하나, 분석 대상은 TAM 변수와 게임 애착의 관계이지 커뮤니티의 사회적 역할이나 구조적·운영적 조건이 아니라, 커뮤니티는 그저 행동이 발생하는 장소로만 서술되어 역할·환경 조명 모두 해당하지 않는다. | has_community=False role_relevant=False env_relevant=False | 이 논문은 TAM(기술수용모델)을 활용하여 온라인 게임에 대한 사용자 부착(attachment)과 그 후속 행동을 연구하는 기술수용 연구이며, '온라인 게임 커뮤니티 참여'는 부착 후속 행동의 하나로 서술될 뿐 커뮤니티 내 상호작용·구조·사회적 역학을 분석 대상으로 삼지 않으므로 온라인 커뮤니티를 연구 대상으로 삼지 않는다.","이 논문은 TAM을 통해 온라인 게임 애착과 그 후행 행동(커뮤니티 참여, 신버전 트라이)의 관계를 분석하는 기술수용 연구로서, 온라인 게임 커뮤니티는 후행 행동의 하나로 일회성 언급될 뿐 분석 대상이나 연구 재료로 활용되지 않는다. | 온라인 게임 커뮤니티에서 '적극적 참여'가 게임 애착의 후행 행동으로 언급되긴 하나, 분석 대상은 TAM 변수와 게임 애착의 관계이지 커뮤니티의 사회적 역할이나 구조적·운영적 조건이 아니라, 커뮤니티는 그저 행동이 발생하는 장소로만 서술되어 역할·환경 조명 모두 해당하지 않는다. | 이 논문은 TAM(기술수용모델)을 활용하여 온라인 게임에 대한 사용자 부착(attachment)과 그 후속 행동을 연구하는 기술수용 연구이며, '온라인 게임 커뮤니티 참여'는 부착 후속 행동의 하나로 서술될 뿐 커뮤니티 내 상호작용·구조·사회적 역학을 분석 대상으로 삼지 않으므로 온라인 커뮤니티를 연구 대상으로 삼지 않는다.",True,3/3,run1:없음; run2:없음; run3:없음
ART001085214,A Study on Trust Building Model in Online Shopping Mall- Focusing on Social Presence -,김광수(부산대학교),2007,마케팅관리연구,kor,ERR,,,run1:없음; run2:없음; run3:없음,"has_community=False role_relevant=False env_relevant=False | 이 논문은 온라인 쇼핑몰에서의 신뢰 형성 모델을 연구하는 것이며, '온라인 커뮤니티 지원'은 신뢰에 영향을 미치는 여러 변수 중 하나로만 언급될 뿐, 커뮤니티 자체를 분석 대상으로 삼지 않으므로 온라인 커뮤니티의 존재 여부에 해당하지 않는다. | has_community=False role_relevant=False env_relevant=False | 이 논문의 분석 대상은 온라인 쇼핑몰에서의 신뢰 구축 모델이며, '온라인 커뮤니티 지원'은 신뢰에 영향을 미치는 독립변수 중 하나로 등장할 뿐, 커뮤니티 자체의 구조·역할·환경을 분석 대상으로 삼지 않는다. | has_community=False role_relevant=False env_relevant=False | 이 논문은 온라인 쇼핑몰에서의 신뢰 구축 모델을 연구하며 '온라인 커뮤니티 지원'을 독립변수 중 하나로만 포함하고 있을 뿐, 공통 관심사를 가진 사용자의 지속적 상호작용과 관계 형성을 분석 대상으로 삼는 온라인 커뮤니티 자체를 연구하지 않는다.","이 논문은 온라인 쇼핑몰에서의 신뢰 형성 모델을 연구하는 것이며, '온라인 커뮤니티 지원'은 신뢰에 영향을 미치는 여러 변수 중 하나로만 언급될 뿐, 커뮤니티 자체를 분석 대상으로 삼지 않으므로 온라인 커뮤니티의 존재 여부에 해당하지 않는다. | 이 논문의 분석 대상은 온라인 쇼핑몰에서의 신뢰 구축 모델이며, '온라인 커뮤니티 지원'은 신뢰에 영향을 미치는 독립변수 중 하나로 등장할 뿐, 커뮤니티 자체의 구조·역할·환경을 분석 대상으로 삼지 않는다. | 이 논문은 온라인 쇼핑몰에서의 신뢰 구축 모델을 연구하며 '온라인 커뮤니티 지원'을 독립변수 중 하나로만 포함하고 있을 뿐, 공통 관심사를 가진 사용자의 지속적 상호작용과 관계 형성을 분석 대상으로 삼는 온라인 커뮤니티 자체를 연구하지 않는다.",True,3/3,run1:없음; run2:없음; run3:없음
ART002168382,사용자 고착을 위한 네트워크 외부성과 전환비용의 측정 요인: 1인 미디어와 소셜 네트워킹 시장을 중심으로,최재원(한국과학기술원 테크노경영대학원),2010,기업경영리뷰,kor,ERR,,,run1:없음; run2:없음; run3:없음,"has_community=False role_relevant=False env_relevant=False | 이 논문은 웹 소셜 미디어(트위터, 페이스북 등) 플랫폼의 사용자 고착화에 영향을 미치는 네트워크 외부성과 전환비용을 경제·경영학적 관점에서 분석하는 것으로, 온라인 커뮤니티는 과거의 전단계로서만 언급될 뿐 분석 대상이 아니며, 해당 플랫폼의 구조적·환경적 조건이나 사회적 역할도 다루지 않는다. | has_community=True role_relevant=False env_relevant=False | 이 논문은 트위터·페이스북 등 웹 소셜미디어·1인 미디어 플랫폼을 분석 대상으로 삼으나, 온라인 커뮤니티를 창이나 장으로 조명하지도, 회원제·운영·제재·익명성·생애주기 등 커뮤니티의 구조적·환경적 조건을 고려하지도 않으며, 순수히 경제학·경영학적 시각에서 네트워크 외부성과 전환비용이라는 플랫폼 고착화 요인을 논하므로 role·env 모두 해당하지 않는다. | has_community=True role_relevant=False env_relevant=False | 이 논문은 트위터·페이스북 등 소셜 미디어 플랫폼의 사용자 고착화를 네트워크 외부성과 전환비용이라는 경제학적·경영학적 변수로 분석하며, 온라인 커뮤니티는 발전사적 전단계로만 언급될 뿐 커뮤니티의 사회적 역할(창/장)이나 운영·구조적 환경 조건을 분석 대상으로 삼지 않는다.","이 논문은 웹 소셜 미디어(트위터, 페이스북 등) 플랫폼의 사용자 고착화에 영향을 미치는 네트워크 외부성과 전환비용을 경제·경영학적 관점에서 분석하는 것으로, 온라인 커뮤니티는 과거의 전단계로서만 언급될 뿐 분석 대상이 아니며, 해당 플랫폼의 구조적·환경적 조건이나 사회적 역할도 다루지 않는다. | 이 논문은 트위터·페이스북 등 웹 소셜미디어·1인 미디어 플랫폼을 분석 대상으로 삼으나, 온라인 커뮤니티를 창이나 장으로 조명하지도, 회원제·운영·제재·익명성·생애주기 등 커뮤니티의 구조적·환경적 조건을 고려하지도 않으며, 순수히 경제학·경영학적 시각에서 네트워크 외부성과 전환비용이라는 플랫폼 고착화 요인을 논하므로 role·env 모두 해당하지 않는다. | 이 논문은 트위터·페이스북 등 소셜 미디어 플랫폼의 사용자 고착화를 네트워크 외부성과 전환비용이라는 경제학적·경영학적 변수로 분석하며, 온라인 커뮤니티는 발전사적 전단계로만 언급될 뿐 커뮤니티의 사회적 역할(창/장)이나 운영·구조적 환경 조건을 분석 대상으로 삼지 않는다.",True,3/3,run1:없음; run2:없음; run3:없음
ART001865118,온라인 여행 커뮤니티에서 커뮤니케이션 유형에 따른 관광객의 행동 변화,정남호(경희대학교),2014,지식경영연구,kor,OK,ROLE_WINDOW_MISC,,run1:없음; run2:없음; run3:없음,"has_community=True role_relevant=True env_relevant=False | 이 논문은 온라인 여행 커뮤니티(OTC)를 분석 대상으로 삼아, 그 내부의 형식적·비형식적 커뮤니케이션이 관광객의 행동 변화에 미치는 영향을 PPM 틀로 규명함으로써, OTC를 관광 정보 소비와 행동 변화가 일어나는 '장'으로 조명하고 있으나, 회원제·운영 방침·익명성·생애주기 등 커뮤니티의 구조적·환경적 조건 자체를 비교하거나 분석하지는 않는다. | has_community=True role_relevant=True env_relevant=False | 이 논문은 온라인 여행 커뮤니티(OTC) 내 형식적·비형식적 커뮤니케이션이 관광객의 행동 변화에 미치는 영향을 PPM 틀로 분석함으로써, 커뮤니티가 관광객 정보 탐색과 의사결정을 형성하는 '장'으로서의 사회적 역할을 조명한다(role_relevant), 다만 회원제·익명성·운영 방침 등 커뮤니티의 구조적·환경적 조건을 비교하거나 그 차이를 분석하지는 않는다(env_relevant: false). | has_community=True role_relevant=True env_relevant=False | 이 논문은 온라인 여행 커뮤니티(OTC)를 관광객의 공식·비공식 커뮤니케이션이 행동 변화에 미치는 영향을 분석하는 '장'으로 삼아 연구하나, 회원제·익명성·운영 방침 등 커뮤니티의 구조적·환경적 조건을 비교·분석하는 요소는 포함하지 않는다.","[ROLE] 이 논문은 OTC라는 공간을 배경으로 관광객의 정보 검색 행동 변화(PPM 프레임워크)를 분석하므로, 온라인 커뮤니티를 관광 소비자의 외부 행동 현상을 관찰하는 창(Window-MISC)으로 사용하는 데 그친다. | [ROLE] 본 논문은 OTC라는 공간을 통해 관광객의 여행 정보 검색·의사결정 행동(PPM 프레임워크)을 분석하는 것으로, OTC는 관광객이라는 외부 집단의 행동을 관찰하는 창(Window)으로 기능하며, 그 외부 현상은 '관광객의 여행 정보 탐색 행동'에 해당하므로 ROLE_WINDOW_MISC에 부여한다. | [ROLE] 이 논문은 OTC를 여행 정보 탐색·목적지 선택 등旅游者 행동이라는 외부 사회현상을 관측하는 창으로 설정하고, PPM 프레임워크로 여행자의 행동 변화를 설명하므로 ROLE_WINDOW_MISC에 해당한다.",True,0/3,run1:ROLE_WINDOW_MISC; run2:ROLE_WINDOW_MISC; run3:ROLE_WINDOW_MISC
ART001598476,Understanding the Interacting Roles of Online and Offline Brand Communities in Building Brand Loyalty,김용호(부산가톨릭대학교),2011,마케팅관리연구,kor,OK,ROLE_FIELD_SOCIALCAPITAL,,run1:없음; run2:없음; run3:없음,"has_community=True role_relevant=True env_relevant=False | 이 논문은 온라인 브랜드 커뮤니티가 브랜드 충성도를 구축하는 사회적 역할을 분석 대상으로 삼아(ROLE_FIELD), 소비자 경험과 C2C 상호작용 등을 매개로 충성도 형성 과정을 다루지만, 회원제·운영방침·익명성·생애주기 등 커뮤니티의 구조적·환경적 조건에 따른 차이나 비교를 다루지는 않으므로 env_relevant는 false이다. | has_community=True role_relevant=True env_relevant=False | 이 논문은 온라인 브랜드 커뮤니티가 브랜드 충성도를 구축하는 과정과 커뮤니티 충성도·C2C 상호작용이 미치는 조절 효과를 분석함으로써, 온라인 커뮤니티라는 공간 자체의 사회적 역할(장)을 분석 대상으로 삼고 있으나, 회원제·익명성·운영 방침·생애주기 등 구조적·환경적 조건을 비교·분석하는 내용은 초록에 나타나지 않는다. | has_community=True role_relevant=True env_relevant=False | 이 논문은 온라인 브랜드 커뮤니티를 브랜드 충성도 형성의 '장'(ROLE_FIELD)으로 삼아 커뮤니티 충성도와 브랜드 충성도 의도 간의 관계를 분석하지만, 회원제·제재·익명성·생애주기 등 구조적·환경적 조건을 비교하거나 변화시키는 논의는 포함되어 있지 않다.","[ROLE] 이 논문은 온라인 브랜드 커뮤니티 공간 내에서 이용자 간 상호작용과 커뮤니티 소속감이 브랜드 충성도 형성에 어떻게 작용하는지를 분석하므로, 온라인 커뮤니티 공간 안의 관계적 자원(community loyalty, consumer-to-consumer interaction)을 다루는 FIELD 계열에 해당하나, 최종 종속변수가 브랜드 충성도라는 마케팅 결과이므로 SOCIALCAPITAL의 확률은 경계선 수준이다. | [ROLE] 본 연구는 브랜드 충성도(외부 마케팅 현상)를 온라인 브랜드 커뮤니티라는 맥락에서 이해하는 창(WINDOW_MISC)으로 커뮤니티를 사용하며, 소비자 간 상호작용이나 커뮤니티 충성도 같은 관계적 요소가 부분적으로 등장하나 분석의 종속변수는 브랜드 충성도이므로 공론장·사회자본 계열은 미부여된다. | [ROLE] 온라인 브랜드 커뮤니티 안에서 이용자 간 상호작용(C2C interaction)과 커뮤니티 유대(community loyalty)가 브랜드 충성도에 미치는 효과를 분석하는 연구로, 커뮤니티 공간 내부의 관계적 자원 형성과 그 효과를 다루므로 SOCIALCAPITAL이 부여되고, 공론장·양극화·젠더·혐오·기타 외부 사회현상 창으로의 역할은 판별되지 않는다.",False,0/3,run1:ROLE_FIELD_SOCIALCAPITAL; run2:ROLE_WINDOW_MISC; run3:ROLE_FIELD_SOCIALCAPITAL
ART001078016,"관광관련 온라인 브랜드 커뮤니티의 상호작용성이 관계품질, 브랜드 충성도와 브랜드 사랑에 미치는 영향: Flow 경험의 매개역할을 중심으로",박희석(남서울대학교),2007,고객만족경영연구,kor,ERR,,,run1:없음; run2:없음; run3:없음,"has_community=True role_relevant=True env_relevant=True | 이 논문은 관광분야 온라인 브랜드 커뮤니티의 상호작용성이 관계품질과 브랜드 충성도·사랑에 미치는 영향을 분석하며, 커뮤니티를 브랜드 관계가 형성되는 '장'으로 조명하는 동시에, 회원제 커뮤니티(타운홈피)와 개방형 웹사이트, 오프라인 비이용자 간 비교를 통해 커뮤니티의 구조적 조건(회원제 유무)에 따른 관계품질 경로 차이를 보여주므로 환경 요인도 고려된다. | has_community=True role_relevant=True env_relevant=True | 이 논문은 관광 분야 온라인 브랜드 커뮤니티 자체의 상호작용 구조(기업→회원, 회원↔회원, 회원→기업)와 회원/비회원(오프라인·웹사이트·타운홈피) 간 관계품질·브랜드 충성도 차이를 비교 분석함으로써, 커뮤니티라는 공간의 사회적 역할(장)과 동시에 회원제 유무·상호작용 유형 등 구조적 환경 조건(ENV)을 함께 고려한다. | has_community=True role_relevant=True env_relevant=False | 이 논문은 관광 분야 온라인 브랜드 커뮤니티를 브랜드 충성도와 사랑을 형성하는 '장'으로 설정하고, 커뮤니티 내 상호작용 유형(기업↔회원, 회원↔회원)이 관계질에 미치는 영향을 분석하므로 role_relevant는 true이나, 커뮤니티의 회원제·운영방침·익명성·생애주기 등 구조적·환경적 조건에 따른 차이를 비교·검토하지 않으므로 env_relevant는 false이다.","[ROLE] 이 논문은 관광 브랜드 커뮤니티 내 상호작용성(기업→회원, 회원↔회원, 회원→기업)이 신뢰·관계몰입·브랜드 애착 등 관계질량을 매개로 브랜드 충성도와 사랑에 미치는 영향을 실증 분석하는 마케팅 연구로, 온라인 커뮤니티 공간 안에서의 상호작용을 다루되 그 관계의 당사자가 이용자 간 사회적 자본이라기보다 소비자-브랜드 간 관계이므로 SOCIALCAPITAL 임계선에 미달하고, 관광 브랜드 충성도라는 외부 현상을 다루되 온라인 커뮤니티의 상호작용 기제 자체가 분석 핵심이므로 WINDOW_MISC 역시 임계선에 미달하여 6개 코드 모두 미부여된다. | [ENV] 본 연구는 온라인 브랜드 커뮤니티의 상호작용 유형과 관계 품질 변수를 채널(웹사이트·타운홈피·오프라인)별로 비교하나, 회원제 등급·운영 체계·커뮤니티 생애주기·익명성 수준에 따른 결과 차이는 분석 대상이 아니므로 4개 ENV 코드 모두 미부여한다. | [ROLE] 본 연구는 온라인 브랜드 커뮤니티의 상호작용(기업→회원, 회원↔회원, 회원→기업)이 신뢰·관계몰입·브랜드 애착 등 관계적 자원의 형성·효과를 매개하여 브랜드 충성도와 사랑에 이르는지 분석하므로, 커뮤니티 공간 안의 관계적 자원 형성이라는 장(SOCIALCAPITAL)으로서의 역할을 조명한다. | [ENV] 회원(이용자)과 비이용자를 비교 변수로 포함하나, 이는 마케팅 성과의 플랫폼 효과 차이를 확인하는 데 그치고 회원제 구조 자체의 영향이나 운영체제·생애주기·익명성 차원을 분석 대상으로 삼지 않으므로 4개 코드 모두 미부여로 판단한다. | [ROLE] 본 연구는 온라인 브랜드 커뮤니티 공간 안의 상호작용 유형이 신뢰·애착·몰입 등 관계 품질을 매개로 브랜드 충성도·사랑에 미치는 영향을 분석하여 커뮤니티가 관계 유지·강화에 기여하는 장 역할을 규명하지만, 관계의 당사자가 이용자 간이 아닌 이용자-브랜드(기업) 간이므로 SOCIALCAPITAL의 '이용자 간 연결' 요건을 충족하지 못하며, 공론장 검증이나 외부 사회현상 포착도 아니어서 6개 코드 모두 미부여에 해당한다.",False,2/3,run1:없음; run2:ROLE_FIELD_SOCIALCAPITAL; run3:없음
ART002978982,온라인 커뮤니티에 드러난 MZ세대의 감성과 여론조사 간 상관관계에 관한 연구,최한별(명지대학교),2023,한국IT서비스학회지,kor,OK,ROLE_WINDOW_MISC,,run1:없음; run2:없음; run3:없음,"has_community=True role_relevant=True env_relevant=False | 이 논문은 MZ세대의 정치적 지지를 이해하기 위해 온라인 커뮤니티 텍스트를 전통적 여론조사를 보완하는 창(ROLE_WINDOW)으로 활용하며, 커뮤니티의 구조적·환경적 조건(회원제, 익명성, 운영방침 등)을 분석 대상에 포함하지 않는다. | has_community=True role_relevant=True env_relevant=False | 이 논문은 MZ세대의 정치적 감정을 분석하기 위해 온라인 커뮤니티 텍스트 데이터를 수집·분석하는 자료원으로 활용하여, 커뮤니티를 선거 및 공론 여론을 가늠하는 '창'으로 조명하나, 커뮤니티의 구조적·환경적 조건(회원제, 익명성, 운영방침 등)에 따른 차이·비교를 다루지 않으므로 env_relevant는 false이다. | has_community=True role_relevant=True env_relevant=False | 이 논문은 MZ세대의 정치 의견과 공론을 파악하기 위해 온라인 커뮤니티 텍스트 데이터를 전통 여론조사의 보완 수단으로 활용하여, 커뮤니티를 외부 사회현상(정치적 지지, 여론)을 읽어내는 창(ROLE_WINDOW_MISC)으로 조명하지만, 커뮤니티의 구조적·환경적 조건(회원제, 익명성, 운영 방침 등)에 따른 차이·비교·변화를 다루지 않는다.","[ROLE] 온라인 커뮤니티를 전통적 여론조사의 한계를 보완하는 데이터 소스로 활용하여 MZ 세대의 정치적 의견·감정(선거 지지율)을 측정·검증하는 연구이므로, 커뮤니티 공간 자체의 역할이 아닌 커뮤니티를 통해 외부에 실체가 있는 MZ 유권자 집단의 정치적 선호를 보여주는 창(WINDOW_MISC)으로 분류된다. | [ROLE] 본 연구는 온라인 커뮤니티를 전통적 여론조사를 보완하는 수단으로 위치시킴으로써, MZ세대의 정치 여론·정서라는 외부 사회현상을 관측하는 창(WINDOW)으로 활용하고 있으므로 ROLE_WINDOW_MISC가 부여된다. | [ROLE] 온라인 커뮤니티 텍스트를 20대 유권자의 정치적 선호·여론을 측정하는 데이터 소스로 활용하여 전통적 여론조사와의 상관성을 검증하는 연구이므로, 커뮤니티 공간의 내부 구조나 공론장 기능·관계적 자원이 아니라 커뮤니티 밖 실체(청년층 선거 여론)를 보여주는 창(Window)으로 사용되며, 해당 현상은 정치적 양극화·젠더·혐오가 아닌 'MZ세대 정치적 선호'라는_MISC에 해당한다.",True,0/3,run1:ROLE_WINDOW_MISC; run2:ROLE_WINDOW_MISC; run3:ROLE_WINDOW_MISC
ART002341850,부정적 언론보도 상황에서 인증과 온라인 커뮤니티의 추천이 지각된 위험과 제품태도에 미치는 영향,김은광(서울시립대학교),2018,고객만족경영연구,kor,ERR,,,run1:없음; run2:없음; run3:없음,"has_community=True role_relevant=False env_relevant=False | 이 논문은 '온라인 커뮤니티의 추천'을 인증과 비교하는 광고 메시지 유형 변수로만 사용하여, 커뮤니티 자체의 구조·역할·운영 조건을 분석 대상으로 삼지 않으므로 커뮤니티는 연구의 재료로만 언급된다. | has_community=False role_relevant=False env_relevant=False | 이 논문은 부정적 언론보도 상황에서 광고 메시지의 유형(인증 vs. 온라인 커뮤니티 추천)이 제품 태도에 미치는 영향을 실험적으로 검증하는 마케팅 연구로, 온라인 커뮤니티는 '추천 메시지'의 출처로서 언급될 뿐, 커뮤니티 공간 자체의 상호작용·구조·역할이 분석 대상이 되지 않는다. | has_community=False role_relevant=False env_relevant=False | 이 논문은 부정적 언론보도 상황에서 '온라인 커뮤니티의 추천'을 광고메시지의 한 유형으로 설정하여 인증 획득 메시지와 실험적으로 비교하는 연구로, 온라인 커뮤니티 자체를 분석 대상으로 삼지 않고 추천의 출처로서만 언급하므로 커뮤니티가 연구의 대상이 아니다.","이 논문은 '온라인 커뮤니티의 추천'을 인증과 비교하는 광고 메시지 유형 변수로만 사용하여, 커뮤니티 자체의 구조·역할·운영 조건을 분석 대상으로 삼지 않으므로 커뮤니티는 연구의 재료로만 언급된다. | 이 논문은 부정적 언론보도 상황에서 광고 메시지의 유형(인증 vs. 온라인 커뮤니티 추천)이 제품 태도에 미치는 영향을 실험적으로 검증하는 마케팅 연구로, 온라인 커뮤니티는 '추천 메시지'의 출처로서 언급될 뿐, 커뮤니티 공간 자체의 상호작용·구조·역할이 분석 대상이 되지 않는다. | 이 논문은 부정적 언론보도 상황에서 '온라인 커뮤니티의 추천'을 광고메시지의 한 유형으로 설정하여 인증 획득 메시지와 실험적으로 비교하는 연구로, 온라인 커뮤니티 자체를 분석 대상으로 삼지 않고 추천의 출처로서만 언급하므로 커뮤니티가 연구의 대상이 아니다.",True,3/3,run1:없음; run2:없음; run3:없음
ART001104446,"안티사이트에서의 콘텐츠 속성, 공유의 가치, 신뢰, 몰입간 구조적 관계",김훈(세명대학교),2005,광고연구,kor,OK,ROLE_FIELD_SOCIALCAPITAL,,run1:없음; run2:없음; run3:없음,"has_community=True role_relevant=True env_relevant=False | 이 논문은 온라인 커뮤니티의 특수형태인 기업 안티사이트를 분석 대상으로 삼아, 콘텐츠 속성과 회원 간 공유의 가치가 소비자 신뢰 형성에 미치는 영향을 실증적으로 규명하며, 커뮤니티 자체를 소비자의 합법적 주권 보호와 안티 집단 형성을 매개하는 '장'으로 조명하나, 회원제·익명성·운영 방침·생애주기 등 구조적·환경적 조건을 비교·분석하지는 않는다. | has_community=True role_relevant=True env_relevant=False | 이 논문은 기업 안티사이트라는 온라인 커뮤니티를 소비자 신뢰 형성 및 집단적 안티행동의 '장'으로 분석하나, 회원제·익명성·운영 방침 등 구조적·환경적 조건을 비교·검토하지 않으므로 env_relevant는 false이다. | has_community=True role_relevant=True env_relevant=False | 이 논문은 온라인 커뮤니티의 특수형태인 안티사이트를 분석 대상으로 삼아, 그곳에서 소비자 신뢰가 형성되고 소수 불만 소비자가 대규모 안티집단으로 성장하는 과정을 연구하므로 커뮤니티가 소비자 주권 행사의 '장'으로 조명되며(role_relevant), 다만 회원제·운영방침·익명성 등 구조적·환경적 조건에 따른 차이나 비교를 다루지 않으므로 env_relevant는 false이다.","[ROLE] 이 논문은 기업 안티사이트라는 온라인 커뮤니티 공간 안에서 소비자 간 신뢰 형성 과정(콘텐츠 속성, 다른 회원과의 의견 일치·이해·감정 공유)과 소수에서 대규모 집단으로의 네트워크 확장 메커니즘을 실증적으로 규명하는 것이므로, 장(FIELD)으로서의 사회자본(신뢰·공유·네트워크) 형성이 핵심 분석 대상이다. | [ROLE] 이 논문은 기업 안티사이트라는 온라인 커뮤니티 공간 안에서 이용자 간 신뢰 형성·공유 가치·집단 성장 과정(소수→대규모 안티기업집단)을 실증적으로 분석하므로, 장(FIELD)으로서의 사회자본(ROLE_FIELD_SOCIALCAPITAL) 역할이 부여되며, 외부 사회현상을 보여주는 창(WINDOW)으로는 해당하지 않는다. | [ROLE] 이 논문은 안티사이트라는 온라인 커뮤니티 공간 안에서 이용자 간 신뢰 형성과 공유의 가치(의견 일치성, 상호 이해, 정서적 연결)가 어떻게 관계적 자원으로서 작동하는지를 실증적으로 분석하므로 장(FIELD)으로서의 사회자본 형성(ROLE_FIELD_SOCIALCAPITAL)에 부여하되, 안티기업 현상 자체가 외부 사회현상이라는 점은 WINDOW_MISC으로의 가능성을 배제하지 못한다.",True,0/3,run1:ROLE_FIELD_SOCIALCAPITAL; run2:ROLE_FIELD_SOCIALCAPITAL; run3:ROLE_FIELD_SOCIALCAPITAL
ART000993250,락앤락: 밀폐용기 시장의 작은 거인,차태훈(한국외국어대학교),2006,Korea Business Review,kor,ERR,,,run1:없음; run2:없음; run3:없음,"has_community=False role_relevant=False env_relevant=False | 이 논문은 락앤락의 제품 관여도와 시장진입전략, 글로벌 광고효과를 중심으로 한 마케팅 사례 연구이며, 온라인 커뮤니티는 홈쇼핑·TV광고·해외 딜러 전략과 나란히 언급된 홍보 채널 중 하나로만 서술되어 커뮤니티 자체를 분석 대상으로 삼지 않는다. | has_community=False role_relevant=False env_relevant=False | 이 논문은 락앤락 브랜드의 제품 관여도와 시장진입전략, 글로벌 광고 효과를 분석하는 마케팅 사례연구이며, 온라인 커뮤니티는 매스커뮤니케이션과 함께 브랜드 친근감 형성 수단으로 한 문장 언급될 뿐 연구 분석 대상이 아니다. | has_community=True role_relevant=False env_relevant=False | 온라인 커뮤니티는 락앤락의 시장진입 마케팅 채널 중 하나로 서술에 불과하며, 커뮤니티 자체의 구조·역할을 분석하거나 이를 사회현상 이해의 창·장 삼는 것이 아니므로 커뮤니티를 연구 대상으로 삼지 않는다.","이 논문은 락앤락의 제품 관여도와 시장진입전략, 글로벌 광고효과를 중심으로 한 마케팅 사례 연구이며, 온라인 커뮤니티는 홈쇼핑·TV광고·해외 딜러 전략과 나란히 언급된 홍보 채널 중 하나로만 서술되어 커뮤니티 자체를 분석 대상으로 삼지 않는다. | 이 논문은 락앤락 브랜드의 제품 관여도와 시장진입전략, 글로벌 광고 효과를 분석하는 마케팅 사례연구이며, 온라인 커뮤니티는 매스커뮤니케이션과 함께 브랜드 친근감 형성 수단으로 한 문장 언급될 뿐 연구 분석 대상이 아니다. | 온라인 커뮤니티는 락앤락의 시장진입 마케팅 채널 중 하나로 서술에 불과하며, 커뮤니티 자체의 구조·역할을 분석하거나 이를 사회현상 이해의 창·장 삼는 것이 아니므로 커뮤니티를 연구 대상으로 삼지 않는다.",True,3/3,run1:없음; run2:없음; run3:없음
ART002247977,고객 서비스 네트워크에서의 고객가치창출에 관한 연구: 의료 커뮤니티를 중심으로,김지영(연세대학교),2017,고객만족경영연구,kor,OK,ROLE_FIELD_SOCIALCAPITAL,,run1:없음; run2:없음; run3:없음,"has_community=True role_relevant=True env_relevant=False | 이 논문은 온라인 의료 커뮤니티 내 고객 참여가 인지적·감정적 가치와 삶의 질에 미치는 영향을 실증 분석하여, 커뮤니티가 고객가치창출의 '장'으로서 기능하는지를 조명하나, 회원제·익명성·운영 방침 등 구조적·환경적 조건에 따른 차이·비교를 다루지 않는다. | has_community=True role_relevant=True env_relevant=False | 이 논문은 온라인 의료 커뮤니티를 고객 참여를 통해 인지적·감정적 가치와 삶의 질을 창출하는 '장'으로 조명하지만, 회원제·익명성·운영 방침 등 커뮤니티의 구조적·환경적 조건을 고려하지 않는다. | has_community=True role_relevant=True env_relevant=False | 이 논문은 온라인 의료 커뮤니티 내에서 고객의 참여와 정보 공유가 인지적·감정적 가치 및 삶의 질에 미치는 영향을 실증하여, 커뮤니티라는 공간 자체가 고객가치 창출의 사회적 역할(장)을 분석 대상으로 삼지만, 회원제·익명성·운영 방침 등 구조적·환경적 조건을 비교·고찰하지는 않는다.","[ROLE] 본 논문은 온라인 의료 커뮤니티 안에서 다수 고객 간 네트워크를 통한 정보 공유와 참여가 인지적·감정적 가치 및 삶의 질에 미치는 효과를 실증함으로써, 이용자 간 관계적 자원(네트워크·정보 교환)의 존재와 효과를 분석 대상으로 삼는 사회자본(FIELD) 연구로 판정된다. | [ROLE] 이 논문은 온라인 의료 커뮤니티 내 고객들의 참여·정보 공유·상호작용이라는 관계적 자원이 인지적·감정적 가치와 삶의 질에 미치는 효과를 실증함으로써, 커뮤니티 공간 안의 이용자 간 연결과 그 효과를 분석 대상으로 삼는 사회자본(SOCIALCAPITAL) 관점의 연구이다. | [ROLE] 본 연구는 온라인 의료 커뮤니티라는 공간 안에서 고객 간 네트워크 참여·정보 공유·상호작용이 인지적·감정적 가치와 삶의 질에 미치는 효과를 실증함으로써, 이용자 간 관계적 자원(참여·네트워크)의 존재와 효과를 분석하는 장으로서의 사회자본(SOCIALCAPITAL) 역할에 해당한다.",True,0/3,run1:ROLE_FIELD_SOCIALCAPITAL; run2:ROLE_FIELD_SOCIALCAPITAL; run3:ROLE_FIELD_SOCIALCAPITAL
ART001707998,온라인 브랜드커뮤니티에서 구성원들의 유형과 영향력,장영혜(계명대학교),2012,경영교육연구,kor,OK,ROLE_FIELD_SOCIALCAPITAL,,run1:없음; run2:없음; run3:없음,"has_community=True role_relevant=True env_relevant=False | 이 논문은 소비자 주도형 자동차 브랜드커뮤니티를 분석 대상으로 삼아 참여행동 유형과 의견 선도자의 정보 확산·브랜드애착 기능을 규명하므로 커뮤니티 자체의 사회적 기능(장)을 조명하나, 회원제·운영방침·익명성 등 구조적 환경 조건이 참여 유형이나 정보 확산에 미치는 차이·비교를 다루지 않으므로 env_relevant는 false이다. | has_community=True role_relevant=True env_relevant=False | 이 논문은 온라인 브랜드커뮤니티 내 참여행동 유형과 의견 선도자의 정보 확산·브랜드애착 영향력을 분석함으로써, 커뮤니티를 소비자 참여와 브랜드 구축의 '장'으로 조명하나, 회원제·익명성·운영방침 등 구조적 환경 조건에 따른 차이 비교는 다루지 않는다. | has_community=True role_relevant=True env_relevant=False | 이 논문은 온라인 브랜드커뮤니티 내 참여행동 유형과 의견선도자의 정보 확산·브랜드애착·제품개발 참여 영향력을 분석하여, 커뮤니티 공간을 정보 확산과 브랜드 참여의 사회적 역할을 수행하는 '장'으로 조명하나, 회원제·익명성·운영방침 등 구조적·환경적 조건을 변인으로 비교하거나 분석하지는 않는다.","[ROLE] 본 연구는 온라인 브랜드커뮤니티 내부에서 참여행동 유형 분류와 의견 선도자의 정보 확산·브랜드애착 효과를 분석하는 것으로, 커뮤니티 공간 안 이용자 간 연결의 강도와 네트워크적 영향이라는 관계적 자원(사회적 자본)의 관점에서 장(FIELD) 역할을 수행한다고 판단된다. | [ROLE] 본 연구는 온라인 브랜드커뮤니티 공간 안에서 참여 유형 분류, 정보 확산, 의견 선도자의 중심적 역할, 브랜드애착 등 이용자 간 관계적 상호작용을 분석하는 것으로, 커뮤니티라는 장의 내적 관계 역학을 다루되 공론장 검증이나 외부 사회현상 포착보다는 사회적 자본(참여·정보전달·네트워크) 측면에 초점을 둔다. | [ROLE] 이 논문은 온라인 브랜드커뮤니티 내부의 참여행동 유형, 정보 확산, 의견 선도자의 네트워크적 중심성, 브랜드애착 등 이용자 간 관계적 상호작용 구조를 분석하므로, 커뮤니티 공간 안에서의 관계적 자원(참여·공유·네트워크)을 다루는 FIELD 계열(ROLE_FIELD_SOCIALCAPITAL)에 가장 근접하나, 공론장 검증이나 외부 사회현상 포착의 성격은 강하지 않다.",True,0/3,run1:ROLE_FIELD_SOCIALCAPITAL; run2:ROLE_FIELD_SOCIALCAPITAL; run3:ROLE_FIELD_SOCIALCAPITAL
ART002076897,Antecedents and Consequences of Participation and Browsing in Social Network Communities,웬 티 웨트 민(울산대학교),2016,마케팅관리연구,kor,OK,ROLE_FIELD_SOCIALCAPITAL,,run1:없음; run2:없음; run3:없음,"has_community=True role_relevant=True env_relevant=False | 이 논문은 Facebook 커뮤니티를 사회적 영향이 작동하고 참여·관계 지속이 발생하는 '장'으로서 분석 대상으로 삼되, 회원제·익명성·운영 방침 등 커뮤니티의 구조적·환경적 조건을 비교하거나 변수로 다루지 않으므로 role은 해당하나 env는 해당하지 않는다. | has_community=True role_relevant=True env_relevant=False | 이 논문은 Facebook이라는 소셜 네트워크 커뮤니티 내에서 혜택과 사회적 상호작용이 사용자 참여·활용 행동 및 구매·계속 의사에 미치는 영향을 분석하여, 온라인 커뮤니티가 사용자 행동과 사회 영향력을 형성하는 '장'으로서의 역할을 연구 대상으로 삼고 있으나, 회원제·익명성·운영 방침 등 구조적·환경적 조건을 비교하거나 고려하지는 않는다. | has_community=True role_relevant=True env_relevant=False | 이 논문은 Facebook이라는 온라인 커뮤니티를 사회적 영향과 관계 형성이 이루어지는 '장'으로 삼아 참여·浏覽 행동과 지속 의도를 분석하지만, 회원제·제재·익명성 등 커뮤니티의 구조적·환경적 조건 자체를 비교·분석하지는 않는다.","[ROLE] 본 연구는 온라인 커뮤니티 내부에서 이용자 간 친밀도(familiarity)·가까움(closeness) 등 사회교류가 참여·활용 행동 및 관계 지속 의도에 미치는 영향을 분석함으로써, 커뮤니티 공간 안에서 형성·유지되는 관계적 자원(사회자본)을 분석 대상으로 삼는 FIELD 계열로, 특히 ROLE_FIELD_SOCIALCAPITAL에 해당한다. | [ROLE] 본 연구는 Facebook 커뮤니티 내에서 이용자 간 친밀도(familiarity)와 가깝기(closeness)라는 사회적 상호작용이 참여·浏람 행동과 회원 지속 의도에 미치는 영향을 검증하는 것으로, 커뮤니티 공간 안에서 이용자 간 관계적 연결의 강도와 효과를 다루는 장(SOCIALCAPITAL)으로서의 역할을 보여준다. | [ROLE] 본 연구는 Facebook이라는 온라인 커뮤니티 공간 안에서 이용자 간 친밀도(familiarity)와 가까움(closeness)이라는 관계적 자원이 참여·유입 행동에 미치는 효과를 분석하므로, 공간 내 이용자 간 연결의 강도와 효과를 다루는 장으로서의 사회적 자본(FIELD_SOCIALCAPITAL)에 해당하나, 공론장 검증이나 외부 사회현상 포착에는 해당하지 않는다.",True,0/3,run1:ROLE_FIELD_SOCIALCAPITAL; run2:ROLE_FIELD_SOCIALCAPITAL; run3:ROLE_FIELD_SOCIALCAPITAL
ART001918062,"사회적 자본, 지식 품질 그리고 온라인 브랜드 커뮤니티의 성공",윤철호(목포대학교),2014,한국IT서비스학회지,kor,OK,ROLE_FIELD_SOCIALCAPITAL,,run1:없음; run2:없음; run3:없음,"has_community=True role_relevant=True env_relevant=False | 이 논문은 온라인 브랜드 커뮤니티의 성공을 분석하여, 커뮤니티 참여와 브랜드 신뢰가 브랜드 충성도로 이어지는 과정을 규명함으로써 커뮤니티라는 공간 자체의 사회적 역할(장)을 분석 대상으로 삼으나, 회원제·익명성·운영 방침·생애주기 등 구조적·환경적 조건을 비교·검토하지 않는다. | has_community=True role_relevant=True env_relevant=False | 이 논문은 온라인 브랜드 커뮤니티를 사회적 자본(신뢰·동일시)과 지식 품질이 브랜드 충성도로 이어지는 '장'으로 조명하나, 회원제·제재·익명성·생애주기 등 구조적·환경적 조건에 따른 차이를 다루지 않는다. | has_community=True role_relevant=True env_relevant=False | 이 논문은 온라인 브랜드 커뮤니티가 사회적 자본과 지식 품질을 통해 브랜드 신뢰와 충성도를 형성하는 공간으로 기능하는지 분석하므로 커뮤니티 자체의 사회적 역할(장)을 조명하나, 회원제·운영 방침·익명성 등 구조적·환경적 조건에 따른 차이를 다루지 않는다.","[ROLE] 본 연구는 온라인 브랜드 커뮤니티라는 공간 안에서 이용자 간 신뢰·식별성(사회적 자본)과 지식 품질이 참여→브랜드 신뢰→브랜드 충성도로 이어지는 관계적 연결의 형성·효과를 구조방정식 모형으로 검증하므로, 장으로서의 사회적 자본 형성을 다루는 FIELD 계열(Role_Field_SocialCapital)에 해당한다. | [ROLE] 이 논문은 온라인 브랜드 커뮤니티 내부에서 형성되는 신뢰·사적동일성(사회적 자본)과 지식 품질이 참여와 브랜드 충성도에 미치는 효과를 구조방정식모형으로 분석하는 것으로, 커뮤니티 공간 안에서 이용자 간 관계적 자원의 형성·효과를 분석 대상으로 삼는 현장(FIELD) 계열의 사회적 자본 연구이다. | [ROLE] 본 연구는 온라인 브랜드 커뮤니티 내 이용자 간 신뢰(trust)와 동일시(identification)라는 사회자본이 참여를 거쳐 브랜드 신뢰·충성도로 이어지는 인과 경로를 구조방정식모형으로 검증하므로, 커뮤니티 공간 안에서 이용자 간 관계적 자원의 형성·효과를 분석하는 장(FIELD)으로서의 사회자본(ROLE_FIELD_SOCIALCAPITAL)에 해당한다.",True,0/3,run1:ROLE_FIELD_SOCIALCAPITAL; run2:ROLE_FIELD_SOCIALCAPITAL; run3:ROLE_FIELD_SOCIALCAPITAL
ART002850607,온라인 커뮤니티 이용자 참여 증진을 위한 관리자의 운영 전략: 대학별 대나무숲 분석을 중심으로,김혜정(연세대학교),2022,지식경영연구,kor,OK,,ENV_COMMUNITY_GOVERNANCE,run1:없음; run2:없음; run3:없음,"has_community=True role_relevant=True env_relevant=True | 이 논문은 대학별 대나무 숲이라는 온라인 커뮤니티를 이용자 참여가 일어나는 '장'으로서 조명하면서, 관리자의 게시글·댓글 관리 방식과 감성 단어 수, 극성 일치 댓글의 상단 노출 등 운영·제재 조건이 소극적·적극적 참여에 미치는 차이를 실증 분석하여, 커뮤니티의 구조적·환경적 조건에 따른 참여 변화까지 함께 고려한다. | has_community=True role_relevant=True env_relevant=True | 이 논문은 대나무 숲과 같은 온라인 커뮤니티에서 이용자의 소극적·적극적 참여를 연구 대상으로 삼아 커뮤니티를 소통과 참여의 장(ROLE_FIELD)으로 조명하고, 동시에 관리자의 직접적·간접적 참여, 게시글 감성 단어 수, 댓글 상단 노출 등 운영·제재 방식(ENV)이 참여 유형에 미치는 차별적 영향을 실증 분석하여 환경적 조건에 따른 변화를 검토한다. | has_community=True role_relevant=True env_relevant=True | 이 논문은 대학별 대나무 숲 온라인 커뮤니티를 이용자 참여가 일어나는 '장'으로 삼아 분석하고, 관리자의 직접·간접 참여, 게시글 감성 단어 수, 댓글 상단 노출(추천) 등 운영·제재 방식이 소극적·적극적 참여에 미치는 차이를 실증적으로 비교함으로써 커뮤니티의 환경적 조건을 조명한다.","[ROLE] 본 연구는 대나무 숲 커뮤니티에서 관리자의 전략적 참여가 이용자 참여(소극적·적극적)에 미치는 영향을 실증적으로 분석하는 운영·관리 전략 중심 연구로, 공론장 검증이나 이용자 간 관계적 자원 형성이 아닌 관리자-이용자 간 참여 유발 기제가 분석 대상이므로 6개 ROLE 코드 중 어느 하나에도 부여되지 않는다. | [ENV] 본 연구는 관리자의 게시글·댓글 관리 및 상단 노출 등 커뮤니티 운영·검열 기제가 소극적·적극적 참여에 미치는 차별적 영향을 실증 분석하므로 ENV_COMMUNITY_GOVERNANCE가 부여되며, 대나무 숲은 단순 데이터 소스로 언급되어 익명성 비교가 이루어지지 않아 ENV_ONLINE_ANNONIMITY는 미부여된다. | [ROLE] 본 논문은 관리자 참여와 콘텐츠 관리가 이용자 참여에 미치는 영향을 실증 분석하는 커뮤니티 운영·참여 메커니즘 연구로서, 공론장 검증·사회적 자본(이용자 간 관계)·외부 사회현상 포착 중 어느 하나에도 부합하지 않아 6개 코드 모두 미부여. | [ENV] 본 연구는 관리자(운영자)의 직접·간접 참여와 게시글·댓글 관리·노출 순서 등 커뮤니티 운영체계가 이용자 참여 유형에 미치는 차이를 실증 분석하므로 ENV_COMMUNITY_GOVERNANCE가 부여되며, 회원제·생애주기·익명성 비교에 대한 분석은 없으므로 그 외 세 코드는 미부여한다. | [ROLE] 본 연구는 대나무 숲 커뮤니티 내에서 관리자의 전략적 참여가 이용자 참여(소극적·적극적)에 미치는 영향을 실증 분석하는 것으로, 온라인 커뮤니티 공간 자체의 운영 역학을 다루므로 FIELD 계열에 가깝지만, 공론장 평가도 이용자 간 관계적 자원(신뢰·연대·네트워크) 형성도 아닌 관리자–이용자 간 운영-참여 관계를 분석하는 것이므로 6개 코드 중 어느 하나에도 명확히 부합하지 않는다. | [ENV] 본 연구는 관리자의 직접·간접 참여, 게시글·댓글 관리, 댓글 노출 순서 등 커뮤니티 운영체계의 구체적 기제가 소극적·적극적 참여에 차별적으로 미치는 영향을 실증 분석하므로 ENV_COMMUNITY_GOVERNANCE가 부여되며, 회원제·생애주기·익명성 비교는 분석 대상이 아니므로 나머지 세 코드는 미부여한다.",True,0/3,run1:ENV_COMMUNITY_GOVERNANCE; run2:ENV_COMMUNITY_GOVERNANCE; run3:ENV_COMMUNITY_GOVERNANCE
ART002979434,청년층의 커뮤니티 이용 동기와 창업 태도와의 관계에서 사회자본의 매개효과에 대한 실증연구,하준식(호서대 벤처대학원 정보경영학과),2023,경영컨설팅연구,kor,OK,ROLE_FIELD_SOCIALCAPITAL,,run1:없음; run2:없음; run3:없음,"has_community=True role_relevant=True env_relevant=False | 이 논문은 청년창업 태도 형성에 커뮤니티 이용 동기(정보추구·관계형성)와 사회자본의 매개효과를 실증 분석하며, 온라인 커뮤니티를 사회적 자본을 축적하고 창업태도를 형성하는 '장'으로서의 사회적 역할을 조명하나, 회원제·익명성·운영방침 등 커뮤니티의 구조적·환경적 조건에 따른 차이는 다루지 않는다. | has_community=True role_relevant=True env_relevant=False | 이 논문은 청년창업 태도에 미치는 영향으로서 온라인·오프라인 커뮤니티의 사회자본 축적 기능을 검증하므로 커뮤니티를 '장'으로 조명하나, 회원제·익명성·운영 방침 등 커뮤니티의 구조적·환경적 조건을 분석하지는 않는다. | has_community=True role_relevant=False env_relevant=False | 이 논문은 청년창업 태도에 미치는 영향력을 실증하기 위해 온라인·오프라인 커뮤니티 참여를 사회자본 축적의 채널로서 구조방정식 변수로 처리하고 있으나, 커뮤니티 자체의 사회적 역할(창·장)을 조명하거나 운영 구조·제재·익명성 등 환경적 조건을 고려하지 않으므로 role·env 모두 해당하지 않는다.","[ROLE] 본 연구는 온라인·오프라인 커뮤니티라는 공간 안에서 이용자 간 연결(약한/강한)을 통해 사회자본이 형성되고 이것이 창업태도에 매개효과를 준다는 관계를 실증적으로 검증함으로써, 커뮤니티를 관계적 자원(사회자본)의 형성·효과를 다루는 '장'으로 분석한다. | [ROLE] 본 연구는 커뮤니티(온라인·오프라인) 참여를 매개로 참여자 간 연결적·결속적 사회자본이 형성·축적되어 창업태도에 영향을 미치는 매개효과를 실증하므로, 커뮤니티 공간 안에서 이용자 간 관계적 자원의 형성·효과를 분석하는 장(FIELD)으로서의 사회자본 역할에 해당한다. | 이 논문은 청년창업 태도에 미치는 영향력을 실증하기 위해 온라인·오프라인 커뮤니티 참여를 사회자본 축적의 채널로서 구조방정식 변수로 처리하고 있으나, 커뮤니티 자체의 사회적 역할(창·장)을 조명하거나 운영 구조·제재·익명성 등 환경적 조건을 고려하지 않으므로 role·env 모두 해당하지 않는다.",False,1/3,run1:ROLE_FIELD_SOCIALCAPITAL; run2:ROLE_FIELD_SOCIALCAPITAL; run3:없음
ART001958544,Effects of Consumer Participation in Online Brand Communities on Consumer Behavioral Intentions,웬티 풍 타오(울산대학교),2015,마케팅관리연구,kor,OK,ROLE_WINDOW_MISC,,run1:없음; run2:없음; run3:없음,"has_community=True role_relevant=True env_relevant=False | 이 논문은 온라인 브랜드 커뮤니티를 소비자 참여와 행동 의도를 매개하는 '장'으로서 그 사회적 역할을 분석 대상으로 삼고 있으나, 회원제·익명성·운영 방침 등 커뮤니티의 구조적·환경적 조건에 따른 비교나 차이는 다루지 않는다. | has_community=True role_relevant=True env_relevant=False | 이 논문은 온라인 브랜드 커뮤니티를 소비자 참여와 행동 의도가 형성되는 '장'으로 삼아 그 사회적 역할을 분석하나, 회원제·익명성·운영 방침 등 구조적·환경적 조건에 따른 차이나 비교를 다루지 않는다. | has_community=True role_relevant=True env_relevant=False | 이 논문은 온라인 브랜드 커뮤니티를 소비자 참여와 행동 의도를 이해하는 '창'으로 활용하여, 기능적·감성적·사회적 혜택이 참여에 미치는 영향을 분석하므로 role_relevant는 true이나, 회원제·익명성·운영 방침 등 커뮤니티의 구조적·환경적 조건을 비교·분석하지 않으므로 env_relevant는 false이다.","[ROLE] 본 논문은 온라인 브랜드 커뮤니티를 소비자의 참여와 행동의도(건설적 제안, 구매 의도)를 파악하는 도구로 위치시키며, 커뮤니티 내 사회·기능적 혜택이 개인 수준의 태도와 행동의도에 미치는 인과를 검증하므로, 커뮤니티 공간 자체의 공론장·사회자본 기능이라기보다 커뮤니티를 매개로 외부에 존재하는 소비자 행동 현상을 살펴보는 WINDOW_MISC에 해당한다. | [ROLE] 이 논문은 온라인 브랜드 커뮤니티를 소비자 참여와 행동 의도(구매·건설적 제안)라는 일반 소비자 행동 현상을 살펴보기 위한 도구·설정으로 설정하고 있어, 커뮤니티 공간 자체의 사회 역할이 아니라 커뮤니티를 매개로 외부에 존재하는 소비자 행동·브랜드 참여 현상을 포착하는 WINDOW_MISC에 해당한다. | [ROLE] 이 논문은 온라인 브랜드 커뮤니티를 소비자 참여와 행동 의도를 파악하는 '도구(tool)'로 위치시킴으로써, 커뮤니티 그 자체의 공론장·사회자본 기능보다는 온라인 커뮤니티를 매개로 소비자 행동이라는 외부 현상을 조명하는 창(WINDOW_MISC) 역할을 수행한다.",True,0/3,run1:ROLE_WINDOW_MISC; run2:ROLE_WINDOW_MISC; run3:ROLE_WINDOW_MISC
ART002452930,데이터 마이닝을 활용한 가짜뉴스의 선제적 대응을 위한 연구 : M 온라인 커뮤니티 게시물을 중심으로,임문영(호서대학교),2019,한국IT서비스학회지,kor,ERR,,,run1:없음; run2:없음; run3:없음,"has_community=True role_relevant=False env_relevant=False | 본 연구는 'M 커뮤니티' 게시판 크롤 데이터를 2017년 대선기 가짜뉴스 탐지용 랜덤포레스트 모델의 학습·검증 자료로만 활용하며, 커뮤니티의 공론장 기능이나 구조적·환경적 조건을 분석 대상으로 삼지 않으므로 커뮤니티는 연구의 도구·재료에 그친다. | has_community=True role_relevant=False env_relevant=False | 이 논문은 M커뮤니티 게시판의 크롤링 데이터를 원료로 2017 대선기 파가짜뉴스를 랜덤포레스트 알고리즘으로 사전 탐지하는 계산 모델링 연구이며, 커뮤니티의 '감시·응답 전통'을 한 문장 맥락으로 언급할 뿐 커뮤니티의 사회적 역할(창/장)이나 구조·환경 조건에 따른 차이·비교를 분석하지 않으므로 role·env 모두 해당하지 않는다. | has_community=True role_relevant=False env_relevant=False | 이 논문은 M커뮤니티 게시글을 2017 대선 기간 가짜뉴스 탐지용 머신러닝 모델의 학습 데이터로 활용하는 데 그치며, 커뮤니티의 사회적 역할이나 구조적·환경적 조건을 분석 대상으로 삼지 않으므로 역할·환경 조명 모두 해당하지 않는다.","본 연구는 'M 커뮤니티' 게시판 크롤 데이터를 2017년 대선기 가짜뉴스 탐지용 랜덤포레스트 모델의 학습·검증 자료로만 활용하며, 커뮤니티의 공론장 기능이나 구조적·환경적 조건을 분석 대상으로 삼지 않으므로 커뮤니티는 연구의 도구·재료에 그친다. | 이 논문은 M커뮤니티 게시판의 크롤링 데이터를 원료로 2017 대선기 파가짜뉴스를 랜덤포레스트 알고리즘으로 사전 탐지하는 계산 모델링 연구이며, 커뮤니티의 '감시·응답 전통'을 한 문장 맥락으로 언급할 뿐 커뮤니티의 사회적 역할(창/장)이나 구조·환경 조건에 따른 차이·비교를 분석하지 않으므로 role·env 모두 해당하지 않는다. | 이 논문은 M커뮤니티 게시글을 2017 대선 기간 가짜뉴스 탐지용 머신러닝 모델의 학습 데이터로 활용하는 데 그치며, 커뮤니티의 사회적 역할이나 구조적·환경적 조건을 분석 대상으로 삼지 않으므로 역할·환경 조명 모두 해당하지 않는다.",True,3/3,run1:없음; run2:없음; run3:없음
ART001617761,행위자기반모형을 활용한 확산 시뮬레이션 연구,홍재원(동서대학교),2011,기업경영연구,kor,ERR,,,run1:없음; run2:없음; run3:없음,"has_community=False role_relevant=False env_relevant=False | 이 논문은 네트워크 확산 시뮬레이션을 통해 허브·식역·최초수용자 등 네트워크 구조적 변수가 정보 확산에 미치는 영향을 분석하는 연구로, '온라인 커뮤니티 네트워크'를 네트워크 그래프의 적용 맥락으로만 언급할 뿐, 공통 관심사를 가진 사용자들의 지속적 상호작용·관계 형성 등 커뮤니티 자체를 분석 대상으로 삼지 않는다. | has_community=True role_relevant=False env_relevant=False | 이 논문은 온라인 커뮤니티 네트워크 내 정보 확산 메커니즘을 시뮬레이션으로 분석하나, 네트워크 구조(허브, 식역, 최초수용자)라는 일반적 사회네트워크 속성을 다루고 있을 뿐 커뮤니티의 사회적 역할(창/장)을 조명하지도, 회원제·운영방침·익명성·생애주기 등 커뮤니티의 구조적·환경적 조건에 따른 차이를 비교·분석하지도 않으므로 role·env 모두 해당되지 않는다. | has_community=True role_relevant=False env_relevant=False | 이 논문은 온라인 커뮤니티 네트워크를 정보 확산 시뮬레이션의 네트워크 구조로 설정하여 허브·식역·최초수용자 수 등 네트워크 확산 역학을 분석하는 것으로, 커뮤니티의 사회적 역할(창/장)을 조명하지도, 회원제·운영방침·익명성 등 커뮤니티의 구조적·환경적 조건을 고려하지도 않는다.","이 논문은 네트워크 확산 시뮬레이션을 통해 허브·식역·최초수용자 등 네트워크 구조적 변수가 정보 확산에 미치는 영향을 분석하는 연구로, '온라인 커뮤니티 네트워크'를 네트워크 그래프의 적용 맥락으로만 언급할 뿐, 공통 관심사를 가진 사용자들의 지속적 상호작용·관계 형성 등 커뮤니티 자체를 분석 대상으로 삼지 않는다. | 이 논문은 온라인 커뮤니티 네트워크 내 정보 확산 메커니즘을 시뮬레이션으로 분석하나, 네트워크 구조(허브, 식역, 최초수용자)라는 일반적 사회네트워크 속성을 다루고 있을 뿐 커뮤니티의 사회적 역할(창/장)을 조명하지도, 회원제·운영방침·익명성·생애주기 등 커뮤니티의 구조적·환경적 조건에 따른 차이를 비교·분석하지도 않으므로 role·env 모두 해당되지 않는다. | 이 논문은 온라인 커뮤니티 네트워크를 정보 확산 시뮬레이션의 네트워크 구조로 설정하여 허브·식역·최초수용자 수 등 네트워크 확산 역학을 분석하는 것으로, 커뮤니티의 사회적 역할(창/장)을 조명하지도, 회원제·운영방침·익명성 등 커뮤니티의 구조적·환경적 조건을 고려하지도 않는다.",True,3/3,run1:없음; run2:없음; run3:없음
ART002043525,내집단 지위와 메시지 준거점이 소비자 정보평가에 미치는 영향: 집단동일시의 조절효과를 중심으로,허다경(서울시립대학교),2015,마케팅관리연구,kor,ERR,,,run1:없음; run2:없음; run3:없음,"has_community=True role_relevant=False env_relevant=False | 이 논문은 집단간 역학과 마케팅 커뮤니케이션 효과성을 연구하기 위해 온라인 커뮤니티를 실험 배경과 내집단 지위 조작의 수단으로만 활용하며, 커뮤니티 자체의 사회적 역할이나 구조적·환경적 조건을 분석 대상 삼지 않으므로 커뮤니티는 연구의 재료로만 기능한다. | has_community=True role_relevant=False env_relevant=False | 이 논문은 온라인 커뮤니티를 실험의 배경·통로로 설정하여 내집단·외집단 비교 메시지의 마케팅 효과성을 검증하는 사회정체성 이론 연구이므로, 커뮤니티는 분석 대상이 아니라 집단 동일시의 '내집단'으로 기능하는 실험 변수에 불과하며, 창·장으로서의 역할도 커뮤니티의 구조적·환경적 조건에 따른 차이 분석도 모두 부재하다. | has_community=True role_relevant=False env_relevant=False | 온라인 커뮤니티는 마케팅 커뮤니케이션 실험의 배경(scenario)으로만 활용되며, 커뮤니티 자체의 사회적 역할(창/장)이 분석 대상이 되지 않고, 포털 내 상대적 위치는 커뮤니티의 운영 구조·제재·생애주기 등 환경적 조건이 아니라 집단 간 사회적 지위를 조작하기 위한 실험 변수에 불과하므로 role·env 모두 해당하지 않는다.","이 논문은 집단간 역학과 마케팅 커뮤니케이션 효과성을 연구하기 위해 온라인 커뮤니티를 실험 배경과 내집단 지위 조작의 수단으로만 활용하며, 커뮤니티 자체의 사회적 역할이나 구조적·환경적 조건을 분석 대상 삼지 않으므로 커뮤니티는 연구의 재료로만 기능한다. | 이 논문은 온라인 커뮤니티를 실험의 배경·통로로 설정하여 내집단·외집단 비교 메시지의 마케팅 효과성을 검증하는 사회정체성 이론 연구이므로, 커뮤니티는 분석 대상이 아니라 집단 동일시의 '내집단'으로 기능하는 실험 변수에 불과하며, 창·장으로서의 역할도 커뮤니티의 구조적·환경적 조건에 따른 차이 분석도 모두 부재하다. | 온라인 커뮤니티는 마케팅 커뮤니케이션 실험의 배경(scenario)으로만 활용되며, 커뮤니티 자체의 사회적 역할(창/장)이 분석 대상이 되지 않고, 포털 내 상대적 위치는 커뮤니티의 운영 구조·제재·생애주기 등 환경적 조건이 아니라 집단 간 사회적 지위를 조작하기 위한 실험 변수에 불과하므로 role·env 모두 해당하지 않는다.",True,3/3,run1:없음; run2:없음; run3:없음
ART001147410,온라인 환경에서 정보 특성요인과 커뮤니티 특성요인이 구전효과에 미치는 영향에 관한 연구,이은영(한국기술교육대학교),2005,고객만족경영연구,none,NO_ABSTRACT,,,,,초록 없음 (KOR_ABST/ENG_ABST 둘 다 없음),,,
ART003067872,시골장터 기반 로컬 커뮤니티가 지역활성화에 미치는 영향에 대한 온라인 네트워크 분석,박정선(경상국립대학교(칠암) 아름다운마을연구소),2024,정보시스템연구,kor,OK,ROLE_WINDOW_MISC,,run1:없음; run2:없음; run3:없음,"has_community=True role_relevant=True env_relevant=False | 이 논문은 지역 시장 기반 커뮤니티의 온라인 소통 네트워크를 분석하여 지역 재생에 기여하는 역할을 규명하므로 커뮤니티의 사회적 역할(장)을 조명하나, 회원제·운영·익명성 등 온라인 커뮤니티의 구조적·환경적 조건에 따른 차이·비교를 다루지 않는다. | has_community=True role_relevant=True env_relevant=False | 이 논문은 지역 재건을 위한 로컬 마켓 커뮤니티의 역할과 온라인 커뮤니케이션 네트워크의 구조를 분석하여, 커뮤니티 자체가 지역 활성화의 주체로서 기능하는 사회적 역할(장)을 조명하나, 회원제·익명성·운영 방침 등 온라인 커뮤니티의 구조적·환경적 조건을 구체적으로 다루지는 않는다. | has_community=True role_relevant=True env_relevant=False | 이 논문은 지역 커뮤니티의 온라인 소통 네트워크를 구조적으로 분석하여 지역 재생에서 커뮤니티가 수행하는 사회적 역할을 규명하므로 커뮤니티 존재와 역할 조명은 해당하나, 회원제·익명성·운영 방침 등 온라인 커뮤니티의 구조적·환경적 조건을 비교·변화 관점에서 다루지 않으므로 env_relevant는 false이다.","[ROLE] 이 논문은 지역 소멸 위험이라는 외부 사회현상(지역 활성화)을 이해하기 위해 지역 시장 기반 커뮤니티의 온라인 소통 네트워크 구조를 분석 대상으로 삼고 있으므로, 온라인 커뮤니티는 지역 공동체의 지속가능성과 지역 재생을 보여주는 창(WINDOW_MISC)으로 기능한다. | [ROLE] 이 논문은 온라인 커뮤니티 네트워크 내부의 중심성·접속 구조와 커뮤니티 생명력이 지역 재생에 미치는 효과를 분석하므로, 이용자 간 연결의 존재·강도·효과를 다루는 소셜캐피탈(FIELD) 판정이 가장 강하게 성립하며, 공론장 검증이나 외부 사회현상 포착은 근거가 부족하다. | [ROLE] 본 논문은 온라인 네트워크를 '지역 기반 커뮤니티(local market-based community)'의 활력과 지역 재생(regional revitalization)이라는 외부 사회현상을 파악하는 도구로 사용하므로, 온라인 커뮤니티는 그 현상을 비추는 창(WINDOW_MISC)에 해당하며, 커뮤니티 공간 자체의 공론장·사회적 자본 역할을 분석하는 FIELD 계열은 해당하지 않는다.",False,0/3,run1:ROLE_WINDOW_MISC; run2:ROLE_FIELD_SOCIALCAPITAL; run3:ROLE_WINDOW_MISC
ART001995309,성장전략에 기반한 혁신,김현정(상지영서대학교),2015,Korea Business Review,kor,ERR,,,run1:없음; run2:없음; run3:없음,"has_community=True role_relevant=False env_relevant=False | 이 논문은 락앤락의 성장전략과 혁신을 분석하는 경영학 논문으로, 온라인 브랜드 커뮤니티(락앤락 서포터즈)는 홈쇼핑·인포머셜·TV광고 등 여러 마케팅 수단의 하나로만 서술에 언급될 뿐, 커뮤니티 자체의 구조·역할·운영 조건을 분석 대상으로 삼지 않는다. | has_community=False role_relevant=False env_relevant=False | 이 논문은 락앤락의 성장전략과 혁신을 분석하는 경영학 사례연구이며, 온라인 브랜드 커뮤니티는 마케팅 채널 중 하나로 한 줄 언급될 뿐 그 구조·상호작용·사회적 역할이 분석 대상이 되지 않는다. | has_community=False role_relevant=False env_relevant=False | 이 논문은 락앤락의 성장전략과 마케팅 수단 전반을 분석하는 경영학 사례연구이며, 온라인 브랜드 커뮤니티(락앤락 서포터즈)는 홈쇼핑·TV광고 등 여러 마케팅 채널 중 하나로 한 문장 언급될 뿐, 커뮤니티 자체를 분석 대상으로 삼지 않는다.","이 논문은 락앤락의 성장전략과 혁신을 분석하는 경영학 논문으로, 온라인 브랜드 커뮤니티(락앤락 서포터즈)는 홈쇼핑·인포머셜·TV광고 등 여러 마케팅 수단의 하나로만 서술에 언급될 뿐, 커뮤니티 자체의 구조·역할·운영 조건을 분석 대상으로 삼지 않는다. | 이 논문은 락앤락의 성장전략과 혁신을 분석하는 경영학 사례연구이며, 온라인 브랜드 커뮤니티는 마케팅 채널 중 하나로 한 줄 언급될 뿐 그 구조·상호작용·사회적 역할이 분석 대상이 되지 않는다. | 이 논문은 락앤락의 성장전략과 마케팅 수단 전반을 분석하는 경영학 사례연구이며, 온라인 브랜드 커뮤니티(락앤락 서포터즈)는 홈쇼핑·TV광고 등 여러 마케팅 채널 중 하나로 한 문장 언급될 뿐, 커뮤니티 자체를 분석 대상으로 삼지 않는다.",True,3/3,run1:없음; run2:없음; run3:없음
ART001976330,상향식 공정분석을 통한 국내 유리산업의 온실가스 인벤토리 산정,백천현(동의대학교),2015,경영과학,kor,ERR,,,run1:없음; run2:없음; run3:없음,"has_community=False role_relevant=False env_relevant=False | 이 논문은 한국 유리산업의 온실가스 배출량 산출 절차를 다루는 산업·환경 연구이며, 온라인 커뮤니티를 분석 대상으로 삼지 않는다. | has_community=False role_relevant=False env_relevant=False | 이 논문은 한국 유리 산업의 온실가스 배출량 산출을 위한 에너지 균형 분석을 다루는 환경·공학 연구로서, 온라인 커뮤니티를 분석 대상이나 연구 재료로 삼지 않는다. | has_community=False role_relevant=False env_relevant=False | 이 논문은 한국 유리 산업의 온실가스 배출량 산출에 관한 에너지 균형 분석 연구로, 온라인 커뮤니티와 무관하다.","이 논문은 한국 유리산업의 온실가스 배출량 산출 절차를 다루는 산업·환경 연구이며, 온라인 커뮤니티를 분석 대상으로 삼지 않는다. | 이 논문은 한국 유리 산업의 온실가스 배출량 산출을 위한 에너지 균형 분석을 다루는 환경·공학 연구로서, 온라인 커뮤니티를 분석 대상이나 연구 재료로 삼지 않는다. | 이 논문은 한국 유리 산업의 온실가스 배출량 산출에 관한 에너지 균형 분석 연구로, 온라인 커뮤니티와 무관하다.",True,3/3,run1:없음; run2:없음; run3:없음
ART002923065,온라인 커뮤니티에서 허브가 신제품 확산에 미치는 영향 : 집단 내 선호의 편향성에 의한 조절 효과를 중심으로,박주영(연세대학교),2022,전문경영인연구,kor,OK,ROLE_WINDOW_MISC,,run1:없음; run2:없음; run3:없음,"has_community=True role_relevant=True env_relevant=False | 이 논문은 Last.fm이라는 온라인 커뮤니티를 구성원 간 모방 소비와 사회적 전염이 일어나는 '장'으로 삼아 허브의 영향력과 집단 내 선호 편향성이 신제품 확산에 미치는 효과를 분석하나, 커뮤니티의 회원제·운영 방침·익명성 등 구조적·환경적 조건을 변수로 다루지는 않는다. | has_community=True role_relevant=True env_relevant=False | 이 논문은 Last.fm이라는 온라인 커뮤니티를 구성원 간 모방 소비와 신제품 확산이 발생하는 '장'으로 삼아 허브의 사회적 영향력과 집단 내 선호 편향성의 조절 효과를 분석하므로 역할 조명은 해당하나, 회원제·운영·제재·생애주기·익명성·추천 방침 등 커뮤니티의 구조적·환경적 조건을 비교하거나 그 차이를 다루지 않으므로 환경 조명은 해당하지 않는다. | has_community=True role_relevant=True env_relevant=False | 이 논문은 Last.fm 온라인 커뮤니티를 신제품 확산의 사회적 전염이 일어나는 장(ROLE_FIELD)으로 조명하면서도, 핵심 변인인 '집단 내 선호의 편향성'은 커뮤니티의 운영·제재·생애주기·익명성 등 구조적·환경적 조건(ENV)이 아니라 구성원의 관심사 분포에 해당하므로 env_relevant는 false이다.","[ROLE] 이 논문은 온라인 커뮤니티(Last.fm)를 데이터 출처로 활용하여 '신제품 확산·모방 소비'라는 마케팅·소비자 행동 현상을 분석하는 것이므로, 커뮤니티 공간 자체의 역할이 아니라 외부에 존재하는 경제·소비 현상을 보여주는 창(ROLE_WINDOW_MISC)으로 기능한다. | [ROLE] 이 논문은 Last.fm 커뮤니티 내 네트워크 허브의 사회적 영향력과 집단 선호 편향성이 신제품 확산(사회적 전염)에 미치는 효과를 분석함으로써, 이용자 간 연결의 존재·강도·효과를 커뮤니티 공간 안에서 다루는 장(SOcialCAPITAL)으로서의 역할을 조명한다. | [ROLE] 본 연구는 Last.fm 커뮤니티 데이터를 통해 소비자 모방 소비·신제품 확산이라는 일반적 경제·마케팅 현상을 분석하며, 온라인 커뮤니티는 그 현상을 관측하는 데이터 소스(창)로 기능하므로 WINDOW_MISC에 해당한다.",False,0/3,run1:ROLE_WINDOW_MISC; run2:ROLE_FIELD_SOCIALCAPITAL; run3:ROLE_WINDOW_MISC
ART002878522,스택오버플로 배지 시스템의 게임화 효과에 관한 연구,남정인(고려대학교),2022,지식경영연구,kor,ERR,,,run1:없음; run2:없음; run3:없음,"has_community=True role_relevant=True env_relevant=True | 이 논문은 스택오버플로라는 개발자 Q&A 커뮤니티를 분석 대상으로 삼아, 배지 시스템이라는 커뮤니티 운영 방침(ENV_COMMUNITY_GOVERNANCE)과 사용자 정보공개 수준(익명성 수준)에 따른 참여 양·질 변화를 비교하며(ENV), 커뮤니티라는 공간이 게임화를 매개로 사용자 참여를 유도하는 장으로서의 사회적 역할을 분석(ROLE_FIELD)한다. | has_community=True role_relevant=False env_relevant=True | 이 논문은 스택오버플로라는 개발자 Q&A 커뮤니티를 분석 대상으로 삼되, 커뮤니티의 사회적 역할(창·장)을 조명하기보다 배지 시스템이라는 운영 방침과 사용자 정보공개 수준(익명성 관련 환경 조건)에 따른 참여 양·질의 차이를 비교·검토하므로 환경(ENV)은 관련하나 역할(ROLE)은 관련하지 않는다. | has_community=True role_relevant=True env_relevant=False | 스택오버플로 개발자 Q&A 커뮤니티를 분석 대상으로 삼아 배지 시스템이라는 게임화 전략이 사용자 참여 양·질에 미치는 영향을 연구하므로, 커뮤니티는 지식 공유·참여 공간으로서의 사회적 역할(장)을 분석 대상으로 삼고 있으나, 커뮤니티의 구조적·환경적 조건(회원제, 제재 방식, 익명성 수준 등)에 따른 차이·비교를 다루지는 않는다.","[ROLE] 이 논문은 스택오버플로의 배지 시스템이 개인 사용자의 참여 양·질에 미치는 게임화 효과를 측정하는 플랫폼 설계·UX 연구이므로, 공론장 검증·이용자 간 관계적 자원(장)도, 외부 사회현상을 보여주는 창(윈도우)도 아니며, 6개 코드 모두에 부여 근거가 부족하다. | [ENV] 이 논문은 스택오버플로의 배지시스템이라는 게임화 전략이 사용자 참여 양·질에 미치는 영향을 분석한 것으로, 회원제·운영체계·커뮤니티 생애주기·익명성 수준 중 어느 하나를 독립 분석 변수로 비교·검증하지 않으므로 4개 ENV 코드 모두 미부여로 판단한다. | [ENV] 본 연구는 스택오버플로의 배지(게임화)가 참여 양·질에 미치는 주효과와 정보공개 수준의 조절효과를 검증하는 것으로, 배지는 인센티브 설계이므로 운영체계(거버넌스)와 구별되며, 정보공개 수준은 조절변수로 포함되나 결과가 무효과(조절하지 않음)로 나타나 익명성 차이를 실질적으로 분석 대상으로 삼지 못하므로 4개 코드 모두 미부여로 판단한다. | [ROLE] 본 연구는 스택오버플로의 배지 시스템이 개인 사용자의 참여 양·질에 미치는 플랫폼 관리 전략 효과를 측정하는 것으로, 공론장 검증이나 이용자 간 관계적 자원 형성이 아니라 플랫폼 설계-개인 행동 메트릭 차이에 초점을 두어 6개 ROLE 코드 중 어느 하나에도 부합하지 않는다.",True,3/3,run1:없음; run2:없음; run3:없음
ART002703107,중국온라인 커뮤니티 형성과 공동구매에 관한 실증 연구,박주희(계명대학교),2021,국제경영리뷰,kor,OK,ROLE_WINDOW_MISC,,run1:없음; run2:없음; run3:없음,"has_community=True role_relevant=True env_relevant=False | 이 논문은 중국 소비자를 대상으로 온라인 공동구매 커뮤니티의 형성 요인(상호작용, 정보공유, 협상력)과 그 커뮤니티가 소비자의 구매행위 가치에 미치는 영향을 분석하므로, 커뮤니티 자체의 사회적 기능과 형성을 '장'으로 조명하나(ROLE), 회원제·익명성·운영 방침 등 구조적·환경적 조건에 따른 차이나 변화를 다루지 않으므로 ENV는 해당되지 않는다. | has_community=True role_relevant=True env_relevant=False | 이 논문은 중국 소비자를 대상으로 온라인 공동구매 커뮤니티의 형성과 구매행동 가치를 규명하기 위해 커뮤니티 자체의 사회적 역할(구매 의도와 가성비 가치를 실현하는 장)을 분석 대상으로 삼으나, 회원제·운영 방침·익명성 등 구조적·환경적 조건에 따른 차이·비교를 다루지는 않는다. | has_community=True role_relevant=True env_relevant=True | 이 논문은 중국 온라인 공동구매 커뮤니티의 형성 요인(상호작용, 정보공유, 협상력)과 그 구매행동 가치(가성비 매개효과)를 분석하므로, 커뮤니티를 소비자의 집단적 구매를 매개하는 장(ROLE)으로 조명하는 동시에 커뮤니티 형성이라는 생애주기적 조건과 상호작용·협상력 같은 구조적 운영 요인의 차이를 비교(ENV)한다.","[ROLE] 온라인 공동구매 커뮤니티를 통해 소비자 구매행동과 가성비를 중심으로 한 시장·소비 현상을 이해하는 창(WINDOW_MISC)으로 활용되되, 상호작용·정보공유·협상력 등 이용자 간 연결 요인이 언급되어 SOCIALCAPITAL과의 경계는 있으나 최종 목적은 경제적 구매행동 규명이므로 FIELD 계열은 미부여. | [ROLE] 본 연구는 중국 온라인 공동구매 커뮤니티 내 참여자 간 상호작용·정보공유·집단 협상력 등 이용자 간 관계적 자원의 형성과 그 효과를 분석 대상으로 삼음으로써, 온라인 커뮤니티를 사회적 자본이 생성·작용하는 '장'으로 조명한다. | [ROLE] 이 논문은 온라인 공동구매 커뮤니티를 매개로 중국 소비자의 구매행동과 가성비 지향 소비현상을 규명하는 것이므로, 커뮤니티는 소비자·전자상거래라는 외부 사회현상을 보여주는 창(WINDOW_MISC)으로 기능하며, 커뮤니티 내부의 상호작용·정보공유가 언급되나 관계적 자원 자체를 분석하는 것은 아니므로 FIELD 계열은 미부여된다. | [ENV] 본 논문은 중국 온라인 공동구매 커뮤니티의 형성에 영향을 미치는 요인(상호작용, 정보공유, 협상력)과 그로 인한 소비자 구매행동 가치(가성비)를 규명하는 데 초점을 두며, 회원제·운영체계·생애주기·익명성 중 어느 조건에 따른 결과 차이나 비교·추적을 분석 대상으로 삼지 않으므로 4개 코드 모두 미부여로 판단한다.",False,0/3,run1:ROLE_WINDOW_MISC; run2:ROLE_FIELD_SOCIALCAPITAL; run3:ROLE_WINDOW_MISC
ART003223834,워킹맘의 양육스트레스와 음악활용에 관한 인식 조사,박은정(고신대학교),2025,문화예술융합연구,kor,ERR,,,run1:없음; run2:없음; run3:없음,"has_community=False role_relevant=False env_relevant=False | 온라인 커뮤니티는 워킹맘 대상 설문조사의 모집·배포 통로로만 활용되었으며, 커뮤니티 자체의 구조·역할·운영 조건이 분석 대상이 아닌 만큼 공동체 존재 여부를 인정하지 않는다. | has_community=False role_relevant=False env_relevant=False | 이 논문은 온라인 커뮤니티를 워킹맘 설문조사의 모집·분산 통로로만 활용하였으며, 커뮤니티 자체의 구조·역할·환경을 분석 대상으로 삼지 않으므로 커뮤니티 연구가 아니다. | has_community=False role_relevant=False env_relevant=False | 이 논문은 워킹맘의 양육스트레스와 음악활용 현황을 분석하는 연구이며, 온라인 커뮤니티는 설문조사 배포 통로로만 활용되었을 뿐 커뮤니티 자체의 구조·역할·운영 조건을 분석 대상으로 삼지 않는다.","온라인 커뮤니티는 워킹맘 대상 설문조사의 모집·배포 통로로만 활용되었으며, 커뮤니티 자체의 구조·역할·운영 조건이 분석 대상이 아닌 만큼 공동체 존재 여부를 인정하지 않는다. | 이 논문은 온라인 커뮤니티를 워킹맘 설문조사의 모집·분산 통로로만 활용하였으며, 커뮤니티 자체의 구조·역할·환경을 분석 대상으로 삼지 않으므로 커뮤니티 연구가 아니다. | 이 논문은 워킹맘의 양육스트레스와 음악활용 현황을 분석하는 연구이며, 온라인 커뮤니티는 설문조사 배포 통로로만 활용되었을 뿐 커뮤니티 자체의 구조·역할·운영 조건을 분석 대상으로 삼지 않는다.",True,3/3,run1:없음; run2:없음; run3:없음
ART002303914,온라인 커뮤니티에서의 건강 관련 콘텐츠 분류 모형 개발,김태윤(충북대학교),2017,정보시스템연구,kor,ERR,,,run1:없음; run2:없음; run3:없음,"has_community=False role_relevant=False env_relevant=False | 이 논문은 네이버 지식인이라는 Q&A 플랫폼을 의료정보의 신뢰도 검증용 데이터 소스로 활용하는 정보품질·텍스트마이닝 연구로서, 플랫폼을 온라인 커뮤니티의 사회적 공간·역할·구조적 조건으로 분석하지 않으므로 커뮤니티 분석 대상이 아니다. | has_community=False role_relevant=False env_relevant=False | 네이버 지식인은 논문 스스로 'search platform'이라 칭할 만큼 일회성 질의응답형 검색 서비스이지, 회원 간 지속적 상호작용과 관계 형성을 전제하는 온라인 커뮤니티의 정의에 부합하지 않으며, 본 연구는 해당 플랫폼을 의료 정보 신뢰도 검증을 위한 데이터 소스로만 활용하므로 커뮤니티 분석 대상이 아니다. | has_community=False role_relevant=False env_relevant=False | 네이버 지식인은 검색 플랫폼 내 Q&A 서비스로, 사용자가 한 번의 질의-응답을 주고받는 일회적 정보 교환 구조이며, 정의에 요구되는 '지속적 상호작용'과 '관계 형성'이 부재하여 온라인 커뮤니티에 해당하지 않는다.","이 논문은 네이버 지식인이라는 Q&A 플랫폼을 의료정보의 신뢰도 검증용 데이터 소스로 활용하는 정보품질·텍스트마이닝 연구로서, 플랫폼을 온라인 커뮤니티의 사회적 공간·역할·구조적 조건으로 분석하지 않으므로 커뮤니티 분석 대상이 아니다. | 네이버 지식인은 논문 스스로 'search platform'이라 칭할 만큼 일회성 질의응답형 검색 서비스이지, 회원 간 지속적 상호작용과 관계 형성을 전제하는 온라인 커뮤니티의 정의에 부합하지 않으며, 본 연구는 해당 플랫폼을 의료 정보 신뢰도 검증을 위한 데이터 소스로만 활용하므로 커뮤니티 분석 대상이 아니다. | 네이버 지식인은 검색 플랫폼 내 Q&A 서비스로, 사용자가 한 번의 질의-응답을 주고받는 일회적 정보 교환 구조이며, 정의에 요구되는 '지속적 상호작용'과 '관계 형성'이 부재하여 온라인 커뮤니티에 해당하지 않는다.",True,3/3,run1:없음; run2:없음; run3:없음
ART001839986,온라인 커뮤니티의 지속적 사용에 대한 이해：기술적 관점과 사회적 관점의 비교,함주연(고려대학교),2013,한국IT서비스학회지,kor,OK,ROLE_FIELD_SOCIALCAPITAL,,run1:없음; run2:없음; run3:없음,"has_community=True role_relevant=True env_relevant=False | 이 논문은 가상 커뮤니티 내에서 회원의 지속 사용 의도를 설명하기 위해 기술·사회자본 모델을 비교하며, 커뮤니티를 사회적 관계와 자본이 형성되는 공간(장)으로서의 기능과 역할을 분석 대상으로 삼고 있으나, 회원제·익명성·생애주기 등 커뮤니티의 특정 구조적·환경적 조건에 따른 차이·비교를 다루지는 않는다. | has_community=True role_relevant=True env_relevant=False | 이 논문은 가상 커뮤니티 내 회원의 지속적 사용 의도를 기술 수용과 사회적 자본 관점으로 비교 분석함으로써, 커뮤니티 공간 자체의 사회적 기능(장)을 조명하나, 회원제·운영 제재·생애주기·익명성 등 커뮤니티의 구조적·환경적 조건에 따른 차이를 다루지는 않는다. | has_community=True role_relevant=True env_relevant=False | 이 논문은 가상 커뮤니티 내 회원의 지속적 이용 의도를 설명하기 위해 사회자본 및 사회-기술 통합 관점을 비교하는 것으로, 커뮤니티를 사회적 관계 형성과 사회자본 생성의 장(ROLE_FIELD_PUBLICSPHERE)으로 분석 대상에 포함하나, 회원제·제재·익명성·생애주기 등 구조적·환경적 조건에 따른 차이 비교는 다루지 않는다.","[ROLE] 본 연구는 가상 커뮤니티 내 이용자 간 사회적 자본(신뢰·네트워크 등 관계적 자원)이 지속 이용 의도에 미치는 효과를 실증적으로 검증하는 것으로, 온라인 커뮤니티 공간 안에서 이용자 간 연결의 존재·효과를 분석하는 장(FIELD)으로서의 사회적 자본 역할을 다룬다. | [ROLE] 가상 커뮤니티 내 이용자 간 신뢰·네트워크 등 관계적 자원(social capital)이 지속 사용 의도를 설명하는 핵심 변수로 검증된 것으로, 커뮤니티 공간 안의 상호작용 구조 자체를 분석하는 FIELD 계열의 SOCIALCAPITAL에 해당한다. | [ROLE] 이 논문은 가상 커뮤니티 내부에서 이용자 간 관계적 자원(사회자본)이 지속적 사용 의사에 미치는 효과를 구조적 모형 비교로 검증하므로, 커뮤니티 공간 안의 관계 형성·효과를 분석 대상으로 하는 FIELD 계열의 ROLE_FIELD_SOCIALCAPITAL에 해당한다.",True,0/3,run1:ROLE_FIELD_SOCIALCAPITAL; run2:ROLE_FIELD_SOCIALCAPITAL; run3:ROLE_FIELD_SOCIALCAPITAL
ART002485261,넷노그래피를 활용한 성경의 핵심어 네트워크 분석,임병학(부산외국어대학교),2019,로고스경영연구,kor,ERR,,,run1:없음; run2:없음; run3:없음,"has_community=False role_relevant=False env_relevant=False | 이 논문은 온라인 성경 66권의 텍스트를 내용분석과 사회 네트워크 분석의 대상으로 삼고 있으며, '온라인 커뮤니티'는 넷노그래피라는 방법론의 출처를 지목하기 위한 언급에 불과하여 커뮤니티 자체가 분석 대상이 아니다. | has_community=False role_relevant=False env_relevant=False | 이 논문의 분석 대상은 온라인 성경 66권이라는 텍스트 코퍼스에 대한 내용분석과 사회네트워크분석 방법론이며, '온라인 커뮤니티'와 '넷노그래피'는 방법론적 참고로만 등장할 뿐, 공통 관심사를 가진 사용자들의 상호작용 공간인 온라인 커뮤니티를 분석 대상으로 삼지 않는다. | has_community=True role_relevant=False env_relevant=False | 이 논문은 온라인 성경 66권의 텍스트에 내용분석과 사회네트워크분석을 결합한 혼합연구방법을 제시하는 것이 주된 목적이며, '온라인 커뮤니티를 연구하는 질적 방법론인 넷노그래피'라는 표현은 방법론적 참고로 언급될 뿐, 실제 분석 대상은 성경 텍스트의 핵심어 네트워크이지, 상호작용하는 사용자의 온라인 커뮤니티가 아니므로 커뮤니티 존재 여부는 부정한다.","이 논문은 온라인 성경 66권의 텍스트를 내용분석과 사회 네트워크 분석의 대상으로 삼고 있으며, '온라인 커뮤니티'는 넷노그래피라는 방법론의 출처를 지목하기 위한 언급에 불과하여 커뮤니티 자체가 분석 대상이 아니다. | 이 논문의 분석 대상은 온라인 성경 66권이라는 텍스트 코퍼스에 대한 내용분석과 사회네트워크분석 방법론이며, '온라인 커뮤니티'와 '넷노그래피'는 방법론적 참고로만 등장할 뿐, 공통 관심사를 가진 사용자들의 상호작용 공간인 온라인 커뮤니티를 분석 대상으로 삼지 않는다. | 이 논문은 온라인 성경 66권의 텍스트에 내용분석과 사회네트워크분석을 결합한 혼합연구방법을 제시하는 것이 주된 목적이며, '온라인 커뮤니티를 연구하는 질적 방법론인 넷노그래피'라는 표현은 방법론적 참고로 언급될 뿐, 실제 분석 대상은 성경 텍스트의 핵심어 네트워크이지, 상호작용하는 사용자의 온라인 커뮤니티가 아니므로 커뮤니티 존재 여부는 부정한다.",True,3/3,run1:없음; run2:없음; run3:없음
ART002858986,COVID-19 상황하에서 온라인 브랜드 커뮤니티 유형별 서비스 품질 결정요인이 사용자 만족도에 미치는 영향,하유신(우송대학교),2022,인터넷전자상거래연구,kor,OK,ROLE_WINDOW_MISC,,run1:없음; run2:없음; run3:없음,"has_community=True role_relevant=True env_relevant=True | 본 논문은 소비자 주도·기업 운영·제3자 운영 등 세 유형 온라인 브랜드 커뮤니티의 운영 방식(ENV_OPERATING_METHOD)을 비교하면서, 각 유형이 브랜드 서비스 품질에 미치는 차이를 분석함으로써 온라인 커뮤니티라는 공간 자체의 사회적 역할(장)을 조명하고 있다. | has_community=True role_relevant=True env_relevant=True | 이 논문은 소비자 중심·기업 운영·제3자 개방형이라는 세 가지 온라인 브랜드 커뮤니티의 운영 주체와 구조를 비교(ENV)하면서, 각 유형이 브랜드 서비스 품질을 제공하는 공론장·관계 형성의 장(ROLE)으로서 기능하는 방식을 분석한다. | has_community=True role_relevant=True env_relevant=True | 이 논문은 브랜드 서비스 품질을 분석하기 위해 온라인 브랜드 커뮤니티를 서비스 제공의 '장'으로 삼는 동시에, 소비자 주도·기업 운영·제3자 개방 세 유형을 비교함으로써 커뮤니티의 운영 주체라는 구조적 조건(ENV)에 따른 차이를 분석한다.","[ROLE] 본 논문은 코로나19 시기에 기업의 온라인 브랜드 커뮤니티 운영 모델(소비자 중심·기업 운영·제3자 개방)과 서비스 품질 결정요인을 비교 분석하는 것으로, 온라인 커뮤니티 공간 자체의 구조를 다루되 공론장이나 이용자 간 사회적 자본이 아닌 '기업의 디지털 브랜드 전략'이라는 외부 현상을 보여주는 창(WINDOW_MISC)으로 기능한다. | [ENV] 본 연구는 COVID-19 기간 중 온라인 브랜드 커뮤니티의 운영 유형(소비자 주도·기업 운영·제3자 개방)을 비교하되, 분석 대상이 서비스 품질 결정요인(형성성·신뢰성·반응성·상호작용·정보 제공·안정성)에 국한되어 회원제 차등·운영자 제재·생애주기·익명성 등 네 코드 어느 하나도 충족하지 못한다. | [ROLE] 본 논문은 COVID-19 맥락에서 온라인 브랜드 커뮤니티의 운영 모델과 소비자 만족 결정요인(형성성, 신뢰성, 대응성, 상호작용, 정보 제공 유형, 안정성)을 분석하는 경영·마케팅 연구로, 커뮤니티 공간 자체를 분석 대상으로 삼되 공론장 검증이나 이용자 간 관계적 자원 형성을 다루지 않으며, COVID-19를 외부 현상으로 보여주기 위한 창으로도 기능하지 않으므로 6개 코드 모두 미부여. | [ENV] 본 논문은 코로나19 기간 중 세 유형(소비자 주도·기업 운영·제3자 운영)의 온라인 브랜드 커뮤니티를 비교하여 서비스 품질 결정요인(형성성, 신뢰성, 반응성, 상호작용, 정보 제공 유형, 안정성)을 탐색하는 마케팅·경영 연구로, 회원제·운영 규정·생애주기·익명성 등 커뮤니티의 환경적·구조적 조건을 분석 대상으로 삼지 않으므로 4개 코드 모두 미부여로 판단한다. | [ROLE] 이 논문은 코로나19 시기 기업의 온라인 브랜드 커뮤니티 운영 모델과 소비자 만족 결정요인을 분석하는 경영·마케팅 연구로, 온라인 커뮤니티는 기업 디지털 브랜드 전략과 소비자 서비스 품질이라는 외부 사회현상을 보여주는 창(WINDOW_MISC)으로 기능하며, 커뮤니티 공간 자체의 공론장·사회자본 역할은 분석 대상이 아니다. | [ENV] 본 논문은 브랜드 커뮤니티의 서비스 품질 결정요인을 소비자 중심·기업 운영·제3자 운영 유형별로 비교하는 경영학적 분석이며, 4개 ENV 코드 각각이 요구하는 회원 등급 차이, 운영규칙·제재 절차, 커뮤니티 자체의 성장·쇠퇴 단계, 익명성 수준의 실제 비교·분석을 담고 있지 않으므로 전부 미부여로 판단한다.",False,1/3,run1:ROLE_WINDOW_MISC; run2:없음; run3:ROLE_WINDOW_MISC
ART003226632,Research on Risk Identification and Assessment of the UK High-Speed Rail HS2 Project Based on the AHP-ISM Model,한강월(신라대학교 산업디자인대학원),2025,기업경영연구,kor,ERR,,,run1:없음; run2:없음; run3:없음,"has_community=True role_relevant=False env_relevant=False | 이 논문은 영국 HS2 고속철도 프로젝트의 건설 단계 위험 관리(AHP·ISM 분석)를 다루며, 온라인 커뮤니티의 존재·역할·환경 조건 중 어느 것도 분석 대상에 포함하지 않는다. | has_community=False role_relevant=False env_relevant=False | 이 논문은 영국 HS2 고속철도 건설 프로젝트의 위험관리(경제적 위험, 계약 위험)를 AHP·ISM 방법으로 분석하는 공학·경영 연구로서, 온라인 커뮤니티는 등장하지 않는다. | has_community=True role_relevant=False env_relevant=False | 이 논문은 영국 HS2 고속철도 건설 프로젝트의 투자 위험 관리(AHP·ISM)를 다루는 공학·건설관리 연구로, 온라인 커뮤니티를 분석 대상이나 연구 재료로 삼지 않으며, 커뮤니티의 역할이나 환경적 조건도 전혀 논하지 않는다.","이 논문은 영국 HS2 고속철도 프로젝트의 건설 단계 위험 관리(AHP·ISM 분석)를 다루며, 온라인 커뮤니티의 존재·역할·환경 조건 중 어느 것도 분석 대상에 포함하지 않는다. | 이 논문은 영국 HS2 고속철도 건설 프로젝트의 위험관리(경제적 위험, 계약 위험)를 AHP·ISM 방법으로 분석하는 공학·경영 연구로서, 온라인 커뮤니티는 등장하지 않는다. | 이 논문은 영국 HS2 고속철도 건설 프로젝트의 투자 위험 관리(AHP·ISM)를 다루는 공학·건설관리 연구로, 온라인 커뮤니티를 분석 대상이나 연구 재료로 삼지 않으며, 커뮤니티의 역할이나 환경적 조건도 전혀 논하지 않는다.",True,3/3,run1:없음; run2:없음; run3:없음
ART003258410,온라인 커뮤니티 특성이 참여도와 구매의도에 미치는 영향 : 오피니언 리더십의 조절효과,장성초(신한대학교 글로벌경영학과),2025,고객만족경영연구,kor,OK,ROLE_WINDOW_MISC,,run1:없음; run2:없음; run3:없음,"has_community=True role_relevant=True env_relevant=False | 이 논문은 온라인 커뮤니티가 소비자의 정보 획득·사회적 상호작용·구매 의사결정을 위한 핵심 플랫폼으로서의 사회적 역할(장)을 분석 대상으로 삼되, 명성·신뢰성·효율성·상호작용성은 커뮤니티의 일반적 기능적 속성으로 다루고 회원제·제재·익명성·생애주기 등 운영 방침이나 구조적 환경 조건에 따른 차이·비교를 분석하지 않으므로 env는 해당하지 않는다. | has_community=True role_relevant=True env_relevant=False | 이 논문은 온라인 커뮤니티의 명성·신뢰성·효율성·상호작용성이라는 특성 요인이 사용자 참여도와 구매 의도에 미치는 영향을 분석하여, 커뮤니티가 정보 획득과 구매 의사결정을 위한 '장'으로서의 역량을 검토하나, 회원제·제재·익명성·생애주기 등 커뮤니티 고유한 구조적·환경적 조건을 비교·검토하지는 않는다. | has_community=True role_relevant=True env_relevant=False | 이 논문은 온라인 커뮤니티를 소비자의 정보 획득·사회적 상호작용·구매 의사결정을 위한 핵심 플랫폼(비즈니스 인프라)으로서의 사회적 역할을 분석 대상으로 삼아 '장'으로 조명하나, 명성·신뢰성·효율성·상호작용성은 커뮤니티의 구조적·운영적 조건(회원제, 제재 방식, 익명성, 생애주기 등)이 아닌 사용자 인식 차원의 품질 속성이므로 ENV에는 해당하지 않는다.","[ROLE] 본 연구는 온라인 커뮤니티를 디지털 경제에서 소비자 구매 의사결정을 관찰하는 창(WINDOW_MISC)으로 활용하며, 커뮤니티의 구조적 특성(명성·신뢰성·효율성·상호작용성)이 참여와 구매 의도에 미치는 영향을 검증하지만, 이는 공론장 검증이나 이용자 간 관계적 자원 분석이 아니므로 FIELD 계열은 미부여된다. | [ROLE] 본 연구는 온라인 커뮤니티를 디지털 경제 시대의 소비자 구매 의사결정이라는 외부 사회현상을 분석하는 플랫폼·컨텍스트로 활용하며, 커뮤니티 고유 특성(명성·신뢰성·효율성·상호작용성)이 참여도와 구매 의도에 미치는 인과 메커니즘을 검증하는 소비자 행동 연구이므로 WINDOW_MISC에 부합하나, 커뮤니티 자체의 구조를 다루는 측면도 있어 확률은 중간 수준이다. | [ROLE] 본 연구는 온라인 커뮤니티의 구조적 특성(명성·신뢰성·효율성·상호작용성)이 사용자 참여도 및 구매 의도에 미치는 인과 메커니즘을 계량 모델로 검증하는 마케팅·소비자 행동 연구로, 공론장·사회자본·양극화·젠더·혐오·기타 외부 사회현상 어느 6개 코드에도 명확히 부합하지 않는다.",False,1/3,run1:ROLE_WINDOW_MISC; run2:ROLE_WINDOW_MISC; run3:없음
ART003357604,온라인 커뮤니티 관여도와 디지털 자산 거래 성과,장영진(연세대학교),2026,경영컨설팅연구,kor,ERR,,,run1:없음; run2:없음; run3:없음,"has_community=True role_relevant=True env_relevant=False | 이 논문은 NFT 커뮤니티를 프로젝트의 경제적 성과를 산출하는 '장'으로 조명하지만, 회원제·익명성·운영·제재 방식 등 커뮤니티의 구조적·환경적 조건을 비교·분석하는 것은 아니며, 관여도 수준을 연속 변수로 측정하는 데 그치므로 env_relevant는 false이다. | has_community=True role_relevant=True env_relevant=False | 이 논문은 NFT 프로젝트의 소통 공간인 NFT 커뮤니티의 관여도(유저·관리자 참여)가 NFT 컬렉션의 거래량·가격에 미치는 영향을 실증 분석하여, 커뮤니티가 프로젝트 가치 형성의 핵심 매개인 '장'으로서의 역할을 조명하지만, 회원제·익명성·운영·제재 방식 등 구조적·환경적 조건에 따른 차이·비교를 다루지는 않는다. | has_community=True role_relevant=True env_relevant=False | 이 논문은 NFT 커뮤니티를 프로젝트의 성공과 NFT 컬렉션의 거래량·가격에 영향을 미치는 '장'으로서 그 사회적 역할을 분석 대상으로 삼고 있으나, 회원제·익명성·제재 방식·생애주기 등 커뮤니티의 구조적·환경적 조건에 따른 차이·비교를 다루지 않으므로 env_relevant는 false이다.","[ROLE] 본 연구는 NFT 커뮤니티라는 공간 내부의 이용자·관리자 관여(참여)가 거래량·가격에 미치는 영향을 실증 분석하는 것으로, 커뮤니티 공간 자체의 역동을 다루는 FIELD 성격을 띠나, 공론장 검증도 신뢰·연대 등 관계적 자원 효과 분석도 아닌 시장 가치 메커니즘에 초점을 두어 6개 코드 중 어느 하나에도 명확히 귀속되지 않는다. | [ROLE] 본 연구는 NFT 커뮤니티 내 유저·관리자 간 관여도(참여·상호작용)가 NFT 컬렉션의 거래량·가격에 미치는 인과적 효과를 실증적으로 분석하는 것으로, 커뮤니티 공간 안의 상호작용을 다루는 FIELD 계열에 가까우나 그 대상이 신뢰·연대·숙의 등 공론장·사회자본의 질적 평가가 아닌 시장 성과에 대한 관여도의 인과효과이므로 6개 코드 중 어느 하나도 0.5를 넘기지 못한다. | [ROLE] 이 논문은 NFT 커뮤니티라는 공간 안에서 관리자와 유저 간 관여도(참여·정보공유·상호작용)라는 관계적 자원의 강도가 NFT 거래량·가격에 미치는 효과를 실증 분석하므로, 커뮤니티 내 상호작용의 관계적 측면을 다룬 장(사회자본)으로서의 역할을 조명한다.",False,2/3,run1:없음; run2:없음; run3:ROLE_FIELD_SOCIALCAPITAL
ART002244338,The Coexistance of Online Communities: An Agent-Based Simulation from an Ecological Perspective,Luyang Han(National University of Singapore),2017,경영정보학연구,kor,OK,,ENV_COMMUNITY_LIFECYCLE,run1:없음; run2:없음; run3:없음,"has_community=True role_relevant=False env_relevant=True | 이 논문은 온라인 커뮤니티의 공존·생존을 에이전트 기반 시뮬레이션으로 분석하며, 커뮤니티 규모, 참여 비용, 관심사 분포 등 구조적·환경적 조건이 커뮤니티 발달과 성패에 미치는 영향을 규명하므로, 커뮤니티의 사회적 역할(창·장)을 조명하기보다 운영 구조와 생애주기 조건(ENV_COMMUNITY_GOVERNANCE, ENV_COMMUNITY_LIFECYCLE)을 중심으로 분석한다. | has_community=True role_relevant=False env_relevant=True | 이 논문은 온라인 커뮤니티의 생애주기(형성·쇠퇴)를 중심으로 커뮤니티 규모, 참여 비용, 관심사 분포라는 구조적·환경적 조건을 비교·모의하여 커뮤니티 생존에 미치는 영향을 분석하므로 환경(ENV) 조명이 해당하나, 커뮤니티를 외부 현상을 보여주는 창이나 사회적 기능을 갖는 장으로 조명하지는 않으므로 역할(ROLE) 조명은 해당하지 않는다. | has_community=True role_relevant=True env_relevant=True | 이 논문은 온라인 커뮤니티의 공존·생존 역학을 에이전트 기반 시뮬레이션으로 분석하여 커뮤니티 공간 자체의 사회적 기능(장)을 다루며, 동시에 커뮤니티 크기·참여 비용·관심사 분포 등 구조적·환경적 조건이 커뮤니티 형성과 쇠퇴에 미치는 영향을 비교·검토하므로(ENV: 생애주기·운영 조건) role과 env가 동시에 해당한다.","[ENV] 본 연구는 두 개의 공존 커뮤니티를 에이전트 기반 시뮬레이션으로 비교하며 커뮤니티 크기·참여 비용이 성장·생존·쇠퇴라는 생애주기적 결과에 미치는 영향을 분석하므로 ENV_COMMUNITY_LIFECYCLE만 부여하고, 회원제·운영체계·익명성 관련 비교는 텍스트에 존재하지 않아 나머지 3코드는 미부여로 판단한다. | [ENV] 이 논문은 agent-based simulation을 통해 커뮤니티의 규모·참여 비용·관심 분포가 성장·수렴·생존/쇠퇴에 미치는 영향을 모델링함으로써, 커뮤니티 자체의 생애주기(형성→성장→수렴/쇠퇴)를 핵심 분석 대상으로 삼고 있으므로 ENV_COMMUNITY_LIFECYCLE만 부여하고, 회원제·운영체계·익명성 조건에 대한 비교 분석은 없으므로 나머지 세 코드는 미부여한다. | [ROLE] 본 연구는 에이전트 기반 시뮬레이션을 통해 온라인 커뮤니티 자체의 생존·공존 역학(커뮤니티 규모, 참여 비용, 관심사 분포)을 조직생태학 관점에서 분석하므로 커뮤니티 공간 자체를 분석 대상으로 삼는 FIELD 계열에 가깝지만, 공론장 검증이나 이용자 간 관계적 자원 형성이라는 FIELD 두 코드에 모두 직접 부합하지 않으며, 외부 사회현상을 보여주는 WINDOW로도 분류되지 않아 6개 코드 모두 미부여. | [ENV] 본 논문은 조직생태학의 공존(coexistence) 틀을 온라인 커뮤니티에 적용하여, 커뮤니티 규모·참여 비용·관심 분포가 커뮤니티의 성장과 쇠퇴(생존 vs. 실패)라는 생애주기적 결과에 어떤 영향을 미치는지를 두 커뮤니티를 비교·시뮬레이션하므로 ENV_COMMUNITY_LIFECYCLE에 부여하고, 나머지 세 코드는 해당 조건을 분석 대상으로 다루지 않아 미부여로 판단한다.",True,0/3,run1:ENV_COMMUNITY_LIFECYCLE; run2:ENV_COMMUNITY_LIFECYCLE; run3:ENV_COMMUNITY_LIFECYCLE
ART003066298,온라인 건강 지식 커뮤니티에서의 커뮤니티 정체성 인식이 심리적 계약과 지식 기여 사이의 관계에 미치는 영향: 지식 공유 자기효능감의 조절 역할,장형유(경상국립대학교 경영학부),2024,마케팅논집(Journal of Marketing Studies),kor,OK,ROLE_FIELD_SOCIALCAPITAL,,run1:없음; run2:없음; run3:없음,"has_community=True role_relevant=True env_relevant=False | 이 논문은 온라인 건강 지식 커뮤니티(VHC)를 분석 대상으로 삼아 사용자의 심리적 계약이 커뮤니티 동일성과 지식 기여 행동에 미치는 영향을 규명함으로써, 커뮤니티를 지식 공유와 정체성 형성의 장(ROLE_FIELD)으로 조명하나, 회원제·익명성·운영 방침 등 구조적·환경적 조건을 비교하거나 변수로 다루지 않으므로 env_relevant는 아니다. | has_community=True role_relevant=True env_relevant=False | 이 논문은 온라인 건강 지식 커뮤니티(VHC) 내 회원의 심리적 계약(거래·관계)이 커뮤니티 동일성과 지식 기여 행동에 미치는 영향을 분석함으로써, 커뮤니티를 지식 공유와 집단 정체성 형성의 '장'으로 조명하나, 회원제·익명성·운영 방침 등 구조적·환경적 조건에 따른 차이나 비교를 다루지 않는다. | has_community=True role_relevant=True env_relevant=False | 이 논문은 온라인 건강 지식 커뮤니티(VHC)를 지식이 공유되고 커뮤니티 동일성이 형성되는 '장'으로 삼아, 심리적 계약이 지식 기여 행동에 미치는 영향을 분석하므로 role_relevant이며, 다만 회원제·제재·익명성 등 커뮤니티의 구조적·환경적 조건을 비교·분석하지 않으므로 env_relevant는 아니다.","[ROLE] 본 연구는 온라인 건강 지식 커뮤니티 내부에서 이용자와 커뮤니티 간 심리적 계약(거래·관계)이 커뮤니티 동일성과 지식 공유 행동에 미치는 영향을 구조방정식으로 실증 분석하므로, 이용자 간 관계적 자원(지식 공유·공동체 유대)의 형성과 효과를 다루는 장으로서의 사회자본 역할에 해당한다. | [ROLE] 본 연구는 온라인 건강 지식 커뮤니티 내에서 심리적 계약→커뮤니티 동일성→지식 기여라는 개인 수준의 인과 경로를 구조방정식으로 검증하는 것이므로, 장(FIELD)으로서의 공간 분석에 가깝지만 공론장 검증도 아니고, '커뮤니티 동일성'은 개인이 내면화하는 정체성 서술로 사회자본 판별 기준에서 배제되며, 지식 기여의 관계적 당사자가 이용자 간이라기보다 이용자-커뮤니티(플랫폼) 간이므로 6개 코드 중 어느 하나도 0.5에 미치지 못한다. | [ROLE] 이 논문은 온라인 건강 지식 커뮤니티(VHC) 내부에서 이용자의 심리적 계약이 커뮤니티 동일성과 지식 공유 행동에 미치는 영향을 구조방정식으로 분석함으로써, 이용자 간 참여·공유라는 관계적 자원의 형성 및 효과를 조명하는 장(FIELD·SOCIALCAPITAL)으로서의 온라인 커뮤니티 역할을 다루고 있다.",False,1/3,run1:ROLE_FIELD_SOCIALCAPITAL; run2:없음; run3:ROLE_FIELD_SOCIALCAPITAL
ART003116907,Mechanism of Quantified-Self Consciousness in Customer Participation Behavior: Based on Self Concept Theory,"진홍(Business College, Jiangxi Normal University)",2024,글로벌경영학회지,kor,ERR,,,run1:없음; run2:없음; run3:없음,"has_community=True role_relevant=False env_relevant=False | 이 논문은 양화자기(quantified-self) 의식이라는 심리적 구성물이 온라인 커뮤니티 내 참여 행동에 미치는 영향을 개별 심리 변수(외향성, tie strength)를 조정변수로 넣어 검증하는 연구로, 온라인 커뮤니티는 참여행동이 발생하는 맥락·장소로 언급될 뿐 커뮤니티의 사회적 역할이나 구조적·환경적 조건(운영방식, 익명성, 생애주기 등)을 분석 대상으로 삼지 않는다. | has_community=True role_relevant=False env_relevant=False | 이 논문은 quantified-self consciousness(QSC)라는 심리 구성이 온라인 맥락에서의 참여 행동에 미치는 영향을 분석하는 것으로, 온라인 커뮤니티는 참여 행동을 관찰하는 배경·장소로 언급될 뿐 그 사회적 역할(창/장)이나 구조적·환경적 조건(회원제, 익명성, 운영 방침 등)을 분석 대상으로 삼지 않는다. | has_community=False role_relevant=False env_relevant=False | 이 논문은 양적 자기(quantified-self) 의식(QSC)이라는 심리 구성물이 온라인 맥락에서의 참여 행동에 미치는 영향을 연구하며, '온라인 커뮤니티'는 조직 수준에서 'tie strength' 조절 변수로 한 번 언급될 뿐 커뮤니티 자체의 구조·역할·환경을 분석 대상으로 삼지 않는다.","이 논문은 양화자기(quantified-self) 의식이라는 심리적 구성물이 온라인 커뮤니티 내 참여 행동에 미치는 영향을 개별 심리 변수(외향성, tie strength)를 조정변수로 넣어 검증하는 연구로, 온라인 커뮤니티는 참여행동이 발생하는 맥락·장소로 언급될 뿐 커뮤니티의 사회적 역할이나 구조적·환경적 조건(운영방식, 익명성, 생애주기 등)을 분석 대상으로 삼지 않는다. | 이 논문은 quantified-self consciousness(QSC)라는 심리 구성이 온라인 맥락에서의 참여 행동에 미치는 영향을 분석하는 것으로, 온라인 커뮤니티는 참여 행동을 관찰하는 배경·장소로 언급될 뿐 그 사회적 역할(창/장)이나 구조적·환경적 조건(회원제, 익명성, 운영 방침 등)을 분석 대상으로 삼지 않는다. | 이 논문은 양적 자기(quantified-self) 의식(QSC)이라는 심리 구성물이 온라인 맥락에서의 참여 행동에 미치는 영향을 연구하며, '온라인 커뮤니티'는 조직 수준에서 'tie strength' 조절 변수로 한 번 언급될 뿐 커뮤니티 자체의 구조·역할·환경을 분석 대상으로 삼지 않는다.",True,3/3,run1:없음; run2:없음; run3:없음
ART002913072,How User-Generated Content Characteristics Influence the Impulsive Consumption: Moderating Effect of Tie Strength,"라위의(Hunan Institute of Humanities, Science and Technology, China)",2022,지식경영연구,kor,ERR,,,run1:없음; run2:없음; run3:없음,"has_community=True role_relevant=True env_relevant=False | 이 논문은 소셜커머스 맥락에서 온라인 커뮤니티의 UGC 특성과 사용자 간 지대 강도(tie strength)를 매개로 충동구매의 내적 메커니즘을 분석함으로써, 커뮤니티는 소비자 충동소비 현상을 보여주는 '창'으로 기능하나, 커뮤니티의 회원제·운영방침·익명성·생애주기 등 구조적·환경적 조건을 차이나 비교의 변수로 다루지는 않는다. | has_community=True role_relevant=False env_relevant=False | 본 연구는 소셜커머스 환경의 UGC가 소비자의 충동구매에 미치는 영향을 S-O-R 모형으로 분석하는 것이며, 온라인 커뮤니티는 UGC가 생성·유통되는 매개 배경으로 언급될 뿐, 커뮤니티의 사회적 역할(창/장)이나 구조적·운영적 환경 조건(회원제, 익명성, 제재 방식 등)을 분석 대상으로 삼지 않으므로 role·env 모두 해당하지 않는다. | has_community=True role_relevant=False env_relevant=False | 이 논문은 소셜 커머스 맥락에서 온라인 커뮤니티의 UGC 특성이 소비자의 충동구매에 미치는 영향을 S-O-R 모델로 분석하며, 커뮤니티는 소비자 행동 연구의 데이터 출처·플랫폼으로만 기능하고, 커뮤니티의 사회적 역할(창/장)이나 구조적·환경적 조건(회원제, 익명성, 운영 방침 등)에 대한 비교·분석은 이루어지지 않는다.","[ROLE] 본 논문은 온라인 커뮤니티 내 UGC 특성이 소비자 충동구매에 미치는 영향을 S-O-R 모델로 분석하는 것으로, 커뮤니티 공간 자체의 공론장·관계적 자원 형성이 아니라 커뮤니티를 매개로 한 소비자 구매행동(전자상거래/충동소비)이라는 외부 사회현상을 조망하는 창(WINDOW_MISC)의 성격을 가진다. | 본 연구는 소셜커머스 환경의 UGC가 소비자의 충동구매에 미치는 영향을 S-O-R 모형으로 분석하는 것이며, 온라인 커뮤니티는 UGC가 생성·유통되는 매개 배경으로 언급될 뿐, 커뮤니티의 사회적 역할(창/장)이나 구조적·운영적 환경 조건(회원제, 익명성, 제재 방식 등)을 분석 대상으로 삼지 않으므로 role·env 모두 해당하지 않는다. | 이 논문은 소셜 커머스 맥락에서 온라인 커뮤니티의 UGC 특성이 소비자의 충동구매에 미치는 영향을 S-O-R 모델로 분석하며, 커뮤니티는 소비자 행동 연구의 데이터 출처·플랫폼으로만 기능하고, 커뮤니티의 사회적 역할(창/장)이나 구조적·환경적 조건(회원제, 익명성, 운영 방침 등)에 대한 비교·분석은 이루어지지 않는다.",False,2/3,run1:ROLE_WINDOW_MISC; run2:없음; run3:없음
ART003250677,기술과 창작의 경계: 생성형 AI의 가능성과 제약 탐구,박하은(경희대학교),2025,지식경영연구,kor,ERR,,,run1:없음; run2:없음; run3:없음,"has_community=False role_relevant=False env_relevant=False | 본 연구의 분석 대상은 생성형 AI의 기술적 가능성·제약과 창작 경계 확장이며, 온라인 커뮤니티는 netnography 방법의 데이터 수집 장소로만 활용될 뿐 커뮤니티 자체의 역할이나 환경적 조건이 연구 대상이 아니므로 커뮤니티 존재 여부를 인정하지 않는다. | has_community=True role_relevant=False env_relevant=False | 이 논문은 생성형 AI가 창작의 경계를 어떻게 확장·제약하는지를 탐구하는 것을 목표로 하며, 온라인 커뮤니티 담론은 netnography의 데이터 수집 통로로서만 활용되고, 커뮤니티 자체를 창이나 장으로 조명하지도, 회원제·익명성·운영 방침 등 환경적 조건을 고려하지도 않으므로 role·env 모두 해당하지 않는다. | has_community=True role_relevant=False env_relevant=False | 이 논문은 생성형 AI의 기술적 affordances·constraints와 창작자 주체성·정체성·소유권 재구성을 분석 대상으로 삼고, 온라인 커뮤니티 담론은 netnography 기반의 데이터 수집 통로로만 활용하며, 커뮤니티 자체의 사회적 역할(창·장)이나 구조적·환경적 조건(회원제, 운영 방침, 익명성 등)을 분석 대상이나 비교 변수로 다루지 않는다.","본 연구의 분석 대상은 생성형 AI의 기술적 가능성·제약과 창작 경계 확장이며, 온라인 커뮤니티는 netnography 방법의 데이터 수집 장소로만 활용될 뿐 커뮤니티 자체의 역할이나 환경적 조건이 연구 대상이 아니므로 커뮤니티 존재 여부를 인정하지 않는다. | 이 논문은 생성형 AI가 창작의 경계를 어떻게 확장·제약하는지를 탐구하는 것을 목표로 하며, 온라인 커뮤니티 담론은 netnography의 데이터 수집 통로로서만 활용되고, 커뮤니티 자체를 창이나 장으로 조명하지도, 회원제·익명성·운영 방침 등 환경적 조건을 고려하지도 않으므로 role·env 모두 해당하지 않는다. | 이 논문은 생성형 AI의 기술적 affordances·constraints와 창작자 주체성·정체성·소유권 재구성을 분석 대상으로 삼고, 온라인 커뮤니티 담론은 netnography 기반의 데이터 수집 통로로만 활용하며, 커뮤니티 자체의 사회적 역할(창·장)이나 구조적·환경적 조건(회원제, 운영 방침, 익명성 등)을 분석 대상이나 비교 변수로 다루지 않는다.",True,3/3,run1:없음; run2:없음; run3:없음
ART003358895,전통시장 바가지요금 온라인 담론과 가격공정성 : 소셜 빅데이터 텍스트마이닝 분석,이형태(숭실대학교 벤처중소기업학과),2026,벤처혁신연구,kor,ERR,,,run1:없음; run2:없음; run3:없음,"has_community=False role_relevant=False env_relevant=False | 온라인 커뮤니티는 뉴스·블로그·카페·지식인과 함께 2,874건의 텍스트를 수집하는 다섯 데이터 소스 중 하나로 언급될 뿐, 커뮤니티의 상호작용·구조·사회적 역할 자체를 분석 대상으로 삼지 않고, 수집된 게시글 텍스트에 대한 TF-IDF·의미연결망·CONCOR 분석을 수행하는 담론 내용 연구이므로 커뮤니티가 분석 대상이 아닌 수집 통로에 그친다. | has_community=True role_relevant=False env_relevant=False | 이 논문은 바가지요금 담론 구조를 분석하기 위해 뉴스·블로그·카페·온라인 커뮤니티·지식인 등 다수 플랫폼의 텍스트를 데이터 소스로 수집하였을 뿐, 온라인 커뮤니티 자체의 사회적 역할이나 구조적·환경적 조건을 분석 대상이나 비교 변수로 삼지 않으므로 커뮤니티는 연구의 재료(채널)로서만 등장한다. | has_community=False role_relevant=False env_relevant=False | 이 논문은 온라인 커뮤니티를 뉴스·블로그·카페·지식인과 나란히 데이터 수집 채널 중 하나로만 활용하여 바가지요금 담론 구조를 분석할 뿐, 커뮤니티 자체를 분석 대상으로 삼지 않으므로 커뮤니티 존재 여부에서 제외된다.","온라인 커뮤니티는 뉴스·블로그·카페·지식인과 함께 2,874건의 텍스트를 수집하는 다섯 데이터 소스 중 하나로 언급될 뿐, 커뮤니티의 상호작용·구조·사회적 역할 자체를 분석 대상으로 삼지 않고, 수집된 게시글 텍스트에 대한 TF-IDF·의미연결망·CONCOR 분석을 수행하는 담론 내용 연구이므로 커뮤니티가 분석 대상이 아닌 수집 통로에 그친다. | 이 논문은 바가지요금 담론 구조를 분석하기 위해 뉴스·블로그·카페·온라인 커뮤니티·지식인 등 다수 플랫폼의 텍스트를 데이터 소스로 수집하였을 뿐, 온라인 커뮤니티 자체의 사회적 역할이나 구조적·환경적 조건을 분석 대상이나 비교 변수로 삼지 않으므로 커뮤니티는 연구의 재료(채널)로서만 등장한다. | 이 논문은 온라인 커뮤니티를 뉴스·블로그·카페·지식인과 나란히 데이터 수집 채널 중 하나로만 활용하여 바가지요금 담론 구조를 분석할 뿐, 커뮤니티 자체를 분석 대상으로 삼지 않으므로 커뮤니티 존재 여부에서 제외된다.",True,3/3,run1:없음; run2:없음; run3:없음
ART003228515,온라인 비디오 추천 시스템의 프라이버시 논의 동향: GDPR 도입 전후 텍스트 마이닝을 중심으로,김주영(한국과학기술원),2025,윤리경영연구,kor,OK,ROLE_WINDOW_MISC,,run1:없음; run2:없음; run3:없음,"has_community=True role_relevant=True env_relevant=False | 이 논문은 Reddit r/cybersecurity 커뮤니티 내 프라이버시 담론을 분석하여 GDPR이라는 외부 규제 변화가 사용자들의 개인정보 인식에 미치는 영향을 관찰하는 창(ROLE_WINDOW)으로 커뮤니티를 활용하며, 커뮤니티 자체의 구조적·환경적 조건(회원제, 익명성, 제재 방식 등)을 변수로 삼아 비교·분석하지는 않는다. | has_community=True role_relevant=True env_relevant=False | 이 논문은 Reddit의 r/cybersecurity 서브레딧을 분석 대상 온라인 커뮤니티로 설정하여 GDPR 발효 전후의 프라이버시 담론 변화를 텍스트 마이닝으로 추적하며, 커뮤니티를 규제 환경 변화에 대한 사용자의 프라이버시 계산(privacy calculus)이 어떻게 전환되는지를 관찰하는 창(ROLE_WINDOW)으로 조명하나, 커뮤니티의 회원제·운영 방식·익명성 등 내부 구조·환경 조건 자체를 분석 대상으로는 삼지 않는다. | has_community=True role_relevant=True env_relevant=False | 이 논문은 Reddit r/cybersecurity 서브레딧을 분석 대상으로 삼아 GDPR 발효라는 외부 규제 환경 변화가 커뮤니티 내 프라이버시 담론에 미치는 영향을 텍스트 마이닝으로 추적함으로써, 커뮤니티를 외부 사회현상(규제 변화에 따른 프라이버시 담론 전환)을 보여주는 '창'으로 활용하나, 커뮤니티 자체의 구조적·환경적 조건(회원제, 익명성, 운영·제재 방식 등)을 비교하거나 차이를 분석하지는 않는다.","[ROLE] 이 논문은 EU GDPR 발효라는 외부 규제 환경 변화가 프라이버시 담론에 미치는 영향을 Reddit 커뮤니티 텍스트를 자료로 추적하는 것이므로, 커뮤니티 공간 자체의 공론장·사회자본 역할이 아니라 개인정보 규제 대응이라는 외부 사회현상을 보여주는 창(WINDOW_MISC)으로 기능한다. | [ROLE] 이 논문은 GDPR 발효라는 외부 규제 환경 변화가 프라이버시 담론에 미치는 영향을 Reddit 커뮤니티를 통해 추적하는 것이므로, 온라인 커뮤니티는 외부 사회현상(규제 변화에 따른 개인정보 담론의 전환)을 보여주는 창(ROLE_WINDOW_MISC)으로 기능한다. | [ROLE] 이 논문은 GDPR이라는 외부 규제 환경 변화가 프라이버시 담론에 미치는 영향을 Reddit 서브레딧이라는 커뮤니티 내 게시글을 데이터로 관찰하는 것으로, 온라인 커뮤니티 공간 자체의 역할이 아니라 외부 사회현상(개인정보 규제와 프라이버시 담론의 변화)을 보여주는 창(WINDOW_MISC)으로 기능한다.",True,0/3,run1:ROLE_WINDOW_MISC; run2:ROLE_WINDOW_MISC; run3:ROLE_WINDOW_MISC
ART001262167,온라인 커뮤니티 회원들의 가치제안이 브랜드 애착에 미치는 영향,한광석(남서울대학교),2007,경영과 정보연구,eng,OK,ROLE_WINDOW_MISC,,run1:없음; run2:없음; run3:없음,"has_community=True role_relevant=True env_relevant=False | 이 논문은 온라인 커뮤니티 회원들의 가치 제언이 브랜드 애착에 미치는 영향을 분석하는 것으로, 커뮤니티를 브랜드-소비자 관계를 보여주는 창(ROLE_WINDOW)으로 활용하나, 회원제·익명성·운영 방침 등 환경적 조건을 다루지는 않는다. | has_community=True role_relevant=True env_relevant=False | 이 논문은 온라인 커뮤니티 구성원들의 가치 제안이 브랜드 애착에 미치는 영향을 분석하여, 커뮤니티를 브랜드 인식·소비자 태도를 보여주는 창(ROLE_WINDOW_MISC)으로서 조명하나, 회원제·익명성·운영 방침 등 구조적 조건에 따른 차이는 다루지 않는다. | has_community=True role_relevant=True env_relevant=False | 이 논문은 온라인 커뮤니티 회원들의 가치 제언이 브랜드 애착에 미치는 영향을 분석함으로써, 커뮤니티를 소비자 태도·브랜드 인식이라는 외부 현상을 관찰하는 창(ROLE_WINDOW)으로 활용하나, 회원제·익명성·운영방침 등 커뮤니티의 구조적·환경적 조건 자체를 비교·분석하는 내용은 제목상 확인되지 않는다.","[ROLE] 온라인 커뮤니티 이용자의 가치 제안(후기·추천 등)이 브랜드 애착에 미치는 영향을 다루는 본 논문은, 오프라인 구전(Word-of-Mouth)으로도 존재할 소비자 브랜드 인지의 동인을 온라인 커뮤니티라는 매개체로 관찰하는 것이므로, WINDOW_MISC(소비자 태도·브랜드 인식이라는 외부 사회현상을 보여주는 사례)로 분류된다. | [ROLE] 제목만으로도 분석 대상이 '브랜드 애착(brand affection)'이라는 마케팅·소비자 행동 현상이며, 온라인 커뮤니티는 그 현상의 매개 맥락(가치 제안의 발신 공간)으로 쓰이는 것으로 보아, 외부 사회현상(브랜드 마케팅·소비자 태도)을 보여주는 창(MISC)으로 기능할 가능성이 가장 높으나, '커뮤니티 회원의 가치 제안'이라는 상호작용 기제가 커뮤니티 공간 자체에 의존한다는 점에서 SOCIALCAPITAL 경계 지점에 머물러 있어 텍스트 부재로 확신은 어렵다. | [ROLE] 제목만으로 온라인 커뮤니티 내 가치 제안이 브랜드 애착(마케팅·소비자 행동 영역의 외부 현상)에 미치는 영향을 다루는 것으로 보이나, 텍스트가 제목 한 줄에 불과하여 커뮤니티가 브랜드 애착을 읽는 창인지, 커뮤니티 내 상호작용 자체가 분석 대상인지 판별할 근거가 부족하여 모든 코드에 부여하지 않는다.",False,1/3,run1:ROLE_WINDOW_MISC; run2:ROLE_WINDOW_MISC; run3:없음
ART002730754,온라인 커뮤니티의 네트노그라피 분석을 통한 창업 아이디어 도출 통합모델 제안,오승희(한양대학교),2021,Journal of Information Technology Applications & Management,kor,ERR,,,run1:없음; run2:없음; run3:없음,"has_community=False role_relevant=False env_relevant=False | 이 논문은 국내 기저귀 온라인 카페의 게시글을 창업 아이디어 도출을 위한 데이터 소스(재료)로 활용하는 것일 뿐, 커뮤니티 자체의 사회적 역할이나 구조적·환경적 조건을 분석 대상 삼지 않으므로 커뮤니티 존재 여부를 인정하기 어렵다. | has_community=False role_relevant=False env_relevant=False | 이 논문은 국내 기저귀 온라인 카페 데이터를 창업 아이디어 도출을 위한 연구 자료(재료)로 활용하는 데 그치며, 온라인 커뮤니티 자체의 사회적 역할이나 구조적·환경적 조건을 분석 대상으로 삼고 있지 않으므로 커뮤니티 존재 여부가 성립하지 않는다. | has_community=False role_relevant=False env_relevant=False | 이 논문은 온라인 커뮤니티(국내 기저귀 온라인 카페)의 게시글을 창업 아이디어 도출을 위한 데이터 소스로만 활용하며, 커뮤니티 자체의 사회적 역할이나 구조적·환경적 조건을 분석 대상으로 삼지 않는다.","이 논문은 국내 기저귀 온라인 카페의 게시글을 창업 아이디어 도출을 위한 데이터 소스(재료)로 활용하는 것일 뿐, 커뮤니티 자체의 사회적 역할이나 구조적·환경적 조건을 분석 대상 삼지 않으므로 커뮤니티 존재 여부를 인정하기 어렵다. | 이 논문은 국내 기저귀 온라인 카페 데이터를 창업 아이디어 도출을 위한 연구 자료(재료)로 활용하는 데 그치며, 온라인 커뮤니티 자체의 사회적 역할이나 구조적·환경적 조건을 분석 대상으로 삼고 있지 않으므로 커뮤니티 존재 여부가 성립하지 않는다. | 이 논문은 온라인 커뮤니티(국내 기저귀 온라인 카페)의 게시글을 창업 아이디어 도출을 위한 데이터 소스로만 활용하며, 커뮤니티 자체의 사회적 역할이나 구조적·환경적 조건을 분석 대상으로 삼지 않는다.",True,3/3,run1:없음; run2:없음; run3:없음
ART002397003,"How do Online Product-Related Electronic Network of Interest Grow?: The Role of Content, Communication Activity, and Structure",배성주(연세대학교),2018,연세경영연구,kor,ERR,,,run1:없음; run2:없음; run3:없음,"has_community=True role_relevant=True env_relevant=True | 이 논문은 제품 관련 eNoI를 공통 관심사를 가진 사용자가 상호작용하며 지식·정보를 공유하는 온라인 커뮤니티로 정의하고, 그 성장(생애주기)을 구조적 조건(소통 집중도, 콘텐츠 다양성, 참여·반응성 등)에 따른 차이의 관점에서 분석함으로써 커뮤니티의 사회적 역할(장)과 환경적 조건(ENV)을 동시에 조명한다. | has_community=True role_relevant=True env_relevant=True | 이 논문은 975개의 제품 관련 eNoI(온라인 커뮤니티)의 성장 역학을 분석 대상으로 삼아 그 구조적 조건(중앙화, 주제 다양성, 반응성, 참여 활동)이 성장에 미치는 영향을 실증적으로 비교·검증하므로, 커뮤니티 공간 자체의 성장 구조를 분석하는 '장'으로서의 역할 조명(role)과 운영·구조적 환경 조건(env)을 동시에 고려한다. | has_community=True role_relevant=True env_relevant=True | 이 논문은 제품 관련 온라인 커뮤니티(eNoI)의 성장 역학을 분석 대상으로 삼아(장), 커뮤니케이션 채널·접근성·참여·통신 중앙화 등 구조적·환경적 조건이 커뮤니티 생애주기(성장)에 미치는 영향을 비교·검증하므로 역할과 환경 모두에 해당한다.","[ROLE] 이 논문은 제품 관련 전자적 관심 네트워크(eNoI)의 성장 요인(커뮤니케이션 활동, 네트워크 구조, 집중화)을 실증적으로 검증하며, 커뮤니티 공간 내 이용자 간 연결의 구조적·관계적 측면을 분석 대상으로 삼아 사회자본(네트워크 형성·성장) 계열에 해당하나, 공론장 검증이나 외부 사회현상 창 역할은 두지 않는다. | [ENV] 이 논문은 975개 제품 관련 eNoI의 성장(growth)을 내용·통신활동·구조 변수로 설명하는 네트워크 성장 모델이므로, 커뮤니티 자체의 형성→분화→쇠퇴 전 생애주기 추적이 아니라 성장 단편만 다루고, 회원제·운영체계·익명성 비교도 없어 4개 코드 모두 미부여로 판단한다. | [ROLE] 본 논문은 제품 관련 온라인 커뮤니티(eNoI)의 성장 요인(주제 다양성, 반응성, 커뮤니케이션 집중도)을 관리학 관점에서 실증 분석하는 것으로, 공론장·사회자본·양극화·젠더·혐오 등 6개 ROLE 코드 어느 하나와도 명확히 대응되지 않으며, 커뮤니티 공간 자체의 성장 메커니즘을 다루는 정보시스템·경영 논문이므로 모든 코드는 미부여로 판단된다. | [ENV] 본 논문은 975개 제품 관련 eNoI의 18개월간 '성장(growth)'을 인과적으로 분석하되, 커뮤니티 자체의 형성·분화·쇠퇴 단계 변화를 추적하지 않고, 회원제·운영체계·익명성 차원도 다루지 않아 4개 ENV 코드 모두 미부여로 판단한다. | [ROLE] 본 논문은 제품 관련 온라인 커뮤니티(eNoI)의 성장 동인(내용 다양성, 소통 활동, 네트워크 구조의 집중도)을 관리학적 관점에서 분석하는 것으로, 커뮤니티 공간 안의 네트워크 구조와 소통 패턴을 다루어 FIELD 계열에 가깝지만 공론장 검증도 신뢰·연대 형성의 효과 분석도 아니므로 6개 코드 모두 미부여된다. | [ENV] 본 논문은 제품 관련 전자 관심 네트워크(eNoI)의 성장 요인을 네트워크 구조·콘텐츠·활동 수준에서 분석하나, 회원제·운영체제·생애주기·익명성 등 4개 ENV 코드가 요구하는 '조건 간 차이·비교·변화'를 실제로 분석 대상으로 삼지 않으므로 모두 미부여.",False,2/3,run1:ROLE_FIELD_SOCIALCAPITAL; run2:없음; run3:없음
ART003200514,A study on the factors influencing consumers' intention to use community group buying platforms,이일녕(우석대학교),2025,글로벌경영학회지,kor,ERR,,,run1:없음; run2:없음; run3:없음,"has_community=False role_relevant=False env_relevant=False | 이 논문은 '커뮤니티 그룹바이 플랫폼'이라는 상업적 전자상거래 플랫폼의 IT 품질(정보·시스템·서비스 품질)이 소비자 신뢰와 사용 의도에 미치는 영향을 분석하는 정보시스템 연구로, 공통 관심사·목적에 기반한 지속적 상호작용과 관계 형성을 전제로 한 온라인 커뮤니티가 아닌 거래 중심 플랫폼을 다루므로 커뮤니티 존재 여부 자체가 성립하지 않는다. | has_community=False role_relevant=False env_relevant=False | 이 논문은 '커뮤니티 그룹바이(社区团购) 플랫폼'을 IT 품질(정보·시스템·서비스 품질)→신뢰→사용 의도라는 기술 수용 모델의 적용 대상인 전자상거래 서비스 플랫폼으로 분석하며, '커뮤니티'는 사업 모델의 수식어일 뿐 사용자 간 지속적 상호작용·정보 공유·관계 형성이라는 디지털 공간 자체를 분석 대상으로 삼지 않는다. | has_community=True role_relevant=False env_relevant=False | 이 논문은 커뮤니티 그룹바잉 플랫폼의 IT 품질(정보·시스템·서비스 품질)과 신뢰가 이용 의도에 미치는 영향을 검증하는 기술 수용 연구로서, 온라인 커뮤니티를 공론장·사회현상 창이나 그 자체의 사회적 장으로 조명하지도, 회원제·제재·익명성·생애주기 등 커뮤니티 고유 구조·환경 조건을 고려하지도 않는다.","이 논문은 '커뮤니티 그룹바이 플랫폼'이라는 상업적 전자상거래 플랫폼의 IT 품질(정보·시스템·서비스 품질)이 소비자 신뢰와 사용 의도에 미치는 영향을 분석하는 정보시스템 연구로, 공통 관심사·목적에 기반한 지속적 상호작용과 관계 형성을 전제로 한 온라인 커뮤니티가 아닌 거래 중심 플랫폼을 다루므로 커뮤니티 존재 여부 자체가 성립하지 않는다. | 이 논문은 '커뮤니티 그룹바이(社区团购) 플랫폼'을 IT 품질(정보·시스템·서비스 품질)→신뢰→사용 의도라는 기술 수용 모델의 적용 대상인 전자상거래 서비스 플랫폼으로 분석하며, '커뮤니티'는 사업 모델의 수식어일 뿐 사용자 간 지속적 상호작용·정보 공유·관계 형성이라는 디지털 공간 자체를 분석 대상으로 삼지 않는다. | 이 논문은 커뮤니티 그룹바잉 플랫폼의 IT 품질(정보·시스템·서비스 품질)과 신뢰가 이용 의도에 미치는 영향을 검증하는 기술 수용 연구로서, 온라인 커뮤니티를 공론장·사회현상 창이나 그 자체의 사회적 장으로 조명하지도, 회원제·제재·익명성·생애주기 등 커뮤니티 고유 구조·환경 조건을 고려하지도 않는다.",True,3/3,run1:없음; run2:없음; run3:없음
ART002612507,코로나19 펜데믹(pandemic) 상황에서 고등학교 경력 체육 교사가 겪는 온라인 수업 실천의 어려움과 극복 전략 탐색,이의재(서강대학교),2020,학습자중심교과교육연구,kor,ERR,,,run1:없음; run2:없음; run3:없음,"has_community=False role_relevant=False env_relevant=False | 이 논문은 코로나 상황에서 온라인 체육수업의 수용·준비·실행 과정에서의 어려움을 서사 연구로 분석하는 것으로, '학습공동체'는 교사들의 단기 극복 전략으로 잠깐 언급될 뿐 온라인 커뮤니티 자체를 분석 대상으로 삼지 않는다. | has_community=True role_relevant=False env_relevant=False | 이 논문은 코로나 펜데믹 상황에서 고등학교 경력 체육 교사 두 명의 온라인 수업 수용·준비·실행 과정의 어려움과 극복 전략을 내러티브 연구로 다루며, '학습공동체'가 단기 전략으로 간략히 언급되기는 하나 이를 온라인 커뮤니티의 구조·역할·환경 조건으로 분석하지 않으므로, 온라인 커뮤니티가 연구의 분석 대상이 되지 않는다. | has_community=False role_relevant=False env_relevant=False | 이 논문은 코로나 상황에서 고등 체육 교사의 온라인 수업 수용·준비·실행 과정의 어려움과 극복 전략을 연구하는 것으로, 온라인 수업은 교수·학습 매체일 뿐이며 '학습공동체'는 극복 전략으로 잠깐 언급될 뿐 커뮤니티의 구조·역할·환경을 분석 대상 삼지 않는다.","이 논문은 코로나 상황에서 온라인 체육수업의 수용·준비·실행 과정에서의 어려움을 서사 연구로 분석하는 것으로, '학습공동체'는 교사들의 단기 극복 전략으로 잠깐 언급될 뿐 온라인 커뮤니티 자체를 분석 대상으로 삼지 않는다. | 이 논문은 코로나 펜데믹 상황에서 고등학교 경력 체육 교사 두 명의 온라인 수업 수용·준비·실행 과정의 어려움과 극복 전략을 내러티브 연구로 다루며, '학습공동체'가 단기 전략으로 간략히 언급되기는 하나 이를 온라인 커뮤니티의 구조·역할·환경 조건으로 분석하지 않으므로, 온라인 커뮤니티가 연구의 분석 대상이 되지 않는다. | 이 논문은 코로나 상황에서 고등 체육 교사의 온라인 수업 수용·준비·실행 과정의 어려움과 극복 전략을 연구하는 것으로, 온라인 수업은 교수·학습 매체일 뿐이며 '학습공동체'는 극복 전략으로 잠깐 언급될 뿐 커뮤니티의 구조·역할·환경을 분석 대상 삼지 않는다.",True,3/3,run1:없음; run2:없음; run3:없음
ART001540563,온라인 교사공동체의 협력적 전문성 개발 : 인디스쿨 사례연구,서경혜(이화여자대학교),2011,한국교원교육연구,kor,OK,ROLE_FIELD_SOCIALCAPITAL,,run1:없음; run2:없음; run3:없음,"has_community=True role_relevant=True env_relevant=False | 이 논문은 인디스쿨 온라인 교사공동체에서 교사 전문성 개발이 어떻게 이루어지는지를 탐구하여, 온라인 커뮤니티가 협력적 전문성 개발의 '장'으로서 수행하는 사회적 역할을 분석 대상으로 삼고 있으나, 회원제·운영·제재·익명성 등 커뮤니티의 구조적·환경적 조건을 비교·고찰하지 않는다. | has_community=True role_relevant=True env_relevant=False | 이 논문은 인디스쿨이라는 온라인 교사공동체를 협력적 전문성 개발이 이루어지는 '장'으로 조명하여 그 사회적 역할을 분석하고 있으나, 회원제·익명성·운영 방침 등 커뮤니티의 구조적·환경적 조건을 비교하거나 그 차이를 다루지 않는다. | has_community=True role_relevant=True env_relevant=False | 이 논문은 인디스쿨 온라인 교사공동체를 교사 전문성 개발이 이루어지는 협력적 학습 공간(장)으로 분석 대상으로 삼고 있으나, 회원제·제재·익명성·생애주기 등 커뮤니티의 구조적·환경적 조건에 따른 차이나 변화를 고려하지는 않는다.","[ROLE] 이 논문은 온라인 교사공동체(인디스쿨)라는 공간 안에서 이용자 간 자료 공유·문제 협의·정서적 지지·협력적 전문성 개발 등 관계적 상호작용이 어떻게 교사 전문성 개발로 이어지는지를 분석하므로, 온라인 커뮤니티 공간 자체의 역할로서 사회자본 형성·효과에 해당한다. | [ROLE] 이 논문은 온라인 교사공동체(인디스쿨) 안에서 교사들 간의 자료 공유·문제 협의·정서적 지지를 매개로 한 협력적 전문성 개발을 분석하며, 개인주의적 접근에서 이용자 간 관계적·협력적 자원 형성으로의 전환을 핵심으로 삼아 장으로서의 사회적 자본(SOCIALCAPITAL) 역할에 해당한다. | [ROLE] 본 논문은 교사 전문성 개발(협력적 전문성 개발, 자료 공유, 정서적 지지 등)이라는 외부 사회현상을 온라인 교사공동체(인디스쿨)라는 사례를 통해 탐구하는 WINDOW_MISC에 해당하며, 이용자 간 관계적 자원(자료 공유·정서적 지지)의 서술이 존재하나 분석의 초점은 전문성 개발이라는 외부 현상에 놓여 있어 SOCIALCAPITAL은 미부여로 판단하였다.",False,0/3,run1:ROLE_FIELD_SOCIALCAPITAL; run2:ROLE_FIELD_SOCIALCAPITAL; run3:ROLE_WINDOW_MISC
ART001433331,교사공동체의 실천적 지식,서경혜(이화여자대학교),2010,한국교원교육연구,kor,OK,ROLE_FIELD_SOCIALCAPITAL,,run1:없음; run2:없음; run3:없음,"has_community=True role_relevant=True env_relevant=False | 이 논문은 온라인 교사공동체 '인디스쿨'을 실천적 지식의 외현화·공유·검증·재구성 순환이 이루어지는 공간(장)으로서 분석 대상으로 삼고 있으나, 회원제·제재·익명성 등 구조적·환경적 조건을 변수로 비교하거나 그 조건에 따른 차이를 분석하지 않으므로 env는 해당하지 않는다. | has_community=True role_relevant=True env_relevant=False | 이 논문은 온라인 교사공동체 인디스쿨을 실천적 지식의 외현화·공유·검증·재구성 순환을 수행하는 '장'으로 삼아 그 사회적 기능을 분석하지만, 회원제·익명성·운영 방침 등 구조적 조건을 비교·변화시키는 변수로 다루지 않으므로 env는 해당하지 않는다. | has_community=True role_relevant=True env_relevant=False | 이 논문은 인디스쿨 온라인 교사공동체를 실천적 지식의 외현화·공유·검증·재구성이 순환하는 장(ROLE_FIELD_PUBLICSPHERE)으로 분석하나, 회원제·익명성·제재 방식 등 구조적·환경적 조건을 변수로 비교하거나 그 조건에 따른 차이를 분석하지는 않으므로 env_relevant는 false이다.","[ROLE] 본 연구는 온라인 교사공동체(인디스쿨) 내부에서 개인적 암묵지가 외현화·공유·검증·재구성의 순환 과정을 통해 집단적 실천 지식이라는 관계적 자원으로 형성·확산되는 메커니즘을 분석하므로, 커뮤니티 공간 안에서 이용자 간 연결을 매개로 공동 자원이 만들어지는 장(FIELD)으로서의 사회자본 형성 역할을 주로 조명한다. | [ROLE] 본 연구는 온라인 교사공동체 인디스쿨 내부에서 외현화·공유·검증·재구성의 순환 과정을 통해 실천적 지식이 형성·발전되는 메커니즘을 분석하므로 커뮤니티 공간 자체를 분석 대상으로 삼는 FIELD 계열에 가깝지만, 그 핵심 분석 대상이 '실천적 지식'의 형성·확산이므로 공론장 검증(PUBLICSPHERE)이나 관계적 자원 형성·효과(SOCIALCAPITAL)라는 6개 FIELD 코드의 판별 기준에 0.5를 넘기엔 근거가 부족하여, WINDOW 계열도 외부 사회현상 포착이 아니어서 6개 코드 모두 미부여로 판단된다. | [ROLE] 논문은 온라인 교사공동체 인디스쿨 안에서 이용자 간 지식의 외현화·공유·검증·재구성이라는 상호작용 과정을 추적하여, 커뮤니티 공간 자체가 실천적 지식을 형성·확산하는 관계적 자원 네트워크로서 기능하는지를 분석하므로 FIELD 계열 중 ROLE_FIELD_SOCIALCAPITAL에 부여하고, WINDOW 계열은 모두 미부여한다.",False,1/3,run1:ROLE_FIELD_SOCIALCAPITAL; run2:없음; run3:ROLE_FIELD_SOCIALCAPITAL
ART001250917,교사들의 지식공유 및 전문성 향상을 위한네트워크 기반 실천공동체의 발달과정: 인디스쿨 사례연구,김도헌(진주교육대학교),2008,교육공학연구,kor,OK,ROLE_FIELD_SOCIALCAPITAL,ENV_COMMUNITY_LIFECYCLE,run1:없음; run2:없음; run3:없음,"has_community=True role_relevant=True env_relevant=True | 이 논문은 초등 교사들의 온라인 분산 실천공동체인 '인디스쿨'을 분석 대상으로 삼아, 지식공유·전문성 향상을 위한 공동체로서의 사회적 역할(장)을 조명하는 동시에, 잠재기-결합기-성숙기-유지기로 구분되는 커뮤니티 생애주기(ENV)와 자생적 형성 vs 인위적 운영이라는 운영 방식의 차이를 비교·분석하고 있다. | has_community=True role_relevant=True env_relevant=True | 이 논문은 초등 교사들의 온라인 실천공동체 '인디스쿨'을 연구 대상으로 삼아, 그 생애주기(잠재기·결합기·성숙기·유지기)에 따른 구조적 변화와 자생적 형성·운영 방식을 분석함으로써 커뮤니티 자체의 발달 과정(장)과 운영 환경(ENV)을 동시에 조명한다. | has_community=True role_relevant=True env_relevant=True | 이 논문은 초등 교사들의 온라인 실천공동체 '인디스쿨'을 분석 대상으로 삼아, 공동체 자체의 지식공유·전문성 향상이라는 사회적 역할을 장(ROLE_FIELD_*)으로 조명하는 동시에, 잠재기-결합기-성숙기-유지기로 나뉜 생애주기와 자생적 육성·지원 대 인위적 설계·운영이라는 운영 방식의 차이를 구조적 조건으로 분석한다.","[ROLE] 이 논문은 '인디스쿨'이라는 온라인 실천공동체 자체가 신뢰 형성과 지식공유를 매개로 어떻게 생성·성숙·변화하는지를 발달 단계별로 분석하는 것으로, 커뮤니티 공간 안에서 이용자 간 관계적 자원(신뢰·공유·주인의식)의 형성과정을 장(SOCIALCAPITAL)으로서 조명한다. | [ENV] 본 연구는 인디스쿨이라는 단일 온라인 실천공동체의 생성·성숙·유지라는 4단계 생애주기를 핵심사건 중심으로 추적하는 것이 주된 분석 대상이므로 ENV_COMMUNITY_LIFECYCLE만 부여되며, 나머지 세 코드는 해당 조건에 따른 비교나 변화 분석이 텍스트에 존재하지 않아 미부여한다. | [ROLE] 본 연구는 온라인 분산 실천공동체 '인디스쿨'의 생성·성숙·유지 단계에서 이용자 간 신뢰 형성, 지식 공유, 공동체 주인 의식 등 관계적 자원의 발달 과정을 분석 대상으로 삼고 있으므로, 온라인 커뮤니티 공간 안에서 이용자 간 연결의 존재·강도·효과를 다루는 FIELD 계열의 SOCIALCAPITAL에 해당한다. | [ENV] 이 논문은 인디스쿨이라는 단일 온라인 실천공동체의 생성·성숙·유지라는 생애주기 4단계를 핵심사건 중심으로 추적·분석하는 것이 주된 분석 대상이므로 ENV_COMMUNITY_LIFECYCLE만 부여되며, 회원제·운영체계·익명성 차이는 분석 대상이 되지 않는다. | [ROLE] 본 연구는 온라인 교사 실천공동체(인디스쿨) 내부에서 이용자 간 신뢰 형성·지식 공유·공동체 주인식 등 관계적 자원이 어떻게 생성되고 변화하는지를 발달 단계별로 추적하므로, 온라인 커뮤니티 공간 안의 사회적 자본(SOCIALCAPITAL) 형성을 분석하는 FIELD 계열에 해당한다. | [ENV] 본 논문은 인디스쿨이라는 분산 실천공동체 자체를 잠재기·결합기·성숙기·유지기의 4단계로 추적하며 단계별 핵심사건과 발견주제를 분석하므로 ENV_COMMUNITY_LIFECYCLE에 해당하나, 회원제·운영체계·익명성 차이는 분석 대상에서 다루지 않아 나머지 세 코드는 미부여한다.",True,0/3,"run1:ENV_COMMUNITY_LIFECYCLE,ROLE_FIELD_SOCIALCAPITAL; run2:ENV_COMMUNITY_LIFECYCLE,ROLE_FIELD_SOCIALCAPITAL; run3:ENV_COMMUNITY_LIFECYCLE,ROLE_FIELD_SOCIALCAPITAL"
ART002881427,유아교사의 디지털역량 강화를 위한 교육 프로그램 개발,김교령(가톨릭대학교),2022,육아지원연구,kor,ERR,,,run1:없음; run2:없음; run3:없음,"has_community=False role_relevant=False env_relevant=False | 이 논문은 유아교사 디지털역량 교육 프로그램 개발이 목적이며, 온라인 커뮤니티는 프로그램 운영 수단(전달 채널)으로만 언급될 뿐 커뮤니티 자체를 분석 대상이나 연구 재료로 삼지 않으므로, 커뮤니티는 운영 수단에 그쳐 has_community를 false로 판단한다. | has_community=False role_relevant=False env_relevant=False | 이 논문은 유아교사 디지털역량 강화 교육 프로그램의 개발·실행·평가를 연구하며, 온라인 커뮤니티는 해당 프로그램의 전달 매체(플랫폼)로만 언급될 뿐 커뮤니티 자체의 구조·역할·운영 조건을 분석 대상으로 삼지 않으므로, 온라인 커뮤니티를 연구의 재료로 활용하지 않는다. | has_community=False role_relevant=False env_relevant=False | 이 논문은 유아교사 디지털역량 강화 교육 프로그램 개발이 목적이며, 온라인 커뮤니티와 화상회의 플랫폼은 프로그램 운영 매개 수단으로만 언급될 뿐, 커뮤니티 자체의 사회적 역할이나 구조적·환경적 조건을 분석 대상으로 삼지 않는다.","이 논문은 유아교사 디지털역량 교육 프로그램 개발이 목적이며, 온라인 커뮤니티는 프로그램 운영 수단(전달 채널)으로만 언급될 뿐 커뮤니티 자체를 분석 대상이나 연구 재료로 삼지 않으므로, 커뮤니티는 운영 수단에 그쳐 has_community를 false로 판단한다. | 이 논문은 유아교사 디지털역량 강화 교육 프로그램의 개발·실행·평가를 연구하며, 온라인 커뮤니티는 해당 프로그램의 전달 매체(플랫폼)로만 언급될 뿐 커뮤니티 자체의 구조·역할·운영 조건을 분석 대상으로 삼지 않으므로, 온라인 커뮤니티를 연구의 재료로 활용하지 않는다. | 이 논문은 유아교사 디지털역량 강화 교육 프로그램 개발이 목적이며, 온라인 커뮤니티와 화상회의 플랫폼은 프로그램 운영 매개 수단으로만 언급될 뿐, 커뮤니티 자체의 사회적 역할이나 구조적·환경적 조건을 분석 대상으로 삼지 않는다.",True,3/3,run1:없음; run2:없음; run3:없음
ART002024110,대학생의 자기수용이 대인관계능력에 미치는 영향: 자아존중감과 의사소통능력의 매개효과,이어진(부산대학교),2015,상담학연구,kor,ERR,,,run1:없음; run2:없음; run3:없음,"has_community=False role_relevant=False env_relevant=False | 이 논문은 자기수용과 대인관계능력 간 매개효과를 검증하는 심리 연구로, 온라인 커뮤니티는 설문 배포를 위한 모집 통로로서만 언급될 뿐, 커뮤니티 자체의 구조·역할·운영 조건을 분석 대상으로 삼지 않는다. | has_community=False role_relevant=False env_relevant=False | 온라인 커뮤니티는 설문 대상자 모집 통로로만 언급되며, 커뮤니티 자체의 구조·역할·환경이 분석 대상이 되지 않으므로 커뮤니티 연구로 볼 수 없다. | has_community=False role_relevant=False env_relevant=False | 온라인 커뮤니티는 설문 응답자를 모집하는 통로로만 언급될 뿐, 커뮤니티 내부의 상호작용·구조·역할을 분석 대상으로 삼지 않으므로 커뮤니티 존재 여부가 성립하지 않는다.","이 논문은 자기수용과 대인관계능력 간 매개효과를 검증하는 심리 연구로, 온라인 커뮤니티는 설문 배포를 위한 모집 통로로서만 언급될 뿐, 커뮤니티 자체의 구조·역할·운영 조건을 분석 대상으로 삼지 않는다. | 온라인 커뮤니티는 설문 대상자 모집 통로로만 언급되며, 커뮤니티 자체의 구조·역할·환경이 분석 대상이 되지 않으므로 커뮤니티 연구로 볼 수 없다. | 온라인 커뮤니티는 설문 응답자를 모집하는 통로로만 언급될 뿐, 커뮤니티 내부의 상호작용·구조·역할을 분석 대상으로 삼지 않으므로 커뮤니티 존재 여부가 성립하지 않는다.",True,3/3,run1:없음; run2:없음; run3:없음
ART002178575,대학생들은 플립드러닝수업을 통해 어떤 경험을 하는가?,임상훈(한양대학교),2016,교육정보미디어연구,kor,ERR,,,run1:없음; run2:없음; run3:없음,"has_community=False role_relevant=False env_relevant=False | 이 논문은 플립드 러닝 수업의 학습 경험을 연구 주제로 삼고 있으며, 온라인 커뮤니티는 심층면담과 함께 데이터 수집 수단(관찰 대상)으로만 언급될 뿐, 커뮤니티 자체의 구조·역할·환경을 분석 대상으로 삼지 않는다. | has_community=True role_relevant=False env_relevant=False | 이 논문은 플립드 러닝 수업의 학습 경험을 연구 대상으로 삼고 있으며, 온라인 커뮤니티는 심층면담·성찰일지와并列된 자료 수집 도구(관찰)로만 언급될 뿐, 커뮤니티 자체의 사회적 역할이나 구조적·환경적 조건을 분석 대상으로 삼지 않는다. | has_community=False role_relevant=False env_relevant=False | 이 논문은 플립드 러닝 수업의 학습 경험을 연구 대상으로 삼고 있으며, 온라인 커뮤니티는 심층면담·성찰일지와 병행된 데이터 수집 수단(관찰 대상)으로서만 언급될 뿐, 커뮤니티 자체의 구조·역할·운영 조건을 분석 대상으로 삼지 않는다.","이 논문은 플립드 러닝 수업의 학습 경험을 연구 주제로 삼고 있으며, 온라인 커뮤니티는 심층면담과 함께 데이터 수집 수단(관찰 대상)으로만 언급될 뿐, 커뮤니티 자체의 구조·역할·환경을 분석 대상으로 삼지 않는다. | 이 논문은 플립드 러닝 수업의 학습 경험을 연구 대상으로 삼고 있으며, 온라인 커뮤니티는 심층면담·성찰일지와并列된 자료 수집 도구(관찰)로만 언급될 뿐, 커뮤니티 자체의 사회적 역할이나 구조적·환경적 조건을 분석 대상으로 삼지 않는다. | 이 논문은 플립드 러닝 수업의 학습 경험을 연구 대상으로 삼고 있으며, 온라인 커뮤니티는 심층면담·성찰일지와 병행된 데이터 수집 수단(관찰 대상)으로서만 언급될 뿐, 커뮤니티 자체의 구조·역할·운영 조건을 분석 대상으로 삼지 않는다.",True,3/3,run1:없음; run2:없음; run3:없음
ART000942978,영유아보육시설과 유아교육기관에서 영유아의 참여권의 신장방안,이용교(광주대학교),2004,아동과 권리,kor,ERR,,,run1:없음; run2:없음; run3:없음,"has_community=False role_relevant=False env_relevant=False | 이 논문은 영유아의 참여권 실현 여부를 선행연구와 면담을 통해 분석하며, '홈페이지와 카페를 통한 온라인 공동체 형성'은 향후 대안으로 잠깐 언급된 제안에 불과하여 온라인 커뮤니티를 연구 대상이나 분석 재료로 삼지 않는다. | has_community=False role_relevant=False env_relevant=False | 이 논문은 영유아보육·유아교육기관에서 아동의 참여권 실현 여부를 분석하는 연구이며, '홈페이지와 카페를 통한 온라인 공동체 형성'은 참여권 신장 대안으로 열거된 여덟 가지 정책 제안 중 하나에 불과하여 온라인 커뮤니티 자체를 분석 대상으로 삼지 않는다. | has_community=False role_relevant=False env_relevant=False | 이 논문은 영유아보육시설·유아교육기관에서 영유아의 참여권 실현 여부를 분석하는 연구이며, 온라인 커뮤니티(홈페이지·카페)는 참여권 신장 대안 중 하나로 잠깐 언급될 뿐, 분석 대상이나 연구 재료로 활용되지 않는다.","이 논문은 영유아의 참여권 실현 여부를 선행연구와 면담을 통해 분석하며, '홈페이지와 카페를 통한 온라인 공동체 형성'은 향후 대안으로 잠깐 언급된 제안에 불과하여 온라인 커뮤니티를 연구 대상이나 분석 재료로 삼지 않는다. | 이 논문은 영유아보육·유아교육기관에서 아동의 참여권 실현 여부를 분석하는 연구이며, '홈페이지와 카페를 통한 온라인 공동체 형성'은 참여권 신장 대안으로 열거된 여덟 가지 정책 제안 중 하나에 불과하여 온라인 커뮤니티 자체를 분석 대상으로 삼지 않는다. | 이 논문은 영유아보육시설·유아교육기관에서 영유아의 참여권 실현 여부를 분석하는 연구이며, 온라인 커뮤니티(홈페이지·카페)는 참여권 신장 대안 중 하나로 잠깐 언급될 뿐, 분석 대상이나 연구 재료로 활용되지 않는다.",True,3/3,run1:없음; run2:없음; run3:없음
ART001115235,온라인 수업에서 학습자들의 상호작용 증진을 위한 공동체의식 형성에 관한 고찰,이동주(The University of Texas at Austin),2004,교육공학연구,kor,ERR,,,run1:없음; run2:없음; run3:없음,"has_community=False role_relevant=False env_relevant=False | 이 논문은 온라인 학습 환경에서 학습자들의 '공동체의식(sense of community)'이라는 교육·심리학적 구성물의 형성 요인을 선행 연구로 검토하는 문헌고찰로서, 특정 온라인 커뮤니티를 분석 대상으로 삼지 않으며, '공동체'는 학습 성과 변수로 다루어지므로 온라인 커뮤니티의 연구 대상이 아니다. | has_community=False role_relevant=False env_relevant=False | 이 논문은 '공동체식(sense of community)'을 교육학적·심리학적 개념으로 다루며, 온라인 학습 환경에서의 학습자 상호작용을 구조화된 온라인 수업(강의) 맥락에서 검토하는 문헌고찰이므로, 공통 관심사·목적에 기반한 자발적 디지털 공간으로서의 온라인 커뮤니티를 분석 대상으로 삼지 않는다. | has_community=False role_relevant=False env_relevant=False | 이 논문은 '공동체의식(sense of community)'이라는 교육심리학적 개념의 구성요소와 학습 효과에 대한 문헌고찰이며, 온라인 학습 환경은 특정 커뮤니티 플랫폼을 분석 대상으로 삼은 것이 아니라 심리적·교육적 개념을 논의하는 일반적 맥락에 불과하므로, 온라인 커뮤니티 자체를 분석 대상으로 삼지 않는다.","이 논문은 온라인 학습 환경에서 학습자들의 '공동체의식(sense of community)'이라는 교육·심리학적 구성물의 형성 요인을 선행 연구로 검토하는 문헌고찰로서, 특정 온라인 커뮤니티를 분석 대상으로 삼지 않으며, '공동체'는 학습 성과 변수로 다루어지므로 온라인 커뮤니티의 연구 대상이 아니다. | 이 논문은 '공동체식(sense of community)'을 교육학적·심리학적 개념으로 다루며, 온라인 학습 환경에서의 학습자 상호작용을 구조화된 온라인 수업(강의) 맥락에서 검토하는 문헌고찰이므로, 공통 관심사·목적에 기반한 자발적 디지털 공간으로서의 온라인 커뮤니티를 분석 대상으로 삼지 않는다. | 이 논문은 '공동체의식(sense of community)'이라는 교육심리학적 개념의 구성요소와 학습 효과에 대한 문헌고찰이며, 온라인 학습 환경은 특정 커뮤니티 플랫폼을 분석 대상으로 삼은 것이 아니라 심리적·교육적 개념을 논의하는 일반적 맥락에 불과하므로, 온라인 커뮤니티 자체를 분석 대상으로 삼지 않는다.",True,3/3,run1:없음; run2:없음; run3:없음
ART002702516,COVID-19로 인한 비대면 학습 환경에서 대학생의 학교소속감과 대학생활만족도가 학업지속의향에 미치는 영향,이하연(건국대학교 교육공학과),2021,進路敎育硏究,kor,ERR,,,run1:없음; run2:없음; run3:없음,"has_community=False role_relevant=False env_relevant=False | 이 논문은 비대면 학습 환경에서 대학생의 학교소속감과 대학생활만족도가 학업지속의향에 미치는 영향을 설문조사로 분석하는 연구이며, 온라인 커뮤니티는 결론 부분에서 소속감 제고 방안의 하나로 언급될 뿐 연구 분석 대상이 아니다. | has_community=False role_relevant=False env_relevant=False | 이 논문은 비대면 학습 환경에서 대학생의 소속감과 만족도가 학업지속의향에 미치는 영향을 설문조사·회귀분석으로 규명하는 것이 목적이며, 온라인 커뮤니티는 결론부에서 대학생활 상실감 해소를 위한 활성화 방안으로 일회성 언급된 것으로, 분석 대상이 되지 않는다. | has_community=False role_relevant=False env_relevant=False | 이 논문은 비대면 학습 환경에서 학교소속감과 대학생활만족도가 학업지속의향에 미치는 영향을 설문으로 분석하는 연구이며, 온라인 커뮤니티는 결론 부에서 활성화 방안을 제시하는 정책 권고 사항으로만 언급될 뿐, 분석 대상이나 연구 재료로 활용되지 않는다.","이 논문은 비대면 학습 환경에서 대학생의 학교소속감과 대학생활만족도가 학업지속의향에 미치는 영향을 설문조사로 분석하는 연구이며, 온라인 커뮤니티는 결론 부분에서 소속감 제고 방안의 하나로 언급될 뿐 연구 분석 대상이 아니다. | 이 논문은 비대면 학습 환경에서 대학생의 소속감과 만족도가 학업지속의향에 미치는 영향을 설문조사·회귀분석으로 규명하는 것이 목적이며, 온라인 커뮤니티는 결론부에서 대학생활 상실감 해소를 위한 활성화 방안으로 일회성 언급된 것으로, 분석 대상이 되지 않는다. | 이 논문은 비대면 학습 환경에서 학교소속감과 대학생활만족도가 학업지속의향에 미치는 영향을 설문으로 분석하는 연구이며, 온라인 커뮤니티는 결론 부에서 활성화 방안을 제시하는 정책 권고 사항으로만 언급될 뿐, 분석 대상이나 연구 재료로 활용되지 않는다.",True,3/3,run1:없음; run2:없음; run3:없음
ART001340968,온라인 학습 환경에서 학습자의 공동체의식과 학습준비도가 학습효과에 미치는 영향,김정겸(충남대학교),2009,학습자중심교과교육연구,kor,ERR,,,run1:없음; run2:없음; run3:없음,"has_community=True role_relevant=False env_relevant=False | 이 논문은 방송통신고의 온라인 학습 환경에서 '공동체의식'이라는 심리 변수와 학습준비도가 학습효과에 미치는 영향을 실증적으로 분석하는 것으로, '온라인 커뮤니티'는 공통 관심사·목적에 기반한 지속적 상호작용과 관계 형성을 위한 디지털 공간이 아니라 온라인 학습 플랫폼 내 교실·학교 공동체 의식이라는 심리 구성 요소를 측정하는 데 그치며, 커뮤니티의 사회적 역할이나 구조적·환경적 조건(익명성, 운영 방침, 생애주기 등)을 분석 대상으로 삼지 않는다. | has_community=False role_relevant=False env_relevant=False | 이 논문은 방송통신고등학교의 온라인 학습 환경에서 학습자의 '공동체의식'이라는 심리 변인과 학습효과 간의 상관 관계를 실증적으로 조사하는 것으로, 온라인 커뮤니티가 분석 대상이 아니라 구조화된 온라인 학습 플랫폼에서의 학습 효과를 다루며, '공동체'는 디지털 공간으로서의 커뮤니티가 아닌 교실·학교 소속감이라는 심리 개념을 의미한다. | has_community=True role_relevant=False env_relevant=False | 이 논문은 방송통신고등학교의 온라인 학습 환경이라는 교육 전달 매개체 내에서 '공동체 의식'이라는 심리 변인이 학습효과에 미치는 영향을 실증적으로 조사하는 것으로, 공통 관심사·목적에 기반한 사용자의 지속적 상호작용과 관계 형성을 전제로 한 온라인 커뮤니티 공간 자체를 분석 대상으로 삼지 않으며, 온라인 커뮤니티의 사회적 역할(창·장)이나 구조적·환경적 조건(회원제, 익명성, 운영 방침 등)을 고려하지도 않으므로 role·env 모두 해당하지 않는다.","이 논문은 방송통신고의 온라인 학습 환경에서 '공동체의식'이라는 심리 변수와 학습준비도가 학습효과에 미치는 영향을 실증적으로 분석하는 것으로, '온라인 커뮤니티'는 공통 관심사·목적에 기반한 지속적 상호작용과 관계 형성을 위한 디지털 공간이 아니라 온라인 학습 플랫폼 내 교실·학교 공동체 의식이라는 심리 구성 요소를 측정하는 데 그치며, 커뮤니티의 사회적 역할이나 구조적·환경적 조건(익명성, 운영 방침, 생애주기 등)을 분석 대상으로 삼지 않는다. | 이 논문은 방송통신고등학교의 온라인 학습 환경에서 학습자의 '공동체의식'이라는 심리 변인과 학습효과 간의 상관 관계를 실증적으로 조사하는 것으로, 온라인 커뮤니티가 분석 대상이 아니라 구조화된 온라인 학습 플랫폼에서의 학습 효과를 다루며, '공동체'는 디지털 공간으로서의 커뮤니티가 아닌 교실·학교 소속감이라는 심리 개념을 의미한다. | 이 논문은 방송통신고등학교의 온라인 학습 환경이라는 교육 전달 매개체 내에서 '공동체 의식'이라는 심리 변인이 학습효과에 미치는 영향을 실증적으로 조사하는 것으로, 공통 관심사·목적에 기반한 사용자의 지속적 상호작용과 관계 형성을 전제로 한 온라인 커뮤니티 공간 자체를 분석 대상으로 삼지 않으며, 온라인 커뮤니티의 사회적 역할(창·장)이나 구조적·환경적 조건(회원제, 익명성, 운영 방침 등)을 고려하지도 않으므로 role·env 모두 해당하지 않는다.",True,3/3,run1:없음; run2:없음; run3:없음
ART001654168,사회 네트워크 분석기법을 이용한 온라인 공동체의 네트워크 구조 탐색,김병석(한양대학교),2012,Entrue Journal of Information Technology,kor,OK,ROLE_FIELD_SOCIALCAPITAL,,run1:ROLE_FIELD_PUBLICSPHERE; run2:없음; run3:없음,"has_community=True role_relevant=True env_relevant=True | 이 논문은 온라인 커뮤니티가 여론 형성이라는 사회적 역할(장)을 수행하는 동시에, 참여자 수 증가에 따라 소수 오피니언 리더에서 다수 리더·다중 소그룹으로 전환되는 네트워크 구조의 변화(생애주기·구조적 조건)를 SNA로 추적하여 환경적 요인이 구조에 미치는 영향을 분석한다. | has_community=True role_relevant=True env_relevant=True | 이 논문은 온라인 공동체가 여론 형성 공간으로 기능하는 사회적 역할(장)을 분석하면서, SNA를 통해 공동체 생애주기(초기→성숙)에 따라 오피니언 리더 구조가 소수→다수로 전환되는 네트워크 구조적 변화(ENV)를 실증적으로 추적한다. | has_community=True role_relevant=True env_relevant=True | 이 논문은 온라인 공동체를 정치·경제·문화 전반에 영향력을 미치는 사회적 네트워크로서의 '장'으로 조명(role_relevant)하는 동시에, 초기 소수 오피니언 리더 중심의 구조에서 참여자 증가에 따라 다수 소그룹 리더로 전환되는 생애주기적 구조 변화(형성→성숙)를 비교·분석하여(env_relevant) 네트워크 구조의 변이를 실증한다.","[ROLE] 본 연구는 온라인 공동체 내부의 참여자 간 네트워크 구조와 상호작용 패턴을 SNA로 분석하여, 소수 오피니언 리더에서 다수 리더로의 구조 전환을 실증함으로써 커뮤니티 공간 자체의 관계적 구조(사회자본)와 여론 형성 역할(공론장)을 동시에 조명하는 FIELD 계열 논문이다. | [ENV] 논문은 온라인 공동체 자체가 초기 형성(소수 리더)→참여 증가→소그룹 분화(다수 리더)라는 생애주기적 구조 전환을 SNA로 추적하므로 ENV_COMMUNITY_LIFECYCLE을 부여하나, 회원제·운영체제·익명성 차이는 분석 대상이 되지 않아 나머지 세 코드는 미부여한다. | [ROLE] 본 연구는 온라인 공동체 내부의 이용자 간 상호작용 패턴과 네트워크 구조 변화(소수 리더→다수 리더 전환)를 SNA로 분석하는 것이므로, 커뮤니티 공간 안의 관계적 구조를 다루는 장으로서의 SOCIALCAPITAL에 부합하나, 공론장 기능의 검증이나 외부 사회현상 포착에는 해당하지 않는다. | [ENV] 본 논문은 SNA를 통해 온라인 공동체의 네트워크 구조가 '소수 리더→다수 리더'로 전환되는 과정을 추적하나, 이는 커뮤니티 자체의 생애주기(형성·분화·쇠퇴)가 대규모 탈퇴·쇠락 같은 결과로 이어지는 과정을 분석한 것이 아니라 참여자 수 증가에 따른 네트워크 위계 구조의 변화를 실증하는 데 초점을 맞추고 있으므로, 4개 ENV 코드 모두 미부여로 판단한다. | [ROLE] 본 연구는 온라인 커뮤니티 내부의 커뮤니케이션 패턴과 네트워크 구조의 진화(소수 오피니언 리더→다수 리더 전환)를 SNA로 실증 분석하므로, 커뮤니티 공간 안의 관계적 구조·연결의 존재와 효과를 다루는 장(FIELD)으로서의 사회자본 성격이 가장 강하게 드러나며, 공론장 기능의 검증·평가나 외부 사회현상 창(WINDOW)으로는 규정되지 않는다. | [ENV] 본 연구는 SNA를 활용하여 온라인 공동체의 네트워크 구조가 소수 리더 중심에서 다수 리더·소그룹 분화 구조로 전환되는 과정을 추적하나, 이는 커뮤니티 자체의 형성·분화·쇠퇴라는 생애주기가 대규모 탈퇴나 쇠퇴라는 결과로 이어지는 과정을 분석하는 것이 아니라 네트워크 위계 변화 자체를 기술하는 데 그쳐 ENV_COMMUNITY_LIFECYCLE도 미부여하며, 나머지 세 코드에도 해당 근거가 전무하다.",False,0/3,"run1:ENV_COMMUNITY_LIFECYCLE,ROLE_FIELD_SOCIALCAPITAL; run2:ROLE_FIELD_SOCIALCAPITAL; run3:ROLE_FIELD_SOCIALCAPITAL"
ART001589977,온라인 브랜드 커뮤니티 몰입이 브랜드 충성도에 미치는 영향,곽기영(국민대학교),2011,한국경영과학회지,kor,ERR,,,run1:없음; run2:없음; run3:없음,"has_community=True role_relevant=True env_relevant=False | 이 논문은 온라인 브랜드 커뮤니티를 사회적 정체성이 형성되고 브랜드 충성도가 발현되는 '장'(ROLE_FIELD)으로 분석하며, 상호작용·목적·놀이성·보상이라는 경험적 요인을 구조적·운영적 조건(회원제, 익명성, 제재 방식 등)으로서 비교·대조하는 것이 아니라 사회정체성 이론 내 심리적 매개 변수로 처리하므로 env_relevant는 false이다. | has_community=True role_relevant=True env_relevant=False | 이 논문은 온라인 브랜드 커뮤니티 내 상호작용·목적·놀이성·보상 요인이 커뮤니티 귀속감을 어떻게 촉진하고, 그 귀속감이 브랜드 충성도로 이어지는지를 사회정체성 이론 관점에서 분석함으로써, 커뮤니티 공간을 브랜드 충성도가 형성되는 '장(場)'으로 조명하나, 회원제·익명성·운영방침 등 구조적 환경 조건의 차이나 비교는 다루지 않는다. | has_community=True role_relevant=True env_relevant=False | 이 논문은 온라인 브랜드 커뮤니티라는 공간 자체가 고객 충성도를 형성하는 사회적 '장'으로서의 역할을 분석 대상으로 삼되, 상호작용·목적·놀이성·보상 등 일반적 참여 요인을 다루는 데 그쳐 회원제·제재·익명성·생애주기 등 구조적·환경적 조건의 차이를 비교·분석하지는 않는다.","[ROLE] 본 논문은 온라인 브랜드 커뮤니티를 브랜드 충성도·소비자 인식이라는 마케팅 현상을 검증하는 맥락(창)으로 활용하며, 사회정체성 이론과 'interaction' 등의 개념이 이용자 간 관계적 자원(사회 자본)을 직접 다루기보다 브랜드 집단에 대한 소속감 형성에 머물러 FIELD 계열은 미부여된다. | [ROLE] 이 논문은 브랜드 커뮤니티 내 interaction·purpose·playfulness·reward 요인이 커뮤니티 commitment와 브랜드 충성도에 미치는 영향을 사회정체성 이론으로 실증 분석하는 마케팅 연구로서, 이용자 간 상호작용과 사회적 정체성이 언급되지만 궁극적 분석 대상이 브랜드 충성도라는 개인-브랜드 간 결합이므로 FIELD_SOCIALCAPITAL에 근접하나 0.5에 미치지 못하며, 브랜드 충성도를 외부 현상으로 볼 수도 있으나 커뮤니티 공간 내 상호작용 요인을 직접 분석하는 구조이므로 WINDOW_MISC도 0.5에 미치지 못한다. | [ROLE] 본 논문은 온라인 브랜드 커뮤니티 내에서 interaction·purpose·playfulness·reward가 커뮤니티 commitment와 브랜드 충성도에 미치는 영향을 사회정체성 이론으로 분석하는 마케팅 연구로, 6개 코드 중 어느 하나에도 명확히 부합하지 않는다; 브랜드 충성도·소비자 인식이라는 외부 현상을 온라인 커뮤니티라는 공간에서 살펴본다는 점에서 WINDOW_MISC에 근접하나, 커뮤니티 내부 메커니즘 자체를 분석하는 성격이 강해 FIELD 계열과 WINDOW_MISC 모두 0.5 미만에 그친다.",False,2/3,run1:ROLE_WINDOW_MISC; run2:없음; run3:없음
ART001463025,"라인 브랜드 커뮤니티의 이용 동기, 플로우(Flow), 커뮤니티 동일시, 브랜드 애착 간의 구조적 관계에 관한 연구",한광석(남서울대학교),2010,경영과 정보연구,kor,OK,ROLE_WINDOW_MISC,,run1:없음; run2:없음; run3:없음,"has_community=True role_relevant=True env_relevant=False | 이 논문은 온라인 브랜드 커뮤니티의 이용 동기·플로우·커뮤니티 동일시를 매개로 브랜드 애착과 몰입이 형성되는 구조를 분석하며, 커뮤니티라는 공간 자체의 사회적 역할(브랜드 애착 형성의 장)을 분석 대상으로 삼고 있으나, 회원제·운영 방침·익명성 등 구조적·환경적 조건을 비교하거나 고려하지 않는다. | has_community=True role_relevant=True env_relevant=False | 온라인 브랜드 커뮤니티를 이용 동기(정서·사회·정보)가 플로우를 매개로 브랜드 애착과 몰입을 형성하는 '장'으로 분석 대상으로 삼으나, 회원제·제재·익명성 등 커뮤니티의 구조적·환경적 조건을 비교하거나 변화 요인으로 고려하지 않는다. | has_community=True role_relevant=False env_relevant=False | 이 논문은 온라인 브랜드 커뮤니티를 이용자 동기→플로우→브랜드 애착으로 이어지는 소비자 심리 과정의 연구 장(설정)으로만 활용하고, 커뮤니티의 사회적 역할(창/장)을 분석 대상으로 삼지도, 회원제·익명성·운영 방식 등 구조적·환경적 조건에 따른 차이·비교·변화를 고려하지도 않으므로 역할·환경 조명 모두 해당하지 않는다.","[ROLE] 이 논문은 온라인 브랜드 커뮤니티를 브랜드 애착·몰입이라는 소비자-브랜드 관계 형성이라는 일반적 마케팅 현상을 관측하는 창으로 활용하며, 분석 대상은 커뮤니티 내 이용자 간 관계가 아닌 개인 심리 구조(플로우·동일시·애착)이므로 WINDOW_MISC에 해당한다. | [ROLE] 이 논문은 온라인 브랜드 커뮤니티를 매개로 소비자의 브랜드 애착·몰입이라는 외부에 존재하는 소비자 행동 현상의 형성을 추적하므로, 온라인 커뮤니티 공간 자체가 분석 대상이 아니라 브랜드 충성도라는 바깥 현상을 보여주는 창(ROLE_WINDOW_MISC)으로 기능한다. | 이 논문은 온라인 브랜드 커뮤니티를 이용자 동기→플로우→브랜드 애착으로 이어지는 소비자 심리 과정의 연구 장(설정)으로만 활용하고, 커뮤니티의 사회적 역할(창/장)을 분석 대상으로 삼지도, 회원제·익명성·운영 방식 등 구조적·환경적 조건에 따른 차이·비교·변화를 고려하지도 않으므로 역할·환경 조명 모두 해당하지 않는다.",False,1/3,run1:ROLE_WINDOW_MISC; run2:ROLE_WINDOW_MISC; run3:없음
ART002058437,온라인 커뮤니티에서 개인의 감정과 공동체의식(SOVC)이 사용자의 지식공유의도에 미치는 영향에 관한 실증연구,전현규(성균관대학교),2015,경영학연구,kor,OK,ROLE_FIELD_SOCIALCAPITAL,,run1:없음; run2:없음; run3:없음,"has_community=True role_relevant=True env_relevant=False | 이 논문은 온라인 지식공유 커뮤니티를 지식 공유가 이루어지는 '장'으로서 분석 대상으로 삼아 감정과 공동체가식이 지식공유 의도에 미치는 영향을 연구하나, 회원제·익명성·운영 방침 등 커뮤니티의 구조적·환경적 조건을 비교하거나 변화로 다루지 않으므로 env_relevant는 false이다. | has_community=True role_relevant=True env_relevant=False | 이 논문은 온라인 지식공유 커뮤니티를 지식 공유 의도를 분석하는 장(ROLE_FIELD)으로 삼아 감정과 공동체의식이 기여·활용·지속 의도에 미치는 영향을 연구하나, 회원제·익명성·운영 방침 등 커뮤니티의 구조적·환경적 조건을 비교·변화시키는 분석은 하지 않으므로 env_relevant는 false이다. | has_community=True role_relevant=True env_relevant=False | 이 논문은 온라인 지식공유 커뮤니티 회원들의 지식공유 의도, 감정, 공동체식(SOVC)을 분석 대상으로 삼아 커뮤니티를 지식공유와 감정정치가 작동하는 '장'으로 조명하지만, 회원제·익명성·운영방침 등 구조적·환경적 조건에 따른 차이·비교를 다루지 않으므로 env_relevant는 false이다.","[ROLE] 본 연구는 온라인 지식공유 커뮤니티 내 개인의 지식공유 의도(기여·활용·지속)에 영향을 미치는 감정요인과 온라인 공동체의식(SOVC)의 구조적 관계를 SEM으로 검증하는 것으로, 공론장 점검이나 이용자 간 네트워크·관계적 자원 효과 분석도 아니며, 커뮤니티를 외부 사회현상(양극화·젠더·혐오·기타)의 창으로 삼는 것도 아니어서 6개 ROLE 코드 중 어느 하나도 0.5를 넘기지 못한다. | [ROLE] 본 연구는 온라인 지식공유 커뮤니티 내에서 이용자 간 정서유대·상호호혜감·소속감 등 관계적 자원이 지식공유 의도에 미치는 영향을 구조방정식모형으로 분석하므로, 커뮤니티 공간 안의 관계적 상호작용을 다루는 장(FIELD·SOCIALCAPITAL)에 해당하나, 개인 심리 변수 중심으로 설계되어 공론장·외부 사회현상 창(WINDOW) 계열과는 거리가 멀다. | [ROLE] 본 연구는 온라인 지식공유 커뮤니티 내에서 이용자 간 정서유대·소속감·상호호혜감 등 관계적 자원이 지식공유 의도에 미치는 영향을 구조방정식으로 검증하는 것으로, 온라인 커뮤니티 공간 안의 상호작용과 관계적 자원(SOVC)을 분석 대상으로 삼아 장(FIELD)으로서의 사회적 자본 역할을 조명한다.",False,1/3,run1:없음; run2:ROLE_FIELD_SOCIALCAPITAL; run3:ROLE_FIELD_SOCIALCAPITAL
ART001098969,사용자의 특성이 온라인 게임 충성도에 미치는 영향에 관한 연구: 자극추구성향을 중심으로,이선로(연세대학교),2006,경영학연구,kor,ERR,,,run1:없음; run2:없음; run3:없음,"has_community=False role_relevant=False env_relevant=False | 이 논문은 온라인 게임 사용자의 자극추구성향과 플로우 경험, 구전 효과가 충성도에 미치는 영향을 분석하는 심리·마케팅 연구로, 결론에서 '커뮤니티 활동 지원'을 실무적 권고로 일회성 언급할 뿐, 온라인 커뮤니티를 분석 대상이나 연구 재료로 삼지 않는다. | has_community=False role_relevant=False env_relevant=False | 이 논문은 온라인 게임 소비자의 자극추구성향에 따른 충성도 선행요인을 분석하는 소비자 연구이며, 커뮤니티 활동은 게임사 운영을 위한 제언으로 잠깐 언급될 뿐 연구 대상이나 분석의 매개가 되지 않는다. | has_community=True role_relevant=False env_relevant=False | 이 논문은 온라인 게임 사용자의 자극추구성향과 플로우 경험이 고객충성도에 미치는 영향을 검증하는 것이 주된 분석 대상이며, '커뮤니티 활동'은 결론부에서 구전 효과를 극대화하기 위한 게임 업체의 운영 수단으로 단 한 문장 언급될 뿐, 온라인 커뮤니티 자체를 분석 대상으로 삼지 않으므로 역할·환경 조명에 해당하지 않는다.","이 논문은 온라인 게임 사용자의 자극추구성향과 플로우 경험, 구전 효과가 충성도에 미치는 영향을 분석하는 심리·마케팅 연구로, 결론에서 '커뮤니티 활동 지원'을 실무적 권고로 일회성 언급할 뿐, 온라인 커뮤니티를 분석 대상이나 연구 재료로 삼지 않는다. | 이 논문은 온라인 게임 소비자의 자극추구성향에 따른 충성도 선행요인을 분석하는 소비자 연구이며, 커뮤니티 활동은 게임사 운영을 위한 제언으로 잠깐 언급될 뿐 연구 대상이나 분석의 매개가 되지 않는다. | 이 논문은 온라인 게임 사용자의 자극추구성향과 플로우 경험이 고객충성도에 미치는 영향을 검증하는 것이 주된 분석 대상이며, '커뮤니티 활동'은 결론부에서 구전 효과를 극대화하기 위한 게임 업체의 운영 수단으로 단 한 문장 언급될 뿐, 온라인 커뮤니티 자체를 분석 대상으로 삼지 않으므로 역할·환경 조명에 해당하지 않는다.",True,3/3,run1:없음; run2:없음; run3:없음
ART001766567,마케팅 영역의 소셜 미디어 연구 지식 구조 분석,임승희(수원대학교),2013,마케팅연구,kor,ERR,,,run1:없음; run2:없음; run3:없음,"has_community=False role_relevant=False env_relevant=False | 이 논문은 마케팅 학회지의 소셜 미디어 연구 동향을 사회연결망 분석으로 조망하는 문헌고찰이며, '온라인 커뮤니티'는 분석 대상 커뮤니티가 아니라 빈출 주제어로만 등장하므로, 온라인 커뮤니티를 연구의 분석 대상으로 삼지 않는다. | has_community=True role_relevant=False env_relevant=False | 이 논문은 마케팅 학회지의 소셜 미디어 관련 논문들을 사회연결망 분석으로 지식 구조를 도식화하는 문헌 분석이며, '온라인 커뮤니티'는 분석 대상 문헌에서 빈출된 주제어로 언급될 뿐, 특정 온라인 커뮤니티의 상호작용·구조·운영 방식을 분석 대상으로 삼지 않는다. | has_community=False role_relevant=False env_relevant=False | 이 논문은 국내 마케팅 학회지 게재 소셜 미디어 연구들의 지식구조를 사회연결망 분석으로 파악하는 문헌고찰 연구이며, '온라인 커뮤니티'는 분석 대상 논문들에서 자주 출현하는 주제어로서 언급될 뿐, 특정 온라인 커뮤니티를 분석 대상으로 삼거나 그 역할·환경 조건을 조명하지 않는다.","이 논문은 마케팅 학회지의 소셜 미디어 연구 동향을 사회연결망 분석으로 조망하는 문헌고찰이며, '온라인 커뮤니티'는 분석 대상 커뮤니티가 아니라 빈출 주제어로만 등장하므로, 온라인 커뮤니티를 연구의 분석 대상으로 삼지 않는다. | 이 논문은 마케팅 학회지의 소셜 미디어 관련 논문들을 사회연결망 분석으로 지식 구조를 도식화하는 문헌 분석이며, '온라인 커뮤니티'는 분석 대상 문헌에서 빈출된 주제어로 언급될 뿐, 특정 온라인 커뮤니티의 상호작용·구조·운영 방식을 분석 대상으로 삼지 않는다. | 이 논문은 국내 마케팅 학회지 게재 소셜 미디어 연구들의 지식구조를 사회연결망 분석으로 파악하는 문헌고찰 연구이며, '온라인 커뮤니티'는 분석 대상 논문들에서 자주 출현하는 주제어로서 언급될 뿐, 특정 온라인 커뮤니티를 분석 대상으로 삼거나 그 역할·환경 조건을 조명하지 않는다.",True,3/3,run1:없음; run2:없음; run3:없음
ART000958779,마케팅에서 커뮤니티 개념의 도입과 활용에 관한 연구,강명수(한성대학교),2004,Korea Business Review,kor,ERR,,,run1:없음; run2:없음; run3:없음,"has_community=False role_relevant=False env_relevant=False | 이 논문은 '커뮤니티'와 '온라인 커뮤니티'를 연결마케팅 이론의 개념적 틀로 활용하여 기업 전략과 거래 구조를 설명하는 이론적 논의에 그치며, 특정 디지털 공간에서 사용자 간 지속적 상호작용과 관계 형성을 분석 대상으로 삼지 않으므로 정의에 해당하는 온라인 커뮤니티를 연구 재료로 활용하지 않는다. | has_community=True role_relevant=False env_relevant=False | 이 논문은 연결 마케팅 이론의 틀 안에서 커뮤니티와 온라인 커뮤니티를 거래를 조직하는 지배 메커니즘이나 마케팅 전략 도구로 이론적으로 다루고 있을 뿐, 특정 온라인 커뮤니티의 사회적 역할(창·장)을 분석하거나 그 구조적·환경적 조건(회원제, 익명성, 운영 방침 등)을 비교·검토하지 않으므로 role·env 둘 다 해당하지 않는다. | has_community=False role_relevant=False env_relevant=False | 이 논문은 연결마케팅이론을 바탕으로 기업의 생존전략과 거래조직의 지배 메커니즘으로서 '커뮤니티'를 추상적 마케팅·조직 개념으로 다루고 있을 뿐, 공통 관심사를 가진 사용자들이 지속적으로 상호작용하는 특정 디지털 공간으로서의 온라인 커뮤니티를 분석 대상으로 삼지 않는다.","이 논문은 '커뮤니티'와 '온라인 커뮤니티'를 연결마케팅 이론의 개념적 틀로 활용하여 기업 전략과 거래 구조를 설명하는 이론적 논의에 그치며, 특정 디지털 공간에서 사용자 간 지속적 상호작용과 관계 형성을 분석 대상으로 삼지 않으므로 정의에 해당하는 온라인 커뮤니티를 연구 재료로 활용하지 않는다. | 이 논문은 연결 마케팅 이론의 틀 안에서 커뮤니티와 온라인 커뮤니티를 거래를 조직하는 지배 메커니즘이나 마케팅 전략 도구로 이론적으로 다루고 있을 뿐, 특정 온라인 커뮤니티의 사회적 역할(창·장)을 분석하거나 그 구조적·환경적 조건(회원제, 익명성, 운영 방침 등)을 비교·검토하지 않으므로 role·env 둘 다 해당하지 않는다. | 이 논문은 연결마케팅이론을 바탕으로 기업의 생존전략과 거래조직의 지배 메커니즘으로서 '커뮤니티'를 추상적 마케팅·조직 개념으로 다루고 있을 뿐, 공통 관심사를 가진 사용자들이 지속적으로 상호작용하는 특정 디지털 공간으로서의 온라인 커뮤니티를 분석 대상으로 삼지 않는다.",True,3/3,run1:없음; run2:없음; run3:없음
ART001280845,친교욕구와 자기표현욕구가 디지털 아이템 구매의도에 미치는 영향: 성별과 구매경험의 조절효과를 중심으로,신선진(세계한상문화연구소 전임연구원),2008,정보시스템연구,kor,OK,,,run1:없음; run2:없음; run3:없음,"has_community=True role_relevant=False env_relevant=False | Cyworld를 온라인 커뮤니티로서 서술하지만, 본 연구의 분석 대상은 커뮤니티의 사회적 역할이 아니라 디지털 아이템 구매 행동에 미치는 성별·구매경험 효과이며, 실명제·일촌 기능 등 구조적 조건은 비교·비교 없이 배경 서술로만 제시되어 환경 조명도 성립하지 않는다. | has_community=True role_relevant=True env_relevant=True | 이 논문은 Cyworld를 자기표현·관계 형성이 이루어지는 온라인 커뮤니티 '장'으로 분석하면서, 실명제·'사람찾기'·'일촌맺기' 등 커뮤니티의 익명성 수준과 사회관계 기능이라는 구조적 조건이 성별 사용자 구성에 미치는 차이를 비교·설명하고 있어 역할·환경 조명 모두 해당한다. | has_community=True role_relevant=True env_relevant=False | 이 논문은 Cyworld를 관계 형성·자기표현의 사회적 공간으로, 성별 격차 축소와 여성 사용자 부상이라는 외부 사회현상을 보여주는 창(ROLE)으로 조명하지만, 실명제·일촌맺기 등 구조적 조건은 디지털 아이템 구매 맥락에서 서술적으로 언급될 뿐 그 조건에 따른 커뮤니티 내 차이·변화를 분석하지 않으므로 env_relevant는 false이다.","Cyworld를 온라인 커뮤니티로서 서술하지만, 본 연구의 분석 대상은 커뮤니티의 사회적 역할이 아니라 디지털 아이템 구매 행동에 미치는 성별·구매경험 효과이며, 실명제·일촌 기능 등 구조적 조건은 비교·비교 없이 배경 서술로만 제시되어 환경 조명도 성립하지 않는다. | [ROLE] 이 논문은 Cyworld라는 특정 플랫폼을 사례로 삼아 디지털 아이템 구매 행동과 성별·구매경험의 효과라는 외부 소비·성별 격차 현상을 포착하는 창(WINDOW_MISC)으로 활용하며, 커뮤니티 공간 내 공론장·사회자본 분석은 하지 않는다. | [ENV] Cyworld의 실명 체계와 타 온라인 공간의 익명성을 대비하며 여성 사용자 참여 차이를 언급하긴 하나, 이는 디지털 아이템 구매 요인 분석의 배경 서술에 그치고 익명성 수준이 결과에 미치는 효과를 체계적으로 비교·분석하지 않으므로 ENV_ONLINE_ANNONIMITY 미부여, 그 외 세 코드도 근거가 없어 전부 미부여로 판단한다. | [ROLE] 본 연구는 Cyworld라는 온라인 커뮤니티 공간 안에서 이용자 간 관계 형성·유지(일촌맺기, 사진첩·다이어리 공유 등)와 이를 매개로 한 디지털 아이템 소비를 분석하므로, 커뮤니티 공간 자체의 관계적 기능(장: SOCIALCAPITAL)을 주로 다루되, 성별 격차·비즈니스 모델 성공 같은 외부 사회현상은 배경 맥락으로만 등장하여 WINDOW 계열은 미부여에 그친다.",False,1/3,run1:없음; run2:ROLE_WINDOW_MISC; run3:ROLE_FIELD_SOCIALCAPITAL
ART002088891,모바일SNS 특성이 서비스 관계품질과 농산물 구매의도에 미치는 영향：온라인 커뮤니티를 중심으로,권금남(안동대학교),2016,경영경제연구,kor,OK,ROLE_WINDOW_MISC,,run1:없음; run2:없음; run3:없음,"has_community=True role_relevant=False env_relevant=False | 이 논문은 온라인 커뮤니티 형태의 SNS를 농산물 마케팅 도구와 소비자 행동 분석의 매개 플랫폼으로만 설정하여 정보제공성·상호작용성·댓글 호감성 등 기능적 변수를 다루고 있으나, 커뮤니티의 사회적 역할(창·장)이나 구조적·운영적 조건(회원제, 익명성, 제재, 생애주기 등)에 따른 차이·비교는 다루지 않는다. | has_community=True role_relevant=True env_relevant=False | 이 논문은 온라인 커뮤니티 형태의 SNS를 농산물 구매에서 소비자와 판매자 간 정보 공유·상호작용·관계 형성을 가능하는 '장'으로서 그 사회적 기능(정보제공성·상호작용성·댓글 호감성이 서비스 관계품질과 구매의도에 미치는 영향)을 분석 대상으로 삼고 있으나, 커뮤니티의 운영 방침·제재·익명성 등 구조적·환경적 조건에 따른 차이·비교를 다루지는 않는다. | has_community=True role_relevant=True env_relevant=False | 이 논문은 온라인 커뮤니티 형태의 SNS를 농산물 마케팅·커뮤니케이션의 '장'으로 설정하여 그 구조적 특성(정보제공성, 상호작용성, 댓글 호감성)이 서비스 관계품질과 구매의도에 미치는 영향을 분석하나, 회원제·제재·생애주기·익명성 등 커뮤니티 고유한 환경·운영 조건을 비교·검토하지는 않는다.","이 논문은 온라인 커뮤니티 형태의 SNS를 농산물 마케팅 도구와 소비자 행동 분석의 매개 플랫폼으로만 설정하여 정보제공성·상호작용성·댓글 호감성 등 기능적 변수를 다루고 있으나, 커뮤니티의 사회적 역할(창·장)이나 구조적·운영적 조건(회원제, 익명성, 제재, 생애주기 등)에 따른 차이·비교는 다루지 않는다. | [ROLE] 온라인 커뮤니티는 농산물 마케팅·소비자 구매 행동이라는 외부 사회현상을 관찰·분석하는 마케팅 채널(창)로서 기능하며, 커뮤니티 내 상호작용 특성(정보제공성·상호작용성·호감성)이 구매의도에 미치는 인과모델을 제시하는 것이므로 WINDOW_MISC에 해당한다. | [ROLE] 온라인 커뮤니티는 농산물 구매라는 외부 소비자 행동·마케팅 현상을 관찰하는 매개 채널(창)로 사용되며, 커뮤니티 공간 자체의 공론장·사회자본 역할이 분석 대상이 아니다.",False,1/3,run1:없음; run2:ROLE_WINDOW_MISC; run3:ROLE_WINDOW_MISC
ART001177765,"포털사이트에서 온라인 커뮤니티의 상호작용성, 보상, 몰입과 충성도가구매의도에 미치는 영향",안태윤(성균관대학교),2006,한국IT서비스학회지,eng,OK,ROLE_FIELD_SOCIALCAPITAL,,run1:없음; run2:없음; run3:없음,"has_community=True role_relevant=True env_relevant=False | 이 논문은 포털 사이트 내 온라인 커뮤니티의 상호작용·보상·몰입·충성도가 구매 의도에 미치는 영향을 구조방정식 모델로 분석하여, 커뮤니티 공간 자체가 사용자의 충성 및 구매 행동을 형성하는 '장'(ROLE_FIELD)으로서의 사회적 역할을 조명하나, 회원제·운영 방침·익명성 등 커뮤니티의 구조적·환경적 조건을 비교·분석하지는 않는다. | has_community=True role_relevant=True env_relevant=True | 이 논문은 포털 사이트 내 온라인 커뮤니티의 상호작용성과 보상 구조라는 환경적 조건(ENV)이 사용자 몰입·충성도에 미치는 인과적 효과를 구조방정식으로 분석하고, 이를 통해 커뮤니티가 구매 의도를 형성하는 사회적 장(ROLE_FIELD)으로서의 역할을 규명하고 있다. | has_community=True role_relevant=True env_relevant=False | 이 논문은 포털 사이트 내 온라인 커뮤니티의 상호작용성과 보상, 신뢰가 사용자 충성도와 구매 의도에 미치는 영향을 구조방정식모형으로 분석하여 커뮤니티라는 공간이 상업적 충성을 생산·유지하는 사회적 역할(장)을 분석 대상으로 삼고 있으나, 회원제·익명성·운영 방침 등 구조적 조건에 따른 차이·비교·변화를 다루지 않으므로 env_relevant는 false이다.","[ROLE] 이 논문은 포털 사이트 내 온라인 커뮤니티 공간에서 이용자 간 상호작용(interactivity)과 보상(reward)이 약속(commitment)·충성도(loyalty)·신뢰(trust)라는 관계적 자원을 형성하고 이것이 구매 의도에 미치는 효과를 구조방정식으로 검증함으로써, 커뮤니티 공간 안에서 형성되는 사회적 자본의 존재와 효과를 분석하는 FIELD 계열의 연구이다. | [ROLE] 본 연구는 온라인 커뮤니티 내 상호작용(interactivity)이 이용자들의 commitment·loyalty·trust라는 관계적 자원을 형성하고 이것이 구매 의도에 영향을 미치는 인과 경로를 구조방정식으로 검증함으로써, 커뮤니티 공간 안에서 이용자 간 관계적 자원(신뢰·충성·몰입)의 형성과 효과를 분석하는 FIELD 계열의 SOCIALCAPITAL 연구이다. | [ENV] 본 논문은 포털 사이트의 커뮤니티 '상호작용·보상·몰입·충성도'가 '구매 의도'에 미치는 영향을 구조방정식으로 분석하는 소비자 행동 연구이므로, 회원제·운영체계·생애주기·익명성 등 커뮤니티의 환경적·구조적 조건을 그 자체의 차이·비교·변화로 분석하지 않아 4개 코드 모두 미부여로 판단한다. | [ROLE] 이 논문은 포털 사이트 내 온라인 커뮤니티의 상호작용·보상·충성도가 구매 의도에 미치는 영향을 구조방정식모형으로 분석하는 소비자 행동 연구로, 온라인 커뮤니티 공간 자체의 역할이 아니라 커뮤니티를 매개로 한 e-커머스 소비 행동이라는 외부 사회현상을 보여주는 사례로서 WINDOW_MISC에 해당한다.",False,0/3,run1:ROLE_FIELD_SOCIALCAPITAL; run2:ROLE_FIELD_SOCIALCAPITAL; run3:ROLE_WINDOW_MISC
ART001214054,의류 브랜드 커뮤니티의 이용욕구 충족과 커뮤니티 몰입의 관계: 의류 브랜드 이미지의 조절효과,홍희숙(제주대학교),2007,Journal of Global Scholars of Marketing Science(마케팅과학연구),kor,ERR,,,run1:없음; run2:없음; run3:없음,"has_community=True role_relevant=True env_relevant=False | 이 논문은 의류 브랜드 온라인 커뮤니티 자체를 분석 대상으로 삼아 회원의 이용욕구충족과 커뮤니티 몰입의 관계를 브랜드 이미지 조절효과 하에서 검증하므로 커뮤니티를 '장'으로 조명하나, 회원제·운영방식·익명성·생애주기 등 구조적·환경적 조건에 따른 차이·비교·변화를 다루지 않는다. | has_community=True role_relevant=True env_relevant=False | 이 논문은 의류 브랜드 온라인 커뮤니티라는 공간을 브랜드 몰입을 형성하는 '장'으로 삼아 이용·관계·거래 욕구 충족이 감정적·지속적·규범적 몰입에 미치는 영향을 분석하나, 회원제 유무·운영 방식·익명성 등 커뮤니티의 구조적·환경적 조건을 비교하거나 차이를 분석하지 않으므로 env_relevant는 false이다. | has_community=True role_relevant=True env_relevant=False | 이 논문은 의류 브랜드 온라인 커뮤니티 내 이용·관계·거래 욕구 충족과 감정적·지속적·규범적 몰입의 관계를 분석하여 커뮤니티 공간 자체의 관계 형성 및 규범화 기능을 조명(장)하나, 회원제·익명성·생애주기 등 구조적·환경적 조건에 따른 차이·비교·변화를 다루지 않는다.","[ROLE] 본 연구는 의류 브랜드 온라인 커뮤니티 내 이용욕구 충족과 커뮤니티 몰입의 관계 및 브랜드 이미지의 조절효과를 다중회귀분석으로 검증하는 마케팅 전략 연구로, 공론장 검증·이용자 간 관계적 자원 형성·정치적 양극화·젠더·혐오·기타 외부 사회현상 포착 중 어느 한 코드에도 부합하지 않는다. '관계욕구 충족'은 개인 수준의 욕구충족 변수이지 이용자 간 연결의 존재·강도·효과를 다루는 개념이 아니며, '브랜드 자산 극대화'라는 실무적 결론은 커뮤니티 공간 자체의 사회역할 분석이라기보다 특정 산업의 마케팅 전략 제안에 해당한다. | [ROLE] 온라인 브랜드 커뮤니티는 브랜드 마케팅·소비자 참여라는 커뮤니티 밖에도 존재하는 현상을 분석하는 매개 플랫폼으로 기능하므로 WINDOW_MISC이 부여되고, 커뮤니티 내부의 관계욕구·몰입이 언급되지만 궁극적 목적이 브랜드 자산 극대화라는 마케팅 전략에 있으므로 FIELD_SOCIALCAPITAL은 미부여된다. | [ROLE] 본 연구는 의류 브랜드 온라인 커뮤니티 내 이용욕구·관계욕구·거래욕구 충족과 커뮤니티 몰입(감정적·지속적·규범적) 간 관계를 브랜드 이미지의 조절효과로 검증하는 마케팅 연구로, '관계욕구 충족'이라는 표현이 있으나 그 관계의 당사자가 이용자 간 네트워크가 아니라 개인-브랜드·개인-커뮤니티 간 심리적 유착에 머물러 사회자본 코드에 미치지 못하며, 공론장·양극화·젠더·혐오 등 WINDOW·FIELD 6개 코드 중 어느 하나에도 0.5 이상으로 귀속되지 않는다.",False,2/3,run1:없음; run2:ROLE_WINDOW_MISC; run3:없음
ART001923682,소비자의 브랜드 에반젤리즘에 관한 실증연구: 소비자 개성-브랜드 에반젤리즘-가치공동창출 및 브랜드 컬티즘 모형과 자아일치성의 조절효과,황금주(중앙대학교),2014,마케팅관리연구,kor,ERR,,,run1:없음; run2:없음; run3:없음,"has_community=False role_relevant=False env_relevant=False | 이 논문은 소비자의 개성과 브랜드 에반젤리즘·컬티즘의 관계를 분석하는 소비자 행동 연구이며, 애플 제품 온라인 커뮤니티는 설문 응답자 모집 통로로만 활용되었을 뿐 커뮤니티 자체를 분석 대상으로 삼지 않는다. | has_community=False role_relevant=False env_relevant=False | 이 논문은 애플제품 온라인 커뮤니티 회원을 설문 응답자 모집 통로로만 활용하여 소비자 개성과 브랜드 에반젤리즘 간의 인과 관계를 연구하므로, 온라인 커뮤니티 자체를 분석 대상으로 삼지 않는다. | has_community=False role_relevant=False env_relevant=False | 이 논문은 애플 제품 사용자 온라인 커뮤니티를 설문 배포·모집 통로로만 활용했을 뿐, 커뮤니티 자체의 구조·상호작용·사회적 역할을 분석 대상으로 삼지 않으므로 커뮤니티 존재 여부가 성립하지 않는다.","이 논문은 소비자의 개성과 브랜드 에반젤리즘·컬티즘의 관계를 분석하는 소비자 행동 연구이며, 애플 제품 온라인 커뮤니티는 설문 응답자 모집 통로로만 활용되었을 뿐 커뮤니티 자체를 분석 대상으로 삼지 않는다. | 이 논문은 애플제품 온라인 커뮤니티 회원을 설문 응답자 모집 통로로만 활용하여 소비자 개성과 브랜드 에반젤리즘 간의 인과 관계를 연구하므로, 온라인 커뮤니티 자체를 분석 대상으로 삼지 않는다. | 이 논문은 애플 제품 사용자 온라인 커뮤니티를 설문 배포·모집 통로로만 활용했을 뿐, 커뮤니티 자체의 구조·상호작용·사회적 역할을 분석 대상으로 삼지 않으므로 커뮤니티 존재 여부가 성립하지 않는다.",True,3/3,run1:없음; run2:없음; run3:없음
ART002520448,"온라인 구전의 정보 특성과 커뮤니티 특성이 게스트 하우스 브랜드 이미지, 브랜드 태도 그리고 관광객 행동의도에 미치는 영향",반선(경희대학교),2019,인터넷전자상거래연구,kor,ERR,,,run1:없음; run2:없음; run3:없음,"has_community=True role_relevant=False env_relevant=False | SNS상 민박 eWOM이 관광 행동의도에 미치는 영향을 분석하는 본 논문에서 온라인 커뮤니티는 eWOM의 전달 매체로만 기능하며, 커뮤니티 공간의 사회적 역할(창·장)이 분석 대상이 되거나 회원제·익명성·운영방침 등 구조적·환경적 조건이 비교·검토되지 않는다. | has_community=False role_relevant=False env_relevant=False | 이 논문은 SNS에 게시된 eWOM이 민박 브랜드 태도와 관광객 행동 의도에 미치는 영향을 분석하는 소비자 행동 연구로서, 'community tie strength'와 'community characteristics'는 통계 모형의 변수로 사용될 뿐, 특정 온라인 커뮤니티의 구조·역할·운영 방침을 분석 대상으로 삼지 않는다. | has_community=True role_relevant=False env_relevant=False | 이 논문은 SNS상 eWOM이 민박 브랜드 태도와 방문 의도에 미치는 영향을 관광마케팅 관점에서 분석하는 연구로서, 'community tie strength'와 'community characteristics'를 통계 모델의 예측변수로만 사용하며, 온라인 커뮤니티 자체의 사회적 역할이나 구조적·환경적 조건을 분석 대상으로 삼지 않는다.","SNS상 민박 eWOM이 관광 행동의도에 미치는 영향을 분석하는 본 논문에서 온라인 커뮤니티는 eWOM의 전달 매체로만 기능하며, 커뮤니티 공간의 사회적 역할(창·장)이 분석 대상이 되거나 회원제·익명성·운영방침 등 구조적·환경적 조건이 비교·검토되지 않는다. | 이 논문은 SNS에 게시된 eWOM이 민박 브랜드 태도와 관광객 행동 의도에 미치는 영향을 분석하는 소비자 행동 연구로서, 'community tie strength'와 'community characteristics'는 통계 모형의 변수로 사용될 뿐, 특정 온라인 커뮤니티의 구조·역할·운영 방침을 분석 대상으로 삼지 않는다. | 이 논문은 SNS상 eWOM이 민박 브랜드 태도와 방문 의도에 미치는 영향을 관광마케팅 관점에서 분석하는 연구로서, 'community tie strength'와 'community characteristics'를 통계 모델의 예측변수로만 사용하며, 온라인 커뮤니티 자체의 사회적 역할이나 구조적·환경적 조건을 분석 대상으로 삼지 않는다.",True,3/3,run1:없음; run2:없음; run3:없음
ART000945361,온라인 커뮤니티 회원의 동일시에 영향을 미치는 요인에 관한 연구,서문식(부산대학교),2002,Journal of Global Scholars of Marketing Science(마케팅과학연구),eng,ERR,,,run1:없음; run2:없음; run3:없음,"has_community=True role_relevant=True env_relevant=False | 제목만으로는 온라인 커뮤니티에서 회원의 소속감(identification)에 영향을 주는 요인을 분석하는 것으로, 커뮤니티가 정체성 형성의 '장'으로 조명되나, 구조·환경적 조건(회원제, 운영 방침, 익명성 등)의 비교나 변화가 명시되지 않아 env_relevant는 판단 근거가 부족하다. | has_community=True role_relevant=True env_relevant=False | 이 논문은 온라인 커뮤니티에 대한 회원의 소속감(identification)에 영향을 미치는 요인을 연구하는 것으로, 커뮤니티를 정체성·역할이 형성되는 '장'으로 조명하나(ROLE), 구조적·환경적 조건(회원제, 익명성, 운영 방침 등)에 따른 차이·비교가 명시되지 않아 ENV는 해당하지 않는다. | has_community=True role_relevant=True env_relevant=False | 이 논문은 온라인 커뮤니티 내 회원의 소속감·정체성 형성에 영향을 미치는 요인을 분석하는 것으로, 커뮤니티를 정체성 구성의 '장'으로 조명하나, 회원제·운영 방침·익명성 등 구조적·환경적 조건을 변수로 비교·분석하는지에 대한 정보는 제목만으로는 확인할 수 없다.","[ROLE] 제목만으로는 '온라인 커뮤니티 내 이용자의 소속감·정체성 형성에 영향을 미치는 요인'을 다루는 것으로 보이나, 이는 개인이 내면화하는 정체성 형성에 해당하여 SOCIALCAPITAL의 배제 기준에 걸리고, 공론장 검증·외부 사회현상 포착에 대한 근거가 없어 6개 코드 모두 미부여로 판단한다. | [ROLE] 제목만으로는 '온라인 커뮤니티 내 구성원의 동일시(identification)'에 영향하는 요인을 분석하는 것으로, 커뮤니티 공간 자체의 내부 역학을 다루는 FIELD 계열에 가깝지만, 공론장 검증이나 이용자 간 관계적 자원 형성 여부를 확인할 근거가 부족하여 6개 코드 모두 0.5 미만에 그친다. | [ROLE] 논문 제목만 주어졌을 뿐 본문·초록이 부재하여, 'members' identification in online community'가 이용자 간 관계적 자원(소속·신뢰)을 다루는지还是个인 정체성 형성 서술인지 판별할 근거가 없어 6개 코드 모두 미부여.",True,3/3,run1:없음; run2:없음; run3:없음
ART002460283,온라인 육아 커뮤니티 참여가 만족도와 지속이용의도에 미치는 영향 : 주부와 워킹맘의 지각혜택 매개경로 비교를 중심으로,이윤혜(고려대학교세종캠퍼스),2019,고객만족경영연구,kor,ERR,,,run1:없음; run2:없음; run3:없음,"has_community=True role_relevant=True env_relevant=False | 이 논문은 온라인 육아 커뮤니티를 정보 교환과 사회적 친목을 도모하는 공간으로서 참여·만족도·지속적 이용 의도라는 사회적 역할(장)을 분석 대상으로 삼으나, 회원제·익명성·운영 방침 등 구조적·환경적 조건을 비교·변화시키는 분석은 수행하지 않으므로 env_relevant는 false이다. | has_community=True role_relevant=True env_relevant=False | 이 논문은 온라인 육아 커뮤니티를 정보 교환·사회적 친목·구전 콘텐츠 생산의 '장'으로 삼아 참여정도가 즐거움·유용성·만족도·지속 이용의도에 미치는 영향을 분석하나, 회원제·운영·제재·생애주기·익명성 등 커뮤니티의 구조적·환경적 조건에 따른 차이·비교·변화를 다루지 않으므로 env는 해당하지 않는다. | has_community=True role_relevant=True env_relevant=False | 이 논문은 온라인 육아 커뮤니티를 정보 교환과 친목 도모의 공간으로 설정하고, 참여가 지각된 즐거움·유용성·만족도·지속적 이용의도에 미치는 영향을 전업주부와 워킹맘 간 차이와 함께 분석함으로써 커뮤니티라는 공간 자체의 사회적 역할을 장(ROLE_FIELD)으로 조명하나, 회원제·익명성·운영 방침 등 구조적·환경적 조건을 비교·고찰하지는 않는다.","[ROLE] 온라인 육아 커뮤니티를 친목·경험 교환의 관계적 공간으로 서술하나, 실제 분석은 참여도→지각된 즐거움·유용성→만족도→지속적 이용의도라는 개인 수준 TAM 모형에 머물러 이용자 간 연결의 존재·강도·효과를 직접 다루지 않으므로, FIELD·WINDOW 6개 코드 모두 미부여로 판단된다. | [ROLE] 본 연구는 온라인 육아 커뮤니티 내 참여도–만족도–지속 이용의도라는 개인 수준의 태도·행위 변수를 설문으로 검증하는 정보시스템·마케팅 연구이므로, 커뮤니티 공간의 공론장 기능이나 이용자 간 관계적 자원의 형성을 분석하지도, 외부 사회현상을 보여주는 창으로 쓰이지도 않아 6개 코드 모두 미부여에 그친다. | [ROLE] 온라인 육아 커뮤니티가 사회적 친목·정보 교환의 공간으로 서술되어 있으나, 실제 분석은 참여→즐거움/유용성→만족도→지속적 이용의도라는 개인 수준의 TAM 변수에 머물러 이용자 간 관계적 자원(신뢰·연대·네트워크)의 형성·효과를 다루지 않으므로 FIELD 두 코드 모두 0.5 미만에 그친다.",True,3/3,run1:없음; run2:없음; run3:없음
ART001732710,브랜드커뮤니티 내 상호작용성이 브랜드 충성도에 미치는 영향:중국 온라인커뮤니티를 대상으로,이지나(숭의여자대학),2012,기업경영연구,kor,OK,ROLE_FIELD_SOCIALCAPITAL,,run1:없음; run2:없음; run3:없음,"has_community=True role_relevant=True env_relevant=False | 이 논문은 중국 자동차 온라인 브랜드 커뮤니티(愛卡汽車論壇) 내에서 상호작용(상호연대감, 호혜성, 반응성, 즐거움)이 몰입과 브랜드 충성도로 전이되는 과정을 실증 분석하여, 커뮤니티라는 공간 자체가 관계 형성·몰입을 매개하는 사회적 장(ROLE_FIELD)으로 기능하는지를 분석 대상으로 삼고 있으나, 회원제 구조나 운영·제재 방식 등 환경적 조건에 따른 차이·비교·변화를 탐구하지는 않는다. | has_community=True role_relevant=True env_relevant=False | 이 논문은 중국 자동차 온라인 브랜드 커뮤니티(愛卡汽車論壇)를 브랜드 충성도 형성의 '장'으로서 그 상호작용 구조와 몰입 메커니즘을 분석 대상으로 삼고 있으나, 회원제 유무·익명성·운영 방침 등 커뮤니티의 구조적·환경적 조건을 비교·변수화하여 차이를 규명하지는 않는다. | has_community=True role_relevant=True env_relevant=False | 이 논문은 중국 자동차 전문 웹사이트 내 브랜드별 온라인 커뮤니티를 분석 대상으로 삼아 커뮤니티 내 상호작용이 몰입과 브랜드 충성도로 전이되는 과정을 실증하므로 커뮤니티를 관계 마케팅의 '장'으로 조명하나, 회원제·익명성·운영 방침 등 구조적·환경적 조건에 따른 차이·비교를 다루지 않는다.","[ROLE] 이 논문은 온라인 브랜드 커뮤니티 내부의 상호연대감·상호호혜성 등 관계적 자원(사회자본)이 커뮤니티 몰입과 브랜드 충성도로 전이되는 메커니즘을 실증 분석함으로써, 커뮤니티 공간 안에서의 이용자 간 관계 형성 효과를 다루는 FIELD 계열(사회자본)에 해당하나, 궁극적 분석 대상이 브랜드 충성도라는 마케팅 현상이라는 점에서 WINDOW_MISC 가능성도 일부 존재한다. | [ROLE] 이 논문은 온라인 브랜드 커뮤니티 내에서 이용자 간 상호연대감·상호호혜성 등 관계적 자원(사회자본)이 형성되어 커뮤니티 몰입과 브랜드 충성도로 전이되는 과정을 실증 분석하므로, 커뮤니티 공간 안의 관계적 상호작용을 장(FIELD)으로서 조명하는 SOCICALCAPITAL에 해당한다. | [ROLE] 온라인 브랜드 커뮤니티를 기업의 마케팅·브랜드 관리라는 외부 비즈니스 현상(브랜드 충성도 형성)을 실현하는 수단으로 위치시킴으로써, 커뮤니티 공간 자체의 역할이 아니라 브랜드 충성도라는 외부 사회현상을 보여주는 창(WINDOW_MISC)으로 기능한다.",False,0/3,run1:ROLE_FIELD_SOCIALCAPITAL; run2:ROLE_FIELD_SOCIALCAPITAL; run3:ROLE_WINDOW_MISC
ART001049366,정보 리터러시가 소상공인의 온라인 활동 수준에 미치는 영향,이재관(숭실대학교),2007,중소기업연구,kor,ERR,,,run1:없음; run2:없음; run3:없음,"has_community=False role_relevant=False env_relevant=False | 이 논문은 소상공인의 정보 리터러시가 온라인 활동에 미치는 영향을 분석하는 것으로, '온라인 커뮤니티 참여'는 인터넷 이용시간, 온라인 거래, 온라인 학습정보 수집 등 6개 종속변수 중 하나에 불과하며, 특정 커뮤니티를 분석 대상이나 사회현상의 창·장으로서 삼지 않는다. | has_community=True role_relevant=False env_relevant=False | 이 논문은 소상공인의 정보 리터러시가 온라인 활동 6개 변수에 미치는 영향을 분석하는 연구로서, '온라인 커뮤니티 참여'는 인터넷 이용시간·온라인 거래·온라인 학습정보 수집 등과 나란히 종속변수 6개 중 하나로 단순히 온라인 활동 참여 여부를 측정하는 지표로만 사용되며, 커뮤니티 공간 자체의 구조·역할·운영 조건이 분석 대상이 되지 않는다. | has_community=False role_relevant=False env_relevant=False | 이 논문은 소상공인의 정보 리터러시(IL)가 온라인 활동(인터넷 이용시간, 홈페이지 방문, 온라인 거래, 커뮤니티 참여, 학습정보 수집, 온라인 상담 만족도) 6개 변수에 미치는 영향을 회귀분석으로 검증하는 것으로, '온라인 커뮤니티 참여'는 6개 종속변수 중 하나에 불과해 커뮤니티 자체를 분석 대상이나 연구 재료로 삼지 않는다.","이 논문은 소상공인의 정보 리터러시가 온라인 활동에 미치는 영향을 분석하는 것으로, '온라인 커뮤니티 참여'는 인터넷 이용시간, 온라인 거래, 온라인 학습정보 수집 등 6개 종속변수 중 하나에 불과하며, 특정 커뮤니티를 분석 대상이나 사회현상의 창·장으로서 삼지 않는다. | 이 논문은 소상공인의 정보 리터러시가 온라인 활동 6개 변수에 미치는 영향을 분석하는 연구로서, '온라인 커뮤니티 참여'는 인터넷 이용시간·온라인 거래·온라인 학습정보 수집 등과 나란히 종속변수 6개 중 하나로 단순히 온라인 활동 참여 여부를 측정하는 지표로만 사용되며, 커뮤니티 공간 자체의 구조·역할·운영 조건이 분석 대상이 되지 않는다. | 이 논문은 소상공인의 정보 리터러시(IL)가 온라인 활동(인터넷 이용시간, 홈페이지 방문, 온라인 거래, 커뮤니티 참여, 학습정보 수집, 온라인 상담 만족도) 6개 변수에 미치는 영향을 회귀분석으로 검증하는 것으로, '온라인 커뮤니티 참여'는 6개 종속변수 중 하나에 불과해 커뮤니티 자체를 분석 대상이나 연구 재료로 삼지 않는다.",True,3/3,run1:없음; run2:없음; run3:없음
ART003183436,Decentralized Networks and Social Influence in New Product Diffusion: A Study within Online Affinity Groups,이수빈(연세대학교 경영대학),2025,전문경영인연구,kor,OK,ROLE_FIELD_SOCIALCAPITAL,,run1:없음; run2:없음; run3:없음,"has_community=True role_relevant=True env_relevant=False | 이 논문은 Last.fm이라는 음악 기반 온라인 커뮤니티에서 네트워크 집중도가 제품 확산 시 사회적 영향력에 미치는 영향을 분석함으로써, 온라인 커뮤니티를 제품 확산과 사회적 영향력이 발생하는 '장'으로서의 역할을 조명하나, 회원제·운영 방식·익명성·생애주기 등 커뮤니티의 구조적·환경적 운영 조건을 다루지는 않는다. | has_community=True role_relevant=True env_relevant=False | 이 논문은 Last.fm이라는 음악 기반 온라인 커뮤니티의 네트워크 집중도(구조적 특성)가 신제품 확산 시 사회적 영향력에 미치는 영향을 분석하여, 커뮤니티의 구조가 확산 메커니즘을 형성하는 '장'으로서의 역할을 조명하고 있으나, 회원제·운영 방침·익명성 등 커뮤니티 운영 방침 차원의 환경 조건을 비교·검토하지는 않는다. | has_community=True role_relevant=True env_relevant=True | 이 논문은 Last.fm이라는 음악 기반 온라인 커뮤니티(affinity group)를 분석 대상으로 삼아, 네트워크 중심화라는 커뮤니티의 구조적 조건(ENV)을 분산/집중으로 비교하고, 그 차이가 제품 확산에서의 사회적 영향력에 미치는 영향을 분석함으로써 커뮤니티 자체가 사회적 영향력을 매개하는 '장'(ROLE)으로 조명한다.","[ROLE] 이 논문은 Last.fm이라는 온라인 애핀리티 그룹 내부의 네트워크 집중도(centralization)가 이용자 간 사회적 영향력(social influence)에 미치는 효과를 분석함으로써, 온라인 커뮤니티 공간 안에서 이용자 간 연결의 구조와 그 관계적 효과를 다룬 장(FIELD)으로서의 사회적 자본(SOCIALCAPITAL) 역할을 규명한다. | [ROLE] 본 연구는 Last.fm 음악 커뮤니티 내에서 네트워크 중심성(이용자 간 연결의 구조)이 사회적 영향력(이용자 간 상호작용의 효과)에 미치는 영향을 분석하는 것으로, 온라인 커뮤니티 공간의 구조적·관계적 속성 자체를 분석 대상으로 삼아 장(FIELD)으로서의 커뮤니티 역할, 구체적으로 이용자 간 연결의 존재·강도·효과를 다루는 사회자본 계열에 해당한다. | [ROLE] 본 연구는 Last.fm 등 온라인 애핀리티 그룹 내 네트워크 중심성(이용자 간 연결 구조)이 사회적 영향력 및 제품 확산에 미치는 효과를 분석하므로, 온라인 커뮤니티 공간 내부의 이용자 간 연결의 구조와 그 효과를 다루는 장(FIELD)으로서의 사회자본(SOCIALCAPITAL) 역할이 부여되며, 공론장·양극화·젠더·혐오·기타 외부 현상 창으로는 해당하지 않는다. | [ENV] 본 연구는 Last.fm의 네트워크 중앙화(decentralization)와 제품 확산 시 사회적 영향력 간의 관계를 분석하는 것으로, 회원제·운영체계·커뮤니티 생애주기·익명성 중 어느 조건도 분석 대상이 아니어서 4개 코드 모두 미부여이다.",True,0/3,run1:ROLE_FIELD_SOCIALCAPITAL; run2:ROLE_FIELD_SOCIALCAPITAL; run3:ROLE_FIELD_SOCIALCAPITAL
ART001591183,온라인 학습공동체에서 학습성과와 사회적 실재감 수준에 따른 상호작용 양상의 차이 규명,강명희(이화여자대학교),2011,평생교육 · HRD연구,kor,ERR,,,run1:없음; run2:없음; run3:없음,"has_community=True role_relevant=True env_relevant=False | 이 논문은 온라인 학습공동체를 학습성과와 사회적 실재감을 매개로 상호작용이 이루어지는 '장'으로 삼아, 그 공간 내 상호작용 유형이 학습성과와 실재감에 미치는 역할을 분석하므로 role_relevant는 true이나, 회원제·익명성·운영방침·생애주기 등 구조적·환경적 조건에 따른 차이·비교는 다루지 않으므로 env_relevant는 false이다. | has_community=True role_relevant=True env_relevant=False | 이 논문은 온라인 학습공동체 게시판을 학습이 발생하는 '장'으로 삼아 상호작용 유형이 학습성과·사회적 실재감에 미치는 영향을 분석하므로 role_relevant이나, 회원제·운영 방침·익명성 등 커뮤니티의 구조적·환경적 조건을 비교·고찰하지 않으므로 env_relevant는 false이다. | has_community=True role_relevant=True env_relevant=False | 이 논문은 온라인 학습공동체 게시판이라는 공간을 학습자가 상호작용하며 학습성과와 사회적 실재감을 형성하는 '장'으로 분석 대상으로 삼고 있으나, 회원제·운영 방침·익명성 등 커뮤니티의 구조적·환경적 조건을 변수로 다루지 않으므로 env_relevant는 false이다.","[ROLE] 본 연구는 온라인 학습공동체 내부에서 학습자 간 인지적·사회적·정의적 상호작용과 사회적 실재감의 관계를 분석하는 것으로, 커뮤니티 공간 안의 관계적 역학을 다루는 FIELD 계열이나, 공론장 검증도 사회자본 형성의 체계적 분석도 아닌 교육적 학습과정의 상호작용 유형 분류에 초점이 두어져 6개 코드 모두 부여 기준에 미달한다. | [ROLE] 본 연구는 온라인 학습공동체 공간 안에서 학습자 간 상호작용(인지적·사회적·정의적)의 유형과 빈도가 사회적 실재감이라는 관계적 자원과 학습성과에 미치는 영향을 분석하는 것으로, 커뮤니티 내 이용자 간 연결의 존재·양상·효과를 다루는 장( FIELD)으로서의 사회적 자본 역할에 해당한다. | [ROLE] 본 연구는 온라인 학습공동체 내부의 인지적·사회적·정의적 상호작용 유형과 학습성과·사회적 실재감 간의 관계를 정량 분석하는 교육학 연구로, 공론장 검증이나 이용자 간 관계적 자원(신뢰·연대·네트워크)의 형성·효과를 분석 대상으로 삼지 않으며, 외부 사회현상을 보여주는 창으로 커뮤니티를 활용하지도 않으므로 6개 코드 중 어느 하나도 부여하지 않는다.",False,2/3,run1:없음; run2:ROLE_FIELD_SOCIALCAPITAL; run3:없음
ART001001199,온라인 탐구환경에서의 학습경험: 효과적인 탐구학습 설계를 위한 시사,임병노(경희대학교),2003,교육공학연구,kor,ERR,,,run1:없음; run2:없음; run3:없음,"has_community=False role_relevant=False env_relevant=False | 이 논문은 온라인 탐구학습이라는 교수·학습 모형의 설계와 학습자 경험을 다루며, 공통 관심사·목적을 가진 사용자가 지속적으로 상호작용하고 관계를 형성하는 온라인 커뮤니티를 분석 대상으로 삼지 않는다. | has_community=False role_relevant=False env_relevant=False | 이 논문은 대학 교직과정의 혼합형(블렌디드) 온라인 탐구학습 모형의 설계와 학습자 경험을 다루며, 온라인 공간은 특정 과목의 학습 플랫폼이지 공통 관심사를 가진 사용자가 지속적으로 상호작용하고 관계를 형성하는 온라인 커뮤니티가 아니므로 분석 대상에 커뮤니티가 존재하지 않는다. | has_community=True role_relevant=False env_relevant=False | 이 논문은 온라인 탐구학습이라는 교육 모형의 학습 효과와 설계 시사점을 분석하는 연구로서, 온라인 공간은 학습 전달 매체(강의 플랫폼)로 기능할 뿐 공통 관심사·목적에 기반한 사용자의 자발적 상호작용과 관계 형성을 전제로 한 온라인 커뮤니티를 분석 대상으로 삼지 않으므로 커뮤니티 존재 여부가 성립하지 않는다.","이 논문은 온라인 탐구학습이라는 교수·학습 모형의 설계와 학습자 경험을 다루며, 공통 관심사·목적을 가진 사용자가 지속적으로 상호작용하고 관계를 형성하는 온라인 커뮤니티를 분석 대상으로 삼지 않는다. | 이 논문은 대학 교직과정의 혼합형(블렌디드) 온라인 탐구학습 모형의 설계와 학습자 경험을 다루며, 온라인 공간은 특정 과목의 학습 플랫폼이지 공통 관심사를 가진 사용자가 지속적으로 상호작용하고 관계를 형성하는 온라인 커뮤니티가 아니므로 분석 대상에 커뮤니티가 존재하지 않는다. | 이 논문은 온라인 탐구학습이라는 교육 모형의 학습 효과와 설계 시사점을 분석하는 연구로서, 온라인 공간은 학습 전달 매체(강의 플랫폼)로 기능할 뿐 공통 관심사·목적에 기반한 사용자의 자발적 상호작용과 관계 형성을 전제로 한 온라인 커뮤니티를 분석 대상으로 삼지 않으므로 커뮤니티 존재 여부가 성립하지 않는다.",True,3/3,run1:없음; run2:없음; run3:없음
ART000909903,온라인 수업의 실시간 토론 내용 분석,이옥화(충북대학교),2003,교육공학연구,kor,OK,ROLE_FIELD_SOCIALCAPITAL,,run1:없음; run2:없음; run3:없음,"has_community=True role_relevant=True env_relevant=True | 이 논문은 사이버대학 실시간 토론 커뮤니티를 학습·소속감 형성의 '장'으로 분석하면서, 커뮤니티 발전 단계(생애주기)가 시간에 따라 진전되지 못하는 구조적 조건이 토론 질과 학습 공동체 형성 가능성을 어떻게 제약하는지를 비교·분석하고 있으므로 역할과 환경 두 축 모두에 해당한다. | has_community=True role_relevant=True env_relevant=False | 이 논문은 사이버대학 온라인 실시간 토론방을 학습 공동체로서의 사회적 역할(사회적 유대감 형성, 학습 공동체 구축)을 분석 대상으로 삼아 '장'으로 조명하지만, 커뮤니티 발전 단계는 토론 내용 유형과 나란히 범주화 도구로 사용될 뿐 구조·운영 조건에 따른 차이·비교·변화를 분석하지는 않아 env_relevant는 성립하지 않는다. | has_community=True role_relevant=True env_relevant=False | 이 논문은 사이버대학 온라인 토론방이라는 학습 커뮤니티를 분석 대상으로 삼아, 학습 공동체로서의 공간적 역할(장)과 소속감·사회적 유대 형성 기능을 조명하나, '커뮤니티 발전 단계'는 토론 내용 분류의 이론적 틀로 사용될 뿐 구조·운영 조건에 따른 차이·비교가 분석되지 않으므로 env_relevant는 false이다.","[ROLE] 본 연구는 사이버대학생 온라인 실시간 토론 커뮤니티 내부에서 이용자 간 사회적 유대감·소속감·학습 공동체 형성 여부를 분석하여, 온라인 커뮤니티 공간의 관계적 자원(사회자본) 생성 효과를 검증하는 FIELD 계열 연구이다. | [ENV] 이 논문은 '커뮤니티 발전 단계(3가지)'를 토론 내용 유형 분류의 분석 틀로 차용하고 있으나, 이는 1학기 5회 토론 세션 내 토론 질의 진전 여부를 묻는 것으로, 커뮤니티 자체가 형성·분화·쇠퇴를 거치며 대규모 탈퇴나 쇠퇴로 이어지는 생애주기 추적이 아니므로 ENV_COMMUNITY_LIFECYCLE도 미부여하며, 나머지 세 코드에도 근거 문장이 존재하지 않는다. | [ROLE] 본 연구는 사이버대학 온라인 실시간 토론 공간 내에서 학습자 간 사회적 유대감·소속감·학습 공동체 형성이라는 관계적 자원(사회자본)의 존재와 한계를 분석하는 것으로, 온라인 커뮤니티 공간 자체의 기능(장)을 조명하는 FIELD_SOCIALCAPITAL에 해당하며, 외부 사회현상을 보여주는 창(WINDOW)이나 공론장 검증(ROLE_FIELD_PUBLICSPHERE)의 초점은 아니다. | [ROLE] 이 논문은 사이버대학 온라인 실시간 토론 공간 안에서 학습자 간 소속감·유대감 형성과 커뮤니티 발전 단계를 분석하므로, 온라인 커뮤니티 공간 내 이용자 간 관계적 자원의 형성 효과를 다루는 장(FIELD)으로서의 사회자본(SOCIALCAPITAL) 역할에 해당한다.",True,0/3,run1:ROLE_FIELD_SOCIALCAPITAL; run2:ROLE_FIELD_SOCIALCAPITAL; run3:ROLE_FIELD_SOCIALCAPITAL
ART001556992,초등 교사들의 온라인상에서의 수업자료 공유에 대한 사례연구,서경혜(이화여자대학교),2011,초등교육연구,kor,OK,ROLE_WINDOW_MISC,,run1:없음; run2:없음; run3:없음,"has_community=True role_relevant=True env_relevant=False | 이 논문은 인디스쿨 온라인 교사공동체를 수업자료 교류·공유가 실제로 이루어지는 '장'으로 설정하여 그 실태와 특징을 분석하므로 role_relevant이나, 커뮤니티의 구조적·환경적 조건(회원제, 제재 방식, 익명성 등)에 따른 차이·비교·변화를 다루지 않으므로 env_relevant는 false이다. | has_community=True role_relevant=True env_relevant=False | 이 논문은 인디스쿨 온라인 교사공동체를 사례로 삼아 교사들의 수업자료 교류·공유 실태를 탐구함으로써, 온라인 커뮤니티를 교사 간 자원 공유라는 사회적 실천이 이루어지는 '장'으로 조명하고 있으나, 회원제·익명성·운영 방침 등 커뮤니티의 구조적·환경적 조건을 비교·분석하지는 않는다. | has_community=True role_relevant=True env_relevant=False | 이 논문은 인디스쿨 온라인 교사공동체를 교사 간 수업자료 교류·공유가 이루어지는 공간으로서 분석 대상으로 삼아, 교사 학습공동체의 자발적 해결 노력이라는 현상을 보여주는 창(또는 교사 전문성 발전의 장)으로 조명하나, 회원제·운영방침·익명성 등 커뮤니티의 구조적·환경적 조건을 비교·분석하지는 않는다.","[ROLE] 이 논문은 인디스쿨 온라인 교사공동체를 사례로 삼아, 궁극적으로 '교사들의 수업자료 부족과 전문성 지원'이라는 온라인 커뮤니티 외부에 존재하는 교육 현장의 구조적 문제를 파악하고 지원방안을 모색하는 데 목적을 두므로, 온라인 커뮤니티는 교사 전문성 협력이라는 더 넓은 사회현상을 보여주는 창(WINDOW_MISC)으로 기능한다. | [ROLE] 이 논문은 인디스쿨 온라인 교사공동체를 자료원으로 삼아 교사들의 수업자료 공유 실태와 자료의 특징을 탐구하는 것으로, 온라인 커뮤니티는 교사들의 전문적 자료 교류라는 외부 현상을 관찰하는 창(WINDOW_MISC)으로 기능하며, 커뮤니티 내부의 공론장 역할이나 관계적 자본 형성 자체가 분석 대상이 아니다. | [ROLE] 본 연구는 인디스쿨 온라인 교사공동체에서 교사 간 수업자료 '교류 공유'의 실태와 자료의 특징을 탐구하므로 FIELD 계열, 특히 SOCIALCAPITAL(공유·네트워크)과 가장 근접하나, 분석 초점이 이용자 간 관계적 역량이 아니라 공유되는 자료의 내용·특성에 두어 0.5 미만에 그쳤고, WINDOW 계열로는 '수업자료 부족'이라는 외부 현상을 배경으로 언급하나 이를 분석 대상으로 삼지 않아 미부여로 판정되었다.",False,1/3,run1:ROLE_WINDOW_MISC; run2:ROLE_WINDOW_MISC; run3:없음
ART001771294,인터넷 문화기술지의 방법적 특징 및 연구 절차 탐색,오영범(진주교육대학교),2013,교육인류학연구,kor,ERR,,,run1:없음; run2:없음; run3:없음,"has_community=False role_relevant=False env_relevant=False | 이 논문은 '인터넷 문화기술지'라는 질적 연구 방법론의 특징과 절차를 탐색하는 방법론적 논문이며, 온라인 커뮤니티는 5단계 절차 중 '선택하기'라는 한 단계로만 언급될 뿐 분석 대상이 아니므로, 커뮤니티 존재 여부를 인정하기 어렵다. | has_community=True role_relevant=False env_relevant=False | 이 논문은 '인터넷 문화기술지'라는 질적 연구 방법론 자체의 개념·절차·윤리를 다루는 방법론적 논문으로, 온라인 커뮤니티는 연구 대상 사이트로 '선택'되는 단계에 언급될 뿐, 커뮤니티의 사회적 역할(창·장)이나 구조적·환경적 조건(회원제, 익명성, 운영 방침 등)에 따른 차이·비교·변화를 분석하지 않으므로 role·env 모두 해당되지 않는다. | has_community=True role_relevant=False env_relevant=False | 이 논문은 인터넷 문화기술지라는 질적 연구 방법론의 개념·절차·윤리를 탐색하는 방법론 논문であり, '온라인 커뮤니티 선택하기'를 연구 절차의 한 단계로 서술할 뿐 특정 커뮤니티를 분석 대상으로 삼지 않으므로, 커뮤니티는 연구 설계의 재료로만 언급되고 역할·환경 조명 모두 해당하지 않는다.","이 논문은 '인터넷 문화기술지'라는 질적 연구 방법론의 특징과 절차를 탐색하는 방법론적 논문이며, 온라인 커뮤니티는 5단계 절차 중 '선택하기'라는 한 단계로만 언급될 뿐 분석 대상이 아니므로, 커뮤니티 존재 여부를 인정하기 어렵다. | 이 논문은 '인터넷 문화기술지'라는 질적 연구 방법론 자체의 개념·절차·윤리를 다루는 방법론적 논문으로, 온라인 커뮤니티는 연구 대상 사이트로 '선택'되는 단계에 언급될 뿐, 커뮤니티의 사회적 역할(창·장)이나 구조적·환경적 조건(회원제, 익명성, 운영 방침 등)에 따른 차이·비교·변화를 분석하지 않으므로 role·env 모두 해당되지 않는다. | 이 논문은 인터넷 문화기술지라는 질적 연구 방법론의 개념·절차·윤리를 탐색하는 방법론 논문であり, '온라인 커뮤니티 선택하기'를 연구 절차의 한 단계로 서술할 뿐 특정 커뮤니티를 분석 대상으로 삼지 않으므로, 커뮤니티는 연구 설계의 재료로만 언급되고 역할·환경 조명 모두 해당하지 않는다.",True,3/3,run1:없음; run2:없음; run3:없음
ART002244989,NCS 기반 교육과정의 효율적 운영을 위한 교수･학습 및 평가 방법 요구 분석,이민욱(한국직업능력개발원),2017,직업교육연구,kor,ERR,,,run1:없음; run2:없음; run3:없음,"has_community=False role_relevant=False env_relevant=False | 이 논문은 고교 NCS 기반 교육과정의 교수·학습 및 평가 방법 요구도를 분석하고 정책 제언을 도출하는 연구이며, 'NCS 교육 관계자 온라인 커뮤니티 구축'은 여섯 가지 정책 제언 중 하나로만 언급될 뿐, 온라인 커뮤니티를 분석 대상이나 연구 재료로 삼지 않는다. | has_community=False role_relevant=False env_relevant=False | 이 논문은 NCS 기반 교육과정의 교수·학습·평가 방법 요구도와 정책 방안을 분석하는 교육 정책 연구이며, '온라인 커뮤니티 구축'은 마지막 정책 제언 중 하나로만 언급될 뿐, 커뮤니티의 구조·역할·환경 조건을 분석 대상으로 삼지 않는다. | has_community=True role_relevant=False env_relevant=False | 이 논문은 NCS 기반 교육과정의 교수·학습·평가 방법과 정책 제언을 연구하는 것으로, 'NCS 교육 관계자 온라인 커뮤니티 구축'은 여섯 가지 정책 제안 중 하나로만 언급될 뿐, 실제 온라인 커뮤니티를 분석 대상이나 연구 재료로 삼지 않으므로 커뮤니티 존재 여부는 인정하되 역할·환경 조명 모두 해당하지 않는다.","이 논문은 고교 NCS 기반 교육과정의 교수·학습 및 평가 방법 요구도를 분석하고 정책 제언을 도출하는 연구이며, 'NCS 교육 관계자 온라인 커뮤니티 구축'은 여섯 가지 정책 제언 중 하나로만 언급될 뿐, 온라인 커뮤니티를 분석 대상이나 연구 재료로 삼지 않는다. | 이 논문은 NCS 기반 교육과정의 교수·학습·평가 방법 요구도와 정책 방안을 분석하는 교육 정책 연구이며, '온라인 커뮤니티 구축'은 마지막 정책 제언 중 하나로만 언급될 뿐, 커뮤니티의 구조·역할·환경 조건을 분석 대상으로 삼지 않는다. | 이 논문은 NCS 기반 교육과정의 교수·학습·평가 방법과 정책 제언을 연구하는 것으로, 'NCS 교육 관계자 온라인 커뮤니티 구축'은 여섯 가지 정책 제안 중 하나로만 언급될 뿐, 실제 온라인 커뮤니티를 분석 대상이나 연구 재료로 삼지 않으므로 커뮤니티 존재 여부는 인정하되 역할·환경 조명 모두 해당하지 않는다.",True,3/3,run1:없음; run2:없음; run3:없음
ART002719196,온라인 영어학습공동체에서 학습실재감과 학습몰입이 학습성과에 미치는 영향,홍수민(이화여자대학교),2021,외국어교육연구,kor,OK,ROLE_WINDOW_MISC,,run1:없음; run2:없음; run3:없음,"has_community=True role_relevant=True env_relevant=False | 이 논문은 온라인 영어학습공동체를 학습몰입·실재감이 학습지속의향과 영어효능감에 미치는 영향을 규명하는 '장'(ROLE_FIELD)으로 삼아 분석하나, 회원제·익명성·운영 방침 등 구조적·환경적 조건을 비교·분석하지는 않으므로 env_relevant는 false이다. | has_community=True role_relevant=True env_relevant=False | 이 논문은 온라인 영어학습공동체 내 실재감과 학습몰입이 학습지속의향·영어효능감에 미치는 구조적 관계를 실증적으로 규명함으로써, 커뮤니티가 학습 몰입과 지속을 촉진하는 '장'으로서의 사회적 역할을 분석 대상(ROLE_FIELD_LEARNING)으로 삼고 있으나, 회원제·익명성·운영 방침 등 구조적·환경적 조건을 비교·고찰하지는 않는다. | has_community=True role_relevant=True env_relevant=False | 이 논문은 온라인 영어학습공동체 내 실재감과 학습몰입이 학습성과에 미치는 영향을 분석하여, 공동체가 학습 지속과 효능감이라는 교육적 성과를 산출하는 '장'으로서의 역할을 조명하나, 회원제·익명성·운영방침 등 구조적·환경적 조건을 고려하지는 않는다.","[ROLE] 온라인 영어학습공동체를 EFL 학습 성과(학습지속의향·영어효능감)를 측정하는 현장으로 활용하는 연구이므로, 커뮤니티 공간 자체의 공론장·사회자본 기능(FIELD)이 아니라 영어 학습이라는 외부 교육·사회 현상을 보여주는 창(WINDOW_MISC)으로 기능한다. | [ROLE] 이 논문은 온라인 영어학습공동체를 EFL 학습자个体的 학습 지속의향·영어효능감이라는 외부 사회현상(언어 학습 성과)을 관찰하는 창(WINDOW_MISC)으로 활용하며, 공론장·사회적 자본·양극화·젠더·혐오 등 다른 5개 코드와는 무관하다. | [ROLE] 온라인 영어학습공동체는 L2 학습자의 학습몰입·지속의향·영어효능감이라는 일반적 학습 심리 현상을 실증적으로 검증하는 맥락(창)으로 사용되며, 커뮤니티 공간 자체의 공론장 기능이나 이용자 간 관계적 자원 형성이 분석 대상이 아니다.",True,0/3,run1:ROLE_WINDOW_MISC; run2:ROLE_WINDOW_MISC; run3:ROLE_WINDOW_MISC
ART001197018,가상학습공동체 형성 과정 모형 연구,나일주(서울대학교),2003,교육공학연구,kor,OK,,ENV_COMMUNITY_LIFECYCLE,run1:없음; run2:없음; run3:없음,"has_community=True role_relevant=True env_relevant=True | 이 논문은 가상학습공동체 자체가 분석 대상인 '장'으로서의 사회적 역할을 조명하는 동시에, 성립·발전·안정·소멸이라는 생애주기 단계별 주요 요인(리더 헌신, 구성원 자발적 참여)을 모형화하고 운영 지침을 제시함으로써 커뮤니티의 구조적·환경적 조건을 실질적으로 비교·분석하고 있다. | has_community=True role_relevant=True env_relevant=True | 이 논문은 가상학습공동체의 성립·발전·안정·소멸이라는 생애주기(ENV_COMMUNITY_LIFECYCLE)를 분석하고 각 단계별 운영 지침을 제시하며, 공동체 자체의 구조적 조건(리더 헌신, 구성원 자발적 참여)이 발전에 미치는 영향을 모형화하여 온라인 커뮤니티라는 공간의 사회적 역할(ROLE_FIELD)을 분석 대상으로 삼고 있다. | has_community=True role_relevant=True env_relevant=True | 이 논문은 인터넷상의 가상학습공동체 자체의 성립·발전·안정·소멸이라는 생애주기(ENV_COMMUNITY_LIFECYCLE)를 분석 대상으로 삼아, 리더 헌신과 구성원 자발적 참여라는 구조적 조건을 밝히고 단계별 운영 지침을 제시함으로써, 공동체라는 공간의 사회적 역할과 구조적 환경 조건을 동시에 조명(ROLE_FIELD + ENV)한다.","[ROLE] 이 논문은 가상학습공동체의 성립기–안정기–소멸기 등 생애주기와 리더 헌신·회원 참여 같은 운영 요인을 모형화하는 조직적·구조적 분석에 초점을 두어, 공론장 검증이나 이용자 간 관계적 자원(사회자본)의 효과를 독립적으로 다루지 않으며, 외부 사회현상을 보여주는 창으로서도 기능하지 않으므로 6개 코드 모두 미부여이다. | [ENV] 5개의 가상학습공동체를 비교 관찰하여 성립기·발전기·안정기·소멸로 이어지는 커뮤니티 자체의 생애주기를 모형화하는 것이 본문의 핵심이므로 ENV_COMMUNITY_LIFECYCLE만 부여하고, 회원제·운영체계·익명성 차원의 비교 분석은 나타나지 않아 나머지 세 코드는 미부여한다. | [ROLE] 본 논문은 가상학습공동체라는 온라인 공간 자체의 생애주기(성립·발전·안정·소멸)와 그 원동력(리더 헌신, 구성원 자발적 참여)을 분석하는 것으로, 공간 내 이용자 간 관계적 역학을 다루는 점에서 SOCIALCAPITAL과 인접하나, 이를 '관계적 자원'이 아닌 '운영 요인'으로 서술하여 0.5 미만에 그치고, 외부 사회현상(평생학습)으로의 창 역할도 부차적 서술에 머물러 어느 코드도 부여 기준을 충족하지 못한다. | [ENV] 본 연구는 5개의 가상학습공동체를 비교하며 성립기→발전기→안정기→확장/소멸이라는 커뮤니티 자체의 생애주기 모형을 개발하는 것이 핵심이므로 ENV_COMMUNITY_LIFECYCLE만 부여하고, 회원제·운영체계·익명성 관련 분석은 본문에 부재하여 나머지 3개 코드는 미부여로 판단한다. | [ROLE] 이 논문은 가상학습공동체의 성립·발전·안정·소멸 생명주기 모형과 운영 지침을 다루어 커뮤니티 공간 자체의 조직적 동학을 분석하나, 공론장 검증이나 신뢰·연대 등 관계적 자원의 효과를 직접 다루지 않으므로 FIELD 두 코드 모두 미부여이며, 외부 사회현상을 보여주는 창으로 활용하지도 않으므로 WINDOW 계열도 모두 미부여이다. | [ENV] 이 연구는 5개의 가상학습공동체를 관찰하여 성립기·발전기·안정기·소멸이라는 커뮤니티 자체의 생애주기 단계를 모형화하고 단계별 운영 지침을 도출하는 것이 핵심이므로 ENV_COMMUNITY_LIFECYCLE만 부여되며, 회원제·운영체계·익명성 차원의 비교·분석은 이루어지지 않는다.",True,0/3,run1:ENV_COMMUNITY_LIFECYCLE; run2:ENV_COMMUNITY_LIFECYCLE; run3:ENV_COMMUNITY_LIFECYCLE
ART001930079,온라인 교사공동체 전문성 발달의 특징에 관한 질적 사례 연구,오영범(부산대학교),2014,평생학습사회,kor,OK,ROLE_FIELD_SOCIALCAPITAL,,run1:없음; run2:없음; run3:없음,"has_community=True role_relevant=True env_relevant=False | 이 논문은 밴드와 온라인 카페라는 온라인 교사공동체 자체를 전문성 신장의 장(ROLE_FIELD)으로 분석 대상으로 삼고 있으나, 실시간·비실시간 구별은 플랫폼 서술에 그칠 뿐 구조적 조건에 따른 차이·비교·변화를 분석하지 않으므로 env_relevant는 false이다. | has_community=True role_relevant=True env_relevant=True | 이 논문은 교사 전문성 신장을 위한 온라인 교사공동체(밴드·온라인 카페)를 분석 대상으로 삼아, 공동체 자체의 사회적 기능(집단지체성, 실천 지향 학습, 집단지성, 성찰)을 '장'으로 조명하는 동시에, 실시간과 비실시간이라는 상호작용의 시간적 구조 조건을 구분·비교하여 공동체 특징에 미치는 영향을 분석하고 있으므로 역할과 환경 모두에 해당한다. | has_community=True role_relevant=True env_relevant=False | 이 논문은 온라인 교사공동체(밴드, 온라인 카페)가 교사의 전문성 신장과 집단정체성 강화, 집단지성화, 성찰 실천을 촉진하는 학습 공동체로서 기능하는 '장'으로 조명하지만, 회원제·운영·제재 방식·익명성·생애주기 등 구조적·환경적 조건의 차이·비교를 분석하지는 않는다.","[ROLE] 논문의 4개 특징 중 '네트워크 협력기반의 집단지성화'와 '공유·협력·지원' 키워드가 이용자 간 관계적 자원 형성을 직접 다루므로 FIELD 계열의 SOCIALCAPITAL이 부여되되, 궁극적 목적이 '교사 전문성 신장'이라는 외부 현상 탐구라는 점에서 WINDOW_MISC 요소도 일부 존재하나 커뮤니티 공간 자체의 특성을 규명하는 데 초점이 맞춰져 있어 FIELD 판정을 우선한다. | [ROLE] 본 연구는 온라인 교사공동체라는 공간 안에서 이용자 간 공유·네트워크 협력·집단정체성·집단지성 등 관계적 자원의 형성 과정을 분석하므로, 장으로서의 사회적 자본(SOCIALCAPITAL) 역할을 수행하는 것으로 판정된다. | [ENV] 본 연구는 밴드와 온라인 카페라는 실시간·비실시간 플랫폼의 비교를 통해 교사공동체의 전문성 신장 특징을 탐구할 뿐, 회원제 등급 차이, 운영·제재 체계, 커뮤니티 자체의 생애주기, 익명성 수준이라는 4개 ENV 코드에 해당하는 비교·분석 대상이 텍스트에 존재하지 않으므로 전 코드 미부여로 판단한다. | [ROLE] 본 연구는 온라인 교사공동체 공간 안에서 이용자 간 공유·협력·네트워크 기반 집단지성화 등 관계적 상호작용의 존재와 그 효과(전문성 신장)를 서술하므로 FIELD 계열 중 SOCIALCAPITAL에 부분적으로 해당하나, 공론장·양극화·젠더·혐오·기타 외부 현상 창에는 해당하지 않는다.",True,0/3,run1:ROLE_FIELD_SOCIALCAPITAL; run2:ROLE_FIELD_SOCIALCAPITAL; run3:ROLE_FIELD_SOCIALCAPITAL
ART001952403,"온라인 카페(online cafe) 활용 체육수업을 통한 여고생들의 교실공동체, 상호학습 및 수업 만족도",류민정(경남대학교),2014,교과교육학연구,kor,ERR,,,run1:없음; run2:없음; run3:없음,"has_community=False role_relevant=False env_relevant=False | 이 논문에서 온라인 카페는 여고생 체육수업을 전달하는 교수 매체·도구로만 사용되며, 해당 카페의 상호작용 구조나 운영 방식 자체가 분석 대상이 아닌 '교실공동체' 인식 변화라는 수업 효과 측정에 종속되므로, 정의에 부합하는 온라인 커뮤니티를 연구 대상으로 삼지 않는다. | has_community=False role_relevant=False env_relevant=False | 이 논문에서 온라인 카페는 여고생 체육수업의 교수·학습 매체(도구)로 활용될 뿐, 공통 관심사를 가진 사용자들이 자발적으로 상호작용하며 관계를 형성하는 디지털 공간으로서의 온라인 커뮤니티를 분석 대상으로 삼지 않으므로, 커뮤니티 존재 여부가 성립하지 않는다. | has_community=False role_relevant=False env_relevant=False | 이 논문은 온라인 카페를 체육수업의 교수매체(도구)로 활용하여 여고생들의 교실공동체 인식, 상호학습, 수업 만족도 변화를 측정하는 실험연구이므로, 온라인 커뮤니티 자체를 분석 대상으로 삼지 않고 연구의 수단에 불과하게 활용하고 있다.","이 논문에서 온라인 카페는 여고생 체육수업을 전달하는 교수 매체·도구로만 사용되며, 해당 카페의 상호작용 구조나 운영 방식 자체가 분석 대상이 아닌 '교실공동체' 인식 변화라는 수업 효과 측정에 종속되므로, 정의에 부합하는 온라인 커뮤니티를 연구 대상으로 삼지 않는다. | 이 논문에서 온라인 카페는 여고생 체육수업의 교수·학습 매체(도구)로 활용될 뿐, 공통 관심사를 가진 사용자들이 자발적으로 상호작용하며 관계를 형성하는 디지털 공간으로서의 온라인 커뮤니티를 분석 대상으로 삼지 않으므로, 커뮤니티 존재 여부가 성립하지 않는다. | 이 논문은 온라인 카페를 체육수업의 교수매체(도구)로 활용하여 여고생들의 교실공동체 인식, 상호학습, 수업 만족도 변화를 측정하는 실험연구이므로, 온라인 커뮤니티 자체를 분석 대상으로 삼지 않고 연구의 수단에 불과하게 활용하고 있다.",True,3/3,run1:없음; run2:없음; run3:없음
ART002824399,90년대생 교사 특성 분석: 세대 특성과 개인 특성을 중심으로,박상완(부산교육대학교),2022,한국교원교육연구,kor,ERR,,,run1:없음; run2:없음; run3:없음,"has_community=False role_relevant=False env_relevant=False | 이 논문은 90년대생 교사의 특성과 교직문화적 영향을 면담을 통해 분석하는 것이며, '온라인 커뮤니티를 통해 동료 교사와 교류한다'는 서술은 교사 행동 양식의 하나의 기술에 그쳐 커뮤니티를 분석 대상 또는 연구 재료로 삼지 않는다. | has_community=False role_relevant=False env_relevant=False | 이 논문은 90년대생 교사의 세대적 특징과 교직문화에 미치는 영향을 분석 대상으로 삼고 있으며, 온라인 커뮤니티는 교사 간 교류의 통로로서 서술에 등장할 뿐 그 자체를 분석 대상으로 삼지 않으므로 커뮤니티가 연구의 대상이 아니다. | has_community=False role_relevant=False env_relevant=False | 이 논문은 90년대생 교사의 세대적 특성과 교직문화에 미치는 영향을 면담을 통해 연구하며, 온라인 커뮤니티는 동료 교사 간 교류의 채널 중 하나로 서술될 뿐 분석 대상이 아니므로 커뮤니티가 연구의 주체가 되지 않는다.","이 논문은 90년대생 교사의 특성과 교직문화적 영향을 면담을 통해 분석하는 것이며, '온라인 커뮤니티를 통해 동료 교사와 교류한다'는 서술은 교사 행동 양식의 하나의 기술에 그쳐 커뮤니티를 분석 대상 또는 연구 재료로 삼지 않는다. | 이 논문은 90년대생 교사의 세대적 특징과 교직문화에 미치는 영향을 분석 대상으로 삼고 있으며, 온라인 커뮤니티는 교사 간 교류의 통로로서 서술에 등장할 뿐 그 자체를 분석 대상으로 삼지 않으므로 커뮤니티가 연구의 대상이 아니다. | 이 논문은 90년대생 교사의 세대적 특성과 교직문화에 미치는 영향을 면담을 통해 연구하며, 온라인 커뮤니티는 동료 교사 간 교류의 채널 중 하나로 서술될 뿐 분석 대상이 아니므로 커뮤니티가 연구의 주체가 되지 않는다.",True,3/3,run1:없음; run2:없음; run3:없음
ART002806832,초등 전문상담교사의 교직적응에 관한 현상학적 연구-코로나19 팬데믹 상황에서 초임교사를 중심으로-,한유나(이화여자대학교),2022,교원교육,kor,ERR,,,run1:없음; run2:없음; run3:없음,"has_community=False role_relevant=False env_relevant=False | 이 논문은 팬데믹 시기 초임 전문상담교사의 교직적응 과정을 현상학적으로 분석하는 것이 목적이며, 온라인 커뮤니티는 교사들이 전문성을 신장하는 데 활용한 도구로서 한 문장 언급될 뿐, 커뮤니티 자체의 구조·역할·운영 조건이 분석 대상이 되지 않는다. | has_community=False role_relevant=False env_relevant=False | 이 논문의 분석 대상은 팬데믹 상황에서 초임 초등 전문상담교사의 교직적응 과정이며, 온라인 커뮤니티는 '비대면 학습기회와 온라인 커뮤니티를 통하여 전문성 신장하기'라는 대처 전략 중 하나로 잠깐 언급될 뿐, 그 구조·역할·운영 방식이 분석되지 않으므로 커뮤니티를 연구 대상으로 삼지 않는다. | has_community=True role_relevant=False env_relevant=False | 이 논문은 팬데믹 상황에서 초임 초등 전문상담교사의 교직적응 과정을 연구하는 것이지, 온라인 커뮤니티를 분석 대상으로 삼지 않으며, '온라인 커뮤니티'는 교사들이 전문성 신장을 위해 활용한 모집 통로·수단으로만 잠깐 언급될 뿐 커뮤니티 자체의 역할이나 환경적 조건이 분석되지 않는다.","이 논문은 팬데믹 시기 초임 전문상담교사의 교직적응 과정을 현상학적으로 분석하는 것이 목적이며, 온라인 커뮤니티는 교사들이 전문성을 신장하는 데 활용한 도구로서 한 문장 언급될 뿐, 커뮤니티 자체의 구조·역할·운영 조건이 분석 대상이 되지 않는다. | 이 논문의 분석 대상은 팬데믹 상황에서 초임 초등 전문상담교사의 교직적응 과정이며, 온라인 커뮤니티는 '비대면 학습기회와 온라인 커뮤니티를 통하여 전문성 신장하기'라는 대처 전략 중 하나로 잠깐 언급될 뿐, 그 구조·역할·운영 방식이 분석되지 않으므로 커뮤니티를 연구 대상으로 삼지 않는다. | 이 논문은 팬데믹 상황에서 초임 초등 전문상담교사의 교직적응 과정을 연구하는 것이지, 온라인 커뮤니티를 분석 대상으로 삼지 않으며, '온라인 커뮤니티'는 교사들이 전문성 신장을 위해 활용한 모집 통로·수단으로만 잠깐 언급될 뿐 커뮤니티 자체의 역할이나 환경적 조건이 분석되지 않는다.",True,3/3,run1:없음; run2:없음; run3:없음
ART001087846,초등학교 온라인 교사 학습 공동체에서의 지속적 지도력,이성은(이화여자대학교),2007,초등교육연구,kor,ERR,,,run1:없음; run2:없음; run3:없음,"has_community=True role_relevant=True env_relevant=False | 이 논문은 초등학교 온라인 교사 학습 공동체인 인디스쿨을 분석 대상으로 삼아 지속적 지도력의 특성을 탐색하므로 커뮤니티가 존재하며, 학습 자료 공유와 가치관 조율을 통해 지도력이 형성되는 공간으로서의 커뮤니티 자체를 분석 대상(장)으로 삼아 role_relevant이 true이나, 회원제·익명성·운영 방침 등 구조적·환경적 조건에 따른 차이를 비교·분석하지 않으므로 env_relevant는 false이다. | has_community=True role_relevant=True env_relevant=False | 이 논문은 초등학교 온라인 교사 학습 공동체(인디스쿨)를 지속적 지도력이 발현되는 '장'으로 삼아 자료 공유와 가치관 정립·조율 등 지도력 특성을 분석하고 있으므로 role_relevant이지만, 회원제·익명성·운영 방침·생애주기 등 구조적·환경적 조건에 따른 차이·비교를 다루지 않으므로 env_relevant는 false이다. | has_community=True role_relevant=True env_relevant=False | 이 논문은 초등학교 온라인 교사 학습 공동체(인디스쿨)를 분석 대상으로 삼아 지속적 지도력의 특성을 탐구하므로 커뮤니티 존재는 명백하며, 온라인 학습 공동체 자체를 지도력이 발현되는 '장'으로 조명하나, 회원제·익명성·운영 방식 등 구조적·환경적 조건에 따른 차이·비교·변화를 분석하지 않으므로 env_relevant는 false이다.","[ROLE] 온라인 교사 학습 공동체(인디스쿨)는 '지속적 지도력'이라는 교육학 개념의 특성을 관찰·탐구하는 사례 공간으로 사용되며, 해당 분석 대상은 온라인 커뮤니티 공간 자체의 역할이 아니라 교육 현장의 교사 전문성 발달이라는 외부 사회현상을 비추는 창(WINDOW_MISC)에 해당한다. | [ROLE] 본 논문은 초등학교 온라인 교사 학습 공동체(인디스쿨) 안에서 지속적 지도력의 특성(자료 공유, 네트워크 활용, 가치관 조율)을 탐색하는 것으로, 온라인 커뮤니티 공간 자체를 분석 대상으로 삼는 장(FIELD) 성격이 강하나, 공론장 검증이나 이용자 간 관계적 자원 형성을 직접 다루지 않아 FIELD 2개 코드 모두 0.5에 미치지 못하며, WINDOW 계열도 외부 사회현상 포착이 아닌 공간 내 프로페셔널 리더십 탐구이므로 6개 코드 모두 미부여로 판단된다. | [ROLE] 초등학교 교사 온라인 학습 공동체(인디스쿨)에서 '지속적 지도력'의 특성을 탐색하는 논문으로, 이용자 간 자료 공유·협의·네트워크 활용 등 관계적 상호작용이 일부 포착되어 SOCIALCAPITAL에 근접하나, 핵심 프레임이 '지도력'이므로 0.5를 넘지 못하며, 공론장·양극화·젠더·혐오·기타 외부 현상 창으로는 명백히 해당하지 않아 6개 코드 모두 미부여.",False,2/3,run1:ROLE_WINDOW_MISC; run2:없음; run3:없음
ART001612050,교사공동체의 온라인상 협력을 통한 수업자료 개발의 실제와 쟁점,서경혜(이화여자대학교),2011,교육과학연구,kor,OK,ROLE_FIELD_SOCIALCAPITAL,,run1:없음; run2:없음; run3:없음,"has_community=True role_relevant=True env_relevant=False | 이 논문은 인디스쿨이라는 온라인 교사공동체를 협력적 수업자료 개발의 '장'으로서 그 사회적 역할(공동생산의 이상 vs. 대량유통·소비, 협력 vs. 재생산)을 분석 대상으로 삼고 있으나, '개방과 질관리' 논의는 공동체의 운영 방침·구조적 조건 간의 비교나 변화 분석이라기보다 협업 생산 과정 내의 일반적 긴장으로서 다루어지고 있어 env_relevant로 보기 어렵다. | has_community=True role_relevant=True env_relevant=False | 이 논문은 인디스쿨이라는 온라인 교사공동체를 수업자료 공동생산의 '장'으로서 그 협력적 개발 실제와 쟁점을 분석 대상으로 삼아(role_relevant) 연구하지만, 개방·질관리 등의 문제는 운영방침의 구조적 조건에 따른 차이·비교·변화라기보다 자료 개발 과정에서 발생하는 긴장·쟁점으로 서술되어 env_relevant에는 해당하지 않는다. | has_community=True role_relevant=True env_relevant=True | 이 논문은 인디스쿨 온라인 교사공동체가 고립적 수업자료 개발을 대체하는 협력적 생산 공간으로서의 사회적 역할(장)을 탐구하면서, 개방성과 질관리, 협력과 재생산이라는 운영·구조적 조건(ENV)이 공동생산의 실제에 미치는 영향을 쟁점화하여 분석한다.","[ROLE] 이 논문은 온라인 교사공동체(인디스쿨)라는 공간 안에서 교사들 간 협력·공유·공동생산의 실제와 그 쟁점(개방 vs. 질관리, 협력 vs. 재생산)을 분석하므로, 이용자 간 관계적 상호작용의 형성·효과를 다루는 장으로서의 사회자본 역할(ROLE_FIELD_SOCIALCAPITAL)에 부여하되, 교사 협업이라는 오프라인에도 존재하는 외부 현상을 배경으로 삼고 있어 WINDOW_MISC과의 경계는 있으나 대체가능성 검정에서 온라인 공간 특유의 대량유통·개방성 문제가 핵심 결론을 구성하므로 FIELD 판정을 유지한다. | [ROLE] 이 논문은 온라인 교사공동체(인디스쿨) 내부에서 교사들 간 협력·공동생산·개방 등 관계적 상호작용의 실제와 쟁점을 분석 대상으로 삼아, 이용자 간 연결과 공동체적 협력이라는 사회적 자본의 형성·효과를 조명하는 장(FIELD)으로 온라인 커뮤니티를 다루고 있다. | [ROLE] 본 연구는 인디스쿨이라는 온라인 교사공동체 내부에서 교사 간 협력·공동생산·질관리 등 관계적 상호작용이 어떻게 작동하는지를 탐구하므로, 커뮤니티 공간 안의 이용자 간 관계적 자원 형성·효과를 다루는 FIELD 계열(SOCIALCAPITAL)에 해당하며, 외부 사회현상을 보여주는 WINDOW로는 기능하지 않는다. | [ENV] 인디스쿨을 사례로 수업자료 공동생산의 실제와 쟁점을 탐구하는 연구이나, 회원제·운영체계·생애주기·익명성 중 어느 조건에 따른 차이·비교·변화를 분석 대상으로 삼지 않으므로 4개 코드 모두 미부여이다.",True,0/3,run1:ROLE_FIELD_SOCIALCAPITAL; run2:ROLE_FIELD_SOCIALCAPITAL; run3:ROLE_FIELD_SOCIALCAPITAL
ART001918323,앱 인벤터를 활용한 초·중등 프로그래밍 교육 방안,안상진(한국교원대학교),2014,컴퓨터교육학회 논문지,kor,ERR,,,run1:없음; run2:없음; run3:없음,"has_community=True role_relevant=False env_relevant=False | 이 논문은 프로그래밍 교육 도구인 앱 인벤터의 초·중등 교육 활용 방안과 교사·학생의 반응을 분석하는 연구로, 공통 관심사·목적의 사용자들이 지속적 상호작용과 관계 형성을 하는 온라인 커뮤니티를 분석 대상으로 삼지 않는다. | has_community=True role_relevant=False env_relevant=False | 이 논문은 앱 인번터(프로그래밍 교육 도구)의 초·중등 교육 활용 방안과 교사·학생 반응을 분석하는 것으로, 공통 관심사를 가진 사용자가 지속적으로 상호작용하며 정보를 공유하고 관계를 형성하는 온라인 커뮤니티를 분석 대상으로 삼지 않는다. | has_community=True role_relevant=False env_relevant=False | 이 논문은 초·중등 프로그래밍 교육 도구로서 앱 인벤터의 활용 방안과 교·학생 반응을 분석하는 교육 연구로, 온라인 커뮤니티를 분석 대상으로 삼거나 커뮤니티의 사회적 역할/환경 조건을 조명하지 않는다.","이 논문은 프로그래밍 교육 도구인 앱 인벤터의 초·중등 교육 활용 방안과 교사·학생의 반응을 분석하는 연구로, 공통 관심사·목적의 사용자들이 지속적 상호작용과 관계 형성을 하는 온라인 커뮤니티를 분석 대상으로 삼지 않는다. | 이 논문은 앱 인번터(프로그래밍 교육 도구)의 초·중등 교육 활용 방안과 교사·학생 반응을 분석하는 것으로, 공통 관심사를 가진 사용자가 지속적으로 상호작용하며 정보를 공유하고 관계를 형성하는 온라인 커뮤니티를 분석 대상으로 삼지 않는다. | 이 논문은 초·중등 프로그래밍 교육 도구로서 앱 인벤터의 활용 방안과 교·학생 반응을 분석하는 교육 연구로, 온라인 커뮤니티를 분석 대상으로 삼거나 커뮤니티의 사회적 역할/환경 조건을 조명하지 않는다.",True,3/3,run1:없음; run2:없음; run3:없음
ART002445820,자생적 온라인 교사 공동체의 질문분석을 통한 초등교사의 과학 교수 관련 어려움 탐색 -인디스쿨의 물리 관련 질문 게시글을 중심으로-,김윤화(서울대학교),2019,한국과학교육학회지,kor,OK,ROLE_WINDOW_MISC,,run1:없음; run2:없음; run3:없음,"has_community=True role_relevant=True env_relevant=False | 이 논문은 자생적 온라인 교사 공동체 인디스쿨의 질문 게시글을 분석하여 초등교사의 과학 교수 어려움을 파악하므로 온라인 커뮤니티를 외부 현상(교사의 실제적 어려움)을 보여주는 '창'으로 활용하나, 커뮤니티의 자생적 운영 방식이 결과에 미치는 차이를 비교·분석하지는 않으므로 환경 조명은 해당하지 않는다. | has_community=True role_relevant=True env_relevant=False | 이 논문은 자생적 온라인 교사 공동체 인디스쿨의 질문 게시글을 분석하여 초등교사의 과학 교수 어려움을 파악하는 연구로, 온라인 커뮤니티를 교사들의 실제적 어려움을 관측하는 창(ROLE_WINDOW_MISC)으로 활용하나, '자생적'이라는 표현은 서술적 기술에 그쳐 커뮤니티의 구조적·환경적 조건에 따른 차이·비교·변화를 분석하지 않으므로 env_relevant는 false이다. | has_community=True role_relevant=True env_relevant=False | 이 논문은 자생적 온라인 교사 공동체 인디스쿨에 축적된 질문 게시글을 분석하여 초등교사의 과학 교수 어려움을 파악하는 데, 해당 커뮤니티를 교사들의 실제적 어려움을 보여주는 '창'으로 활용하나, 커뮤니티의 구조적·환경적 조건(회원제, 운영 방식, 익명성 등)을 독립 변수로 다루거나 그에 따른 차이를 비교·분석하지는 않는다.","[ROLE] 온라인 커뮤니티(인디스쿨)는 초등교사라는 외부 집단의 과학 교수 어려움을 파악하기 위한 자료원(창)으로 기능하며, 분석 대상은 커뮤니티 안의 상호작용이나 공론장 역할이 아니라 교사 집단의 SMK·PCK 역량을 둘러싼 전문적 어려움(교육·교수 현상)이므로 WINDOW_MISC에 해당한다. | [ROLE] 이 논문은 온라인 교사 공동체 인디스쿨의 질문 게시글을 데이터 소스로 활용하여, 온라인 커뮤니티 외부에 실체가 있는 초등교사 집단의 과학 교수 어려움을 파악하고 지원 체제 구축을 제안하는 것으로, 온라인 커뮤니티는 외부 전문가 집단의 직업적 어려움을 보여주는 창(ROLE_WINDOW_MISC)으로 기능한다. | [ROLE] 이 논문은 온라인 교사 공동체 인디스쿨의 질문 게시글을 초등교사의 과학 교수 역량(SMK·PCK) 관련 어려움을 파악하는 데이터 소스로 활용하며, 결론 역시 '과학 교수 지원 체제 구축'에 있으므로, 커뮤니티 공간 자체의 역할이 아니라 교사群体的 전문적 어려움이라는 외부 사회현상을 보여주는 WINDOW_MISC에 해당한다.",True,0/3,run1:ROLE_WINDOW_MISC; run2:ROLE_WINDOW_MISC; run3:ROLE_WINDOW_MISC
ART002172248,앱 인벤터와 아두이노를 이용한 피지컬 컴퓨팅 교육이 공업계 고등학생의 창의·융합적 사고에 미치는 영향,최숙영(우석대학교),2016,컴퓨터교육학회 논문지,kor,ERR,,,run1:없음; run2:없음; run3:없음,"has_community=True role_relevant=False env_relevant=False | 이 논문은 공업계 고등학생 대상 앱 인벤터·아두이노 프로그래밍 교육이 창의·융합적 사고에 미치는 영향을 분석하는 교수학습 실험 연구로, 온라인 커뮤니티를 분석 대상이나 연구 소재로 삼지 않으므로 커뮤니티 존재 여부를 부인으로 판단한다. | has_community=True role_relevant=False env_relevant=False | 이 논문은 공업계 고등학생에게 앱 인벤터와 아두이노를 활용한 피지컬 컴퓨팅 교육을 실시하고 창의·융합적 사고 능력의 변화를 분석하는 교육 실험 연구로, 온라인 커뮤니티를 분석 대상이나 연구 재료로 활용하지 않는다. | has_community=True role_relevant=False env_relevant=False | 이 논문은 공업계 고등학생을 대상으로 앱 인벤터와 아두이노를 활용한 피지컬 컴퓨팅 교육이 창의·융합적 사고 능력에 미치는 영향을 분석하는 교육학 연구로, 온라인 커뮤니티를 연구 대상이나 분석 맥락으로 삼지 않으므로 커뮤니티 존재 여부가 성립하지 않는다.","이 논문은 공업계 고등학생 대상 앱 인벤터·아두이노 프로그래밍 교육이 창의·융합적 사고에 미치는 영향을 분석하는 교수학습 실험 연구로, 온라인 커뮤니티를 분석 대상이나 연구 소재로 삼지 않으므로 커뮤니티 존재 여부를 부인으로 판단한다. | 이 논문은 공업계 고등학생에게 앱 인벤터와 아두이노를 활용한 피지컬 컴퓨팅 교육을 실시하고 창의·융합적 사고 능력의 변화를 분석하는 교육 실험 연구로, 온라인 커뮤니티를 분석 대상이나 연구 재료로 활용하지 않는다. | 이 논문은 공업계 고등학생을 대상으로 앱 인벤터와 아두이노를 활용한 피지컬 컴퓨팅 교육이 창의·융합적 사고 능력에 미치는 영향을 분석하는 교육학 연구로, 온라인 커뮤니티를 연구 대상이나 분석 맥락으로 삼지 않으므로 커뮤니티 존재 여부가 성립하지 않는다.",True,3/3,run1:없음; run2:없음; run3:없음
ART002572920,온라인 커뮤니티에 참여한 특수교사들의 학부모에 대한 인식과 경험,홍정숙(대구대학교),2020,특수교육저널:이론과 실천,kor,ERR,,,run1:없음; run2:없음; run3:없음,"has_community=True role_relevant=False env_relevant=False | 이 논문은 특수교사 온라인 커뮤니티에 7년간 게재된 부모 관련 게시글을 자료로 수집하여 특수교사의 학부모 인식과 경험을 분석하는 것으로, 커뮤니티는 분석 대상이 아닌 데이터 수집 통로·재료로만 기능하며 커뮤니티의 사회적 역할(창·장)이나 구조적·환경적 조건(회원제, 익명성, 운영 방침 등)에 따른 차이·비교·변화를 다루지 않는다. | has_community=True role_relevant=False env_relevant=False | 이 논문은 특수교사의 학부모 인식과 경험을 분석하기 위해 온라인 커뮤니티 게시글을 데이터 소스로 수집·분석할 뿐, 커뮤니티 자체의 사회적 역할(창/장)이나 구조적·환경적 조건(회원제, 익명성, 운영방침 등)을 분석 대상이나 비교 변수로 삼지 않는다. | has_community=True role_relevant=True env_relevant=False | 이 논문은 특수교사 온라인 커뮤니티 7년간의 게시글을 자료로 삼아 특수교사들의 학부모에 대한 인식과 경험을 분석하므로, 커뮤니티는 그 자체의 구조나 운영 방침이 아닌 특수교사-학부모 관계라는 외부 사회현상을 비추는 '창'으로서 기능할 뿐, 회원제·익명성·운영 방침 등 환경적 조건을 분석 대상으로 다루지 않는다.","이 논문은 특수교사 온라인 커뮤니티에 7년간 게재된 부모 관련 게시글을 자료로 수집하여 특수교사의 학부모 인식과 경험을 분석하는 것으로, 커뮤니티는 분석 대상이 아닌 데이터 수집 통로·재료로만 기능하며 커뮤니티의 사회적 역할(창·장)이나 구조적·환경적 조건(회원제, 익명성, 운영 방침 등)에 따른 차이·비교·변화를 다루지 않는다. | 이 논문은 특수교사의 학부모 인식과 경험을 분석하기 위해 온라인 커뮤니티 게시글을 데이터 소스로 수집·분석할 뿐, 커뮤니티 자체의 사회적 역할(창/장)이나 구조적·환경적 조건(회원제, 익명성, 운영방침 등)을 분석 대상이나 비교 변수로 삼지 않는다. | [ROLE] 온라인 커뮤니티는 특수교사라는 외부 집단의 교직·학부모 관계 경험을 관찰하는 자료원(창)으로 기능하며, 분석 대상은 커뮤니티 내부의 공론장 역할이나 이용자 간 관계 자원이 아닌 특수교사의 전문적 어려움·교권 침해라는 외부 사회현상이다.",False,2/3,run1:없음; run2:없음; run3:ROLE_WINDOW_MISC
ART001713568,실과 환경 영역의 스마트교육 전략 활용 방안,금지헌(한국교육개발원),2012,실과교육연구,kor,ERR,,,run1:없음; run2:없음; run3:없음,"has_community=True role_relevant=False env_relevant=False | 이 논문은 초등학교 실과 환경 영역의 스마트교육 전략을 개발하는 것이 목적이며, '온라인 커뮤니티 활용'은 디지털교과서·SNS·스마트기기 등 여러 스마트교육 수단 중 하나로 서술에 언급될 뿐, 커뮤니티의 구조·역할·운영 방침을 분석 대상으로 삼지 않으므로 커뮤니티가 연구 재료로 활용되지 않는다. | has_community=False role_relevant=False env_relevant=False | 이 논문은 초등학교 실과 환경교육의 스마트교육 전략 개발을 목적으로 하며, '온라인 커뮤니티 활용'은 디지털교과서·SNS·가상현실·클라우드 등 다수의 스마트교육 도구 중 하나로 잠깐 열거되는 것일 뿐, 특정 온라인 커뮤니티를 분석 대상으로 삼지 않는다. | has_community=False role_relevant=False env_relevant=False | 이 논문은 초등학교 실과 환경 영역의 스마트교육 전략을 개발하는 것이 목적이며, 온라인 커뮤니티는 VR·SNS·디지털교과서 등 여러 스마트교육 도구 중 하나로 거명될 뿐, 커뮤니티 자체를 분석 대상으로 삼지 않는다.","이 논문은 초등학교 실과 환경 영역의 스마트교육 전략을 개발하는 것이 목적이며, '온라인 커뮤니티 활용'은 디지털교과서·SNS·스마트기기 등 여러 스마트교육 수단 중 하나로 서술에 언급될 뿐, 커뮤니티의 구조·역할·운영 방침을 분석 대상으로 삼지 않으므로 커뮤니티가 연구 재료로 활용되지 않는다. | 이 논문은 초등학교 실과 환경교육의 스마트교육 전략 개발을 목적으로 하며, '온라인 커뮤니티 활용'은 디지털교과서·SNS·가상현실·클라우드 등 다수의 스마트교육 도구 중 하나로 잠깐 열거되는 것일 뿐, 특정 온라인 커뮤니티를 분석 대상으로 삼지 않는다. | 이 논문은 초등학교 실과 환경 영역의 스마트교육 전략을 개발하는 것이 목적이며, 온라인 커뮤니티는 VR·SNS·디지털교과서 등 여러 스마트교육 도구 중 하나로 거명될 뿐, 커뮤니티 자체를 분석 대상으로 삼지 않는다.",True,3/3,run1:없음; run2:없음; run3:없음
ART002514673,가정과 의생활 메이커스페이스 구축에 관한 연구,김샛별(성산고등학교),2019,학습자중심교과교육연구,kor,ERR,,,run1:없음; run2:없음; run3:없음,"has_community=False role_relevant=False env_relevant=False | 이 논문은 고등학교 가정실을 메이커스페이스로 구축하고 그 효과를 검토하는 물리적 공간 설계 연구이며, '온라인 커뮤니티 공간'은 9개 물리적 공간 중 하나로 언급될 뿐, 사용자가 상호작용하는 디지털 커뮤니티를 분석 대상으로 삼지 않는다. | has_community=False role_relevant=False env_relevant=False | 본 연구는 고등학교 가정실을 메이커스페이스로 구축하는 물리적 공간 설계와 장비 구비를 다루며, '온라인 커뮤니티 공간'은 9개 물리적 공간 중 하나로 언급될 뿐, 커뮤니티의 상호작용·구조·역할을 분석 대상으로 삼지 않는다. | has_community=False role_relevant=False env_relevant=False | 이 논문은 고등학교 가정실을 메이커스페이스로 구축하는 물리적 공간 설계 연구이며, '온라인 커뮤니티 공간'은 9개 물리적 공간 중 하나로 언급될 뿐, 사용자의 상호작용·정보공유·관계 형성을 분석하는 온라인 커뮤니티를 연구 대상으로 삼지 않는다.","이 논문은 고등학교 가정실을 메이커스페이스로 구축하고 그 효과를 검토하는 물리적 공간 설계 연구이며, '온라인 커뮤니티 공간'은 9개 물리적 공간 중 하나로 언급될 뿐, 사용자가 상호작용하는 디지털 커뮤니티를 분석 대상으로 삼지 않는다. | 본 연구는 고등학교 가정실을 메이커스페이스로 구축하는 물리적 공간 설계와 장비 구비를 다루며, '온라인 커뮤니티 공간'은 9개 물리적 공간 중 하나로 언급될 뿐, 커뮤니티의 상호작용·구조·역할을 분석 대상으로 삼지 않는다. | 이 논문은 고등학교 가정실을 메이커스페이스로 구축하는 물리적 공간 설계 연구이며, '온라인 커뮤니티 공간'은 9개 물리적 공간 중 하나로 언급될 뿐, 사용자의 상호작용·정보공유·관계 형성을 분석하는 온라인 커뮤니티를 연구 대상으로 삼지 않는다.",True,3/3,run1:없음; run2:없음; run3:없음
ART001749261,유아 부모의 육아일기에 나타난 자녀 양육 경험,모정아(놀뫼유치원 교사),2013,열린유아교육연구,kor,ERR,,,run1:없음; run2:없음; run3:없음,"has_community=False role_relevant=False env_relevant=False | 태교·육아일기 출판 사이트의 온라인 커뮤니티는 연구 참여자 모집과 일기 자료 수집 통로로만 언급되고, 실제 분석 대상은 부모가 기록한 육아일기의 내용과 특징이므로 커뮤니티 자체를 분석 대상으로 삼지 않는다. | has_community=True role_relevant=False env_relevant=False | 이 논문은 육아일기의 내용과 특성을 분석하는 연구로, 온라인 커뮤니티는 연구 참여자 모집 통로로만 언급될 뿐 커뮤니티의 사회적 역할이나 구조적·환경적 조건이 분석 대상이 되지 않으므로, 커뮤니티가 연구의 재료로서 기능하지 않는다. | has_community=False role_relevant=False env_relevant=False | 본 연구에서 태교·육아일기 출판 사이트는 연구 참여자 모집과 일기 자료 수집을 위한 통로로만 활용되었으며, 실제 분석 대상은 육아일기의 내용과 특징이므로 온라인 커뮤니티 자체를 분석 대상으로 삼지 않는다.","태교·육아일기 출판 사이트의 온라인 커뮤니티는 연구 참여자 모집과 일기 자료 수집 통로로만 언급되고, 실제 분석 대상은 부모가 기록한 육아일기의 내용과 특징이므로 커뮤니티 자체를 분석 대상으로 삼지 않는다. | 이 논문은 육아일기의 내용과 특성을 분석하는 연구로, 온라인 커뮤니티는 연구 참여자 모집 통로로만 언급될 뿐 커뮤니티의 사회적 역할이나 구조적·환경적 조건이 분석 대상이 되지 않으므로, 커뮤니티가 연구의 재료로서 기능하지 않는다. | 본 연구에서 태교·육아일기 출판 사이트는 연구 참여자 모집과 일기 자료 수집을 위한 통로로만 활용되었으며, 실제 분석 대상은 육아일기의 내용과 특징이므로 온라인 커뮤니티 자체를 분석 대상으로 삼지 않는다.",True,3/3,run1:없음; run2:없음; run3:없음
ART002528515,유아기 어머니가 경험한 부모교육의 현실태 및 요구 분석,김주연(대구대학교),2019,학습자중심교과교육연구,kor,ERR,,,run1:없음; run2:없음; run3:없음,"has_community=False role_relevant=False env_relevant=False | 이 논문의 분석 대상은 유아기 자녀를 둔 어머니들의 부모교육 실태와 방향이며, '댓글 텍스트'는 단순한 데이터 수집 통로일 뿐 온라인 커뮤니티 그 자체가 분석 대상이 되지 않으므로, 커뮤니티 존재 여부를 인정하기 어렵다. | has_community=False role_relevant=False env_relevant=False | 이 논문은 유아기 자녀를 둔 어머니의 부모교육 실태와 필요 방향을 연구 대상 삼고 있으며, '댓글 텍스트'는 단지 설문·면담에 부수되는 데이터 수집 통로로서 언급될 뿐, 온라인 커뮤니티 자체를 분석 대상이나 사회현상 연구의 창·장으로도 삼지 않는다. | has_community=False role_relevant=False env_relevant=False | 이 논문은 유아기 자녀를 둔 어머니들의 부모교육 실태와 방향을 연구 대상으로 삼고 있으며, '댓글 텍스트'는 부모교육 인식을 수집한 자료로만 활용되었을 뿐, 온라인 커뮤니티 자체를 분석 대상이나 연구 단위로 삼지 않으므로 커뮤니티 존재 여부를 인정하기 어렵다.","이 논문의 분석 대상은 유아기 자녀를 둔 어머니들의 부모교육 실태와 방향이며, '댓글 텍스트'는 단순한 데이터 수집 통로일 뿐 온라인 커뮤니티 그 자체가 분석 대상이 되지 않으므로, 커뮤니티 존재 여부를 인정하기 어렵다. | 이 논문은 유아기 자녀를 둔 어머니의 부모교육 실태와 필요 방향을 연구 대상 삼고 있으며, '댓글 텍스트'는 단지 설문·면담에 부수되는 데이터 수집 통로로서 언급될 뿐, 온라인 커뮤니티 자체를 분석 대상이나 사회현상 연구의 창·장으로도 삼지 않는다. | 이 논문은 유아기 자녀를 둔 어머니들의 부모교육 실태와 방향을 연구 대상으로 삼고 있으며, '댓글 텍스트'는 부모교육 인식을 수집한 자료로만 활용되었을 뿐, 온라인 커뮤니티 자체를 분석 대상이나 연구 단위로 삼지 않으므로 커뮤니티 존재 여부를 인정하기 어렵다.",True,3/3,run1:없음; run2:없음; run3:없음
ART002255570,앱 인벤터 활용 SW 교육이 초등학생의 컴퓨팅 사고력과 컴퓨터에 대한 태도에 미치는 영향,김거현(대구교육대학교),2017,정보교육학회논문지,kor,ERR,,,run1:없음; run2:없음; run3:없음,"has_community=True role_relevant=False env_relevant=False | 이 논문은 초등학생 대상 앱인벤터 활용 SW 교육 프로그램의 개발·적용 및 계산적 사고(CT) 신장 효과를 다루는 교육학 연구로, 온라인 커뮤니티를 분석 대상이나 연구 도구로 삼지 않으며, 커뮤니티의 역할이나 환경 조건도 전혀 다루지 않는다. | has_community=True role_relevant=False env_relevant=False | 이 논문은 초등학생 대상의 앱 인벤터 활용 SW 교육 프로그램 개발·적용 및 계산적 사고(CT) 신장 효과를 검증하는 연구로, 온라인 커뮤니티를 분석 대상이나 연구 재료로 삼지 않으므로 커뮤니티가 존재하지 않는다. | has_community=True role_relevant=False env_relevant=False | 이 논문은 앱인벤터 기반 SW 교육 프로그램을 초등학생에게 적용하여 계산적 사고력과 컴퓨터 태도 변화를 검증하는 교육학적 실험 연구로서, 온라인 커뮤니티를 분석 대상이나 연구 재료로 삼지 않으므로 커뮤니티 존재 여부를 인정할 수 없다.","이 논문은 초등학생 대상 앱인벤터 활용 SW 교육 프로그램의 개발·적용 및 계산적 사고(CT) 신장 효과를 다루는 교육학 연구로, 온라인 커뮤니티를 분석 대상이나 연구 도구로 삼지 않으며, 커뮤니티의 역할이나 환경 조건도 전혀 다루지 않는다. | 이 논문은 초등학생 대상의 앱 인벤터 활용 SW 교육 프로그램 개발·적용 및 계산적 사고(CT) 신장 효과를 검증하는 연구로, 온라인 커뮤니티를 분석 대상이나 연구 재료로 삼지 않으므로 커뮤니티가 존재하지 않는다. | 이 논문은 앱인벤터 기반 SW 교육 프로그램을 초등학생에게 적용하여 계산적 사고력과 컴퓨터 태도 변화를 검증하는 교육학적 실험 연구로서, 온라인 커뮤니티를 분석 대상이나 연구 재료로 삼지 않으므로 커뮤니티 존재 여부를 인정할 수 없다.",True,3/3,run1:없음; run2:없음; run3:없음
ART000995571,혼합형 학습에서 교사의 역할에 관한 중요도와 실행도의 차이 분석,주영주(이화여자대학교),2006,초등교육연구,kor,ERR,,,run1:없음; run2:없음; run3:없음,"has_community=True role_relevant=False env_relevant=False | 이 논문은 혼합형 학습에서 교사의 역할을 분석하는 연구로서, 온라인 커뮤니티는 학습 매체·수단으로만 언급될 뿐 커뮤니티 자체의 구조·역할·환경이 분석 대상으로 삼고 있지 않으므로, 커뮤니티가 존재하더라도 역할·환경 조명 모두 해당하지 않는다. | has_community=False role_relevant=False env_relevant=False | 이 논문은 교실 수업과 온라인 커뮤니티 활동을 결합한 혼합형 학습에서 교사의 역할(기술 지원자, 교수 설계자, 평가자)을 분석하는 교수-학습 전략 연구이며, 온라인 커뮤니티는 학습 매체·수단으로 언급될 뿐 그 자체의 사회적 구조·역할·운영 조건을 분석 대상으로 삼지 않는다. | has_community=True role_relevant=False env_relevant=False | 이 논문은 교실 수업과 온라인 커뮤니티 활동을 결합한 혼합형 학습에서 교사의 역할(기술 지원자, 교수 설계자, 평가자)을 IPA로 분석하는 연구로, 온라인 커뮤니티는 학습 매개 도구로만 언급되며 커뮤니티 자체의 사회적 역할이나 구조·운영 조건이 분석 대상이 아니다.","이 논문은 혼합형 학습에서 교사의 역할을 분석하는 연구로서, 온라인 커뮤니티는 학습 매체·수단으로만 언급될 뿐 커뮤니티 자체의 구조·역할·환경이 분석 대상으로 삼고 있지 않으므로, 커뮤니티가 존재하더라도 역할·환경 조명 모두 해당하지 않는다. | 이 논문은 교실 수업과 온라인 커뮤니티 활동을 결합한 혼합형 학습에서 교사의 역할(기술 지원자, 교수 설계자, 평가자)을 분석하는 교수-학습 전략 연구이며, 온라인 커뮤니티는 학습 매체·수단으로 언급될 뿐 그 자체의 사회적 구조·역할·운영 조건을 분석 대상으로 삼지 않는다. | 이 논문은 교실 수업과 온라인 커뮤니티 활동을 결합한 혼합형 학습에서 교사의 역할(기술 지원자, 교수 설계자, 평가자)을 IPA로 분석하는 연구로, 온라인 커뮤니티는 학습 매개 도구로만 언급되며 커뮤니티 자체의 사회적 역할이나 구조·운영 조건이 분석 대상이 아니다.",True,3/3,run1:없음; run2:없음; run3:없음
ART002642073,빅데이터를 사용한 온라인 육아 커뮤니티 영유아 부모의 자녀양육 고민 분석: 딥러닝 기법의 적용,정옥경(총신대학교),2020,교육문화연구,kor,ERR,,,run1:없음; run2:없음; run3:없음,"has_community=True role_relevant=False env_relevant=False | 이 논문은 온라인 육아 커뮤니티의 게시글을 NLP·빅데이터 분석의 입력 자료로만 활용하여 영유아 부모의 자녀양육 고민 유형과 연령별 변화를 추적할 뿐, 커뮤니티 자체를 공론장·창으로서의 역할이나 구조·운영 조건으로서의 환경으로 조명하지 않으므로 ROLE·ENV 모두 해당하지 않는다. | has_community=True role_relevant=False env_relevant=False | 이 논문은 온라인 육아 커뮤니티를 딥러닝 기반 빅데이터 분석의 데이터 소스로만 활용하여 부모의 양육 고민 유형을 추출하는 데 그치며, 커뮤니티의 사회적 역할(창·장)이나 구조적·환경적 조건을 분석하거나 비교하는 내용은 포함되어 있지 않다. | has_community=True role_relevant=False env_relevant=False | 온라인 육아 커뮤니티는 영유아 부모의 양육 고민을 추출하기 위한 빅데이터 수집 통로(연구 재료)로만 활용되며, 커뮤니티의 사회적 역할(창/장)이나 구조·운영 환경에 대한 분석이 전혀 이루어지지 않는다.","이 논문은 온라인 육아 커뮤니티의 게시글을 NLP·빅데이터 분석의 입력 자료로만 활용하여 영유아 부모의 자녀양육 고민 유형과 연령별 변화를 추적할 뿐, 커뮤니티 자체를 공론장·창으로서의 역할이나 구조·운영 조건으로서의 환경으로 조명하지 않으므로 ROLE·ENV 모두 해당하지 않는다. | 이 논문은 온라인 육아 커뮤니티를 딥러닝 기반 빅데이터 분석의 데이터 소스로만 활용하여 부모의 양육 고민 유형을 추출하는 데 그치며, 커뮤니티의 사회적 역할(창·장)이나 구조적·환경적 조건을 분석하거나 비교하는 내용은 포함되어 있지 않다. | 온라인 육아 커뮤니티는 영유아 부모의 양육 고민을 추출하기 위한 빅데이터 수집 통로(연구 재료)로만 활용되며, 커뮤니티의 사회적 역할(창/장)이나 구조·운영 환경에 대한 분석이 전혀 이루어지지 않는다.",True,3/3,run1:없음; run2:없음; run3:없음
ART002747358,원격 수업 관련 교사의 경험과 실제 - O초등학교 중심으로 -,조용훈(청주교육대학교),2021,학교와 수업 연구,kor,ERR,,,run1:없음; run2:없음; run3:없음,"has_community=True role_relevant=False env_relevant=False | 이 논문은 코로나19 시대의 원격 수업 실천과 미래 교육 방향을 연구 대상으로 삼고 있으며, 교사학습공동체나 e-학습터·줌 등 온라인 플랫폼은 교사가 수업을 준비·운영하는 데 활용한 도구·채널로만 언급될 뿐, 커뮤니티의 구조·역할·운영 조건을 분석 대상으로 삼지 않으므로 이후 단계 없이 ERR로 처리된다. | has_community=True role_relevant=False env_relevant=False | 이 논문은 코로나19 시기 원격 수업의 교육적 의의와 미래 교육 방향을 초등학교 교사들의 콘텐츠 개발·실천 과정을 중심으로 분석하며, '교사학습공동체'는 온라인 교수학습 콘텐츠 개발을 위한 협력 수단으로 잠깐 언급될 뿐, 공통 관심사를 가진 사용자의 지속적 상호작용과 관계 형성을 분석 대상으로 삼는 온라인 커뮤니티가 연구의 핵심 대상이 아니다. | has_community=True role_relevant=False env_relevant=False | 이 논문은 코로나19 시대의 원격 수업 실천과 미래 교육 방향을 O초등학교 교사의 콘텐츠 개발·플랫폼 활용 관점에서 분석하는 연구로서, 교사학습공동체와 e-학습터·줌 등 온라인 플랫폼은 교육 전달 수단·교사 협업 도구로 언급될 뿐, 공통 관심사를 가진 사용자들이 지속적 상호작용과 관계 형성을 하는 디지털 공간으로서의 온라인 커뮤니티가 분석 대상이 되지 않는다.","이 논문은 코로나19 시대의 원격 수업 실천과 미래 교육 방향을 연구 대상으로 삼고 있으며, 교사학습공동체나 e-학습터·줌 등 온라인 플랫폼은 교사가 수업을 준비·운영하는 데 활용한 도구·채널로만 언급될 뿐, 커뮤니티의 구조·역할·운영 조건을 분석 대상으로 삼지 않으므로 이후 단계 없이 ERR로 처리된다. | 이 논문은 코로나19 시기 원격 수업의 교육적 의의와 미래 교육 방향을 초등학교 교사들의 콘텐츠 개발·실천 과정을 중심으로 분석하며, '교사학습공동체'는 온라인 교수학습 콘텐츠 개발을 위한 협력 수단으로 잠깐 언급될 뿐, 공통 관심사를 가진 사용자의 지속적 상호작용과 관계 형성을 분석 대상으로 삼는 온라인 커뮤니티가 연구의 핵심 대상이 아니다. | 이 논문은 코로나19 시대의 원격 수업 실천과 미래 교육 방향을 O초등학교 교사의 콘텐츠 개발·플랫폼 활용 관점에서 분석하는 연구로서, 교사학습공동체와 e-학습터·줌 등 온라인 플랫폼은 교육 전달 수단·교사 협업 도구로 언급될 뿐, 공통 관심사를 가진 사용자들이 지속적 상호작용과 관계 형성을 하는 디지털 공간으로서의 온라인 커뮤니티가 분석 대상이 되지 않는다.",True,3/3,run1:없음; run2:없음; run3:없음
ART002096703,예비교사의 프로그래밍 교수내용지식 향상을 위한 프로그래밍 교육프로그램 설계,안상진(한국교원대학교),2016,컴퓨터교육학회 논문지,kor,ERR,,,run1:없음; run2:없음; run3:없음,"has_community=True role_relevant=False env_relevant=False | 이 논문은 예비교사의 프로그래밍 교수내용지식 향상을 위한 교육 프로그램 설계·적용을 다루며, 앱 인벤터라는 디지털 도구를 활용하지만 온라인 커뮤니티를 분석 대상이나 연구 재료로 삼지 않으므로 커뮤니티 존재 여부가 없다. | has_community=True role_relevant=False env_relevant=False | 이 논문은 예비정보교사를 대상으로 앱 인벤터를 활용한 프로그래밍 교육 프로그램의 효과성을 검증하는 교육학 연구로, 공통 관심사를 가진 사용자가 지속적 상호작용을 하는 온라인 커뮤니티를 분석 대상이나 연구 재료로 삼지 않으므로 커뮤니티 존재 자체가 성립하지 않는다. | has_community=False role_relevant=False env_relevant=False | 이 논문은 예비정보교사의 프로그래밍 교수내용지식 향상을 위한 교육 프로그램(앱인벤터, 문제기반학습, 프로젝트기반학습)의 효과를 평가하는 연구로, 온라인 커뮤니티를 분석 대상이나 연구 재료로 활용하지 않는다.","이 논문은 예비교사의 프로그래밍 교수내용지식 향상을 위한 교육 프로그램 설계·적용을 다루며, 앱 인벤터라는 디지털 도구를 활용하지만 온라인 커뮤니티를 분석 대상이나 연구 재료로 삼지 않으므로 커뮤니티 존재 여부가 없다. | 이 논문은 예비정보교사를 대상으로 앱 인벤터를 활용한 프로그래밍 교육 프로그램의 효과성을 검증하는 교육학 연구로, 공통 관심사를 가진 사용자가 지속적 상호작용을 하는 온라인 커뮤니티를 분석 대상이나 연구 재료로 삼지 않으므로 커뮤니티 존재 자체가 성립하지 않는다. | 이 논문은 예비정보교사의 프로그래밍 교수내용지식 향상을 위한 교육 프로그램(앱인벤터, 문제기반학습, 프로젝트기반학습)의 효과를 평가하는 연구로, 온라인 커뮤니티를 분석 대상이나 연구 재료로 활용하지 않는다.",True,3/3,run1:없음; run2:없음; run3:없음
ART002298485,특수교사의 온라인 커뮤니티 참여 경험에 관한 질적 연구,김정연(조선대학교),2017,특수교육교과교육연구,kor,OK,ROLE_FIELD_SOCIALCAPITAL,,run1:없음; run2:없음; run3:없음,"has_community=True role_relevant=True env_relevant=False | 이 논문은 특수교사 온라인 커뮤니티의 참여 경험이 교사 인식·행동에 미치는 영향을 탐구하며, 커뮤니티를 전문적 학습공동체로서의 사회적 역할(장)로 조명하지만, 익명성·회원제·운영 방침 등 구조적·환경적 조건에 따른 차이·비교·변화를 분석하지는 않는다. | has_community=True role_relevant=True env_relevant=False | 이 논문은 특수교사 온라인 커뮤니티를 전문적 학습공동체로서 교사의 인식·행동에 미치는 영향을 분석 대상으로 삼아 '장'으로 조명하되, 회원제·익명성·제재 방식 등 구조적·환경적 조건에 따른 차이·비교를 다루지 않으므로 env는 false이다. | has_community=True role_relevant=True env_relevant=False | 이 논문은 특수교사 온라인 커뮤니티의 참여 경험이 교사 인식·행동에 미치는 영향을 탐구하며, 커뮤니티를 전문적 학습공동체로서의 사회적 역할(장)로 조명하나, 회원제·익명성·운영 방침 등 구조적·환경적 조건을 비교·분석하는 내용은 초록에 나타나지 않는다.","[ROLE] 특수교사 온라인 커뮤니티의 참여 경험과 '전문적 학습공동체' 구축을 분석 대상으로 삼아 이용자 간 경험 공유·네트워크 형성이라는 관계적 자원 차원을 다루므로 FIELD 계열 중 SOCIALCAPITAL에 부여하되, 개인 인식·행동 영향에 대한 서술이 섞여 있어 확률은 0.6 수준으로 제한한다. | [ROLE] 특수교사 온라인 커뮤니티의 참여 경험(의미·어려움·형태·개선)을 FGI로 분석하고 이를 '전문적 학습공동체' 구축으로 확장하는 연구로, 커뮤니티 내 이용자 간 참여·공유라는 관계적 측면이 중심이나 연결의 강도·효과를 직접 검증하는 수준은 아니므로 SOCIALCAPITAL에 경계적 부여, WINDOW 계열 및 PUBLICSPHERE는 해당 없음. | [ROLE] 본 연구는 특수교사라는 외부 집단의 온라인 커뮤니티 참여 경험을 FGI로 분석하되, 궁극적으로 커뮤니티를 '전문적 학습공동체'로서 이용자 간 관계적 자원(공유·참여·연대)의 형성·효과를 다루고 있으므로 FIELD 계열 중 SOCIALCAPITAL에 부여하고, WINDOW 계열은 커뮤니티 자체의 역할보다 외부 집단의 현상을 보여준다는 측면이 일부 있으나 주된 분석 대상이 커뮤니티 내 상호작용이므로 미부여한다.",True,0/3,run1:ROLE_FIELD_SOCIALCAPITAL; run2:ROLE_FIELD_SOCIALCAPITAL; run3:ROLE_FIELD_SOCIALCAPITAL
ART002442105,고령자의 온라인공동체 활동에 나타난 확장학습 경험에 관한 연구,차혜경(성결대학교),2019,교육문화연구,kor,OK,ROLE_FIELD_SOCIALCAPITAL,,run1:없음; run2:없음; run3:없음,"has_community=True role_relevant=True env_relevant=False | 이 논문은 온라인공동체(봉사활동 소모임)에서 고령자가 게시물 읽기·쓰기를 통해 학습하고 사회적 관계와 정체성을 재구성하며 공동체 발전에 기여하는 과정을 확장학습 관점에서 분석함으로써, 온라인 커뮤니티를 평생학습과 관계형성의 '장'(ROLE_FIELD)으로 조명하지만, 회원제·익명성·운영방침 등 구조적 환경 조건에 따른 차이·비교는 다루지 않으므로 env_relevant는 false이다. | has_community=True role_relevant=True env_relevant=False | 이 논문은 고령자가 온라인공동체 안에서 게시물 소통, 봉사활동 소모임 참여, 오프라인 실천 등을 통해 확장학습의 주체로 변화하는 과정을 분석하므로, 온라인공동체를 학습·정체성 재구성·관계 형성이 이루어지는 '장'으로 조명하고 있으나, 회원제·익명성·운영 방침 등 구조적·환경적 조건에 따른 차이·비교·변화를 다루지는 않는다. | has_community=True role_relevant=True env_relevant=False | 이 논문은 고령자의 확장학습 경험을 분석하기 위해 봉사활동 소모임이 운영되는 온라인공동체를 학습·상호작용·정체성 재구성이 이루어지는 '장'으로 조명하나, 회원제·제재방식·익명성·생애주기 등 구조적·환경적 조건에 따른 차이·비교·변화를 다루지 않는다.","[ROLE] 이 논문은 온라인공동체 공간 안에서 고령자 간 게시물 소통·사회적 관계 형성·공동체 발전 기여 등 이용자 간 관계적 자원(사회적 자본)의 형성 과정을 분석하는 장(FIELD) 중심 연구이나, 궁극적으로 '활동적 노년기'라는 외부 사회현상을 시사하는 WINDOW_MISC 요소도 일부 포함되어 있다. | [ROLE] 이 논문은 고령자의 학습·사회적 참여·평생발달이라는 온라인 커뮤니티 없이도 존재하는 외부 사회현상을, 더쿠·디시인사이드·네이트판 등 온라인 커뮤니티라는 사례를 통해 조명하는 WINDOW_MISC에 해당하며, 이용자 간 관계적 자원(사회적 관계 형성)이 언급되지만 확장학습 틀 안의 부수적 서술에 그쳐 FIELD_SOCIALCAPITAL로는 미부여된다. | [ROLE] 이 논문은 고령자의 봉사활동 소모임이라는 온라인 공동체 공간 안에서 게시물 소통·사회적 관계 형성·공동체 기여 등 이용자 간 연결과 상호작용의 관계적 측면을 분석함으로써, 온라인 커뮤니티가 고령자에게 사회적 자본을 형성·확장하는 장(FIELD)으로서의 역할을 조명한다.",False,0/3,run1:ROLE_FIELD_SOCIALCAPITAL; run2:ROLE_WINDOW_MISC; run3:ROLE_FIELD_SOCIALCAPITAL
ART001408770,온라인학습커뮤니티를 활용한 교사교육: 미국의 사례 분석에 기초한 성공 요인,조미헌(청주교육대학교),2009,정보교육학회논문지,kor,ERR,,,run1:없음; run2:없음; run3:없음,"has_community=True role_relevant=True env_relevant=True | 이 논문은 미국 교사교육을 위한 온라인학습커뮤니티의 구축·운영 사례를 비교분석하여 10가지 핵심 요인을 제시함으로써, 온라인학습커뮤니티가 교사교육의 장(ROLE_FIELD)으로서 기능하는 동시에 그 구조적·운영적 조건(목적·대상 명시, 개인/공동 활동 지원, 기관 간 협력, 멘토링 등)을 비교·제안(ENV_COMMUNITY_GOVERNANCE)하고 있다. | has_community=True role_relevant=True env_relevant=False | 이 논문은 미국 교사교육을 위한 온라인학습커뮤니티의 구축·운영 사례를 비교 분석하여 성공 요인을 도출함으로써, 온라인학습커뮤니티가 교사교육을 수행하는 '장'으로서의 역할을 조명하나, 제시된 10가지 요인은 교육 프로그램·멘토링 등 페دا고지적 설계에 머물러 회원제·익명성·제재·생애주기 등 구조적·환경적 조건을 다루지 않는다. | has_community=True role_relevant=True env_relevant=False | 이 논문은 미국 온라인학습커뮤니티를 교사교육의 장(ROLE_FIELD_EDUCATION)으로서 구축·운영 성공 요인을 분석하지만, 회원제·익명성·제재·생애주기 등 커뮤니티의 구조적·환경적 조건(ENV)을 다루지 않고 교육적 설계 요인(활동 구성, 멘토링, 기관 연계 등)에 초점을 둔다.","[ROLE] 본 논문은 교사교육을 위한 온라인학습커뮤니티의 구축·운영 성공 요인을 분석하는 교육공학·정책 중심 연구로, 6개 ROLE 코드 중 공론장·사회자본·양극화·젠더·혐오·기타 사회현상 창 어느 하나에도 명확히 해당하지 않으며, 가장 가까운 사회자본(공동활동·멘토링)과 MISC(교육체제 보완)도 교육 설계 요인 제시라는 본 연구의 성격상 0.5에 미치지 못한다. | [ENV] 본 연구는 온라인학습커뮤니티의 교사교육 활용 사례를 교육적 운영 요인(특성화, 지식 구성, 멘토링 등) 관점에서 비교·분석할 뿐, 회원제·운영체계·생애주기·익명성 중 어느 ENV 조건도 분석 대상으로 삼지 않으므로 4개 코드 모두 미부여한다. | [ROLE] 이 논문은 미국 온라인학습커뮤니티 5개 사례를 비교·분석하여 교사교육용 커뮤니티 구축·운영의 10가지 설계 요인을 도출하는 정책·설계 연구이므로, 공론장 검증이나 관계적 자원 분석도, 외부 사회현상을 관측하는 창도 아닌 커뮤니티 자체의 구조·운영 요건을 다루는 것으로 6개 코드 모두 미부여에 해당한다. | [ROLE] 이 논문은 미국 온라인 학습커뮤니티 5개 사례의 구축·운영 경험에서 10가지 설계 요인을 추출하는 실무·정책 제안 연구로서, 공론장 검증이나 사회자본 효과 분석도, 외부 사회현상의 창으로의 활용도 아닌 '커뮤니티 설계 가이드'에 가까워 6개 코드 중 어느 하나도 0.5를 넘기지 못한다.",True,3/3,run1:없음; run2:없음; run3:없음
ART002382639,“온라인 학습 공동체” 관련 국내 연구동향 분석: 초·중등 온라인 과학 학습 공동체 구성을 위한 시사점을 중심으로,장진아(서울대학교 교육종합연구원),2018,교과교육학연구,kor,ERR,,,run1:없음; run2:없음; run3:없음,"has_community=True role_relevant=True env_relevant=True | 이 논문은 온라인 학습 공동체를 학습이 일어나는 '장'으로 분석 대상으로 삼으면서, 공동체의 개방성·폐쇄성, 구성원 간 수평적·위계적 관계, 시스템 운영의 자율성 등 구조적·환경적 조건이 학습에 미치는 영향을 문헌 고찰을 통해 비교·검토하고 있으므로 역할과 환경 모두에 해당한다. | has_community=True role_relevant=True env_relevant=True | 이 논문은 초·중등 온라인 과학 학습 공동체를 분석 대상으로 삼아, 공동체의 개방성·폐쇄성, 수평적·위계적 관계, 시스템 운영의 자율성 등 구조적·환경적 조건(ENV)이 학습 공동체로서 교육적 역할(ROLE)에 미치는 영향을 문헌고찰을 통해 검토한다. | has_community=True role_relevant=True env_relevant=True | 이 논문은 2000–2017년 온라인 학습 공동체 관련 70편의 문헌을 고찰하여 공동체가 학습을 매개하는 '장'으로서의 사회적 역할을 분석하고(ROLE), 그 과정에서 공동체의 개방성·폐쇄성, 수평적·위계적 관계, 시스템 운영의 자율성, 온라인-오프라인 의존성 등 구조적·환경적 조건이 학습에 미치는 차이를 비교·검토하므로(ENV) role·env 모두 해당한다.","[ROLE] 본 논문은 온라인 학습 공동체의 교육적 설계·효과 문헌고찰로, 구성원 간 정서적 친밀감·위계 관계 등 관계적 요인을 거론하나 학습 결과에 미치는 인자로서 부차적으로 다루며, 공론장 검증이나 사회자본 형성 자체를 분석 대상 삼지 않고, 외부 사회현상을 보여주는 창으로 쓰이지도 않아 6개 코드 중 어느 하나에도 0.5 이상 확률을 부여하기 어렵다. | [ENV] 본 논문은 2000–2017년 온라인 학습 공동체 연구의 문헌 동향 조사이며, '시스템 운영의 자율성'·'공동체 참여의 개방성' 같은 구조적 요인을 설계 시사점으로 언급하기는 하나, 회원제·운영체계·생애주기·익명성 중 어느 하나를 두 사례 이상 놓고 비교·분석하지 않으므로 4개 코드 모두 미부여한다. | [ROLE] 본 논문은 온라인 학습 공동체의 유형·구조·설계 요인을 문헌고찰하는 것으로, 구성원 간 수평·위계 관계와 정서적 친밀감 등 관계적 측면이 학습 요인으로 언급되나 이는 공론장 검증이나 사회자본 형성의 직접적 분석 대상이 아닌 학습 공동체 설계의 보조 변수로 다루어져 6개 코드 중 어느 하나도 0.5를 넘기지 못한다. | [ENV] 문헌고찰로서 '개방성·폐쇄성'이나 '수평적·위계적 관계', '시스템 운영의 자율성'을 요인으로 열거하긴 하나, 이를 실제로 비교·분석하여 운영체계나 회원제에 따른 결과 차이를 규명하지 않으므로 4개 코드 모두 미부여. | [ROLE] 본 연구는 70편의 문헌을 고찰하여 초·중등 온라인 과학 학습 공동체 구성의 시사점을 제안하는 문헌고찰로서, 공론장 검증·관계적 자원 분석·외부 사회현상 포착 어느 쪽에도 부합하지 않으며, '수평적·위계적관계'·'정서적 친밀감' 언급은 기존 연구의 상충된 관점을 보고하는 수준에 그쳐 6개 코드 모두 미부여. | [ENV] 이 논문은 2000–2017년 온라인 학습 공동체 문헌의 동향 조사이며, '시스템 운영의 자율성'이나 '수평적·위계적 관계'를 향후 고려 사항으로 제안하기는 하나, 회원제 차이·운영 기제·생애주기·익명성 중 어느 하나도 실질적으로 비교·분석하지 않으므로 4개 코드 모두 미부여로 판단한다.",True,3/3,run1:없음; run2:없음; run3:없음
ART001821767,자문화기술지를 통한 온라인 교사공동체 운영경험 분석,정민수(전주교육대학교),2013,열린교육연구,kor,OK,,ENV_COMMUNITY_GOVERNANCE,run1:없음; run2:없음; run3:없음,"has_community=True role_relevant=True env_relevant=True | 이 논문은 온라인 교사공동체를 협력적 전문성과 지속적 지도력이 형성되는 '장'으로 조명하는 동시에, 준비기→도약기→성숙기로 이어지는 생애주기별 통제기제 집중화-구조화-분산화라는 운영 기제의 변화를 분석하여 환경적 조건(ENV)과 역할(ROLE)을 동시에 조망한다. | has_community=True role_relevant=True env_relevant=True | 이 논문은 온라인 교사공동체를 협력적 전문성과 지속적 지도력이 형성되는 '장'으로 분석하면서(R), 동시에 준비기→도약기→성숙기의 생애주기별 통제기제 전환(집중→구조화→분산), 파워운영자·서브운영자의 역할 변화 등 운영·거버넌스 구조의 변화를 핵심 분석 대상으로 삼고 있어(E) 역할과 환경이 모두 조명된다. | has_community=True role_relevant=True env_relevant=True | 이 논문은 온라인 교사공동체가 협력적 전문성과 지속적 지도력을 실현하는 '장'으로서의 사회적 역할을 분석하는 동시에, 준비기→도약기→성숙기에 걸쳐 통제기제가 집중화→구조화→분산화로 전환되는 생애주기적 운영 구조의 변화를 구조적 조건으로서 검토하므로, 역할과 환경 양쪽을 함께 조명한다.","[ROLE] 본 연구는 온라인 교사공동체 내부의 통제기제 진화(집중→분산)와 이용자 간 상호작용(서브운영자의 상호작용적 접근, 참여교사의 협의조절력)을 통해 협력적 전문성과 지속적 지도력이라는 관계적 자원이 어떻게 형성·운영되는지를 분석하므로, 커뮤니티 공간 안의 이용자 간 연결과 그 효과를 다루는 SOCIALCAPITAL에 부여하며, 공론장 검증이나 외부 사회현상 포착은 해당하지 않는다. | [ENV] 본 논문은 온라인 교사공동체의 운영기제(파워운영자→서브운영자→구성원 간 통제기제 전환)를 핵심 분석 대상 삼아 커뮤니티 운영체계의 진화를 추적하므로 ENV_COMMUNITY_GOVERNANCE에 부여하되, 생애주기 단계(준비기·도약기·성숙기)는 운영기제 변화의 서술 프레임에 머물러 커뮤니티 자체의 성장·쇠퇴를 독립 결과로 추적하지 않으므로 ENV_COMMUNITY_LIFECYCLE은 미부여한다. | [ROLE] 이 논문은 온라인 교사공동체라는 공간 자체의 운영기제(통제기제의 집중→구조→분산 전환)와 그 안에서 형성되는 협력적 전문성·지속적 지도력을 자문화기술지로 분석하므로 FIELD에 해당하나, 공론장 검증이나 이용자 간 관계적 자원의 존재·효과를 직접 다루는 것은 아니어서 두 FIELD 코드 모두 미부여되며, WINDOW 계열도 해당하지 않는다. | [ENV] 논문이 파워운영자→서브운영자→구성원으로의 통제기제 전환을 단계별로 분석하여 커뮤니티 운영체계(GOVERNANCE)를 명시적으로 다루나, 회원 등급 간 결과 비교나 커뮤니티 자체의 인구학적 성쇠·대규모 탈퇴 추적, 익명성 수준 비교는 없어 나머지 세 코드는 미부여한다. | [ROLE] 이 논문은 온라인 교사공동체라는 공간 자체의 통제기제(집중화→구조화→분산화)와 그 안에서 협력적 전문성·지속적 지도력이 어떻게 작동하는지를 분석하는 FIELD 계열에 가깝고, 이용자 간 상호작용·지식 공유의 관계적 측면이 일부 포착되어 SOCIALCAPITAL에 근접하나, 핵심 분석 대상이 운영 구조와 위계적 통제기제의 전환이므로 0.5에 미치지 못해 6개 코드 모두 미부여된다. | [ENV] 본 논문은 파워운영자·서브운영자·구성원 간 권한 이양과 통제기제의 단계적 전환을 분석하여 커뮤니티 운영체계(GOVERNANCE)를 명백히 다루나, 그 단계가 커뮤니티 자체의 인구학적 성장·쇠퇴(LIFECYCLE)로 귀결되는지를 추적하지는 않으므로 GOVERNANCE만 부여한다.",False,0/3,"run1:ENV_COMMUNITY_GOVERNANCE,ROLE_FIELD_SOCIALCAPITAL; run2:ENV_COMMUNITY_GOVERNANCE; run3:ENV_COMMUNITY_GOVERNANCE"
ART002946354,온라인 커뮤니티 분석을 통한 초등교사의 인공지능 교육 현황 및 관심사 분석,이철현(경인교육대학교),2023,한국실과교육학회지,kor,ERR,,,run1:없음; run2:없음; run3:없음,"has_community=True role_relevant=False env_relevant=False | 인디스쿨은 초등교사 온라인 커뮤니티로 정의에 부합하나, 본 연구에서 이 커뮤니티는 텍스트 마이닝을 위한 게시글 수집 통로(연구 재료)로만 활용되며, 커뮤니티 자체의 사회적 역할이나 구조적·환경적 조건이 분석 대상이 되지 않으므로 role·env 모두 해당하지 않는다. | has_community=True role_relevant=True env_relevant=False | 이 논문은 초등교사 온라인 커뮤니티 '인디스쿨'의 게시글을 텍스트마이닝 분석의 자료원으로 활용하여 초등 인공지능 교육의 관심사와 토픽을 탐색하므로, 커뮤니티는 교사들의 교육적 담론을 보여주는 창(ROLE_WINDOW)으로 기능하나, 커뮤니티의 구조적·환경적 조건(회원제, 익명성, 운영 방침 등)에 따른 차이·비교는 다루지 않는다. | has_community=True role_relevant=False env_relevant=False | 이 논문은 초등교사 온라인 커뮤니티인 인디스쿨을 초등 인공지능 교육 관련 게시글의 데이터 수집 통로로만 활용하며, 커뮤니티의 사회적 역할이나 구조적·환경적 조건(회원제, 운영 방침, 익명성 등)을 분석 대상에 포함하지 않는다.","인디스쿨은 초등교사 온라인 커뮤니티로 정의에 부합하나, 본 연구에서 이 커뮤니티는 텍스트 마이닝을 위한 게시글 수집 통로(연구 재료)로만 활용되며, 커뮤니티 자체의 사회적 역할이나 구조적·환경적 조건이 분석 대상이 되지 않으므로 role·env 모두 해당하지 않는다. | [ROLE] 본 연구는 인디스쿨 커뮤니티의 게시글을 텍스트마이닝하여 초등교사의 인공지능 교육 관심사·현황을 파악하는 것으로, 커뮤니티 공간 자체의 공론장·사회자본 기능 분석이 아니라 정책 기초자료로서 커뮤니티를 '초등교사의 AI 교육 관심'이라는 외부 교육 현상을 읽는 창(Window)으로 활용하고 있으므로 ROLE_WINDOW_MISC에 약하게 부여된다. | 이 논문은 초등교사 온라인 커뮤니티인 인디스쿨을 초등 인공지능 교육 관련 게시글의 데이터 수집 통로로만 활용하며, 커뮤니티의 사회적 역할이나 구조적·환경적 조건(회원제, 운영 방침, 익명성 등)을 분석 대상에 포함하지 않는다.",False,2/3,run1:없음; run2:ROLE_WINDOW_MISC; run3:없음
ART002696260,대학교수의 온라인 수업 경험 탐색: 교수법 공동체 사례,김진희(안동대학교),2021,교육과 학습: Global Creative Leader,kor,ERR,,,run1:없음; run2:없음; run3:없음,"has_community=False role_relevant=False env_relevant=False | 이 논문은 '교수법 공동체'를 4명 교수 대상의 데이터 수집 매개체로만 활용하고, 분석 대상은 온라인 수업에 대한 교수자 개인의 경험이지, 공통 관심사를 가진 사용자가 지속적으로 상호작용하는 디지털 공간으로서의 커뮤니티 자체가 아니므로, 온라인 커뮤니티를 분석 대상으로 삼지 않는다. | has_community=False role_relevant=False env_relevant=False | 본 연구의 분석 대상은 온라인 수업 교수자의 경험이며, '교수법 공동체'는 데이터 수집을 위한 연구 장소·재료로만 등장할 뿐, 커뮤니티 자체의 사회적 역할이나 구조적·환경적 조건이 분석 대상이 되지 않는다. | has_community=False role_relevant=False env_relevant=False | 본 연구의 분석 대상은 온라인 수업을 하는 교수자의 경험이며, '교수법 공동체'는 4명의 교수로부터 데이터를 수집한 연구 현장일 뿐, 온라인 커뮤니티 자체의 구조·역할·환경이 연구 대상이 아니다.","이 논문은 '교수법 공동체'를 4명 교수 대상의 데이터 수집 매개체로만 활용하고, 분석 대상은 온라인 수업에 대한 교수자 개인의 경험이지, 공통 관심사를 가진 사용자가 지속적으로 상호작용하는 디지털 공간으로서의 커뮤니티 자체가 아니므로, 온라인 커뮤니티를 분석 대상으로 삼지 않는다. | 본 연구의 분석 대상은 온라인 수업 교수자의 경험이며, '교수법 공동체'는 데이터 수집을 위한 연구 장소·재료로만 등장할 뿐, 커뮤니티 자체의 사회적 역할이나 구조적·환경적 조건이 분석 대상이 되지 않는다. | 본 연구의 분석 대상은 온라인 수업을 하는 교수자의 경험이며, '교수법 공동체'는 4명의 교수로부터 데이터를 수집한 연구 현장일 뿐, 온라인 커뮤니티 자체의 구조·역할·환경이 연구 대상이 아니다.",True,3/3,run1:없음; run2:없음; run3:없음
ART001204097,온라인 커뮤니티 유형별 다중비교를 통한 커뮤니티 특성요인의 설명력에 관한 연구,한재용((주)ITNC21 CIO),2007,상업경영연구,kor,ERR,,,run1:없음; run2:없음; run3:없음,"has_community=True role_relevant=True env_relevant=True | 이 논문은 거래·관심·환상·관계 네 유형 커뮤니티의 사회적 기능(정보 공유, 관계 형성 등)을 '장'으로서 조명하는 동시에, 회원관리성·관리활동·시스템품질 등 구조적·운영적 조건이 유형 간에 어떻게 차별화되는지를 비교·분석하여 환경적 조건을 고려하고 있다. | has_community=True role_relevant=True env_relevant=True | 이 논문은 온라인 커뮤니티 자체의 특성요인(회원관리성, 시스템품질, 관리활동 등)과 유형별(거래·관심·환상·관계) 차이를 판별·비교 분석하므로, 커뮤니티 공간 자체를 분석 대상으로 삼는 '장' 조명(role)과 동시에 구조적·환경적 조건에 따른 유형 간 차이·변화를 분석하는 '환경' 조명(env)에 해당한다. | has_community=True role_relevant=True env_relevant=True | 이 논문은 온라인 커뮤니티 자체의 특성요인과 유형을 분석 대상으로 삼아 커뮤니티 공간의 사회적 기능(정보 공유·관계 형성 등)을 '장'으로 조명하며, 동시에 '관리활동적 측면'과 '회원관리성'을 구조적 요인으로 도출하고 커뮤니티 유형 간 차별화된 역할을 비교·분석함으로써 운영·제재 방식과 같은 환경적 조건을 고려한다.","[ROLE] 본 연구는 온라인 커뮤니티 자체의 특성요인과 유형 분리를 도출하는 분류·설계 연구이므로 FIELD 계열에 속하나, 공론장 기능의 검증이나 이용자 간 관계적 자원(신뢰·연대·네트워크)의 형성과 효과를 직접 분석하는 것이 아니어서 두 FIELD 코드 모두 0.5 미만에 그친다. | [ENV] 본 연구는 커뮤니티 유형(거래·관심·환상·관계)을 판별하기 위한 특성 요인을 도출하는 구조적 분석이므로, 회원제·생애주기·익명성은 전혀 다루지 않으며, '관리활동적 측면'과 '회원관리성'이 요인으로 등장하긴 하나 삭제·제재·운영자 권한·신고·중재 등 구체적 운영체계의 차이·비교를 분석하는 것이 아니라 커뮤니티 유형별 판별 변수로만 일반적 수준에서 취급하므로 GOVERNANCE도 미부여로 판단한다. | [ROLE] 본 연구는 온라인 커뮤니티 공간 자체의 기술·이용동기·관리 특성 요인을 도출하고 유형(거래·관심·환상·관계)을 분류하는 것이 주目的이므로 FIELD 계열에 가깝지만, 공론장 기능 검증도 이용자 간 관계적 자원의 형성·효과 분석도 아닌 커뮤니티 설계·분류 연구이므로 어느 FIELD 코드에도 0.5 미만으로 미부여한다. | [ENV] 이 논문은 온라인 커뮤니티를 네 유형(거래·관심·환상·관계)으로 분류하고 9개 특성요인을 요인분석·판별분석으로 도출하는 유형론 연구로, 회원제 차이·운영체계·생애주기·익명성 수준을 결과 차이의 변수로 비교·분석하지 않으므로 4개 ENV 코드 모두 미부여이다. | [ROLE] 본 연구는 온라인 커뮤니티 공간 자체의 구조적 특성요인(사교성·상호작용성 등)과 유형(거래·관심·환상·관계)을 도출·분류하는 분류학적 작업으로, 커뮤니티 공간 자체를 분석 대상으로 삼아 FIELD 성격을 띠지만, 공론장 기능의 검증이나 이용자 간 관계적 자원의 형성·효과를 실제로 다루지 않아 FIELD 계열 2개 코드 모두 미부여이며, 외부 사회현상을 보여주는 WINDOW도 아니다. | [ENV] 본 논문은 온라인 커뮤니티를 거래·관심·환상·관계 네 유형으로 분류하고 9개 특성요인을 도출·판별하는 유형론 연구로서, 회원제·운영체계·생애주기·익명성 중 어느 하나를 비교·분석 대상으로 삼지 않으므로 4개 코드 모두 미부여이다.",True,3/3,run1:없음; run2:없음; run3:없음
ART002820088,영유아 대상 영어교육과 증강현실 활용에 대한 교사의 인식,채진영(부산대학교),2022,학습자중심교과교육연구,kor,ERR,,,run1:없음; run2:없음; run3:없음,"has_community=False role_relevant=False env_relevant=False | 온라인 커뮤니티는 설문 대상자 모집 통로로만 활용되었을 뿐, 커뮤니티 자체의 구조·역할·환경이 분석 대상이 아닌 영유아교사의 AR 영어교육 인식 연구이므로 커뮤니티 분석으로 볼 수 없다. | has_community=False role_relevant=False env_relevant=False | 이 논문은 영유아교사의 영어교육·AR 인식 조사를 위해 온라인 커뮤니티를 설문 배포·모집 통로로만 활용했을 뿐, 커뮤니티 자체를 분석 대상이나 창/장으로 삼지 않으므로 커뮤니티 존재 여부를 인정하기 어렵다. | has_community=False role_relevant=False env_relevant=False | 이 논문은 영유아교사의 온라인 커뮤니티를 설문조사 대상자 모집 통로로만 활용했을 뿐, 커뮤니티 자체의 사회적 역할이나 구조적 조건을 분석 대상으로 삼지 않으므로 커뮤니티를 연구 대상으로 삼지 않는다.","온라인 커뮤니티는 설문 대상자 모집 통로로만 활용되었을 뿐, 커뮤니티 자체의 구조·역할·환경이 분석 대상이 아닌 영유아교사의 AR 영어교육 인식 연구이므로 커뮤니티 분석으로 볼 수 없다. | 이 논문은 영유아교사의 영어교육·AR 인식 조사를 위해 온라인 커뮤니티를 설문 배포·모집 통로로만 활용했을 뿐, 커뮤니티 자체를 분석 대상이나 창/장으로 삼지 않으므로 커뮤니티 존재 여부를 인정하기 어렵다. | 이 논문은 영유아교사의 온라인 커뮤니티를 설문조사 대상자 모집 통로로만 활용했을 뿐, 커뮤니티 자체의 사회적 역할이나 구조적 조건을 분석 대상으로 삼지 않으므로 커뮤니티를 연구 대상으로 삼지 않는다.",True,3/3,run1:없음; run2:없음; run3:없음
ART002943365,초등교사의 다문화 감수성과 다문화 교수효능감의 관계에서 다문화 사회정의역량의 매개효과,이공숙(전북대학교),2023,한국교원교육연구,kor,ERR,,,run1:없음; run2:없음; run3:없음,"has_community=False role_relevant=False env_relevant=False | 초등교사 온라인 커뮤니티는 다문화 감수성·교수효능감·사회정의역량 설문지를 배포하는 모집 통로로만 언급되며, 커뮤니티 자체의 구조·역할·운영 방침을 분석 대상으로 삼지 않으므로 커뮤니티 분석 대상이 아니다. | has_community=False role_relevant=False env_relevant=False | 초등교사 온라인 커뮤니티는 설문 배포를 위한 모집 통로로만 이용되었고, 커뮤니티 자체의 구조·역할·환경이 분석 대상이 아니므로 분석 대상 커뮤니티로 볼 수 없다. | has_community=False role_relevant=False env_relevant=False | 초등학교 교사 온라인 커뮤니티는 다문화 감수성·교수효능감·사회정의역량 설문지를 배포하는 모집·수집 통로로만 활용되었으며, 커뮤니티 자체의 구조·운영·사회적 역할이 분석 대상이 되지 않으므로 커뮤니티 분석 논문으로 보기 어렵다.","초등교사 온라인 커뮤니티는 다문화 감수성·교수효능감·사회정의역량 설문지를 배포하는 모집 통로로만 언급되며, 커뮤니티 자체의 구조·역할·운영 방침을 분석 대상으로 삼지 않으므로 커뮤니티 분석 대상이 아니다. | 초등교사 온라인 커뮤니티는 설문 배포를 위한 모집 통로로만 이용되었고, 커뮤니티 자체의 구조·역할·환경이 분석 대상이 아니므로 분석 대상 커뮤니티로 볼 수 없다. | 초등학교 교사 온라인 커뮤니티는 다문화 감수성·교수효능감·사회정의역량 설문지를 배포하는 모집·수집 통로로만 활용되었으며, 커뮤니티 자체의 구조·운영·사회적 역할이 분석 대상이 되지 않으므로 커뮤니티 분석 논문으로 보기 어렵다.",True,3/3,run1:없음; run2:없음; run3:없음
ART002646885,교육실습 플랫폼의 설계전략 탐색을 위한 요구분석: 교육대학 사례를 중심으로,안정현(공주교육대학교 글로벌인재교육센터),2020,학습자중심교과교육연구,kor,ERR,,,run1:없음; run2:없음; run3:없음,"has_community=False role_relevant=False env_relevant=False | 이 논문은 교육실습 지원 플랫폼의 설계를 목표로 하며, 온라인 커뮤니티는 다섯 가지 설계 전략 중 하나로 '성찰활동 중심 커뮤니티 활성화'라는 기능 요소로만 언급될 뿐, 실제 커뮤니티의 상호작용·구조·역할을 분석 대상으로 삼지 않는다. | has_community=False role_relevant=False env_relevant=False | 이 논문은 교육실습 지원 플랫폼의 설계 전략을 도출하는 연구이며, '온라인 커뮤니티 활성화'는 다섯 가지 설계 전략 중 하나로 언급될 뿐, 기존 온라인 커뮤니티의 역학·역할·구조적 조건을 분석 대상으로 삼지 않는다. | has_community=False role_relevant=False env_relevant=False | 이 논문은 교육실습 지원 플랫폼 설계 전략을 도출하는 연구이며, '온라인 커뮤니티의 활성화'는 아직 존재하지 않는 플랫폼의 다섯 가지 구성 요소 중 하나로 언급될 뿐, 실제 온라인 커뮤니티를 분석 대상이나 연구 재료로 삼지 않는다.","이 논문은 교육실습 지원 플랫폼의 설계를 목표로 하며, 온라인 커뮤니티는 다섯 가지 설계 전략 중 하나로 '성찰활동 중심 커뮤니티 활성화'라는 기능 요소로만 언급될 뿐, 실제 커뮤니티의 상호작용·구조·역할을 분석 대상으로 삼지 않는다. | 이 논문은 교육실습 지원 플랫폼의 설계 전략을 도출하는 연구이며, '온라인 커뮤니티 활성화'는 다섯 가지 설계 전략 중 하나로 언급될 뿐, 기존 온라인 커뮤니티의 역학·역할·구조적 조건을 분석 대상으로 삼지 않는다. | 이 논문은 교육실습 지원 플랫폼 설계 전략을 도출하는 연구이며, '온라인 커뮤니티의 활성화'는 아직 존재하지 않는 플랫폼의 다섯 가지 구성 요소 중 하나로 언급될 뿐, 실제 온라인 커뮤니티를 분석 대상이나 연구 재료로 삼지 않는다.",True,3/3,run1:없음; run2:없음; run3:없음
ART002882608,앱 인벤터를 활용한 SW프로젝트 교육이 컴퓨팅 사고력 기반 문제해결력과 SW학습 과제가치 인식에 미치는 효과: 인문사회계열 신입생을 대상으로,유지원(가천대학교 교육대학원 AI융합교육전공),2022,컴퓨터교육학회 논문지,kor,ERR,,,run1:없음; run2:없음; run3:없음,"has_community=True role_relevant=False env_relevant=False | 이 논문은 인문사회계열 대학 신입생을 대상으로 앱 인벤터 기반 SW 프로젝트 수업의 효과성을 검증하는 교육학 연구로, 온라인 커뮤니티를 분석 대상이나 연구 재료로 활용하지 않으므로 커뮤니티 존재 자체가 성립하지 않는다. | has_community=True role_relevant=False env_relevant=False | 이 논문은 인문사회계열 신입생을 대상으로 App Inventor를 활용한 SW 프로젝트 수업의 효과성을 검증하는 교육학 연구이며, 온라인 커뮤니티를 분석 대상이나 연구 재료로 삼지 않으므로 커뮤니티 존재 여부가 성립하지 않는다. | has_community=True role_relevant=False env_relevant=False | 이 논문은 인문사회계열 신입생을 대상으로 앱 인벤터 기반 SW 프로젝트 수업의 효과성을 검증하는 교육학 연구로, 온라인 커뮤니티를 분석 대상이나 연구 재료로도 활용하지 않으므로 커뮤니티 존재 여부를 인정할 수 없다.","이 논문은 인문사회계열 대학 신입생을 대상으로 앱 인벤터 기반 SW 프로젝트 수업의 효과성을 검증하는 교육학 연구로, 온라인 커뮤니티를 분석 대상이나 연구 재료로 활용하지 않으므로 커뮤니티 존재 자체가 성립하지 않는다. | 이 논문은 인문사회계열 신입생을 대상으로 App Inventor를 활용한 SW 프로젝트 수업의 효과성을 검증하는 교육학 연구이며, 온라인 커뮤니티를 분석 대상이나 연구 재료로 삼지 않으므로 커뮤니티 존재 여부가 성립하지 않는다. | 이 논문은 인문사회계열 신입생을 대상으로 앱 인벤터 기반 SW 프로젝트 수업의 효과성을 검증하는 교육학 연구로, 온라인 커뮤니티를 분석 대상이나 연구 재료로도 활용하지 않으므로 커뮤니티 존재 여부를 인정할 수 없다.",True,3/3,run1:없음; run2:없음; run3:없음
ART002994348,"해외 인성교육 정책 및 실천의 변화 동향과 시사점 -미국, 영국, 싱가포르 사례를 중심으로-",김윤경(금파중학교),2023,인격교육,kor,ERR,,,run1:없음; run2:없음; run3:없음,"has_community=True role_relevant=False env_relevant=False | 이 논문은 미국·영국·싱가포르의 인성교육 정책 및 연구의 변화를 비교 검토하여 우리나라 인성교육의 방향을 도출하는 정책 분석 논문으로, 온라인 커뮤니티를 분석 대상으로 삼지 않는다. | has_community=True role_relevant=False env_relevant=False | 이 논문은 미국·영국·싱가포르의 인성교육 정책과 연구를 검토하여 우리나라 인성교육의 방향을 도출하는 것으로, 온라인 커뮤니티를 분석 대상이나 연구 자료로 삼지 않는다. | has_community=True role_relevant=False env_relevant=False | 이 논문은 미국·영국·싱가포르의 인성교육 정책 비교를 통해 국내 인성교육 방향을 도출하는 연구로, 초록 어디에도 온라인 커뮤니티가 분석 대상이나 연구 재료로 등장하지 않으므로 커뮤니티 존재 여부 자체가 성립하지 않는다.","이 논문은 미국·영국·싱가포르의 인성교육 정책 및 연구의 변화를 비교 검토하여 우리나라 인성교육의 방향을 도출하는 정책 분석 논문으로, 온라인 커뮤니티를 분석 대상으로 삼지 않는다. | 이 논문은 미국·영국·싱가포르의 인성교육 정책과 연구를 검토하여 우리나라 인성교육의 방향을 도출하는 것으로, 온라인 커뮤니티를 분석 대상이나 연구 자료로 삼지 않는다. | 이 논문은 미국·영국·싱가포르의 인성교육 정책 비교를 통해 국내 인성교육 방향을 도출하는 연구로, 초록 어디에도 온라인 커뮤니티가 분석 대상이나 연구 재료로 등장하지 않으므로 커뮤니티 존재 여부 자체가 성립하지 않는다.",True,3/3,run1:없음; run2:없음; run3:없음
ART002687823,초등교사의 미술 수업에서 온라인 교사 커뮤니티 활용에 대한 경험,공완욱(일산초등학교),2021,미술교육연구논총,kor,OK,ROLE_WINDOW_MISC,,run1:없음; run2:없음; run3:없음,"has_community=True role_relevant=True env_relevant=False | 이 논문은 인디스쿨이라는 온라인 교사 커뮤니티를 미술 수업 자료 공유와 교사 전문성 개발의 장(ROLE_FIELD)으로서 분석하되, 커뮤니티의 구조적·환경적 조건(회원제, 익명성, 제재 방식 등)에 따른 차이·비교·변화를 다루지 않고 단순히 현재의 일방적 활용 실태를 기술하고 상호작용 강화를 권고하는 수준에 머물러 env_relevant는 성립하지 않는다. | has_community=True role_relevant=True env_relevant=False | 이 논문은 미술교육 미전공 초등교사의 인디스쿨 활용 경험을 현상학적으로 분석하여, 온라인 교사 커뮤니티를 교사의 전문성 개발과 수업 준비를 지원하는 '장'으로 조명하나, 회원제·익명성·운영방침 등 구조적·환경적 조건의 차이 비교나 분석은 이루어지지 않는다. | has_community=True role_relevant=True env_relevant=False | 이 논문은 비미술교과 전공 초등교사들이 인디스쿨 커뮤니티를 활용하여 미술 수업 준비와 전문성 발달을 경험하는 과정을 현상학적으로 분석함으로써, 온라인 커뮤니티가 교사 전문성 발달의 '장(ROLE_FIELD)'으로서 기능하는 방식을 조명하나, 커뮤니티의 구조적·환경적 조건(회원제, 익명성, 제재 방식 등)에 따른 차이 비교나 분석은 이루어지지 않는다.","[ROLE] 이 논문은 온라인 교사 커뮤니티 '인디스쿨'을 활용하여 미술교육 미전공 초등교사의 실기 두려움·수업 준비 어려움·자존감 회복이라는 외부 교육현상을 관찰하는 창으로 쓰며, 커뮤니티 내 사용자 간 상호작용이나 관계적 자원 형성이 아닌 개별 교사의 현상학적 경험을 분석 대상으로 삼고 있으므로 WINDOW_MISC에 해당한다. | [ROLE] 비미술 전공 초등교사의 미술 수업 준비라는 외부 사회현상(교원 전문성 개발·교과 교육 난제)을 관찰하기 위해 인디스쿨이라는 온라인 커뮤니티를 매개로 현상학적 분석을 수행한 것으로, 커뮤니티 공간 자체의 구조적·공론장적 역할이 아니라 교사의 개인적 경험과 수업 준비 행태를 보여주는 창(Window)으로 기능한다. | [ROLE] 이 논문은 비미술 전공 초등교사의 미술 수업 준비 경험의 본질적 의미를 현상학적으로 분석하는 것으로, 온라인 교사 커뮤니티(인디스쿨)는 수업 자료를 얻는 매체로서 기능하며, 분석 대상은 커뮤니티 공간 자체의 역할이 아니라 교사 개인의 전문성 개발·자존감·수업 구상 경험이라는 커뮤니티 외부에 실체가 있는 교사 전문성 개발 현상이다.",True,0/3,run1:ROLE_WINDOW_MISC; run2:ROLE_WINDOW_MISC; run3:ROLE_WINDOW_MISC
ART002563128,과학 수업에서 비주얼씽킹 도입에 대한 초등교사의 인식과 실행- 교사 온라인 커뮤니티 자료를 중심으로 -,박지원(남산초등학교),2020,초등과학교육,kor,ERR,,,run1:없음; run2:없음; run3:없음,"has_community=False role_relevant=False env_relevant=False | 이 논문은 초등과학 교사의 시각적 사고(VT) 수업 활용을 연구 대상으로 삼고, 교사 온라인 커뮤니티는 VT 수업 자료 161건을 수집하는 데이터 소스(채널)로서만 언급될 뿐, 커뮤니티의 구조·역할·운영 방식이 분석 대상이 되지 않으므로 커뮤니티 분석 대상이 아니다. | has_community=False role_relevant=False env_relevant=False | 이 논문은 초등학교 교사 온라인 커뮤니티에 업로드된 시각적 사고(VT) 자료 161건을 수집하여 과학 수업의 교수-학습 관행을 분석하는 연구로, 커뮤니티는 자료 수집 통로(데이터 소스)로만 활용될 뿐 커뮤니티 자체의 구조·역할·환경이 분석 대상이 아니다. | has_community=False role_relevant=False env_relevant=False | 초등교사 온라인 커뮤니티는 시각적 사고(VT) 수업 자료를 수집하는 통로로만 활용될 뿐, 커뮤니티 자체의 구조·역할·운영 방식을 분석 대상으로 삼지 않으므로 연구 대상이 되는 온라인 커뮤니티가 존재하지 않는다.","이 논문은 초등과학 교사의 시각적 사고(VT) 수업 활용을 연구 대상으로 삼고, 교사 온라인 커뮤니티는 VT 수업 자료 161건을 수집하는 데이터 소스(채널)로서만 언급될 뿐, 커뮤니티의 구조·역할·운영 방식이 분석 대상이 되지 않으므로 커뮤니티 분석 대상이 아니다. | 이 논문은 초등학교 교사 온라인 커뮤니티에 업로드된 시각적 사고(VT) 자료 161건을 수집하여 과학 수업의 교수-학습 관행을 분석하는 연구로, 커뮤니티는 자료 수집 통로(데이터 소스)로만 활용될 뿐 커뮤니티 자체의 구조·역할·환경이 분석 대상이 아니다. | 초등교사 온라인 커뮤니티는 시각적 사고(VT) 수업 자료를 수집하는 통로로만 활용될 뿐, 커뮤니티 자체의 구조·역할·운영 방식을 분석 대상으로 삼지 않으므로 연구 대상이 되는 온라인 커뮤니티가 존재하지 않는다.",True,3/3,run1:없음; run2:없음; run3:없음
ART001381801,웹2.0 기반 온라인 로봇교육 커뮤니티의 개발,성영훈(진주교육대학교),2009,정보교육학회논문지,kor,ERR,,,run1:없음; run2:없음; run3:없음,"has_community=True role_relevant=False env_relevant=False | 이 논문은 기존 로봇교육기관 홈페이지의 기능 미흡을 지적하며 로봇교육교사와 사용자를 위한 온라인 로봇교육 커뮤니티 시스템을 설계·구현하는 연구로, 커뮤니티의 사회적 역할(창/장)을 분석하거나 구조적·환경적 조건을 비교·검토하는 것이 아니라 커뮤니티 시스템 자체를 구축하는 것이 목적이다. | has_community=True role_relevant=False env_relevant=False | 이 논문은 로봇교육교사와 사용자를 위한 온라인 커뮤니티 시스템의 기능(검색, 소식 제공, 학습 기능, 실시간 정보 교류 등)을 설계·구현하는 시스템 개발 연구로, 커뮤니티를 사회현상을 읽는 창이나 그 사회적 역할을 분석하는 장으로서도, 회원제·익명성·운영 방침 등 구조적·환경적 조건을 비교·분석하는 환경으로서도 조명하지 않는다. | has_community=False role_relevant=False env_relevant=False | 이 논문은 로봇교육 교사·사용자를 위한 온라인 커뮤니티 '시스템'을 설계·개발하는 공학·시스템 구축 연구로서, 기존 온라인 커뮤니티의 사회적 역할이나 환경적 조건을 분석 대상으로 삼지 않는다.","이 논문은 기존 로봇교육기관 홈페이지의 기능 미흡을 지적하며 로봇교육교사와 사용자를 위한 온라인 로봇교육 커뮤니티 시스템을 설계·구현하는 연구로, 커뮤니티의 사회적 역할(창/장)을 분석하거나 구조적·환경적 조건을 비교·검토하는 것이 아니라 커뮤니티 시스템 자체를 구축하는 것이 목적이다. | 이 논문은 로봇교육교사와 사용자를 위한 온라인 커뮤니티 시스템의 기능(검색, 소식 제공, 학습 기능, 실시간 정보 교류 등)을 설계·구현하는 시스템 개발 연구로, 커뮤니티를 사회현상을 읽는 창이나 그 사회적 역할을 분석하는 장으로서도, 회원제·익명성·운영 방침 등 구조적·환경적 조건을 비교·분석하는 환경으로서도 조명하지 않는다. | 이 논문은 로봇교육 교사·사용자를 위한 온라인 커뮤니티 '시스템'을 설계·개발하는 공학·시스템 구축 연구로서, 기존 온라인 커뮤니티의 사회적 역할이나 환경적 조건을 분석 대상으로 삼지 않는다.",True,3/3,run1:없음; run2:없음; run3:없음
ART002263370,특수학급 교사의 ICT 및 온라인 교사 커뮤니티 활용 실제 분석: 디지털 교수학습 자료를 중심으로,박은혜(이화여자대학교),2017,특수아동교육연구,kor,OK,ROLE_WINDOW_MISC,,run1:없음; run2:없음; run3:없음,"has_community=True role_relevant=False env_relevant=False | 이 논문은 특수학급 교사의 ICT 활용과 디지털 교수학습 자료 공유를 주된 분석 대상으로 삼고, 온라인 교사 커뮤니티는 자료 공유·모집의 통로로서 참여 현황(수요자/제공자, 특정 커뮤니티 집중)을 설문 항목 중 하나로 서술할 뿐, 커뮤니티 자체의 사회적 역할(창/장)이나 구조적·환경적 조건(회원제, 익명성, 운영 방침 등)을 분석 대상으로 삼지 않는다. | has_community=True role_relevant=True env_relevant=False | 이 논문은 특수학급 교사들이 디지털 교수학습 자료를 공유·수정하는 공간으로서의 온라인 교사 커뮤니티의 활용 및 참여 현황을 분석 대상으로 삼아, 커뮤니티를 전문적 자원 공유의 '장'으로 조명하나, 회원제·제재·익명성 등 커뮤니티의 구조적·환경적 조건을 비교하거나 그 변화에 따른 차이를 다루지 않으므로 env_relevant는 false이다. | has_community=True role_relevant=True env_relevant=False | 이 논문은 특수학급 교사들의 디지털 교수학습 자료 공유를 위한 온라인 교사 커뮤니티의 활용 및 참여 현황을 분석하며, 커뮤니티를 전문적 자원 공유와 협력의 '장'으로 조명하나, 회원제·운영 방침·익명성 등 구조적·환경적 조건에 따른 차이 비교나 변화 분석은 다루지 않는다.","이 논문은 특수학급 교사의 ICT 활용과 디지털 교수학습 자료 공유를 주된 분석 대상으로 삼고, 온라인 교사 커뮤니티는 자료 공유·모집의 통로로서 참여 현황(수요자/제공자, 특정 커뮤니티 집중)을 설문 항목 중 하나로 서술할 뿐, 커뮤니티 자체의 사회적 역할(창/장)이나 구조적·환경적 조건(회원제, 익명성, 운영 방침 등)을 분석 대상으로 삼지 않는다. | [ROLE] 본 연구는 온라인 교사 커뮤니티라는 공간을 매개로, 커뮤니티 외부에 실체로 존재하는 '특수학급 교사' 집단의 ICT 활용·디지털 교수자료 공유 행동 패턴을 관찰하는 창(WINDOW_MISC)으로서 커뮤니티를 사용하며, 커뮤니티 내부의 관계적 자원 형성이나 공론장 기능 자체를 분석 대상 삼지 않는다. | [ROLE] 이 논문은 특수학급 교사의 ICT 활용·디지털 리터러시·교수학습 자료 공유라는 외부 전문직 현상을 온라인 커뮤니티라는 채널을 통해 파악하는 창(WINDOW_MISC)으로 기능하며, 커뮤니티 안의 공론장 수행이나 이용자 간 관계적 자원 형성을 분석하지 않는다.",False,1/3,run1:없음; run2:ROLE_WINDOW_MISC; run3:ROLE_WINDOW_MISC
ART002850451,온라인 교사공동체에 관한 체계적 문헌고찰,우한솔(펜실베니아주립대학교),2022,교육행정학연구,kor,OK,ROLE_FIELD_SOCIALCAPITAL,,run1:없음; run2:없음; run3:없음,"has_community=True role_relevant=True env_relevant=False | 이 논문은 온라인 교사공동체를 교사들의 전문성 신장과 지식 공유를 담당하는 공간(장)으로서의 사회적 역할을 조명하되, 회원제·익명성·운영 방침 등 구조적 환경 조건을 비교·분석하지 않으므로 역할은 해당하나 환경 조명은 아니다. | has_community=True role_relevant=True env_relevant=False | 이 논문은 온라인 교사공동체를 전문성 신장과 지식 공유를 위한 공간(장)으로 그 사회적 역할을 분석 대상으로 삼되, 회원제·제재·익명성·생애주기 등 구조적·환경적 조건에 따른 차이·비교·변화를 다루지 않으므로 role만 해당한다. | has_community=True role_relevant=True env_relevant=False | 이 논문은 온라인 교사공동체를 전문성 신장과 지식 공유의 '장'으로 조명하여 그 사회적 역할을 분석하지만, 회원제·제재방식·익명성·생애주기 등 구조적·환경적 조건에 따른 차이·비교·변화를 다루지 않으므로 env_relevant는 false이다.","[ROLE] 본 연구는 온라인 교사공동체의 구별된 특징(수평적 관계 형성, 정서적 지지, 지식 공유)과 활성화 요인·효과를 문헌고찰로 정리하며, 이용자 간 관계적 자원(연대·네트워크·협업)의 존재와 그 효과를 분석 대상으로 삼아 장(SOCIALCAPITAL)으로서의 역할을 보여준다. | [ROLE] 본 연구는 온라인 교사공동체 공간 안에서 교사들 간 수평적 관계 형성·정서적 지지·지식 공유 등 관계적 자원(네트워크·협업·소통 역량)의 형성 효과를 체계적으로 고찰하므로, FIELD 계열 중 SOCIALCAPITAL이 부여되고, 공론장·양극화·젠더·혐오·기타 외부 현상 창 코드에는 근거가 없다. | [ROLE] 이 논문은 온라인 교사공동체 공간 내부에서 교사 간 수평적 관계 형성·정서적 지지·지식 공유·협업 등 관계적 자원(사회적 자본)이 어떻게 구성되고 효과가 있는지를 분석하므로, FIELD 계열 중 SOCIALCAPITAL에 부여하며, 공론장 검증이나 외부 사회현상 포착(WINDOW)은 해당되지 않는다.",True,0/3,run1:ROLE_FIELD_SOCIALCAPITAL; run2:ROLE_FIELD_SOCIALCAPITAL; run3:ROLE_FIELD_SOCIALCAPITAL
ART002850889,텍스트 네트워크 분석을 적용한 온라인 육아 커뮤니티 영유아 부모의 자녀양육 고민 분석: 자녀 연령별 차이를 중심으로,정옥경(총신대학교),2022,교육문화연구,kor,ERR,,,run1:없음; run2:없음; run3:없음,"has_community=True role_relevant=False env_relevant=False | 이 논문은 온라인 육아 커뮤니티를 9년간의 게시글 데이터 수집 채널로만 활용하여 자녀 연령별 양육 고민의 내용 유형을 분석할 뿐, 커뮤니티 자체의 사회적 역할(창·장)이나 구조적·환경적 조건(회원제, 익명성, 운영 방침 등)을 분석 대상으로 삼지 않는다. | has_community=True role_relevant=False env_relevant=False | 온라인 육아 커뮤니티는 영유아 부모의 자녀양육 고민을 수집하는 데이터 소스로만 활용될 뿐, 커뮤니티의 구조·운영 방침·사회적 역할이 분석 대상이 아니며, 커뮤니티 자체를 창 또는 장으로 조명하지 않는다. | has_community=True role_relevant=True env_relevant=False | 이 논문은 영유아 부모의 자녀양육 고민을 연령별로 분석하기 위해 온라인 육아 커뮤니티에 게시된 데이터를 채집·분석의 자료로 활용하므로, 커뮤니티는 양육 고민이라는 외부 사회현상을 비추는 '창'(ROLE_WINDOW)의 역할을 하며, 커뮤니티의 구조·운영 조건에 따른 차이나 비교는 다루지 않으므로 env_relevant는 false이다.","이 논문은 온라인 육아 커뮤니티를 9년간의 게시글 데이터 수집 채널로만 활용하여 자녀 연령별 양육 고민의 내용 유형을 분석할 뿐, 커뮤니티 자체의 사회적 역할(창·장)이나 구조적·환경적 조건(회원제, 익명성, 운영 방침 등)을 분석 대상으로 삼지 않는다. | 온라인 육아 커뮤니티는 영유아 부모의 자녀양육 고민을 수집하는 데이터 소스로만 활용될 뿐, 커뮤니티의 구조·운영 방침·사회적 역할이 분석 대상이 아니며, 커뮤니티 자체를 창 또는 장으로 조명하지 않는다. | [ROLE] 온라인 육아 커뮤니티는 영유아 부모의 자녀양육 고민이라는 외부 사회현상을 수집·분석하기 위한 자료 원천(창)으로 사용되며, 커뮤니티 공간 자체의 공론장 기능이나 이용자 간 관계적 자원이 분석 대상이 아니므로 WINDOW_MISC로 분류한다.",False,2/3,run1:없음; run2:없음; run3:ROLE_WINDOW_MISC
ART002200117,초등정보영재 대상의 앱 인벤터 프로그래밍 교육의 효과,서형석(전주교육대학교),2017,정보교육학회논문지,kor,ERR,,,run1:없음; run2:없음; run3:없음,"has_community=False role_relevant=False env_relevant=False | 이 논문은 초등정보영재 학생을 대상으로 한 앱 인벤터 프로그래밍 교육 프로그램의 효과 검증 연구로, 온라인 커뮤니티를 분석 대상이나 연구 재료로 삼고 있지 않으므로 커뮤니티 존재 자체가 성립하지 않는다. | has_community=True role_relevant=False env_relevant=False | 이 논문은 초등정보영재 학생에게 앱 인벤터 프로그래밍 교육 프로그램을 적용하여 문제해결력·자기효능감·프로그래밍 성취도에 미치는 효과를 검증하는 교육학 연구로, 온라인 커뮤니티를 분석 대상으로 삼지 아니한다. | has_community=True role_relevant=False env_relevant=False | 이 논문은 초등정보영재 학생을 대상으로 앱 인벤터 교육 프로그램을 개발·적용하여 문제해결력·자기효능감·프로그래밍 성취도에 미치는 효과를 검증하는 교육실험 연구로서, 공통 관심사를 가진 사용자가 지속적 상호작용을 하는 온라인 커뮤니티를 분석 대상으로 삼지 않으므로 커뮤니티 존재 여부가 성립하지 않는다.","이 논문은 초등정보영재 학생을 대상으로 한 앱 인벤터 프로그래밍 교육 프로그램의 효과 검증 연구로, 온라인 커뮤니티를 분석 대상이나 연구 재료로 삼고 있지 않으므로 커뮤니티 존재 자체가 성립하지 않는다. | 이 논문은 초등정보영재 학생에게 앱 인벤터 프로그래밍 교육 프로그램을 적용하여 문제해결력·자기효능감·프로그래밍 성취도에 미치는 효과를 검증하는 교육학 연구로, 온라인 커뮤니티를 분석 대상으로 삼지 아니한다. | 이 논문은 초등정보영재 학생을 대상으로 앱 인벤터 교육 프로그램을 개발·적용하여 문제해결력·자기효능감·프로그래밍 성취도에 미치는 효과를 검증하는 교육실험 연구로서, 공통 관심사를 가진 사용자가 지속적 상호작용을 하는 온라인 커뮤니티를 분석 대상으로 삼지 않으므로 커뮤니티 존재 여부가 성립하지 않는다.",True,3/3,run1:없음; run2:없음; run3:없음
ART003056331,"유아기 자녀를 둔 어머니의 양육 스트레스에 대한 양육 효능감, 아버지 양육 참여 및 사회적 지지의 상대적 영향력",김경민(부경대학교),2024,학습자중심교과교육연구,kor,ERR,,,run1:없음; run2:없음; run3:없음,"has_community=True role_relevant=False env_relevant=False | 이 논문은 유아기 자녀를 둔 어머니의 양육 스트레스를 분석 대상으로 삼고, 맘카페·육아 커뮤니티는 설문 배포를 위한 모집 통로로만 언급될 뿐 커뮤니티 자체의 구조·역할·운영 조건이 분석되지 않으므로 역할·환경 조명 모두 해당하지 않는다. | has_community=False role_relevant=False env_relevant=False | 이 논문은 유아기 자녀를 둔 어머니의 양육 스트레스를 연구 대상으로 삼고, 온라인 맘카페·육아 커뮤니티는 설문 배포 통로로만 언급되며 커뮤니티 자체의 역할·구조·운영 조건이 분석되지 않으므로 커뮤니티 분석 대상이 아니다. | has_community=False role_relevant=False env_relevant=False | 온라인 맘카페 및 육아 커뮤니티는 설문 배포·모집 통로로만 사용되었으며, 커뮤니티의 구조·역할·운영 방식이 분석 대상이 아닌 유아기 자녀 어머니의 양육 스트레스 및 그 영향 요인을 연구하는 것이므로 커뮤니티를 분석 대상으로 삼지 않는다.","이 논문은 유아기 자녀를 둔 어머니의 양육 스트레스를 분석 대상으로 삼고, 맘카페·육아 커뮤니티는 설문 배포를 위한 모집 통로로만 언급될 뿐 커뮤니티 자체의 구조·역할·운영 조건이 분석되지 않으므로 역할·환경 조명 모두 해당하지 않는다. | 이 논문은 유아기 자녀를 둔 어머니의 양육 스트레스를 연구 대상으로 삼고, 온라인 맘카페·육아 커뮤니티는 설문 배포 통로로만 언급되며 커뮤니티 자체의 역할·구조·운영 조건이 분석되지 않으므로 커뮤니티 분석 대상이 아니다. | 온라인 맘카페 및 육아 커뮤니티는 설문 배포·모집 통로로만 사용되었으며, 커뮤니티의 구조·역할·운영 방식이 분석 대상이 아닌 유아기 자녀 어머니의 양육 스트레스 및 그 영향 요인을 연구하는 것이므로 커뮤니티를 분석 대상으로 삼지 않는다.",True,3/3,run1:없음; run2:없음; run3:없음
ART002212789,"취업 커뮤니티 특성이 취업 커뮤니티 몰입, 구직효능감, 구직행동에 미치는 영향에 관한 연구",김춘근(구리농수산물공사),2017,취업진로연구,kor,OK,ROLE_WINDOW_MISC,,run1:없음; run2:없음; run3:없음,"has_community=True role_relevant=True env_relevant=False | 이 논문은 구직자들이 자발적으로 형성한 취업 커뮤니티를 분석 대상으로 삼으며, 커뮤니티의 특성이 몰입·효능감·구직행동에 영향을 미치는 구조를 실증 분석하여 커뮤니티 공간을 구직 행동을 형성하는 '장'으로 조명하나, 회원제·익명성·운영 방식 등 구조적·환경적 조건을 비교·변화시키는 관점은 초록에 드러나지 않는다. | has_community=True role_relevant=True env_relevant=False | 이 논문은 국내 포털의 취업 커뮤니티를 구직자의 정보 공유·정서 지지·구직행동 촉진이라는 사회적 역할을 분석하는 '장'으로 삼고 있으나, 회원제·익명성·운영·제재·생애주기 등 구조적·환경적 조건을 비교하거나 그 차이에 따른 변화를 다루지는 않는다. | has_community=True role_relevant=True env_relevant=False | 이 논문은 구직자들이 정보·노하우·정서를 공유하는 온라인 취업 커뮤니티를 구직행동과 구직효능감이 형성되는 '장'으로 분석 대상 삼고 있으나, 회원제·익명성·운영·제재 방식 등 커뮤니티의 구조적·환경적 조건을 비교·차이화하여 다루지 않으므로 env_relevant는 false이다.","[ROLE] 이 논문은 취업 커뮤니티를 매개로 구직자라는 외부 집단의 구직행동·진로결정이라는 사회현상을 분석하는 것이므로, 커뮤니티 공간 자체의 역할이 아니라 구직 행동을 보여주는 창(ROLE_WINDOW_MISC)으로 기능한다. | [ROLE] 본 연구는 실업·취업이라는 외부 사회현상을 온라인 취업 커뮤니티를 통해 살펴보는 창(WINDOW_MISC)으로 기능하며, 커뮤니티 내 정보·정서 공유와 몰입이 구직효능감·구직행동에 미치는 영향은 분석 대상이나 최종 귀착점이 개인적 효능감과 행동이므로 관계적 자원(사회자본)으로서의 장(FIELD) 판정에는 이르지 않는다. | [ROLE] 본 논문은 취업 커뮤니티의 구조적 특성이 이용자 몰입·구직효능감·구직행동에 미치는 영향을 실증 분석하는 것으로, 커뮤니티 내 정보·노하우·정서 공유가 언급되지만 이용자 간 관계적 자원(신뢰·연대·네트워크)의 형성·효과는 직접 분석 대상이 아니며, 실업·취업이라는 외부 현상을 배경으로 삼되 커뮤니티 공간 자체의 특성을 분석하므로 FIELD 계열에 가깝되 6개 코드 모두 임계값에 미치지 못한다.",False,1/3,run1:ROLE_WINDOW_MISC; run2:ROLE_WINDOW_MISC; run3:없음
ART001168929,e-PBL에 의한 ‘생태와 환경’ 수업 사례,이명순(경희대학교),2006,환경교육,kor,ERR,,,run1:없음; run2:없음; run3:없음,"has_community=False role_relevant=False env_relevant=False | 이 텍스트는 새만금 간척사업을 주제로 한 단계학습 수업안으로, '온라인 커뮤니티 활용안내'는 학생들의 정보탐색 도구로 언급될 뿐이며, 온라인 커뮤니티를 분석 대상으로 삼는 연구가 아니다. | has_community=False role_relevant=False env_relevant=False | 이 텍스트는 새만금 간척사업을 주제로 한 5차시 수업안으로, '온라인 커뮤니티 활용안내'가 교실 활동의 한 단계로 언급될 뿐, 온라인 커뮤니티 자체가 분석 대상이 아니므로 커뮤니티 존재 여부를 인정할 수 없다. | has_community=False role_relevant=False env_relevant=False | 본 텍스트는 새만금 간척사업을 주제로 한 학교 수업 계획표로, '온라인 커뮤니티 활용안내'는 학생들의 정보탐색 도구로 잠깐 언급된 것에 불과하여, 온라인 커뮤니티 자체를 분석 대상이나 연구 주제로 삼고 있지 않다.","이 텍스트는 새만금 간척사업을 주제로 한 단계학습 수업안으로, '온라인 커뮤니티 활용안내'는 학생들의 정보탐색 도구로 언급될 뿐이며, 온라인 커뮤니티를 분석 대상으로 삼는 연구가 아니다. | 이 텍스트는 새만금 간척사업을 주제로 한 5차시 수업안으로, '온라인 커뮤니티 활용안내'가 교실 활동의 한 단계로 언급될 뿐, 온라인 커뮤니티 자체가 분석 대상이 아니므로 커뮤니티 존재 여부를 인정할 수 없다. | 본 텍스트는 새만금 간척사업을 주제로 한 학교 수업 계획표로, '온라인 커뮤니티 활용안내'는 학생들의 정보탐색 도구로 잠깐 언급된 것에 불과하여, 온라인 커뮤니티 자체를 분석 대상이나 연구 주제로 삼고 있지 않다.",True,3/3,run1:없음; run2:없음; run3:없음
ART002180726,교육대학교에서 스토리텔링을 활용한 발명수업 설계 방안,김용익(광주교육대학교),2016,한국실과교육학회지,kor,ERR,,,run1:없음; run2:없음; run3:없음,"has_community=False role_relevant=False env_relevant=False | 이 연구는 교육대학교의 발명수업 설계에 스토리텔링을 적용하는 문헌연구이며, '팀별 발명 문제해결 중심의 온라인 커뮤니티 활용'은 후속 수업 설계의 여러 대안 중 하나로 한 문장 언급되는 수준에 그쳐, 온라인 커뮤니티를 분석 대상이나 연구 재료로 삼지 않는다. | has_community=False role_relevant=False env_relevant=False | 이 논문은 스토리텔링을 활용한 발명수업 설계 방안을 문헌연구로 모색하는 것이지, 온라인 커뮤니티를 분석 대상 삼지 않으며, '온라인 커뮤니티 활용'은 수업 설계의 한 도구로 한 줄 언급되는 수준에 그쳐 커뮤니티의 역할이나 환경 조건을 조명하지 않는다. | has_community=True role_relevant=False env_relevant=False | 이 논문은 스토리텔링을 활용한 발명수업 설계 방안을 문헌연구로 모색하는 것으로, '온라인 커뮤니티 활용'은 수업 설계의 한 사례로 서술에 언급될 뿐, 특정 커뮤니티를 분석 대상으로 삼지 않으며 그 구조·운영·역할도 조명하지 않으므로 커뮤니티가 연구의 대상이 아니다.","이 연구는 교육대학교의 발명수업 설계에 스토리텔링을 적용하는 문헌연구이며, '팀별 발명 문제해결 중심의 온라인 커뮤니티 활용'은 후속 수업 설계의 여러 대안 중 하나로 한 문장 언급되는 수준에 그쳐, 온라인 커뮤니티를 분석 대상이나 연구 재료로 삼지 않는다. | 이 논문은 스토리텔링을 활용한 발명수업 설계 방안을 문헌연구로 모색하는 것이지, 온라인 커뮤니티를 분석 대상 삼지 않으며, '온라인 커뮤니티 활용'은 수업 설계의 한 도구로 한 줄 언급되는 수준에 그쳐 커뮤니티의 역할이나 환경 조건을 조명하지 않는다. | 이 논문은 스토리텔링을 활용한 발명수업 설계 방안을 문헌연구로 모색하는 것으로, '온라인 커뮤니티 활용'은 수업 설계의 한 사례로 서술에 언급될 뿐, 특정 커뮤니티를 분석 대상으로 삼지 않으며 그 구조·운영·역할도 조명하지 않으므로 커뮤니티가 연구의 대상이 아니다.",True,3/3,run1:없음; run2:없음; run3:없음
ART002053344,교수자 티칭 포트폴리오의 공개와 수업개선 참여활동이 예비교사의 티칭 포트폴리오 작성 및 수업설계 전문성에 미치는 영향,김민정(단국대학교),2015,학습자중심교과교육연구,kor,ERR,,,run1:없음; run2:없음; run3:없음,"has_community=False role_relevant=False env_relevant=False | 이 논문에서 온라인 커뮤니티는 예비교사에게 교수자 티칭 포트폴리오를 공개하고 수업개선 활동을 전달하는 매개 수단(도구)으로만 사용되며, 커뮤니티 자체의 구조·역할·환경적 조건이 분석 대상이 아니므로 온라인 커뮤니티를 연구 재료로 삼지 않는다. | has_community=True role_relevant=False env_relevant=False | 이 논문은 온라인 커뮤니티를 예비교사의 티칭 포트폴리오 공유·관찰·수업개선 활동이 이루어지는 매개 플랫폼으로 활용하지만, 커뮤니티 자체의 사회적 역할(창/장)이나 구조적·환경적 조건을 분석 대상으로 삼지 않으며, 연구의 분석 대상은 예비교사의 수업설계 전문성 형성에 그치므로 role·env 모두 해당하지 않는다. | has_community=False role_relevant=False env_relevant=False | 이 논문은 예비교사의 티칭 포트폴리오 공유와 수업설계 전문성 형성을 연구 대상으로 삼고, 온라인 커뮤니티는 해당 교수·학습 개입을 전달하는 수단·매체로만 활용될 뿐, 커뮤니티 자체의 구조·역할·운영 조건이 분석 대상이 되지 않는다.","이 논문에서 온라인 커뮤니티는 예비교사에게 교수자 티칭 포트폴리오를 공개하고 수업개선 활동을 전달하는 매개 수단(도구)으로만 사용되며, 커뮤니티 자체의 구조·역할·환경적 조건이 분석 대상이 아니므로 온라인 커뮤니티를 연구 재료로 삼지 않는다. | 이 논문은 온라인 커뮤니티를 예비교사의 티칭 포트폴리오 공유·관찰·수업개선 활동이 이루어지는 매개 플랫폼으로 활용하지만, 커뮤니티 자체의 사회적 역할(창/장)이나 구조적·환경적 조건을 분석 대상으로 삼지 않으며, 연구의 분석 대상은 예비교사의 수업설계 전문성 형성에 그치므로 role·env 모두 해당하지 않는다. | 이 논문은 예비교사의 티칭 포트폴리오 공유와 수업설계 전문성 형성을 연구 대상으로 삼고, 온라인 커뮤니티는 해당 교수·학습 개입을 전달하는 수단·매체로만 활용될 뿐, 커뮤니티 자체의 구조·역할·운영 조건이 분석 대상이 되지 않는다.",True,3/3,run1:없음; run2:없음; run3:없음
ART001749253,보육교사의 온라인 교사 커뮤니티 이용 실태와 인식 및 만족도,김미란(경성대학교 유아교육과 박사과정),2013,열린유아교육연구,kor,ERR,,,run1:없음; run2:없음; run3:없음,"has_community=True role_relevant=True env_relevant=False | 이 논문은 보육교사의 온라인 교사 커뮤니티 이용 실태·만족도·활성화를 분석 대상으로 삼아 커뮤니티 자체의 사회적 기능(교육자료 공유, 전문적 지원 공간)을 '장'으로 조명하나, '메뉴·사이트 구성 복잡성'과 같은 언급은 단순 사용자 불편 호소에 그쳐 운영·제재·회원제·익명성 등 구조적·환경적 조건에 따른 차이·비교·변화를 체계적으로 다루지 않는다. | has_community=True role_relevant=False env_relevant=False | 이 논문은 보육교사의 온라인 교사 커뮤니티 이용 빈도·만족도·이용 동기를 설문조사하는 서비스 평가 연구로서, 커뮤니티를 전문자료 제공 플랫폼이라는 '수단'으로 취급할 뿐 그 공간의 사회적 역할(창/장)을 분석하지도, 회원제·운영 방침·익명성 등 구조적·환경적 조건에 따른 차이·비교를 다루지도 않는다. | has_community=True role_relevant=False env_relevant=False | 이 논문은 보육교사의 온라인 교사 커뮤니티 이용 실태·동기·만족도를 설문으로 조사하는 플랫폼 이용 현황 연구로, 커뮤니티를 외부 현상을 보여주는 '창'이나 그 자체의 사회적 역할을 분석하는 '장'으로 조명하지 않으며, 회원제·익명성·운영 제재 등 구조적·환경적 조건에 따른 차이·비교도 다루지 않아 role·env 모두 해당하지 않는다.","[ROLE] 이 논문은 보육교사 대상 설문조사를 통해 온라인 교사 커뮤니티의 이용 빈도·UI 편의성·만족도 등 플랫폼 서비스 품질을 측정하는 기술 도입·활용 연구이므로, 공론장·사회자본 등 FIELD 계열에도, 보육교사의 전문성 개발이나 교사 간 협력이라는 외부 사회현상을 창으로 포착하는 WINDOW_MISC에도 미치지 못한다. | 이 논문은 보육교사의 온라인 교사 커뮤니티 이용 빈도·만족도·이용 동기를 설문조사하는 서비스 평가 연구로서, 커뮤니티를 전문자료 제공 플랫폼이라는 '수단'으로 취급할 뿐 그 공간의 사회적 역할(창/장)을 분석하지도, 회원제·운영 방침·익명성 등 구조적·환경적 조건에 따른 차이·비교를 다루지도 않는다. | 이 논문은 보육교사의 온라인 교사 커뮤니티 이용 실태·동기·만족도를 설문으로 조사하는 플랫폼 이용 현황 연구로, 커뮤니티를 외부 현상을 보여주는 '창'이나 그 자체의 사회적 역할을 분석하는 '장'으로 조명하지 않으며, 회원제·익명성·운영 제재 등 구조적·환경적 조건에 따른 차이·비교도 다루지 않아 role·env 모두 해당하지 않는다.",True,3/3,run1:없음; run2:없음; run3:없음
ART002673722,온라인 교사공동체 경험이 교사전문성과 효능감에 미치는 영향,이한비(자곡초),2020,한국초등교육,kor,OK,ROLE_FIELD_SOCIALCAPITAL,,run1:없음; run2:없음; run3:없음,"has_community=True role_relevant=True env_relevant=False | 온라인 교사공동체를 지식공유와 사회적 지지가 교사 전문성·효능감에 미치는 영향을 분석하는 '장'으로 삼아 연구하지만, 회원제·운영 방침·익명성 등 구조적·환경적 조건을 비교·분석하지는 않는다. | has_community=True role_relevant=True env_relevant=False | 이 논문은 온라인 교사공동체를 지식공유와 사회적 지지를 통해 교사 전문성·효능감을 형성하는 실천공동체라는 사회적 기능(장)으로 조명하나, 회원제·익명성·생애주기·제재 방식 등 구조적·환경적 조건을 비교·분석하지 않으므로 env는 false이다. | has_community=True role_relevant=True env_relevant=False | 이 논문은 온라인 교사공동체가 지식공유와 사회적 지지를 통해 교사 전문성과 효능감에 미치는 영향을 구조방정식으로 분석함으로써, 공동체 공간 자체의 사회적 기능(장)을 분석 대상으로 삼고 있으나, 회원제·운영 방침·익명성 등 구조적·환경적 조건에 따른 차이·비교·변화를 다루지 않는다.","[ROLE] 본 연구는 온라인 교사공동체라는 공간 안에서 이용자 간 지식공유와 사회적 지지라는 관계적 자원(사회적 자본)의 형성·효과가 교사 전문성·효능감에 미치는 영향을 구조방정식으로 검증하므로, FIELD 계열의 SOCIALCAPITAL 코드가 부여된다. | [ROLE] 본 연구는 온라인 교사공동체 내에서 구성원 간 지식공유와 사회적 지지라는 관계적 자원(사회적 자본)이 형성·유통됨으로써 교사 개인의 전문성과 효능감에 미치는 영향을 구조방정식으로 검증하므로, 커뮤니티 공간 안의 상호작용을 그 자체로 분석 대상으로 삼는 FIELD 계열의 SOCIALCAPITAL에 해당한다. | [ROLE] 본 연구는 온라인 교사공동체라는 공간 안에서 구성원 간 지식공유·사회적 지지 등 관계적 자원이 형성되어 교사 전문성과 효능감에 영향을 미치는 기제를 구조방정식으로 검증하므로, 커뮤니티 공간 자체의 사회적 자본 형성 기능을 분석하는 FIELD–SOCIALCAPITAL에 해당한다.",True,0/3,run1:ROLE_FIELD_SOCIALCAPITAL; run2:ROLE_FIELD_SOCIALCAPITAL; run3:ROLE_FIELD_SOCIALCAPITAL
ART002705051,온라인 커뮤니티 익명게시판에 나타난어머니들의 일상적 경험,이혜정(대원대학교),2021,어린이문학교육연구,kor,OK,ROLE_WINDOW_MISC,,run1:없음; run2:없음; run3:없음,"has_community=True role_relevant=True env_relevant=False | 이 논문은 어머니들의 육아 경험과 공동체 형성을 이해하기 위해 온라인 커뮤니티 익명게시판을 창(ROLE_WINDOW_MISC)으로 활용하나, 익명성·회원제·운영 방식 등 구조적 조건이 상호작용에 미치는 차이를 비교·분석하지 않으므로 환경 조명은 아니다. | has_community=True role_relevant=True env_relevant=False | 이 논문은 온라인 커뮤니티 익명게시판에서 어머니들이 양육 정보를 공유하고, 새로운 공동체를 형성하며, 서로 돕는 양상을 분석하여 온라인 커뮤니티가 정보 공유·공동체 형성·상호 지원이라는 사회적 역할을 수행하는 '장'으로 조명하나, '익명게시판'은 데이터 수집 장소의 기술에 그쳐 익명성 등 환경적 조건이 상호작용에 미치는 차이·비교를 분석하지 않는다. | has_community=True role_relevant=True env_relevant=False | 이 논문은 어머니들이 온라인 커뮤니티 익명게시판에서 육아 정보 공유, 새로운 공동체 형성, 상호 돌봄을 이루는 양상을 분석하여 커뮤니티를 어머니들의 관계 형성·정보 공유 공간으로서의 사회적 역할(장)로 조명하나, 익명성은 연구 대상 사이트의 서술적 속성으로만 언급되고 그 조건에 따른 차이·비교·변화까지 분석하지 않으므로 env_relevant는 false이다.","[ROLE] 이 논문은 온라인 커뮤니티 익명게시판을 어머니들의 육아 경험·서로 돕는 일상적 상호작용을 관찰하는 창(WINDOW_MISC)으로 활용하며, 이용자 간 공유·공동체 형성·서로 돕기 등 관계적 측면이 나타나기는 하나 연구의 궁극적 대상은 커뮤니티 공간의 구조적 기능보다 바깥에 실체가 있는 '어머니'라는 집단의 일상생활을 이해하는 데 있으므로 FIELD 계열은 미부여하고 WINDOW_MISC을 부여한다. | [ROLE] 본 연구는 온라인 커뮤니티 익명게시판을 어머니들의 육아 경험과 양육 공동체 형성이라는 외부 사회현상을 관찰하는 창으로 활용하며, 해당 상호작용은 오프라인 모성·양육 집단에서도 동일하게 성립할 수 있어 WINDOW 계열의 MISC(육아·양육 공동체)에 해당한다. | [ROLE] 본 논문은 온라인 커뮤니티 익명게시판을 데이터 소스로 활용하여 바깥에 실체가 있는 '어머니' 집단의 육아·일상 경험을 파악하는 창(WINDOW_MISC)으로 기능하며, '새로운 공동체 형성'이나 '서로 돕기' 등 관계적 상호작용이 언급되지만 논문의 주된 분석 대상이 커뮤니티 공간 자체의社会资本 형성이라기보다 어머니들의 일상 경험 양상이므로 FIELD_SOCIALCAPITAL은 미부여한다.",True,0/3,run1:ROLE_WINDOW_MISC; run2:ROLE_WINDOW_MISC; run3:ROLE_WINDOW_MISC
ART001048466,온라인 공간에서의 학습 상호작용 유형에 관한 연구,성경희(국립국악학교),2007,시민교육연구,kor,OK,ROLE_WINDOW_MISC,,run1:없음; run2:없음; run3:없음,"has_community=True role_relevant=True env_relevant=False | 이 논문은 경제교과 온라인 커뮤니티 내에서 교사와 학생 간 상호작용 유형(ITOC)을 분석하여, 온라인 커뮤니티가 학습·교육적 상호작용이 발생하는 '장'으로서의 기능을 조명하나, 회원제·익명성·운영방침 등 커뮤니티의 구조적·환경적 조건을 비교하거나 그 차이에 따른 변화를 다루지는 않는다. | has_community=True role_relevant=True env_relevant=False | 이 논문은 경제교과 온라인 커뮤니티에서 교사와 학생의 상호작용 유형(ITOC)을 분석 대상으로 삼아 커뮤니티라는 학습 공간 자체의 사회적 역할을 장(ROLE_FIELD_LEARNING)으로 조명하나, 회원제·익명성·운영 방침 등 구조적·환경적 조건을 다루지는 않는다. | has_community=True role_relevant=True env_relevant=False | 이 논문은 경제교과 관련 온라인 커뮤니티에서 교사와 학생이 실제로 어떠한 상호작용을 하는지를 유형화(ITOC)하는 것을 목적으로 하므로, 온라인 커뮤니티를 학습이 이루어지는 '장'으로 조명하나, 회원제·익명성·운영방침 등 커뮤니티의 구조적·환경적 조건을 비교·분석하지는 않는다.","[ROLE] 본 연구는 온라인 커뮤니티 공간 안에서 교사와 학생 간 학습 상호작용의 유형(ITOC)을 분류하는 데 초점을 두어 FIELD 방향으로 기울으나, 그 상호작용이 공론장적 숙의나 신뢰·연대·네트워크 등 관계적 자원 형성이 아니라 교육적 상호작용 유형론에 그치므로 FIELD 계열 두 코드 모두 미부여이며, 온라인 교육이라는 외부 현상을 창으로 볼 여지는 있으나 논문 스스로 '매체 효과'가 아닌 '공간 안의 상호작용'을 강조하여 WINDOW_MISC도 미부여한다. | [ROLE] 이 논문은 경제교과 학습이라는 온라인 커뮤니티 밖에도 존재하는 교육 현상을 관측하기 위해 온라인 커뮤니티를 창(Window)으로 삼아, 가상 공간에서 교사와 학생 간 상호작용 유형(ITOC)을 도출하는 데 초점을 두고 있다. | [ROLE] 이 논문은 경제교과 온라인 커뮤니티라는 공간을 통해 '사회과 교육에서의 교사-학생 상호작용'이라는 외부 현상을 관찰하고 유형화(ITOC)하는 것으로, 온라인 커뮤니티 자체의 공론장·사회적자본 기능을 검증하는 것이 아니라 교육적 상호작용이라는 바깥 현상을 들여다보는 창(Window)으로 활용한다.",False,1/3,run1:없음; run2:ROLE_WINDOW_MISC; run3:ROLE_WINDOW_MISC
ART002847711,청소년의 진로개발역량 잠재전이유형과 관련 변인 연구: 부산교육종단연구를 중심으로,김형란(부산대학교),2022,학습자중심교과교육연구,kor,ERR,,,run1:없음; run2:없음; run3:없음,"has_community=True role_relevant=False env_relevant=False | 이 논문은 진로개발역량 잠재집단 전이를 분석하는 연구로서, '온라인 커뮤니티를 이용한 정보수집 경험'은 대중매체·상급학교 방문·입시설명회 등과 나란히 진로개발역량을 예측하는 변인 중 하나로만 언급되며, 커뮤니티 자체의 구조·역할·운영 조건을 분석 대상으로 삼지 않으므로 커뮤니티가 실질적으로 연구 재료로 활용된다고 보기 어렵다. | has_community=False role_relevant=False env_relevant=False | 이 논문은 부산지역 청소년의 진로개발역량 잠재집단 전이패턴을 분석하는 연구이며, '온라인 커뮤니티'는 대중매체와 함께 정보수집 경험의 하나로 통계 모델의 예측변인으로 단 한 줄 언급될 뿐, 커뮤니티 자체를 분석 대상이나 연구 재료를 삼지 않는다. | has_community=False role_relevant=False env_relevant=False | 이 논문은 부산 청소년의 진로개발역량 잠재집단 전이를 분석하는 연구이며, '온라인 커뮤니티'는 대중매체·입시설명회 등과 나란히 정보수집 경험의 하나로 언급된 예측변인에 불과하여, 온라인 커뮤니티를 분석 대상이나 연구 재료로 활용하지 않는다.","이 논문은 진로개발역량 잠재집단 전이를 분석하는 연구로서, '온라인 커뮤니티를 이용한 정보수집 경험'은 대중매체·상급학교 방문·입시설명회 등과 나란히 진로개발역량을 예측하는 변인 중 하나로만 언급되며, 커뮤니티 자체의 구조·역할·운영 조건을 분석 대상으로 삼지 않으므로 커뮤니티가 실질적으로 연구 재료로 활용된다고 보기 어렵다. | 이 논문은 부산지역 청소년의 진로개발역량 잠재집단 전이패턴을 분석하는 연구이며, '온라인 커뮤니티'는 대중매체와 함께 정보수집 경험의 하나로 통계 모델의 예측변인으로 단 한 줄 언급될 뿐, 커뮤니티 자체를 분석 대상이나 연구 재료를 삼지 않는다. | 이 논문은 부산 청소년의 진로개발역량 잠재집단 전이를 분석하는 연구이며, '온라인 커뮤니티'는 대중매체·입시설명회 등과 나란히 정보수집 경험의 하나로 언급된 예측변인에 불과하여, 온라인 커뮤니티를 분석 대상이나 연구 재료로 활용하지 않는다.",True,3/3,run1:없음; run2:없음; run3:없음
ART002114598,유아교사를 위한 액션러닝 기반미디어교육 프로그램의 개발,권연정(경복대학교),2016,어린이미디어연구,kor,ERR,,,run1:없음; run2:없음; run3:없음,"has_community=False role_relevant=False env_relevant=False | 이 논문은 유아교사를 위한 액션러닝 기반 미디어교육 프로그램의 개발·적용·평가를 연구 대상으로 삼으며, 온라인 커뮤니티는 오프라인 모임 횟수를 줄이기 위한 보조적 전달 수단으로만 언급될 뿐, 커뮤니티 자체의 구조·역할·환경 조건이 분석 대상이 되지 않는다. | has_community=False role_relevant=False env_relevant=False | 이 논문은 유아교사를 위한 액션러닝 기반 미디어교육 프로그램을 개발·평가하는 연구이며, 온라인 커뮤니티는 오프라인 모임 횟수를 줄이기 위해 보완적으로 활용하는 전달 수단으로만 언급될 뿐, 커뮤니티 자체의 구조·역할·환경 조건을 분석 대상으로 삼지 않는다. | has_community=False role_relevant=False env_relevant=False | 이 논문은 유아교사 대상 액션러닝 기반 미디어교육 프로그램의 개발·적용·평가를 주제로 하며, 온라인 커뮤니티는 오프라인 모임의 보완적 전달 채널로만 언급될 뿐 커뮤니티 자체의 사회적 역할이나 구조적 조건을 분석 대상으로 삼지 않는다.","이 논문은 유아교사를 위한 액션러닝 기반 미디어교육 프로그램의 개발·적용·평가를 연구 대상으로 삼으며, 온라인 커뮤니티는 오프라인 모임 횟수를 줄이기 위한 보조적 전달 수단으로만 언급될 뿐, 커뮤니티 자체의 구조·역할·환경 조건이 분석 대상이 되지 않는다. | 이 논문은 유아교사를 위한 액션러닝 기반 미디어교육 프로그램을 개발·평가하는 연구이며, 온라인 커뮤니티는 오프라인 모임 횟수를 줄이기 위해 보완적으로 활용하는 전달 수단으로만 언급될 뿐, 커뮤니티 자체의 구조·역할·환경 조건을 분석 대상으로 삼지 않는다. | 이 논문은 유아교사 대상 액션러닝 기반 미디어교육 프로그램의 개발·적용·평가를 주제로 하며, 온라인 커뮤니티는 오프라인 모임의 보완적 전달 채널로만 언급될 뿐 커뮤니티 자체의 사회적 역할이나 구조적 조건을 분석 대상으로 삼지 않는다.",True,3/3,run1:없음; run2:없음; run3:없음
ART003054676,온라인 육아 커뮤니티의 ‘영어유치원’ 담론 분석 : 토픽모델링과 감성분석의 적용,정옥경(총신대학교),2024,교육문화연구,kor,OK,ROLE_WINDOW_MISC,,run1:없음; run2:없음; run3:없음,"has_community=True role_relevant=True env_relevant=False | 이 논문은 온라인 육아 커뮤니티에 형성된 영어유치원 담론의 토픽과 감성을 분석하여 영유아 부모들의 조기 영어교육에 대한 불안과 경쟁심이라는 외부 사회현상을 읽어내는 '창'으로 커뮤니티를 활용하지만, 커뮤니티의 익명성·회원제·운영방침 등 구조적·환경적 조건을 고려하거나 비교하지 않는다. | has_community=True role_relevant=True env_relevant=False | 온라인 육아 커뮤니티를 분석 대상으로 삼되, 커뮤니티 내 영어유치원 담론의 토픽과 감성을 통해 영유아 부모의 조기 영어교육 불안과 신자유주의적 경쟁이라는 외부 사회현상을 관측하는 창으로 활용하고 있으며, 커뮤니티의 구조적·환경적 조건(회원제, 익명성, 운영 방침 등)에 따른 차이나 비교는 다루지 않는다. | has_community=True role_relevant=True env_relevant=False | 이 논문은 온라인 육아 커뮤니티의 영어유치원 담론을 토픽·감성 분석하여 영유아 부모의 조기 영어교육에 대한 불안과 경쟁심을 파악하는 창(ROLE_WINDOW)으로 활용하되, 커뮤니티의 구조적·환경적 조건(회원제, 익명성, 운영 방침 등)에 따른 차이나 변화를 분석하지 않으므로 env_relevant는 false이다.","[ROLE] 이 논문은 온라인 육아 커뮤니티를 데이터 소스로 삼아 조기 영어교육에 대한 부모의 불안·경쟁이라는 외부 사회현상을 포착하는 창(ROLE_WINDOW_MISC)으로 활용하며, 커뮤니티 공간 자체의 공론장 기능이나 사회적 자본 형성을 분석하지 않는다. | [ROLE] 이 논문은 온라인 육아 커뮤니티의 영어유치원 담론 토픽과 감성을 분석하여, 커뮤니티 자체의 구조나 공론장 기능·관계적 자원 형성이 아니라 커뮤니티를 통해 드러나는 영유아 부모들의 교육 불안·경쟁심이라는 외부 사회현상을 포착하는 창(WINDOW_MISC)으로 활용한다. | [ROLE] 온라인 육아 커뮤니티의 영어유치원 담론을 분석하되, 궁극적으로 커뮤니티 밖의 사회현상인 '조기 영어교육에 대한 부모의 불안과 경쟁'을 조명하는 창(WINDOW_MISC)으로 커뮤니티를 활용하는 연구이다.",True,0/3,run1:ROLE_WINDOW_MISC; run2:ROLE_WINDOW_MISC; run3:ROLE_WINDOW_MISC
ART002793774,팬데믹 온라인 병행 수업 시대 초·중·고 체험·동아리활동 운영 실태와 대안 탐색,이동원(경인교육대학교),2021,경인교육대학교 교육연구원 교육논총,kor,ERR,,,run1:없음; run2:없음; run3:없음,"has_community=False role_relevant=False env_relevant=False | 이 논문은 코로나19 시기 학교 체험·동아리활동의 운영 실태와 공동체성 함양을 다루며, 여기서 '온라인'은 학교 교육 프로그램의 전달 방식일 뿐이고 '공동체성'은 사회심리적 개념이지, 공통 관심사를 가진 사용자가 지속적으로 상호작용하는 디지털 공간인 온라인 커뮤니티를 분석 대상으로 삼지 않는다. | has_community=False role_relevant=False env_relevant=False | 이 논문은 코로나19 팬데믹 시기에 학교의 체험·동아리활동이 온라인 병행 수업으로 전환된 운영 실태와 학생들의 공동체성 형성에 미치는 영향을 교사 설문을 통해 분석하는 교육행정 연구로, 공통 관심사를 가진 사용자가 지속적으로 상호작용하는 디지털 공간인 온라인 커뮤니티를 분석 대상으로 삼지 않는다. | has_community=True role_relevant=False env_relevant=False | 이 논문은 코로나19 팬데믹 시대의 학교 체험·동아리활동 운영 실태와 에듀테크 접목을 다루며, '온라인 병행 수업'은 수업 전달 방식의 변화를 의미할 뿐, 공통 관심사·목적을 가진 사용자의 지속적 상호작용과 관계 형성을 전하는 온라인 커뮤니티 플랫폼을 분석 대상으로 삼지 않으므로 커뮤니티 존재 여부를 인정하되 역할·환경 조명 모두 해당하지 않는다.","이 논문은 코로나19 시기 학교 체험·동아리활동의 운영 실태와 공동체성 함양을 다루며, 여기서 '온라인'은 학교 교육 프로그램의 전달 방식일 뿐이고 '공동체성'은 사회심리적 개념이지, 공통 관심사를 가진 사용자가 지속적으로 상호작용하는 디지털 공간인 온라인 커뮤니티를 분석 대상으로 삼지 않는다. | 이 논문은 코로나19 팬데믹 시기에 학교의 체험·동아리활동이 온라인 병행 수업으로 전환된 운영 실태와 학생들의 공동체성 형성에 미치는 영향을 교사 설문을 통해 분석하는 교육행정 연구로, 공통 관심사를 가진 사용자가 지속적으로 상호작용하는 디지털 공간인 온라인 커뮤니티를 분석 대상으로 삼지 않는다. | 이 논문은 코로나19 팬데믹 시대의 학교 체험·동아리활동 운영 실태와 에듀테크 접목을 다루며, '온라인 병행 수업'은 수업 전달 방식의 변화를 의미할 뿐, 공통 관심사·목적을 가진 사용자의 지속적 상호작용과 관계 형성을 전하는 온라인 커뮤니티 플랫폼을 분석 대상으로 삼지 않으므로 커뮤니티 존재 여부를 인정하되 역할·환경 조명 모두 해당하지 않는다.",True,3/3,run1:없음; run2:없음; run3:없음
ART002812836,사회적 실재감 향상을 위한 한국어 교사의 수업 전략 연구 - 실시간 온라인 수업을 중심으로 -,한혜민(한국외국어대학교),2022,외국어교육연구,kor,ERR,,,run1:없음; run2:없음; run3:없음,"has_community=True role_relevant=False env_relevant=False | 이 논문에서 '탐구공동체모형(Community of Inquiry)'은 온라인 교수·학습의 교육학적 모델로서 '사회적 실재감' 구현 전략을 분석하는 도구이며, 공통 관심사·목적의 사용자들이 지속적으로 상호작용하고 관계를 형성하는 디지털 공간이라는 온라인 커뮤니티를 분석 대상으로 삼지 않으므로 커뮤니티 존재 여부를 부인한다. | has_community=False role_relevant=False env_relevant=False | 이 논문은 '탐구공동체모형(Community of Inquiry)'이라는 교수·학습 이론 모형 내 '사회적 실재감' 개념을 고찰하고 온라인 한국어 수업에서 교사의 전략적 행동을 분석하는 교육학 연구이지, 공통 관심사를 가진 사용자들이 지속적으로 상호작용하는 온라인 커뮤니티 플랫폼을 연구 대상으로 삼지 않는다. | has_community=False role_relevant=False env_relevant=False | 이 논문은 탐구공동체모형(Community of Inquiry)이라는 교육 모형 안에서 온라인 한국어 교수·학습 환경에서 교사의 사회적 실재감 구현 전략을 다루는 온라인 교육학 연구이지, 공통 관심사·목적에 기반한 사용자 간 지속적 상호작용으로 형성되는 온라인 커뮤니티 자체를 분석 대상으로 삼지 않는다.","이 논문에서 '탐구공동체모형(Community of Inquiry)'은 온라인 교수·학습의 교육학적 모델로서 '사회적 실재감' 구현 전략을 분석하는 도구이며, 공통 관심사·목적의 사용자들이 지속적으로 상호작용하고 관계를 형성하는 디지털 공간이라는 온라인 커뮤니티를 분석 대상으로 삼지 않으므로 커뮤니티 존재 여부를 부인한다. | 이 논문은 '탐구공동체모형(Community of Inquiry)'이라는 교수·학습 이론 모형 내 '사회적 실재감' 개념을 고찰하고 온라인 한국어 수업에서 교사의 전략적 행동을 분석하는 교육학 연구이지, 공통 관심사를 가진 사용자들이 지속적으로 상호작용하는 온라인 커뮤니티 플랫폼을 연구 대상으로 삼지 않는다. | 이 논문은 탐구공동체모형(Community of Inquiry)이라는 교육 모형 안에서 온라인 한국어 교수·학습 환경에서 교사의 사회적 실재감 구현 전략을 다루는 온라인 교육학 연구이지, 공통 관심사·목적에 기반한 사용자 간 지속적 상호작용으로 형성되는 온라인 커뮤니티 자체를 분석 대상으로 삼지 않는다.",True,3/3,run1:없음; run2:없음; run3:없음
ART002153851,공업계 특성화고 학생을 위한 피지컬 컴퓨팅 플랫폼 기반의 모형 거북선 개발 및 적용,김원웅(한국교원대학교),2016,대한공업교육학회지,kor,ERR,,,run1:없음; run2:없음; run3:없음,"has_community=True role_relevant=False env_relevant=False | 이 논문은 아두이노와 앱인벤터를 활용한 모형 거북선 제작을 통한 공업계열 특성화고 학생의 과학기술 교육 효과를 다루며, 초록 어디에도 온라인 커뮤니티가 분석 대상이나 연구 재료로 등장하지 않으므로 커뮤니티 존재 여부를 인정할 수 없다. | has_community=True role_relevant=False env_relevant=False | 이 논문은 아두이노·앱 인벤터 기반 피지컬 컴퓨팅 플랫폼으로 모형 거북선을 개발하여 공업계열 특성화고 학생의 과학기술 지식과 역사·문화유산 인식을 제고하는 교육공학 연구로, 초록 어디에도 온라인 커뮤니티의 분석 대상·연구 재료로서의 등장이나 그 구조·운영 조건에 대한 논의가 없다. | has_community=True role_relevant=False env_relevant=False | 이 논문은 아두이노와 앱 인벤터를 활용한 피지컬 컴퓨팅 기반 모형 거북선 개발을 공업계열 특성화고 교육에 적용하는 것으로, 온라인 커뮤니티를 분석 대상으로 삼지 않으며, 커뮤니티의 역할이나 환경적 조건도 다루지 않는다.","이 논문은 아두이노와 앱인벤터를 활용한 모형 거북선 제작을 통한 공업계열 특성화고 학생의 과학기술 교육 효과를 다루며, 초록 어디에도 온라인 커뮤니티가 분석 대상이나 연구 재료로 등장하지 않으므로 커뮤니티 존재 여부를 인정할 수 없다. | 이 논문은 아두이노·앱 인벤터 기반 피지컬 컴퓨팅 플랫폼으로 모형 거북선을 개발하여 공업계열 특성화고 학생의 과학기술 지식과 역사·문화유산 인식을 제고하는 교육공학 연구로, 초록 어디에도 온라인 커뮤니티의 분석 대상·연구 재료로서의 등장이나 그 구조·운영 조건에 대한 논의가 없다. | 이 논문은 아두이노와 앱 인벤터를 활용한 피지컬 컴퓨팅 기반 모형 거북선 개발을 공업계열 특성화고 교육에 적용하는 것으로, 온라인 커뮤니티를 분석 대상으로 삼지 않으며, 커뮤니티의 역할이나 환경적 조건도 다루지 않는다.",True,3/3,run1:없음; run2:없음; run3:없음
ART002862588,대학생의 대처유연성과 주도적 대처가 학업소진에 미치는 영향: 위계적 회귀분석을 중심으로,현승주(육군사관학교),2022,학습자중심교과교육연구,kor,ERR,,,run1:없음; run2:없음; run3:없음,"has_community=False role_relevant=False env_relevant=False | 본 연구의 분석 대상은 대처유연성·주도적 대처와 학업소진 사이의 심리학적 관계이며, 대학 온라인 커뮤니티는 설문 링크를 배포하는 모집 통로로만 활용되어 커뮤니티 자체의 역할이나 구조적 조건이 분석되지 않는다. | has_community=False role_relevant=False env_relevant=False | 대학 온라인 커뮤니티는 설문 참여자 모집 통로로만 사용되었을 뿐, 연구의 분석 대상이나 재료로 활용되지 않았으며, 본 연구의 핵심은 대처유연성·주도적 대처가 학업소진을 예측하는지 검증하는 심리학적 분석에 있다. | has_community=False role_relevant=False env_relevant=False | 온라인 커뮤니티는 대학생을 모집하기 위한 통로로만 언급되며, 연구의 분석 대상은 대처유연성·주도적 대처·학업소진 등 심리 변인이며 커뮤니티 자체의 구조·역할·환경 조건은 전혀 다루지 않는다.","본 연구의 분석 대상은 대처유연성·주도적 대처와 학업소진 사이의 심리학적 관계이며, 대학 온라인 커뮤니티는 설문 링크를 배포하는 모집 통로로만 활용되어 커뮤니티 자체의 역할이나 구조적 조건이 분석되지 않는다. | 대학 온라인 커뮤니티는 설문 참여자 모집 통로로만 사용되었을 뿐, 연구의 분석 대상이나 재료로 활용되지 않았으며, 본 연구의 핵심은 대처유연성·주도적 대처가 학업소진을 예측하는지 검증하는 심리학적 분석에 있다. | 온라인 커뮤니티는 대학생을 모집하기 위한 통로로만 언급되며, 연구의 분석 대상은 대처유연성·주도적 대처·학업소진 등 심리 변인이며 커뮤니티 자체의 구조·역할·환경 조건은 전혀 다루지 않는다.",True,3/3,run1:없음; run2:없음; run3:없음
ART001173269,지식정보사회와 청소년문화 제고찰: 청소년의 온라인 커뮤니티 참여화 지식 정보 습득을 중심으로,조혜영(한국청소년개발원),2006,교육인류학연구,kor,OK,ROLE_WINDOW_MISC,,run1:없음; run2:없음; run3:없음,"has_community=True role_relevant=True env_relevant=False | 이 논문은 청소년이 게임·애니메이션·PC 관련 온라인 커뮤니티에 참여하여 지식을 습득·공유·확산하는 과정을 분석하므로, 온라인 커뮤니티를 지식 생산과 확산의 '장'으로서 조명하나, 회원제·익명성·운영 방침 등 구조적·환경적 조건을 비교하거나 그 차이를 논하지 않는다. | has_community=True role_relevant=True env_relevant=False | 이 논문은 청소년이 관심분야 온라인 커뮤니티에 참여하며 지식을 습득·공유·확산하는 과정을 분석하여, 커뮤니티가 지식 확산과 사회적 학습이 일어난다는 '장'으로서의 역할을 조명하나, 회원제·익명성·운영 방침 등 구조적·환경적 조건을 비교하거나 변화 요인으로 다루지는 않는다. | has_community=True role_relevant=True env_relevant=False | 이 논문은 청소년이 관심분야 온라인 커뮤니티에 참여하여 지식을 습득·공유·확산하는 과정을 분석함으로써, 커뮤니티가 지식정보사회에서 청소년의 일상문화적 지식 공유 공간(장)으로서 수행하는 사회적 역할을 조명한다.","[ROLE] 본 연구는 지식정보사회에서 청소년이 정보 소비자에서 제공자로 전환되는 지식 습득·사회화 현상을 온라인 커뮤니티 참여라는 매개 맥락에서 관찰하므로, 커뮤니티 자체의 역할이 아니라 바깥에 실체가 있는 청소년 지식 행동이라는 외부 사회현상을 보여주는 창(WINDOW_MISC)으로 판정된다. | [ROLE] 본 논문은 지식정보사회라는 외부 사회현상 속에서 청소년의 지식 습득·공유·확산 과정을 관찰하기 위해 관심분야 온라인 커뮤니티를 창(Window)으로 삼고 있으므로, WINDOW_MISC에 부여하고, 커뮤니티 내부의 관계적 자원 형성이나 공론장 기능 검증이 아니므로 FIELD 계열은 미부여한다. | [ROLE] 본 논문은 지식정보사회에서 청소년의 지식 습득·공유·확산이라는 사회현상을 더쿠·디시인사이드 등 온라인 커뮤니티라는 사례를 통해 보여주는 '창' 기능에 해당하며, 커뮤니티 공간 자체의 공론장·사회자본 역할을 분석하는 것은 아니다.",True,0/3,run1:ROLE_WINDOW_MISC; run2:ROLE_WINDOW_MISC; run3:ROLE_WINDOW_MISC
ART002625530,어머니의 태아기·영아기 육아 들여다보기,김초롱(고신대학교),2020,학습자중심교과교육연구,kor,ERR,,,run1:없음; run2:없음; run3:없음,"has_community=True role_relevant=False env_relevant=False | 본 연구는 유아기 자녀를 둔 어머니의 육아 경험을 심층 면담으로 분석하는 연구이며, 온라인 커뮤니티는 10개 내용범주 중 하나('책과 온라인 커뮤니티는 육아 상담소')로 어머니가 활용하는 정보·상담 자원으로 잠깐 언급될 뿐, 커뮤니티의 구조·운영 방식·사회적 역할이 분석 대상이 되지 않는다. | has_community=False role_relevant=False env_relevant=False | 이 논문은 유아기 자녀를 둔 어머니의 태아기·영아기 육아 경험을 심층 면담으로 분석하는 연구이며, '온라인 커뮤니티'는 '책'과 나란히 육아 정보의 소모임으로 간략히 언급될 뿐 특정 커뮤니티의 구조·역할·운영 조건을 분석 대상으로 삼지 않는다. | has_community=True role_relevant=False env_relevant=False | 이 논문은 육아 경험의 유형화를 목적으로 심층면담을 수행하며, 10개 범주 중 하나로 '온라인 커뮤니티는 육아 상담소'를 서술하는 데 그쳐, 커뮤니티 자체가 분석 대상이 아니라 어머니의 정보·자문 수단으로 한 항목에 언급될 뿐이므로, 커뮤니티의 사회적 역할이나 구조적·환경적 조건이 조명되지 않는다.","본 연구는 유아기 자녀를 둔 어머니의 육아 경험을 심층 면담으로 분석하는 연구이며, 온라인 커뮤니티는 10개 내용범주 중 하나('책과 온라인 커뮤니티는 육아 상담소')로 어머니가 활용하는 정보·상담 자원으로 잠깐 언급될 뿐, 커뮤니티의 구조·운영 방식·사회적 역할이 분석 대상이 되지 않는다. | 이 논문은 유아기 자녀를 둔 어머니의 태아기·영아기 육아 경험을 심층 면담으로 분석하는 연구이며, '온라인 커뮤니티'는 '책'과 나란히 육아 정보의 소모임으로 간략히 언급될 뿐 특정 커뮤니티의 구조·역할·운영 조건을 분석 대상으로 삼지 않는다. | 이 논문은 육아 경험의 유형화를 목적으로 심층면담을 수행하며, 10개 범주 중 하나로 '온라인 커뮤니티는 육아 상담소'를 서술하는 데 그쳐, 커뮤니티 자체가 분석 대상이 아니라 어머니의 정보·자문 수단으로 한 항목에 언급될 뿐이므로, 커뮤니티의 사회적 역할이나 구조적·환경적 조건이 조명되지 않는다.",True,3/3,run1:없음; run2:없음; run3:없음
ART002241210,4년제 일반대학 취업준비생의 취업스터디를 통한 경력개발에 대한 질적 연구,김민영(연세대학교),2017,進路敎育硏究,kor,OK,ROLE_FIELD_SOCIALCAPITAL,,run1:없음; run2:없음; run3:없음,"has_community=True role_relevant=False env_relevant=False | 온라인 취업 커뮤니티는 오프라인 취업스터디 공동체를 형성하는 모집 통로·매체로 언급될 뿐, 커뮤니티 자체의 창·장적 역할이나 구조·환경적 조건(회원제, 익명성, 운영방침 등)이 분석 대상이 되지 않는다. | has_community=True role_relevant=True env_relevant=False | 온라인 취업 커뮤니티를 분석 대상으로 삼아 취업준비생이 경력개발 지원관계망을 형성하는 '장'의 역할을 조명하였으나, 커뮤니티의 구조적·환경적 조건(회원제, 익명성, 운영방침 등)에 따른 차이나 비교는 다루지 않아 env_relevant는 false이다. | has_community=True role_relevant=True env_relevant=False | 이 논문은 취업준비생들이 온라인 커뮤니티를 매개로 취업스터디라는 공동체를 형성하고 경력개발 지원관계망을 구축하는 과정을 분석하므로 커뮤니티가 경력개발과 상호지원을 매개하는 '장'으로서의 사회적 역할을 조명하나, 회원제·익명성·운영방침 등 구조적 조건을 변수로 삼아 차이·비교를 논의하지는 않는다.","온라인 취업 커뮤니티는 오프라인 취업스터디 공동체를 형성하는 모집 통로·매체로 언급될 뿐, 커뮤니티 자체의 창·장적 역할이나 구조·환경적 조건(회원제, 익명성, 운영방침 등)이 분석 대상이 되지 않는다. | [ROLE] 이 논문은 온라인 취업 커뮤니티 안에서 취업준비생 간에 형성되는 개발지원관계망·상호지원·공유·경계 허물기 등 이용자 간 관계적 자원(사회적 자본)의 형성 과정을 분석하므로, FIELD 계열의 SOCIALCAPITAL이 주요 코드로 부여되되, 청년 실업·취업 준비라는 외부 사회현상이 배경으로 깔려 WINDOW_MISC의 소폭 가능성도 남는다. | [ROLE] 이 논문은 온라인 취업 커뮤니티 안에서 취업준비생들이 '경계 허물기'를 통해 개발지원관계망을 형성하고 상호 지원과 심리적 안정감을 얻는 과정, 즉 이용자 간 관계적 자원(신뢰·연대·네트워크)의 형성·효과를 분석하므로, 온라인 커뮤니티 공간 안의 상호작용을 장(FIELD)으로서 조명하는 ROLE_FIELD_SOCIALCAPITAL이 부여된다.",False,1/3,run1:없음; run2:ROLE_FIELD_SOCIALCAPITAL; run3:ROLE_FIELD_SOCIALCAPITAL
ART003049522,강의 평가 텍스트 분석을 통한 수업 개선 방안 연구 : 대학생 온라인 커뮤니티의 강의 평가를 중심으로,박광길(강원대학교),2024,교양학 연구,kor,ERR,,,run1:없음; run2:없음; run3:없음,"has_community=True role_relevant=False env_relevant=False | 이 논문은 대학생 온라인 커뮤니티 '에브리타임'의 강의 평가 게시글을 수집하여 교수자의 수업 개선 방향을 제안하는 데 목적이 있으며, 커뮤니티 자체의 사회적 역할이나 구조적·환경적 조건을 분석 대상이 삼는 것이 아니라 강의 평가라는 콘텐츠의 데이터 소스로만 활용하므로 role·env 모두 해당되지 않는다. | has_community=True role_relevant=True env_relevant=False | 이 논문은 에브리타임 커뮤니티의 강의 평가 텍스트를 분석하여 수업 개선 방안을 도출하는 것으로, 온라인 커뮤니티를 수강생의 강의 평가라는 외부 사회현상을 읽는 창(ROLE_WINDOW)으로 활용하나, 커뮤니티의 익명성·운영 방침·생애주기 등 구조적·환경적 조건을 분석 대상이나 비교 변수로 고려하지는 않는다. | has_community=True role_relevant=False env_relevant=False | 이 논문은 에브리타임 커뮤니티의 강의 평가 텍스트를 수업 개선 방안을 도출하기 위한 데이터 소스로만 활용하며, 커뮤니티의 사회적 역할(창·장)이나 구조적·환경적 조건을 분석 대상으로 삼지 않으므로, 커뮤니티는 연구의 재료가 될 뿐이다.","이 논문은 대학생 온라인 커뮤니티 '에브리타임'의 강의 평가 게시글을 수집하여 교수자의 수업 개선 방향을 제안하는 데 목적이 있으며, 커뮤니티 자체의 사회적 역할이나 구조적·환경적 조건을 분석 대상이 삼는 것이 아니라 강의 평가라는 콘텐츠의 데이터 소스로만 활용하므로 role·env 모두 해당되지 않는다. | [ROLE] 이 논문은 온라인 커뮤니티 '에브리타임'의 강의 평가 텍스트를 단순히 데이터 소스로 활용하여 대학 수업 개선이라는 외부 사회현상을 조망하므로, 커뮤니티 공간 자체의 역할이 아니라 수업 품질·평가 체계라는 외부 현상을 보여주는 창(ROLE_WINDOW_MISC)으로 기능한다. | 이 논문은 에브리타임 커뮤니티의 강의 평가 텍스트를 수업 개선 방안을 도출하기 위한 데이터 소스로만 활용하며, 커뮤니티의 사회적 역할(창·장)이나 구조적·환경적 조건을 분석 대상으로 삼지 않으므로, 커뮤니티는 연구의 재료가 될 뿐이다.",False,2/3,run1:없음; run2:ROLE_WINDOW_MISC; run3:없음
ART003123046,"국제화된 대학, 제한된 언어 다양성: 한국 대학 내 다중언어 경관에 대한 인식 연구",장인철(서울대학교),2024,The SNU Journal of Education Research,kor,ERR,,,run1:없음; run2:없음; run3:없음,"has_community=False role_relevant=False env_relevant=False | 이 논문은 대학 내 물리적 언어경관과 다중언어주의 인식을 연구 대상으로 삼고 있으며, 온라인 커뮤니티는 유학생이 다중언어 표지 필요성을 느끼지 못하는 대안적 수단으로 잠깐 언급될 뿐, 커뮤니티 자체를 분석하거나 그 구조·역할을 조명하지 않는다. | has_community=False role_relevant=False env_relevant=False | 이 논문은 대학 내 다중언어 경관과 유학생의 인식 분석을 주제로 하며, 온라인 커뮤니티는 유학생이 다중언어 표지 필요성을 느끼지 못하는 이유 중 하나로 '기계 번역기 사용'과 함께 한 문장에 서술될 뿐 분석 대상이 되지 않으므로, 온라인 커뮤니티를 연구 재료로 활용하지 않는다. | has_community=True role_relevant=False env_relevant=False | 이 논문은 국제화된 대학의 물리적 언어 경관(다중언어 표지)을 분석 대상으로 삼으며, 온라인 커뮤니티는 유학생이 다중언어 표지 필요성을 느끼지 못하는 이유 중 하나로 '기계 번역기 사용'과 함께 부수적으로 언급될 뿐, 커뮤니티 자체의 구조·역할·환경이 분석 대상이 아니다.","이 논문은 대학 내 물리적 언어경관과 다중언어주의 인식을 연구 대상으로 삼고 있으며, 온라인 커뮤니티는 유학생이 다중언어 표지 필요성을 느끼지 못하는 대안적 수단으로 잠깐 언급될 뿐, 커뮤니티 자체를 분석하거나 그 구조·역할을 조명하지 않는다. | 이 논문은 대학 내 다중언어 경관과 유학생의 인식 분석을 주제로 하며, 온라인 커뮤니티는 유학생이 다중언어 표지 필요성을 느끼지 못하는 이유 중 하나로 '기계 번역기 사용'과 함께 한 문장에 서술될 뿐 분석 대상이 되지 않으므로, 온라인 커뮤니티를 연구 재료로 활용하지 않는다. | 이 논문은 국제화된 대학의 물리적 언어 경관(다중언어 표지)을 분석 대상으로 삼으며, 온라인 커뮤니티는 유학생이 다중언어 표지 필요성을 느끼지 못하는 이유 중 하나로 '기계 번역기 사용'과 함께 부수적으로 언급될 뿐, 커뮤니티 자체의 구조·역할·환경이 분석 대상이 아니다.",True,3/3,run1:없음; run2:없음; run3:없음
ART002851134,중학교 교사의 개별화 교수전략 교육요구도 탐색,정성희(이화여자대학교),2022,한국교원교육연구,kor,ERR,,,run1:없음; run2:없음; run3:없음,"has_community=False role_relevant=False env_relevant=False | 이 논문에서 '중학교 교사 대상 온라인 커뮤니티'는 설문조사 배포·수집을 위한 모집 통로로만 활용된 것이지, 커뮤니티 자체의 구조·상호작용·사회적 역할을 분석 대상으로 삼지 않으므로 온라인 커뮤니티가 연구의 분석 대상으로 존재하지 않는다. | has_community=False role_relevant=False env_relevant=False | 이 논문은 중학교 교사의 개별화 교수전략 인식과 교육요구도를 분석하는 연구이며, 온라인 커뮤니티는 설문조사를 배포하기 위한 모집 통로로만 활용되었을 뿐 커뮤니티 자체를 분석 대상이나 분석 변수로 삼지 않는다. | has_community=False role_relevant=False env_relevant=False | 이 논문은 중학교 교사의 개별화 교수전략 필요성을 파악하기 위해 온라인 커뮤니티를 설문 배포·모집 통로로만 활용했을 뿐, 커뮤니티 자체를 분석 대상이나 담론의 창·장으로 삼지 않으므로 커뮤니티 연구 대상이 아니다.","이 논문에서 '중학교 교사 대상 온라인 커뮤니티'는 설문조사 배포·수집을 위한 모집 통로로만 활용된 것이지, 커뮤니티 자체의 구조·상호작용·사회적 역할을 분석 대상으로 삼지 않으므로 온라인 커뮤니티가 연구의 분석 대상으로 존재하지 않는다. | 이 논문은 중학교 교사의 개별화 교수전략 인식과 교육요구도를 분석하는 연구이며, 온라인 커뮤니티는 설문조사를 배포하기 위한 모집 통로로만 활용되었을 뿐 커뮤니티 자체를 분석 대상이나 분석 변수로 삼지 않는다. | 이 논문은 중학교 교사의 개별화 교수전략 필요성을 파악하기 위해 온라인 커뮤니티를 설문 배포·모집 통로로만 활용했을 뿐, 커뮤니티 자체를 분석 대상이나 담론의 창·장으로 삼지 않으므로 커뮤니티 연구 대상이 아니다.",True,3/3,run1:없음; run2:없음; run3:없음
ART002926726,20대 남성의 반페미니즘 의식 학습과 전환학습,김현민(한국교원대학교),2023,학습자중심교과교육연구,kor,OK,ROLE_WINDOW_GENDER,,run1:없음; run2:없음; run3:없음,"has_community=False role_relevant=False env_relevant=False | 이 논문은 20대 남성의 반페미니즘 의식 형성을 전환학습 이론으로 개념적으로 해석하는 문헌고찰 연구로, 온라인 커뮤니티는 '의식 확산의 통로'로서 잠깐 언급될 뿐 분석 대상이 아니며, 커뮤니티 자체의 구조·역할·운영 조건에 대한 고려도 없다. | has_community=True role_relevant=True env_relevant=False | 이 논문은 반페미니즘 의식의 집단적 전환학습이 '온라인 커뮤니티 등을 통한 담화'로 확산된다고 개념적으로 서술하여, 커뮤니티를 사회적 의식이 형성·재생산되는 '장'으로 조명하나, 커뮤니티의 구조·운영 방침·익명성 등 환경적 조건은 전혀 다루지 않는다. | has_community=True role_relevant=True env_relevant=False | 이 논문은 20대 남성의 반페미니즘 의식 확산을 전환학습 이론으로 설명하면서 온라인 커뮤니티를 집단적 담화를 통해 의식이 공유·전파되는 매개 채널로 지목하여, 해당 사회 현상을 읽어내는 창(ROLE)으로 활용하나, 커뮤니티의 구조·운영방침 등 환경적 조건(ENV)에 대한 논의는 없다.","이 논문은 20대 남성의 반페미니즘 의식 형성을 전환학습 이론으로 개념적으로 해석하는 문헌고찰 연구로, 온라인 커뮤니티는 '의식 확산의 통로'로서 잠깐 언급될 뿐 분석 대상이 아니며, 커뮤니티 자체의 구조·역할·운영 조건에 대한 고려도 없다. | [ROLE] 이 논문은 20대 남성의 반페미니즘 의식 형성이라는 젠더 갈등·페미니즘 대립 현상을 전환학습 이론으로 개념화하는 문헌고찰로서, 온라인 커뮤니티를 그 의식이 확산되는 채널 중 하나로 언급하면서 바깥에 실체를 가진 '20대 남성' 집단의 반페미니즘 의식이라는 젠더 갈등 현상을 보여주는 창(WINDOW)으로 활용한다. | [ROLE] 본 연구는 전환학습 이론으로 20대 남성의 반페미니즘 의식 형성을 설명하는 개념적 고찰이며, 온라인 커뮤니티는 '반페미니즘 의식의 확산'이라는 젠더 갈등 현상을 보여주는 매개 채널 중 하나로 언급되므로, 온라인 커뮤니티를 통해 바깥에 실체가 있는 젠더 갈등·페미니즘 대립 현상을 포착하는 창(ROLE_WINDOW_GENDER)으로 기능한다.",False,1/3,run1:없음; run2:ROLE_WINDOW_GENDER; run3:ROLE_WINDOW_GENDER
ART001068315,아바타가 학급 홈페이지 몰입 및 초등학생의 사이버 자아에 미치는 영향에 관한 연구,김성원(광남초등학교),2005,정보교육학회논문지,kor,ERR,,,run1:없음; run2:없음; run3:없음,"has_community=True role_relevant=True env_relevant=False | 학급 홈페이지가 교사·동료·부모 간 의사교환과 학습을 담당하는 '장'으로서의 사회적 역할을 조명하되, 아바타라는 몰입 설계 요소를 다룰 뿐 회원제·익명성·운영·제재 등 커뮤니티의 구조적·환경적 조건에 따른 차이나 변화를 분석하지 않는다. | has_community=True role_relevant=True env_relevant=False | 이 논문은 학급 홈페이지를 교사와 학생·부모 간 의사교환의 장, 학습의 장, 사이버 자아 형성의 장으로 기능하는 온라인 커뮤니티의 사회적 역할(장)을 조명하나, 회원제·운영 방침·익명성 등 커뮤니티의 구조적·환경적 조건에 따른 차이·비교·변화를 다루지는 않는다. | has_community=True role_relevant=False env_relevant=False | 학급 홈페이지를 온라인 커뮤니티로 지칭하긴 하나, 본 연구의 분석 대상은 커뮤니티의 사회적 역할이나 운영·구조적 조건이 아니라 아바타가 몰입과 사이버 자아에 미치는 영향이므로, 커뮤니티는 단순한 연구 설정(setting)에 그치고 역할·환경 조명 모두 해당되지 않는다.","[ROLE] 본 연구는 학급 홈페이지라는 온라인 커뮤니티 공간의 설계 요소(아바타)가 개별 초등학생의 몰입과 사이버 자아 형성에 미치는 개인적 효과를 분석하는 것으로, 커뮤니티 내부의 공론장 기능 검증이나 이용자 간 관계적 자원 형성도, 바깥 사회현상을 보여주는 창도 아닌 개별 주체 내면화 수준에 머무르므로 6개 코드 중 어느 하나도 부여되지 않는다. | [ROLE] 본 논문은 학급 홈페이지라는 온라인 공간의 설계 요소(아바타·몰입)가 초등학생의 사이버 자아 형성에 미치는 영향을 다루는 플랫폼 설계·심리 연구로, 6개 ROLE 코드 중 어느 하나(공론장 검증, 사회적 자본, 양극화·젠더·혐오·기타 외부 사회현상 포착)에도 부합하지 않는다. | 학급 홈페이지를 온라인 커뮤니티로 지칭하긴 하나, 본 연구의 분석 대상은 커뮤니티의 사회적 역할이나 운영·구조적 조건이 아니라 아바타가 몰입과 사이버 자아에 미치는 영향이므로, 커뮤니티는 단순한 연구 설정(setting)에 그치고 역할·환경 조명 모두 해당되지 않는다.",True,3/3,run1:없음; run2:없음; run3:없음
ART002021077,Online Communities and their Implementation in Language Education: Supporting Participation in Social Practice,MCNEILLEVI KEITH(숙명여자대학교),2015,외국어교육연구,kor,ERR,,,run1:없음; run2:없음; run3:없음,"has_community=True role_relevant=True env_relevant=False | 이 논문은 학생들의 언어 학습과 사회실천이 일어나는 온라인 커뮤니티 공간을 situated learning·digital literacies 관점에서 분석하고 교육과정에 통합하는 모델을 제안하므로 커뮤니티를 학습·사회실천의 '장(ROLE_FIELD_LEARNING)'으로 조명하지만, 회원제·익명성·운영 제재·생애주기 등 구조적 환경 조건에 따른 차이·비교를 다루지는 않으므로 env_relevant는 false이다. | has_community=True role_relevant=True env_relevant=False | 이 논문은 온라인 커뮤니티를 situated learning·digital literacies·multimodal meaning making·social practice가 이루어지는 공간(장)으로서 그 구조적 특징과 언어교육적 역할을 분석하고, 교육과정 통합 모델을 제안하므로 role_relevant이나, 회원제·익명성·운영 방침 등 커뮤니티의 환경적 조건 자체를 변인으로 비교·분석하지는 않으므로 env_relevant는 false이다. | has_community=True role_relevant=True env_relevant=False | 이 논문은 2차 언어 학습을 위한 situated learning과 digital literacies 관점에서 온라인 커뮤니티를 다중모달 의미-making과 사회적 실천이 이루어지는 '장'으로 조명하며 교육과정 통합 모델을 제안하나, 회원제·익명성·운영 방침 등 커뮤니티의 구조적·환경적 조건에 따른 차이 비교는 다루지 않는다.","[ROLE] 본 논문은 온라인 커뮤니티의 다모달·디지털 리터러시적 특징을 기술하고 이를 한국어 교육과정에 통합하는 3가지 모델을 제안하는 교육적 활용 연구로, 6개 ROLE 코드 중 어느 하나에도 부합하지 않는다. | [ROLE] 본 연구는 온라인 커뮤니티를 외국어·제2언어 학습을 촉진하는 교육적 공간(다모달 의미 생성·디지털 리터러시)으로 기술하고 커리큘럼 통합 모델을 제안하는 실천·교육 연구이므로, 6개 ROLE 코드 중 어느 하나에 0.5 이상 확률을 부여하기 부족하다. | [ROLE] 이 논문은 온라인 커뮤니티의 다중모달 활동·사회적 실천을 기술하여 이를 제2언어 학습·교육에 통합하는 모델을 제안하므로, 커뮤니티 공간 자체의 사회역할이 아니라 커뮤니티를 매개로 존재하는 교육·언어학습 현상을 포착하는 창(WINDOW_MISC)으로 기능한다.",False,2/3,run1:없음; run2:없음; run3:ROLE_WINDOW_MISC
ART002476415,초등 사회과 지도서에 대한 현장 교사 인식 및 개선 방안,한춘희(부산교육대학교),2019,사회과수업연구,kor,ERR,,,run1:없음; run2:없음; run3:없음,"has_community=False role_relevant=False env_relevant=False | 이 논문의 연구 대상은 초등 사회과 지도서의 현장 교사 평가 및 개선방안이며, 교사 온라인 커뮤니티는 수업 자료 획득 통로로 한 문장 언급될 뿐 그 구조·역할·운영 조건을 분석 대상으로 삼지 않으므로 커뮤니티 존재 여부가 성립하지 않는다. | has_community=True role_relevant=False env_relevant=False | 이 논문은 초등 사회과 지도서의 활용 실태와 개선방안을 연구하는 것으로, 온라인 커뮤니티는 교사들이 수업 자료를 얻는 통로로 설문 결과에 한 문장 언급될 뿐이며, 커뮤니티 자체의 구조·역할·운영 조건을 분석 대상으로 삼지 않는다. | has_community=False role_relevant=False env_relevant=False | 이 논문은 초등 사회과 지도서의 활용 실태와 개선방안을 연구하는 것이며, 교사 온라인 커뮤니티는 지도서 대신 수업 자료를 얻는 통로로 잠깐 언급될 뿐 분석 대상이 아니므로 온라인 커뮤니티를 연구 재료로 삼지 않는다.","이 논문의 연구 대상은 초등 사회과 지도서의 현장 교사 평가 및 개선방안이며, 교사 온라인 커뮤니티는 수업 자료 획득 통로로 한 문장 언급될 뿐 그 구조·역할·운영 조건을 분석 대상으로 삼지 않으므로 커뮤니티 존재 여부가 성립하지 않는다. | 이 논문은 초등 사회과 지도서의 활용 실태와 개선방안을 연구하는 것으로, 온라인 커뮤니티는 교사들이 수업 자료를 얻는 통로로 설문 결과에 한 문장 언급될 뿐이며, 커뮤니티 자체의 구조·역할·운영 조건을 분석 대상으로 삼지 않는다. | 이 논문은 초등 사회과 지도서의 활용 실태와 개선방안을 연구하는 것이며, 교사 온라인 커뮤니티는 지도서 대신 수업 자료를 얻는 통로로 잠깐 언급될 뿐 분석 대상이 아니므로 온라인 커뮤니티를 연구 재료로 삼지 않는다.",True,3/3,run1:없음; run2:없음; run3:없음
ART002299243,IP Meister 프로그램의 교육 효과 분석 연구,이규녀(충남대학교),2017,한국기술교육학회지,kor,ERR,,,run1:없음; run2:없음; run3:없음,"has_community=True role_relevant=False env_relevant=False | 이 논문은 IP Meister 교육 프로그램의 효과를 분석하고, 개선 방안의 하나로 온라인 커뮤니티 구축을 제안하는 데 그치며, 기존 커뮤니티를 분석 대상이나 창·장으로서의 역할·환경 조건으로 조명하지 않으므로 커뮤니티가 연구의 실질적 대상이 아니다. | has_community=False role_relevant=False env_relevant=False | 이 논문은 특성화고·마이스터고 대상 IP Meister 프로그램의 교육 효과와 문제점을 연구하는 것이며, 온라인 커뮤니티는 개선 방안의 하나로 '네트워크 형성을 위한 온라인 커뮤니티 구축'이라는 제안 사항으로만 언급될 뿐, 연구의 분석 대상이 아니다. | has_community=True role_relevant=False env_relevant=False | 이 논문은 특성화고·마이스터고의 IP Meister 프로그램 교육 효과와 문제점을 연구하며, 온라인 커뮤니티는 참여 학생과 전문가 간 네트워크 형성을 위한 개선 방안으로 лишь 언급될 뿐, 분석 대상이나 연구 재료로 활용되지 않으므로 역할·환경 조명 모두 해당하지 않는다.","이 논문은 IP Meister 교육 프로그램의 효과를 분석하고, 개선 방안의 하나로 온라인 커뮤니티 구축을 제안하는 데 그치며, 기존 커뮤니티를 분석 대상이나 창·장으로서의 역할·환경 조건으로 조명하지 않으므로 커뮤니티가 연구의 실질적 대상이 아니다. | 이 논문은 특성화고·마이스터고 대상 IP Meister 프로그램의 교육 효과와 문제점을 연구하는 것이며, 온라인 커뮤니티는 개선 방안의 하나로 '네트워크 형성을 위한 온라인 커뮤니티 구축'이라는 제안 사항으로만 언급될 뿐, 연구의 분석 대상이 아니다. | 이 논문은 특성화고·마이스터고의 IP Meister 프로그램 교육 효과와 문제점을 연구하며, 온라인 커뮤니티는 참여 학생과 전문가 간 네트워크 형성을 위한 개선 방안으로 лишь 언급될 뿐, 분석 대상이나 연구 재료로 활용되지 않으므로 역할·환경 조명 모두 해당하지 않는다.",True,3/3,run1:없음; run2:없음; run3:없음
ART001463636,온라인 학습 공동체(OLC)를 활용한 실과 교수­학습 활동이 아동의 자아존중감에 미치는 영향,신기철(경의초등학교),2010,한국실과교육학회지,kor,ERR,,,run1:없음; run2:없음; run3:없음,"has_community=True role_relevant=False env_relevant=False | 온라인 학습 공동체는 실과 교수-학습의 매개 수단으로 투입된 실험적 개입에 불과하며, 그 자체의 사회적 역할(창/장)이나 구조적·환경적 조건(회원제, 익명성, 운영 방침 등)이 분석 대상이 되지 않으므로 역할·환경 조명 모두 해당하지 않는다. | has_community=True role_relevant=False env_relevant=False | 온라인 학습 공동체는 교육 중재의 전달 매체로만 사용되고, 커뮤니티의 사회적 역할이나 구조적·환경적 조건이 분석 대상이 아니므로 역할·환경 조명 모두 해당하지 않는다. | has_community=True role_relevant=False env_relevant=False | 이 논문은 온라인 학습 공동체를 교수-학습 매개체(개입 수단)로 활용하여 아동 자아존중감의 변화 효과를 검증하는 실험연구이므로, 커뮤니티를 사회현상을 보여주는 창이나 자체의 사회적 역할을 분석하는 장으로 조명하지도, 구조·환경적 조건을 비교·분석하지도 않으며, 단지 교육적 개입 도구로만 기능한다.","온라인 학습 공동체는 실과 교수-학습의 매개 수단으로 투입된 실험적 개입에 불과하며, 그 자체의 사회적 역할(창/장)이나 구조적·환경적 조건(회원제, 익명성, 운영 방침 등)이 분석 대상이 되지 않으므로 역할·환경 조명 모두 해당하지 않는다. | 온라인 학습 공동체는 교육 중재의 전달 매체로만 사용되고, 커뮤니티의 사회적 역할이나 구조적·환경적 조건이 분석 대상이 아니므로 역할·환경 조명 모두 해당하지 않는다. | 이 논문은 온라인 학습 공동체를 교수-학습 매개체(개입 수단)로 활용하여 아동 자아존중감의 변화 효과를 검증하는 실험연구이므로, 커뮤니티를 사회현상을 보여주는 창이나 자체의 사회적 역할을 분석하는 장으로 조명하지도, 구조·환경적 조건을 비교·분석하지도 않으며, 단지 교육적 개입 도구로만 기능한다.",True,3/3,run1:없음; run2:없음; run3:없음
ART003092595,영어유치원 선택요인 연구 : 텍스트 네트워크 분석,정옥경(총신대학교),2024,교육문화연구,kor,OK,ROLE_WINDOW_MISC,,run1:없음; run2:없음; run3:없음,"has_community=True role_relevant=True env_relevant=False | 이 논문은 온라인 육아 커뮤니티를 영유아 부모들의 영어유치원 선택요인을 살피는 창(ROLE_WINDOW_MISC)으로 활용하여, 커뮤니티 자체의 구조적·환경적 조건(회원제, 익명성, 운영 방침 등)에 따른 차이·비교를 다루지 않으므로 env_relevant는 false이다. | has_community=True role_relevant=True env_relevant=False | 이 논문은 온라인 육아 커뮤니티의 영어유치원 관련 담론을 분석하여 영유아 부모들의 선택요인을 파악하는 데 커뮤니티를 외부 현상(부모의 교육 선택)을 보여주는 창(ROLE_WINDOW)으로 활용하고 있으나, 커뮤니티의 구조·운영방침·익명성 등 환경적 조건을 고려하지 않는다. | has_community=True role_relevant=True env_relevant=False | 이 논문은 온라인 육아 커뮤니티의 영어유치원 관련 게시글·댓글을 분석하여 영유아 부모의 유치원 선택요인을 파악하는 것으로, 커뮤니티를 외부 사회현상(영어유치원 선택 담론)을 관찰하는 '창'으로 활용하되, 커뮤니티의 구조적·환경적 조건(회원제, 익명성, 운영 방침 등)에 따른 차이·비교를 고려하지 않는다.","[ROLE] 이 논문은 온라인 육아 커뮤니티를 데이터 소스로 활용하여 영유아 부모들의 영어유치원 선택요인이라는 외부 사회현상(교육 선택 및 학부모의 교육 불안)을 살펴보는 창(WINDOW)으로 기능하므로, ROLE_WINDOW_MISC에 부여한다. | [ROLE] 이 논문은 온라인 육아 커뮤니티를 영유아 부모들의 영어유치원 선택요인이라는 외부 사회현상을 관찰하는 창(ROLE_WINDOW_MISC)으로 활용하며, 커뮤니티 공간 자체의 공론장 기능이나 이용자 간 관계적 자원 형성을 분석하는 FIELD 계열 판정은 근거가 없다. | [ROLE] 온라인 육아 커뮤니티는 그 자체의 구조나 공론장 기능이 아니라, 영유아 부모의 영어유치원 선택요인이라는 외부 사회현상(교육투자 결정)을 관찰하는 데이터 소스로 사용되므로, WINDOW_MISC로 분류된다.",True,0/3,run1:ROLE_WINDOW_MISC; run2:ROLE_WINDOW_MISC; run3:ROLE_WINDOW_MISC
ART002914733,시각장애학생 교육을 위한 온라인 실천공동체 사례 탐색 및 국내 모델 개발,박진석(이화여자대학교 특수교육연구소),2022,시각장애연구,kor,OK,ROLE_FIELD_SOCIALCAPITAL,,run1:없음; run2:없음; run3:없음,"has_community=True role_relevant=True env_relevant=False | 이 논문은 시각장애교육 실천공동체라는 온라인 커뮤니티의 전문성 향상·네트워크 형성·문제해결 등 사회적 기능(장)을 분석 대상으로 삼되, 구조적·환경적 조건에 따른 차이 비교나 운영 방침의 분석이 아니라 웹사이트 개발·구축을 목적으로 하므로 env_relevant는 false이다. | has_community=True role_relevant=True env_relevant=False | 이 논문은 시각장애교육 온라인 실천공동체를 전문성 향상·네트워크 형성·지식 공유를 실현하는 '장'으로서 분석·개발하는 것이므로 role_relevant이되, '자율적 참여'나 '의사소통 기능'은 웹사이트 구축의 설계 사양으로 제시될 뿐 회원제·익명성·운영 방침 등 구조적 조건에 따른 차이·비교·변화를 분석하지 않으므로 env_relevant는 아니다. | has_community=True role_relevant=True env_relevant=False | 이 논문은 미국 시각장애교육 온라인 실천공동체의 목적·내용요소·의사소통 기능을 분석하여 국내 웹사이트 '캐치비에듀'를 개발하는 것을 목적으로 하므로, 온라인 커뮤니티는 전문가 네트워크 형성 및 전문성 향상이라는 사회적 기능을 수행하는 '장'(ROLE_FIELD)으로 조명되나, 회원제·익명성·운영제재 등 구조적·환경적 조건에 따른 차이·비교·변화를 분석하지는 않으므로 env_relevant는 false이다.","[ROLE] 이 논문은 시각장애교육 분야 온라인 실천공동체의 네트워크 형성·상호작용·참여·확장 등 이용자 간 관계적 자원 구축을 분석·개발 대상으로 삼아, 커뮤니티 공간 자체가 전문적 협업과 연대를 가능하게 하는 장(ROLE_FIELD_SOCIALCAPITAL)으로서의 역할을 조명한다. | [ROLE] 본 연구는 시각장애교육 전문직을 위한 온라인 실천공동체(캐치비에듀)의 내용요소·의사소통 기능을 분석·개발하는 개발연구로, 커뮤니티 공간 안에서 이용자 간 네트워크 형성·상호작용·자율적 참여라는 관계적 자원 형성을 핵심 목표로 삼아 장(FIELD)으로서의 역할을 조명하나, 공론장 검증이나 외부 사회현상 포착의 성격은 강하지 않다. | [ROLE] 본 연구는 미국 온라인 실천공동체의 내용·의사소통 기능을 분석하여 국내 시각장애교육용 웹사이트를 개발하는 개발연구이므로, 네트워크 형성·참여·상호작용 등 관계적 자원 개념이 설계 목표로 언급되지만 그 형성·효과를 실제로 분석·검증하지는 않으며, 6개 코드 중 어느 것도 0.5 이상을 충족하지 못한다.",False,1/3,run1:ROLE_FIELD_SOCIALCAPITAL; run2:ROLE_FIELD_SOCIALCAPITAL; run3:없음
ART002938692,초등 예비교사가 제작한 과학교육용 앱의 특징과 앱 제작 교육에 대한 초등교사의 생각,나지연(춘천교육대학교),2023,초등과학교육,kor,ERR,,,run1:없음; run2:없음; run3:없음,"has_community=False role_relevant=False env_relevant=False | 이 논문은 초등 예비교사들이 제작한 앱의 특징과 TPACK 교육에 대한 초등교사의 생각을 분석하는 교육공학 연구로, 온라인 커뮤니티를 분석 대상이나 연구 재료로 삼지 않는다. | has_community=True role_relevant=False env_relevant=False | 이 논문은 초등 예비교사의 앱 제작 및 TPACK 교육에 관한 연구로, 온라인 커뮤니티를 분석 대상이나 연구 재료로 삼지 않으며, 커뮤니티의 역할이나 환경 조건도 고려하지 않는다. | has_community=True role_relevant=False env_relevant=False | 이 논문은 초등 예비교사들의 앱 제작 경험과 초등교사의 TPACK 교육 생각을 분석하는 연구로, 앱 인벤터 등 교육용 앱 개발 도구를 다루고 있으나, 공통 관심사나 목적을 가진 사용자가 지속적으로 상호작용하며 정보를 공유하고 관계를 형성하는 온라인 커뮤니티를 분석 대상으로 삼지 않으므로 커뮤니티 존재 여부가 성립하지 않는다.","이 논문은 초등 예비교사들이 제작한 앱의 특징과 TPACK 교육에 대한 초등교사의 생각을 분석하는 교육공학 연구로, 온라인 커뮤니티를 분석 대상이나 연구 재료로 삼지 않는다. | 이 논문은 초등 예비교사의 앱 제작 및 TPACK 교육에 관한 연구로, 온라인 커뮤니티를 분석 대상이나 연구 재료로 삼지 않으며, 커뮤니티의 역할이나 환경 조건도 고려하지 않는다. | 이 논문은 초등 예비교사들의 앱 제작 경험과 초등교사의 TPACK 교육 생각을 분석하는 연구로, 앱 인벤터 등 교육용 앱 개발 도구를 다루고 있으나, 공통 관심사나 목적을 가진 사용자가 지속적으로 상호작용하며 정보를 공유하고 관계를 형성하는 온라인 커뮤니티를 분석 대상으로 삼지 않으므로 커뮤니티 존재 여부가 성립하지 않는다.",True,3/3,run1:없음; run2:없음; run3:없음
ART002689199,발명체험교육관의 심화 체험 발명교육 프로그램 개발과 활용 방안 연구,최유현(충남대학교),2021,실과교육연구,kor,ERR,,,run1:없음; run2:없음; run3:없음,"has_community=False role_relevant=False env_relevant=False | 이 논문은 발명체험교육관의 교육 프로그램 개발을 다루며, 온라인 커뮤니티를 분석 대상이나 연구 재료로 삼지 않으므로 커뮤니티 존재 여부를 인정할 수 없다. | has_community=False role_relevant=False env_relevant=False | 이 논문은 발명체험교육관의 교육 프로그램 개발과 활용 방안 제안을 목적으로 하며, 설문조사·공감 인터뷰·전문가 협의회 등은 단순한 자료 수집 수단일 뿐 온라인 커뮤니티를 분석 대상이나 연구 재료로 삼지 않으므로 커뮤니티 존재 여부가 성립하지 않는다. | has_community=True role_relevant=False env_relevant=False | 이 논문은 발명체험교육관의 심화 체험 발명교육 프로그램 개발 및 활용 방안 제안을 목적으로 하며, 온라인 커뮤니티를 분석 대상이나 연구 재료로 활용하지 않으므로 커뮤니티 존재 여부 자체가 성립하지 않는다.","이 논문은 발명체험교육관의 교육 프로그램 개발을 다루며, 온라인 커뮤니티를 분석 대상이나 연구 재료로 삼지 않으므로 커뮤니티 존재 여부를 인정할 수 없다. | 이 논문은 발명체험교육관의 교육 프로그램 개발과 활용 방안 제안을 목적으로 하며, 설문조사·공감 인터뷰·전문가 협의회 등은 단순한 자료 수집 수단일 뿐 온라인 커뮤니티를 분석 대상이나 연구 재료로 삼지 않으므로 커뮤니티 존재 여부가 성립하지 않는다. | 이 논문은 발명체험교육관의 심화 체험 발명교육 프로그램 개발 및 활용 방안 제안을 목적으로 하며, 온라인 커뮤니티를 분석 대상이나 연구 재료로 활용하지 않으므로 커뮤니티 존재 여부 자체가 성립하지 않는다.",True,3/3,run1:없음; run2:없음; run3:없음
ART002914262,"메타버스 직업 인식과 일반적 특성에 따른 진로준비행동, 진로유연성, 진로정체감의 차이: 온라인 커뮤니티 이용자 중심으로",박완성(삼육대학교),2022,직업교육연구,kor,ERR,,,run1:없음; run2:없음; run3:없음,"has_community=False role_relevant=False env_relevant=False | 이 논문은 '온라인 커뮤니티 이용자'를 메타버스 직업 인식·진로 관련 설문 응답자의 모집단으로만 활용하고 있을 뿐, 커뮤니티 자체를 분석 대상의 공간·구조·역할로 삼지 않으므로, 온라인 커뮤니티는 단지 설문 대상 모집 통로에 불과하다. | has_community=False role_relevant=False env_relevant=False | 이 논문은 '온라인 커뮤니티 이용자'를 메타버스 직업 인식 설문조사의 표본 모집 통로로만 활용하며, 커뮤니티 자체의 구조·상호작용·사회적 역할이나 운영 조건을 분석 대상으로 삼지 않는다. | has_community=False role_relevant=False env_relevant=False | 이 논문은 메타버스 직업 인식과 진로준비행동을 조사하기 위해 '온라인 커뮤니티 이용자'를 설문 응답자의 모집단 범주로만 활용하고, 커뮤니티의 상호작용·정보공유·관계 형성 등 구조적 특성을 분석 대상 삼지 않으므로 커뮤니티 존재 여부 자체를 부정한다.","이 논문은 '온라인 커뮤니티 이용자'를 메타버스 직업 인식·진로 관련 설문 응답자의 모집단으로만 활용하고 있을 뿐, 커뮤니티 자체를 분석 대상의 공간·구조·역할로 삼지 않으므로, 온라인 커뮤니티는 단지 설문 대상 모집 통로에 불과하다. | 이 논문은 '온라인 커뮤니티 이용자'를 메타버스 직업 인식 설문조사의 표본 모집 통로로만 활용하며, 커뮤니티 자체의 구조·상호작용·사회적 역할이나 운영 조건을 분석 대상으로 삼지 않는다. | 이 논문은 메타버스 직업 인식과 진로준비행동을 조사하기 위해 '온라인 커뮤니티 이용자'를 설문 응답자의 모집단 범주로만 활용하고, 커뮤니티의 상호작용·정보공유·관계 형성 등 구조적 특성을 분석 대상 삼지 않으므로 커뮤니티 존재 여부 자체를 부정한다.",True,3/3,run1:없음; run2:없음; run3:없음
ART003016994,소셜 빅데이터로 알아본 소아청소년과에 대한 인식,박유경(뉴욕주립대학교),2023,아동과 권리,kor,ERR,,,run1:없음; run2:없음; run3:없음,"has_community=False role_relevant=False env_relevant=False | 이 논문은 소아청소년과에 대한 양육자 인식을 토픽으로 발견하기 위해 온라인 커뮤니티 게시물을 텍스트 마이닝의 원자료로만 활용하며, 커뮤니티 자체의 구조·역할·운영 조건을 분석 대상이나 비교 변수로 삼지 않으므로 커뮤니티는 연구의 재료가 될 뿐 분석 대상이 아니다. | has_community=True role_relevant=True env_relevant=False | 이 논문은 양육자의 소아청소년과 인식을 발견하기 위해 온라인 커뮤니티(블로그·카페) 게시물을 텍스트 마이닝하여 분석하므로, 커뮤니티를 외부 사회현상(양육자 인식)을 보여주는 창(ROLE_WINDOW)으로 활용하나, 채널 간 토픽 차이를 언급하되 회원제·익명성·운영 방침 등 커뮤니티의 구조적·환경적 조건에 따른 차이나 비교를 분석하지 않으므로 env_relevant는 false이다. | has_community=True role_relevant=False env_relevant=False | 이 논문은 소아청소년과 인식의 토픽을 발견하기 위해 온라인 커뮤니티(블로그·카페) 게시물을 텍스트 마이닝의 데이터 소스로만 활용하며, 커뮤니티 자체를 사회현상을 보여주는 '창'이나 그 공간의 사회적 역할을 분석하는 '장'으로 조명하지도, 플랫폼 간 구조적·환경적 조건(회원제, 익명성, 운영 방식 등)에 따른 차이·비교를 분석하지도 않으므로 역할·환경 조명 모두 해당하지 않는다.","이 논문은 소아청소년과에 대한 양육자 인식을 토픽으로 발견하기 위해 온라인 커뮤니티 게시물을 텍스트 마이닝의 원자료로만 활용하며, 커뮤니티 자체의 구조·역할·운영 조건을 분석 대상이나 비교 변수로 삼지 않으므로 커뮤니티는 연구의 재료가 될 뿐 분석 대상이 아니다. | [ROLE] 본 논문은 온라인 커뮤니티를 소아청소년과에 대한 양육자 인식이라는 외부 의료·서비스 현상을 포착하는 창(Window)으로 활용하며, 커뮤니티 자체의 공론장 기능이나 관계적 자원 형장을 분석하지 않으므로 WINDOW_MISC가 부여된다. | 이 논문은 소아청소년과 인식의 토픽을 발견하기 위해 온라인 커뮤니티(블로그·카페) 게시물을 텍스트 마이닝의 데이터 소스로만 활용하며, 커뮤니티 자체를 사회현상을 보여주는 '창'이나 그 공간의 사회적 역할을 분석하는 '장'으로 조명하지도, 플랫폼 간 구조적·환경적 조건(회원제, 익명성, 운영 방식 등)에 따른 차이·비교를 분석하지도 않으므로 역할·환경 조명 모두 해당하지 않는다.",False,2/3,run1:없음; run2:ROLE_WINDOW_MISC; run3:없음
ART003018304,온라인 교사커뮤니티의 운영형태별 활용목적에 대하여 초등교사가 인식하는 중요도와 실행도 분석,이서교(고려대학교),2023,초등교육연구,kor,OK,ROLE_FIELD_SOCIALCAPITAL,,run1:없음; run2:없음; run3:없음,"has_community=True role_relevant=True env_relevant=True | 이 논문은 온라인 교사커뮤니티의 사회적 기능(자료 공유, 친목 도모, 교사 연결망 형성)을 분석 대상으로 삼아(장), 운영형태에 따라 교사의 중요도·실행도 인식과 요구도에 유의한 차이가 있음을 비교·확인함으로써 커뮤니티의 구조적·운영적 조건에 따른 차이를 고려한다(ENV). | has_community=True role_relevant=True env_relevant=True | 이 논문은 온라인 교사커뮤니티의 자료 공유·친목·연결망 형성 등 사회적 역할(장)을 분석 대상으로 삼고, 운영형태에 따른 중요도·실행도·요구도 차이를 확인함으로써 커뮤니티의 구조적 환경 조건에 따른 비교를 포함한다. | has_community=True role_relevant=True env_relevant=True | 이 논문은 온라인 교사커뮤니티가 교사 간 친목·자료 공유·연결망 형성이라는 사회적 역할을 수행하는 장(ROLE_FIELD)으로서 분석 대상이며, 동시에 운영형태에 따라 교사의 중요도·실행도 인식과 요구도에 유의한 차이가 나타난다는 비교를 통해 커뮤니티의 구조적·환경적 조건(ENV_COMMUNITY_GOVERNANCE)을 고려하고 있다.","[ROLE] 본 논문은 온라인 교사커뮤니티라는 공간 자체의 기능(자료 공유, 교사 연결망 형성, 친목)을 중심으로 운영형태별 중요도·실행도 인식을 조사하는 것이므로, 커뮤니티 공간 안의 이용자 간 관계적 자원(네트워크·공유·연대) 형성을 다루는 FIELD 계열의 SOCIALCAPITAL에 소폭 부여하되, 공론장 검증이나 외부 사회현상 창으로서의 WINDOW 코드는 해당하지 않는다. | [ENV] 본 연구는 초등교사의 온라인 교사커뮤니티에 대한 중요도·실행도 인식과 요구도를 조사하는 것으로, '운영형태'에 따른 인식 차이를 언급하되 회원제·운영자 권한·생애주기·익명성 수준 중 어느 하나의 구조적 조건을 독립 변수로 비교·분석하지 않으므로 네 코드 모두 미부여한다. | [ROLE] 이 논문은 온라인 교사커뮤니티라는 공간 자체의 기능(친목, 자료 공유, 교사 연결망 형성)과 운영 형태에 따른 이용자 인식을 실태조사하는 것으로, 이용자 간 관계적 자원(공유·연결망)의 존재와 실행 수준을 다루되 공론장·갈등·혐오 등 다른 코드와 무관하다. | [ENV] 본 연구는 초등교사 236명을 대상으로 온라인 교사커뮤니티의 중요도·실행도를 조사한 횡단면 설문 연구로서, '운영형태에 따라 인식 차이'를 보고하지만 회원제·등급·운영자 권한·생애주기·익명성 등 4개 ENV 코드가 요구하는 구체적 구조적 조건에 대한 비교·분석을 수행하지 않으므로 전부 미부여로 판단한다. | [ROLE] 본 연구는 온라인 교사커뮤니티라는 공간 자체의 기능(친목 도모, 자료 공유, 교사 연결망 형성)을 중요도·실행도 기준으로 측정하므로, 외부 현상을 비추는 창이 아니라 이용자 간 관계적 자원(네트워크·공유·연대)의 존재와 충족 여부를 다루는 장으로서의 역할에 해당한다. | [ENV] 본 연구는 초등교사 236명을 대상으로 온라인 교사커뮤니티의 기대수준(중요도)과 실행도, 요구도를 설문조사한 것으로, '운영형태'를 분류 변수로 활용하긴 하나 커뮤니티의 운영체계·회원제·생애주기·익명성 중 어느 하나를 분석 대상으로 삼지 않으므로 4개 ENV 코드 모두 미부여이다.",True,0/3,run1:ROLE_FIELD_SOCIALCAPITAL; run2:ROLE_FIELD_SOCIALCAPITAL; run3:ROLE_FIELD_SOCIALCAPITAL
ART003154341,유아대상 영어학원에 자녀를 보내는 어머니의 경험 및 인식,김희진(이화여자대학교 유아교육과),2024,영유아교육: 이론과 실천,kor,ERR,,,run1:없음; run2:없음; run3:없음,"has_community=False role_relevant=False env_relevant=False | 이 논문은 유아대상 영어학원 선택에 따른 어머니의 경험·인식을 분석하는 연구로, 온라인 커뮤니티는 어머니가 학원 정보를 얻는 통로 중 하나로 잠깐 언급될 뿐, 커뮤니티 자체의 구조·역할·환경 조건을 분석 대상으로 삼지 않는다. | has_community=False role_relevant=False env_relevant=False | 온라인 커뮤니티는 유아대상 영어학원 선택 시 어머니들이 정보를 얻는 통로 중 하나로 일회적으로 언급될 뿐, 커뮤니티의 구조·역할·운영 방식을 분석 대상으로 삼지 않으므로 연구 대상 커뮤니티가 존재하지 않는다. | has_community=False role_relevant=False env_relevant=False | 이 논문은 유아대상 영어학원 선택의 이유와 어머니의 인식·경험을 연구하는 것으로, 온라인 커뮤니티는 어머니들이 학원 정보를 얻는 통로로 잠깐 언급될 뿐 분석 대상이 아니며 커뮤니티의 사회적 역할이나 구조적 조건도 검토되지 않는다.","이 논문은 유아대상 영어학원 선택에 따른 어머니의 경험·인식을 분석하는 연구로, 온라인 커뮤니티는 어머니가 학원 정보를 얻는 통로 중 하나로 잠깐 언급될 뿐, 커뮤니티 자체의 구조·역할·환경 조건을 분석 대상으로 삼지 않는다. | 온라인 커뮤니티는 유아대상 영어학원 선택 시 어머니들이 정보를 얻는 통로 중 하나로 일회적으로 언급될 뿐, 커뮤니티의 구조·역할·운영 방식을 분석 대상으로 삼지 않으므로 연구 대상 커뮤니티가 존재하지 않는다. | 이 논문은 유아대상 영어학원 선택의 이유와 어머니의 인식·경험을 연구하는 것으로, 온라인 커뮤니티는 어머니들이 학원 정보를 얻는 통로로 잠깐 언급될 뿐 분석 대상이 아니며 커뮤니티의 사회적 역할이나 구조적 조건도 검토되지 않는다.",True,3/3,run1:없음; run2:없음; run3:없음
ART003249695,인스타그램 관계망이 초등 교사의 교육 실천에 미치는 영향에 대한 행위자-네트워크 분석,신은하(전북대학교),2025,한국교원교육연구,kor,ERR,,,run1:없음; run2:없음; run3:없음,"has_community=True role_relevant=False env_relevant=False | 이 논문은 인스타그램 교사 인플루언서와 초등 교사 간 네트워크를 ANT로 분석하는 것이 주된 대상이고, 온라인 커뮤니티 게시글·댓글은 심층면담·뉴스 기사와 함께 보조적 자료 수집 통로로만 활용되며, 커뮤니티를 창·장으로 조명하거나 그 구조적·환경적 조건을 고려하지 않는다. | has_community=False role_relevant=False env_relevant=False | 이 논문의 주된 분석 대상은 인스타그램에서 교사 인플루언서의 일방향 콘텐츠가 일반 교사의 교육 실천에 미치는 영향이며, 온라인 커뮤니티 게시글은 보조 자료로만 수집되었을 뿐 커뮤니티 내부의 상호작용·관계 형성·공유 구조 자체가 분석 대상이 아니므로 온라인 커뮤니티를 연구 대상으로는 삼지 않는다. | has_community=True role_relevant=False env_relevant=False | 온라인 커뮤니티 게시글과 댓글은 인스타그램-교사 네트워크 분석의 보조 자료로만 수집·언급될 뿐, 커뮤니티 자체의 창·장 역할이나 구조적·환경적 조건을 분석 대상으로 삼지 않으므로 커뮤니티 존재는 인정되나 role·env 모두 해당하지 않는다.","이 논문은 인스타그램 교사 인플루언서와 초등 교사 간 네트워크를 ANT로 분석하는 것이 주된 대상이고, 온라인 커뮤니티 게시글·댓글은 심층면담·뉴스 기사와 함께 보조적 자료 수집 통로로만 활용되며, 커뮤니티를 창·장으로 조명하거나 그 구조적·환경적 조건을 고려하지 않는다. | 이 논문의 주된 분석 대상은 인스타그램에서 교사 인플루언서의 일방향 콘텐츠가 일반 교사의 교육 실천에 미치는 영향이며, 온라인 커뮤니티 게시글은 보조 자료로만 수집되었을 뿐 커뮤니티 내부의 상호작용·관계 형성·공유 구조 자체가 분석 대상이 아니므로 온라인 커뮤니티를 연구 대상으로는 삼지 않는다. | 온라인 커뮤니티 게시글과 댓글은 인스타그램-교사 네트워크 분석의 보조 자료로만 수집·언급될 뿐, 커뮤니티 자체의 창·장 역할이나 구조적·환경적 조건을 분석 대상으로 삼지 않으므로 커뮤니티 존재는 인정되나 role·env 모두 해당하지 않는다.",True,3/3,run1:없음; run2:없음; run3:없음
ART001066515,10대 학생들을 위한 온라인 학습 커뮤니티 설계 및 개발,조미헌(청주교육대학교 컴퓨터교육과),2007,정보교육학회논문지,kor,ERR,,,run1:없음; run2:없음; run3:없음,"has_community=True role_relevant=True env_relevant=False | 이 논문은 10대 학생들의 온라인 커뮤니티 참여가 사회성 경험·자아 탐색이라는 사회적 역할을 수행하는 '장'으로서 조명하되, 회원제·익명성·생애주기 등 구조적·환경적 조건에 따른 차이·비교를 분석하지 않고 새로운 학습 커뮤니티를 설계·개발하는 데 초점을 두고 있으므로 env는 해당하지 않는다. | has_community=True role_relevant=False env_relevant=False | 이 논문은 10대 학생을 위한 온라인 학습 커뮤니티를 설계·개발하는 것이 주 목적이며, 커뮤니티 내 공간 구성(알림방, 이벤트홀, 아바타 등)은 설계 사양으로서 제시될 뿐, 커뮤니티의 사회적 역할(창/장)을 분석하거나 구조적·환경적 조건에 따른 차이·비교·변화를 탐구하지 않으므로 role·env 모두 해당하지 않는다. | has_community=True role_relevant=True env_relevant=False | 이 논문은 10대 학생의 온라인 학습 커뮤니티를 설계·개발하는 연구로, 커뮤니티를 학습과 사회성 경험의 '장'으로서의 사회적 역할을 조명하지만, 회원제·제재·익명성 등 구조적·환경적 조건에 따른 차이·비교·변화를 분석하지 않으므로 env_relevant는 false이다.","[ROLE] 본 논문은 10대 학생을 위한 온라인 학습 커뮤니티의 설계·개발에 초점을 두며, 커뮤니티 공간 안에서 사회성 경험·공동체 활동·배려와 관심 등 관계적 측면을 다루고 있으나 공론장 검증이나 외부 사회현상 포착의 성격이 약하여, FIELD 계열 중 SOCIALCAPITAL에 한계적으로 부여한다. | 이 논문은 10대 학생을 위한 온라인 학습 커뮤니티를 설계·개발하는 것이 주 목적이며, 커뮤니티 내 공간 구성(알림방, 이벤트홀, 아바타 등)은 설계 사양으로서 제시될 뿐, 커뮤니티의 사회적 역할(창/장)을 분석하거나 구조적·환경적 조건에 따른 차이·비교·변화를 탐구하지 않으므로 role·env 모두 해당하지 않는다. | [ROLE] 본 연구는 10대 학생을 위한 온라인 학습 커뮤니티의 설계·개발에 초점을 둔 논문으로, '사회성 경험'이나 '가치관 혼란'을 언급하지만 이용자 간 관계적 자원 형성의 실제 검증이나 외부 사회현상 포착이 아니라 커뮤니티 설계의 동기·구조 서술에 그쳐 6개 코드 중 어느 하나도 0.5를 넘기지 못한다.",False,2/3,run1:ROLE_FIELD_SOCIALCAPITAL; run2:없음; run3:없음
ART002561895,초등학교 어린이를 위한 성미디어 리터러시 교육 사례와 수업안: ‘마이팝스튜디오 모델’의 평가기준을 중심으로,고동연(명지대학교 미술사학과),2020,미술교육연구논총,kor,ERR,,,run1:없음; run2:없음; run3:없음,"has_community=True role_relevant=False env_relevant=False | 이 논문은 초등학교 대상 성평등 미디어 리터러시 수업 개발을 목적으로 하며, '온라인 커뮤니티에서 참여'는 미디어 교육의 세 가지 전략 중 하나로 잠깐 언급될 뿐, 특정 온라인 커뮤니티를 분석 대상이나 연구 자료로 삼지 않으므로 커뮤니티 존재는 인정하되 역할·환경 조명 모두 해당하지 않는다. | has_community=True role_relevant=False env_relevant=False | 이 논문은 초등학교 대상 성평등 미디어 리터러시 수업 개발이 목적이며, '온라인 커뮤니티에서 참여'는 교육 전략의 한 항목으로 개념적으로 언급될 뿐, 특정 온라인 커뮤니티를 분석 대상으로 삼지 않으므로 커뮤니티 존재는 인정되나 역할·환경 조명 모두 해당하지 않는다. | has_community=True role_relevant=False env_relevant=False | 이 논문은 초등학교 대상 성평등 미디어 리터러시 수업계획안 개발을 목적으로 하며, '온라인 커뮤니티에서 참여'는 템플대학 프로그램의 교육 효과 도표에서 추출한 세 가지 전략 중 하나의 개념으로만 언급될 뿐, 구체적인 온라인 커뮤니티를 분석 대상으로 삼지 않으므로 운영 조건이나 사회적 역할을 조명하지 않는다.","이 논문은 초등학교 대상 성평등 미디어 리터러시 수업 개발을 목적으로 하며, '온라인 커뮤니티에서 참여'는 미디어 교육의 세 가지 전략 중 하나로 잠깐 언급될 뿐, 특정 온라인 커뮤니티를 분석 대상이나 연구 자료로 삼지 않으므로 커뮤니티 존재는 인정하되 역할·환경 조명 모두 해당하지 않는다. | 이 논문은 초등학교 대상 성평등 미디어 리터러시 수업 개발이 목적이며, '온라인 커뮤니티에서 참여'는 교육 전략의 한 항목으로 개념적으로 언급될 뿐, 특정 온라인 커뮤니티를 분석 대상으로 삼지 않으므로 커뮤니티 존재는 인정되나 역할·환경 조명 모두 해당하지 않는다. | 이 논문은 초등학교 대상 성평등 미디어 리터러시 수업계획안 개발을 목적으로 하며, '온라인 커뮤니티에서 참여'는 템플대학 프로그램의 교육 효과 도표에서 추출한 세 가지 전략 중 하나의 개념으로만 언급될 뿐, 구체적인 온라인 커뮤니티를 분석 대상으로 삼지 않으므로 운영 조건이나 사회적 역할을 조명하지 않는다.",True,3/3,run1:없음; run2:없음; run3:없음
ART002319597,Humhub 소셜네트워크 소프트웨어를 사용한 온라인 학습 커뮤니티 구축 방안,박종대(배재대학교),2018,정보교육학회논문지,kor,ERR,,,run1:없음; run2:없음; run3:없음,"has_community=True role_relevant=False env_relevant=False | 이 논문은 Humhub 기반 온라인 학습 커뮤니티 사이트를 구축하고 그룹 내 질의응답·수식 입력 기능 등 플랫폼의 기술적 개발과 교육적 활용 가능성을 기술하는 시스템 구축 논문으로, 온라인 커뮤니티를 분석 대상으로 삼기보다는 그 자체를 연구 산출물(도구)로 만들고 있으므로 커뮤니티의 사회적 역할이나 환경적 조건을 조명하지 않는다. | has_community=True role_relevant=False env_relevant=False | 이 논문은 Humhub 기반 온라인 학습 커뮤니티 사이트의 구축과 기능(질의응답, 수식 입력, 지식 축적)을 제시하는 시스템 개발·적용 연구로서, 커뮤니티가 창이나 장으로서의 사회적 역할을 분석하거나 운영·구조적 환경 조건을 비교·고찰하지 않고 플랫폼 자체의 기술적 구현과 교육 활용 가능성만 서술하므로 role·env 모두 해당하지 않는다. | has_community=True role_relevant=False env_relevant=False | 이 논문은 Humhub 기반 온라인 학습 커뮤니티 사이트의 구축과 기능(질의응답, 수식 입력) 개발을 중심으로 한 플랫폼 구현 연구로서, 커뮤니티의 사회적 역할을 창 또는 장으로 조명하지도, 운영·구조적 조건에 따른 차이나 변화를 분석하지도 않으므로 role·env 모두 해당하지 않는다.","이 논문은 Humhub 기반 온라인 학습 커뮤니티 사이트를 구축하고 그룹 내 질의응답·수식 입력 기능 등 플랫폼의 기술적 개발과 교육적 활용 가능성을 기술하는 시스템 구축 논문으로, 온라인 커뮤니티를 분석 대상으로 삼기보다는 그 자체를 연구 산출물(도구)로 만들고 있으므로 커뮤니티의 사회적 역할이나 환경적 조건을 조명하지 않는다. | 이 논문은 Humhub 기반 온라인 학습 커뮤니티 사이트의 구축과 기능(질의응답, 수식 입력, 지식 축적)을 제시하는 시스템 개발·적용 연구로서, 커뮤니티가 창이나 장으로서의 사회적 역할을 분석하거나 운영·구조적 환경 조건을 비교·고찰하지 않고 플랫폼 자체의 기술적 구현과 교육 활용 가능성만 서술하므로 role·env 모두 해당하지 않는다. | 이 논문은 Humhub 기반 온라인 학습 커뮤니티 사이트의 구축과 기능(질의응답, 수식 입력) 개발을 중심으로 한 플랫폼 구현 연구로서, 커뮤니티의 사회적 역할을 창 또는 장으로 조명하지도, 운영·구조적 조건에 따른 차이나 변화를 분석하지도 않으므로 role·env 모두 해당하지 않는다.",True,3/3,run1:없음; run2:없음; run3:없음
ART003093799,‘엄마표 영어’담론 분석:토픽모델링과 감성분석의 적용,정옥경(총신대학교),2024,한국유아교육연구,kor,OK,ROLE_WINDOW_MISC,,run1:없음; run2:없음; run3:없음,"has_community=True role_relevant=False env_relevant=False | 이 논문은 온라인 육아 커뮤니티의 게시글을 단순히 추출·분석하는 데이터 소스(재료)로만 활용하여 '엄마표 영어 담론'의 주제와 감성을 탐색할 뿐, 커뮤니티의 사회적 역할(창/장)이나 구조적·환경적 조건을 분석 대상으로 삼지 않는다. | has_community=True role_relevant=True env_relevant=False | 이 논문은 온라인 육아 커뮤니티의 게시글을 데이터로 삼아 엄마표 영어 담론의 주제와 감성을 분석함으로써, 커뮤니티를 부모의 영어교육 실천과 연대라는 외부 사회현상을 관찰하는 창(ROLE)으로 활용하지만, 커뮤니티의 구조적·환경적 조건에 따른 차이·비교·변화에는 전혀 다루지 않는다. | has_community=True role_relevant=True env_relevant=False | 이 논문은 온라인 육아 커뮤니티의 게시글을 데이터로 활용하여 엄마표 영어 담론의 주제와 감성을 분석함으로써, 부모의 영어교육 실천이라는 외부 사회현상을 보여주는 창(ROLE_WINDOW)으로 커뮤니티를 활용하나, 커뮤니티의 회원제·익명성·운영 방침·생애주기 등 구조적·환경적 조건에 대한 고려는 없다.","이 논문은 온라인 육아 커뮤니티의 게시글을 단순히 추출·분석하는 데이터 소스(재료)로만 활용하여 '엄마표 영어 담론'의 주제와 감성을 탐색할 뿐, 커뮤니티의 사회적 역할(창/장)이나 구조적·환경적 조건을 분석 대상으로 삼지 않는다. | [ROLE] 온라인 육아 커뮤니티를 데이터 소스로만 활용하여 '엄마표 영어'라는 오프라인에도 존재하는 유아 영어교육 담론을 토픽모델링·감성분석으로 분류하는 연구이므로, 커뮤니티 공간 자체의 역할이 아니라 외부 사회현상(유아 영어교육 실천)을 보여주는 창(MISC)으로 기능한다. | [ROLE] 본 연구는 온라인 육아 커뮤니티를 '엄마표 영어'라는 부모(특히 어머니)의 자녀 영어교육 실천이라는 외부 사회현상을 조망하는 창으로 사용하며, 토픽모델링과 감성분석을 통해 교육적 고민·연대·지도법·자료라는 담론 주제를 도출하는 데 그치므로, 커뮤니티 공간 자체의 공론장 기능이나 이용자 간 관계적 자원 형성을 직접 검증하는 FIELD 계열이 아닌 WINDOW_MISC에 해당한다.",False,1/3,run1:없음; run2:ROLE_WINDOW_MISC; run3:ROLE_WINDOW_MISC
ART003158146,앱 인벤터를 활용한 문제해결학습 능력 향상 교육 프로그램 제안에 관한 연구,임소현(종덕 초등학교),2024,지능정보융합과 미래교육,kor,ERR,,,run1:없음; run2:없음; run3:없음,"has_community=True role_relevant=False env_relevant=False | 이 논문은 앱 인벤터, 마이크로비트 등 피지컬 컴퓨팅 도구를 활용한 학급 경영 문제해결 교육 프로그램의 개발을 다루며, 온라인 커뮤니티를 분석 대상으로 삼지 않으므로 has_community는 true이나 역할·환경 조명 모두 해당하지 않는다. | has_community=False role_relevant=False env_relevant=False | 이 논문은 앱 인벤터와 피지컬 컴퓨팅 도구를 활용한 학생 대상 문제해결 학습 프로그램 고안이 목적이며, 공통 관심사를 가진 사용자가 지속적 상호작용을 하는 온라인 커뮤니티를 분석 대상으로 삼지 않는다. | has_community=True role_relevant=False env_relevant=False | 이 논문은 앱 인벤터와 피지컬 컴퓨팅 도구를 활용한 학생 대상 문제해결 학습 프로그램 고안을 다루며, 온라인 커뮤니티를 분석 대상으로 삼지 않으므로 커뮤니티 존재 여부가 성립하지 않는다.","이 논문은 앱 인벤터, 마이크로비트 등 피지컬 컴퓨팅 도구를 활용한 학급 경영 문제해결 교육 프로그램의 개발을 다루며, 온라인 커뮤니티를 분석 대상으로 삼지 않으므로 has_community는 true이나 역할·환경 조명 모두 해당하지 않는다. | 이 논문은 앱 인벤터와 피지컬 컴퓨팅 도구를 활용한 학생 대상 문제해결 학습 프로그램 고안이 목적이며, 공통 관심사를 가진 사용자가 지속적 상호작용을 하는 온라인 커뮤니티를 분석 대상으로 삼지 않는다. | 이 논문은 앱 인벤터와 피지컬 컴퓨팅 도구를 활용한 학생 대상 문제해결 학습 프로그램 고안을 다루며, 온라인 커뮤니티를 분석 대상으로 삼지 않으므로 커뮤니티 존재 여부가 성립하지 않는다.",True,3/3,run1:없음; run2:없음; run3:없음
ART002847532,한글 문해 앱(App) 제작에 기반한 스마트폰 교육프로그램 개발과 활용 가능성 탐색,이안(경희대학교),2022,학습자중심교과교육연구,kor,ERR,,,run1:없음; run2:없음; run3:없음,"has_community=True role_relevant=False env_relevant=False | 이 논문은 한글 문해 학습자를 위한 스마트폰 앱 제작과 교육 프로그램 개발을 다루며, 온라인 커뮤니티를 분석 대상으로 삼지 않으므로 커뮤니티 존재 여부가 성립하지 않는다. | has_community=True role_relevant=False env_relevant=False | 이 논문은 한글 문해학습자를 위한 앱 제작 및 스마트폰 교육 프로그램 개발을 다루며, 온라인 커뮤니티를 분석 대상이나 연구 재료로 활용하지 않으므로 커뮤니티가 존재하지 않는다. | has_community=True role_relevant=False env_relevant=False | 이 논문은 한글 문해학습자 6명을 대상으로 앱 제작 기반 학습 프로그램을 개발하는 실행연구이며, 여기서 '집단'은 평생교육 현장의 소규모 학습 모임이지 공통 관심사를 가진 사용자가 지속적으로 상호작용하는 디지털 공간인 온라인 커뮤니티가 아니므로 커뮤니티 분석 대상이 아니다.","이 논문은 한글 문해 학습자를 위한 스마트폰 앱 제작과 교육 프로그램 개발을 다루며, 온라인 커뮤니티를 분석 대상으로 삼지 않으므로 커뮤니티 존재 여부가 성립하지 않는다. | 이 논문은 한글 문해학습자를 위한 앱 제작 및 스마트폰 교육 프로그램 개발을 다루며, 온라인 커뮤니티를 분석 대상이나 연구 재료로 활용하지 않으므로 커뮤니티가 존재하지 않는다. | 이 논문은 한글 문해학습자 6명을 대상으로 앱 제작 기반 학습 프로그램을 개발하는 실행연구이며, 여기서 '집단'은 평생교육 현장의 소규모 학습 모임이지 공통 관심사를 가진 사용자가 지속적으로 상호작용하는 디지털 공간인 온라인 커뮤니티가 아니므로 커뮤니티 분석 대상이 아니다.",True,3/3,run1:없음; run2:없음; run3:없음
ART002089973,구기종목 운동부의 지도를 위한 ‘무빙 데이터’ 어플리케이션 개발,김세민(공주대학교 박사과정),2015,2015년 하계 학술대회,kor,ERR,,,run1:없음; run2:없음; run3:없음,"has_community=True role_relevant=False env_relevant=False | 이 논문은 구기종목 운동부 지도자를 위한 무빙 데이터 기록·저장 앱 개발을 다루며, 온라인 커뮤니티를 분석 대상이나 연구 재료로 삼지 않으므로 커뮤니티 존재 여부가 성립하지 않는다. | has_community=True role_relevant=False env_relevant=False | 이 논문은 구기종목 운동부 지도자를 위한 무빙 데이터 어플리케이션 개발을 다루며, 온라인 커뮤니티의 구조·역할·운영 방침 중 어느 것도 분석 대상이 되지 않아 커뮤니티 정의에 해당하지 않는다. | has_community=True role_relevant=False env_relevant=False | 이 논문은 구기종목 운동부 지도자를 위한 무빙 데이터 기록·저장 앱 개발을 다루며, 회원 간 상호작용·정보 공유·관계 형성을 전제로 하는 온라인 커뮤니티를 분석 대상으로 삼지 않으므로 커뮤니티가 존재하지 않는다.","이 논문은 구기종목 운동부 지도자를 위한 무빙 데이터 기록·저장 앱 개발을 다루며, 온라인 커뮤니티를 분석 대상이나 연구 재료로 삼지 않으므로 커뮤니티 존재 여부가 성립하지 않는다. | 이 논문은 구기종목 운동부 지도자를 위한 무빙 데이터 어플리케이션 개발을 다루며, 온라인 커뮤니티의 구조·역할·운영 방침 중 어느 것도 분석 대상이 되지 않아 커뮤니티 정의에 해당하지 않는다. | 이 논문은 구기종목 운동부 지도자를 위한 무빙 데이터 기록·저장 앱 개발을 다루며, 회원 간 상호작용·정보 공유·관계 형성을 전제로 하는 온라인 커뮤니티를 분석 대상으로 삼지 않으므로 커뮤니티가 존재하지 않는다.",True,3/3,run1:없음; run2:없음; run3:없음
ART002089913,Fusion Tables 기반의 동료평가 앱 개발,유인환(대구교육대학교),2014,2014년 하계 학술대회,kor,ERR,,,run1:없음; run2:없음; run3:없음,"has_community=True role_relevant=False env_relevant=False | 이 논문은 교사용·학생용 모바일 앱 개발과 데이터베이스 연동을 다루는 교육 기술 논문으로, 동료평가라는 교수-학습 방법을 지원하는 도구 개발이 목적이며, 사용자 간 지속적 상호작용과 관계 형성을 특징으로 하는 온라인 커뮤니티를 분석 대상이나 연구 재료로 삼지 않는다. | has_community=False role_relevant=False env_relevant=False | 이 논문은 교사용·학생용 모바일 앱을 개발하여 동료평가를 수행하고 결과를 제공하는 교육용 도구 연구이지, 공통 관심사나 목적을 가진 사용자가 지속적으로 상호작용하며 관계를 형성하는 온라인 커뮤니티를 분석 대상으로 삼지 않는다. | has_community=False role_relevant=False env_relevant=False | 이 논문은 동료평가를 지원하는 모바일 앱 개발에 관한 연구로, 공통 관심사나 목적을 가진 사용자가 지속적으로 상호작용하며 관계를 형성하는 디지털 공간인 온라인 커뮤니티를 분석 대상으로 삼지 않는다.","이 논문은 교사용·학생용 모바일 앱 개발과 데이터베이스 연동을 다루는 교육 기술 논문으로, 동료평가라는 교수-학습 방법을 지원하는 도구 개발이 목적이며, 사용자 간 지속적 상호작용과 관계 형성을 특징으로 하는 온라인 커뮤니티를 분석 대상이나 연구 재료로 삼지 않는다. | 이 논문은 교사용·학생용 모바일 앱을 개발하여 동료평가를 수행하고 결과를 제공하는 교육용 도구 연구이지, 공통 관심사나 목적을 가진 사용자가 지속적으로 상호작용하며 관계를 형성하는 온라인 커뮤니티를 분석 대상으로 삼지 않는다. | 이 논문은 동료평가를 지원하는 모바일 앱 개발에 관한 연구로, 공통 관심사나 목적을 가진 사용자가 지속적으로 상호작용하며 관계를 형성하는 디지털 공간인 온라인 커뮤니티를 분석 대상으로 삼지 않는다.",True,3/3,run1:없음; run2:없음; run3:없음
ART003171557,공립학교 교사를 대상으로 한 MDI 타당화 연구,박성주(김천대학교),2024,아동교육,kor,ERR,,,run1:없음; run2:없음; run3:없음,"has_community=True role_relevant=False env_relevant=False | 이 논문은 교사 대상 정신건강 자가진단 척도(MDI)의 심리측정적 타당화(요인분석, 신뢰도)를 목적으로 하며, 초록 어디에도 온라인 커뮤니티나 디지털 공간의 상호작용·구조가 분석 대상이나 연구 재료로 등장하지 않으므로 커뮤니티 존재 자체가 성립하지 않는다. | has_community=True role_relevant=False env_relevant=False | 이 논문은 공립학교 교사를 대상으로 정신건강 자가진단 척도(MDI)의 타당화(요인분석, 상관분석 등)를 수행하는 측정도구 연구로, 온라인 커뮤니티를 분석 대상이나 연구 재료로 활용하지 않으므로 커뮤니티 존재여부가 성립하지 않는다. | has_community=False role_relevant=False env_relevant=False | 이 논문은 공립학교 교사의 정신건강 자가진단 척도(MDI)의 타당화를 목적으로 하는 측정도구 연구이며, 온라인 커뮤니티를 분석 대상이나 연구 재료로 활용하지 않으므로 커뮤니티 존재 여부를 부인으로 판단한다.","이 논문은 교사 대상 정신건강 자가진단 척도(MDI)의 심리측정적 타당화(요인분석, 신뢰도)를 목적으로 하며, 초록 어디에도 온라인 커뮤니티나 디지털 공간의 상호작용·구조가 분석 대상이나 연구 재료로 등장하지 않으므로 커뮤니티 존재 자체가 성립하지 않는다. | 이 논문은 공립학교 교사를 대상으로 정신건강 자가진단 척도(MDI)의 타당화(요인분석, 상관분석 등)를 수행하는 측정도구 연구로, 온라인 커뮤니티를 분석 대상이나 연구 재료로 활용하지 않으므로 커뮤니티 존재여부가 성립하지 않는다. | 이 논문은 공립학교 교사의 정신건강 자가진단 척도(MDI)의 타당화를 목적으로 하는 측정도구 연구이며, 온라인 커뮤니티를 분석 대상이나 연구 재료로 활용하지 않으므로 커뮤니티 존재 여부를 부인으로 판단한다.",True,3/3,run1:없음; run2:없음; run3:없음
ART003281591,한국어 교사 온라인 커뮤니티의 언어 지식 질문 유형 분석,임태운(남부대학교),2025,한국어 교육 연구,kor,OK,ROLE_WINDOW_MISC,,run1:없음; run2:없음; run3:없음,"has_community=True role_relevant=True env_relevant=False | 이 논문은 한국어 교사 온라인 커뮤니티의 질문을 분석하여 교사의 언어 교과내용지식 결핍과 탐색 방식을 연구하므로, 커뮤니티는 교사 지식 공백이라는 외부 현상을 보여주는 창(ROLE_WINDOW_MISC)으로 기능하나, 회원제·익명성·운영 방침 등 커뮤니티의 구조적·환경적 조건은 고려하지 않는다. | has_community=True role_relevant=True env_relevant=False | 이 논문은 한국어 교사 커뮤니티에 올라온 질문을 분석하여 교사의 교과내용지식 결핍과 탐색 양상을 파악하는 것으로, 커뮤니티는 교사들의 지식 실천을 관찰하는 창(ROLE_WINDOW)으로 기능하며, 커뮤니티의 구조적·환경적 조건(회원제, 익명성, 운영 방침 등)에 따른 차이·비교·변화를 다루지 않으므로 env_relevant는 false이다. | has_community=True role_relevant=True env_relevant=False | 이 논문은 한국어 교사 온라인 커뮤니티에 게시된 질문을 분석하여 교사의 언어 관련 교과내용지식 결핍과 탐색 방식을 밝히는데, 커뮤니티는 교사의 지식 결핍이라는 외부 사회현상을 보여주는 창(ROLE_WINDOW)으로 활용되며, 커뮤니티의 구조적·환경적 조건(회원제, 익명성, 운영 방침 등)에 따른 차이·비교·변화를 고려하지 않으므로 env_relevant는 false이다.","[ROLE] 온라인 커뮤니티는 한국어 교사들의 교과내용지식 결핍과 질문 패턴이라는 외부 사회현상을 드러내는 창(Window)으로 기능하며, 커뮤니티 공간 자체의 공론장 역할이나 관계적 자원 형성이 분석 대상이 아니므로 WINDOW_MISC에 해당한다. | [ROLE] 온라인 커뮤니티는 한국어 교사 집단의 언어 교과내용지식 결핍과 전문성 발달이라는 외부 교육 현상을 관찰하는 창(WINDOW_MISC)으로 기능하며, 커뮤니티 공간 자체의 공론장 역할이나 이용자 간 관계적 자원 형성이 분석 대상이 아니다. | [ROLE] 온라인 커뮤니티는 한국어 교사라는 외부 전문 집단의 교과내용지식 결핍과 정보 탐색 행태를 관찰하는 창(Window)으로 사용되며, 그 현상은 교육·전문 직업 영역의 역량 부족이라는 온라인과 무관하게 존재하는 사회현상(MISC)에 해당한다.",True,0/3,run1:ROLE_WINDOW_MISC; run2:ROLE_WINDOW_MISC; run3:ROLE_WINDOW_MISC
ART003291385,초등교사 온라인 커뮤니티 담론을 통한 사회 교과서 인식 연구,김용민(부산교육대학교),2025,사회과교육,kor,OK,ROLE_WINDOW_MISC,,run1:없음; run2:없음; run3:없음,"has_community=True role_relevant=True env_relevant=False | 초등교사 온라인 커뮤니티의 게시글을 분석하여 교과서 담론 지형을 규명하고 교과 간 비교를 수행함으로써, 커뮤니티를 교사들의 집단적 의미 구성이 이루어지는 '장'이자 교과서 정책·교육과정이라는 외부 현상을 비추는 '창'으로 조명하나, 커뮤니티의 구조적·환경적 조건(회원제, 익명성, 운영 방침 등)에 따른 차이·비교를 다루지는 않는다. | has_community=True role_relevant=True env_relevant=False | 이 논문은 국내 최대 초등교사 온라인 커뮤니티의 게시글을 분석하여 교과서 담론의 지형을 규명하고 교과서 정책 함의를 도출하므로 커뮤니티를 담론 생성의 장(ROLE)으로 조명하나, 커뮤니티의 회원제·익명성·운영방식 등 구조적·환경적 조건에 따른 차이·비교를 분석하지 않으므로 env_relevant는 false이다. | has_community=True role_relevant=True env_relevant=False | 이 논문은 초등교사 온라인 커뮤니티 내 교과서 담론을 집단적 의미 구성의 장(ROLE_FIELD_PUBLICSPHERE)으로 분석하지만, 커뮤니티의 구조적·환경적 조건(회원제, 익명성, 제재 방식 등)에 따른 차이·비교를 다루지 않으므로 env_relevant는 false이다.","[ROLE] 온라인 커뮤니티는 초등교사들이 교과서 설계와 교실 현실 사이에서 형성하는 담론 지형이라는 외부 교육정책·교육현실을 가시화하는 창으로 기능하며, 커뮤니티 공간 자체의 공론장 역할이나 이용자 간 관계적 자원 형성이 분석 대상이 아니다. | [ROLE] 온라인 커뮤니티는 초등교사라는 전문직 내 '교과서 담론'이라는 외부 사회현상을 관찰하는 창으로 사용되며, 오프라인 교사 모임이나 학술지에서도 동일한 '교육적 이상–실행 조건의 긴장'을 파악할 수 있으므로 WINDOW_MISC로 분류된다. | [ROLE] 이 논문은 초등교사 온라인 커뮤니티를 데이터 소스로 활용하여 '교과서 담론'이라는 외부에 실체가 있는 교사 집단 전문적 논의 현상을 규명하는 데 초점을 두므로, 온라인 커뮤니티는 교사 담론을 관찰하는 창(ROLE_WINDOW_MISC)으로 기능한다.",True,0/3,run1:ROLE_WINDOW_MISC; run2:ROLE_WINDOW_MISC; run3:ROLE_WINDOW_MISC
ART002691359,コミュニティメディアによる地域学習コミュニティの変化 ー日本のオンライン公民館,장지은(고려대학교),2021,한국일본교육학연구,kor,ERR,,,run1:없음; run2:없음; run3:없음,"has_community=True role_relevant=True env_relevant=False | 이 논문은 코로나禍 속에서 지역 기반 온라인 공민관(온라인 커뮤니티)이 새로운 학습을 생성하는 매개로서 기능하는지를 분석하며, 온라인 커뮤니티 자체의 사회적 역할(학습·놀이·발견의 장)을 조명하나, 회원제·운영체제·참가방식 등 구조적 조건에 따른 차이·비교·변화를 분석 대상으로 삼지는 않는다. | has_community=True role_relevant=True env_relevant=False | 이 논문은 코로나禍 중 등장한 일본 온라인公民館을 분석 대상으로 삼아, 온라인 커뮤니티가 학습·문화활동의 장(ROLE_FIELD)으로서 기능하는 방식을 탐구하며, 운영체제·참가방식 등은 기술적 맥락으로 서술되나 구조적 조건에 따른 차이·비교·변화를 분석하지는 않으므로 env_relevant는 false이다. | has_community=True role_relevant=True env_relevant=True | 이 논문은 코로나禍 속 지역 기반 온라인公民館을 분석 대상으로 삼아, 그 운영체제·참가방식·성립배경 등 구조적 조건(ENV_COMMUNITY_GOVERNANCE)을 전통적 교육·커뮤니티 미디어와 비교·대조하면서, 온라인 커뮤니티가 지역 학습과 문화활동의 '장'(ROLE_FIELD_COMMUNITY)으로서 기능하는 방식을 조명한다.","[ROLE] 본 연구는 코로나禍로 감소한 지역 공동체 학습·교류·문화활동을 온라인 시민관(온라인 커뮤니티) 공간 자체가 어떻게 재생산하는지 그 고유한 학습 기제를 분석하는 것으로, FIELD 계열(특히 사회적 자본의 광의적 측면)에 가까우나 6개 코드 중 어느 하나에 명확히 부합하지 않는다. | [ROLE] 본 논문은 팬데믹기 온라인 시민회관(온라인 커뮤니티)이 놀이·탐구적 관점에서 학습을 생성하는 고유한 학습 공간으로서의 역할을 분석하나, 이는 공론장 검증이 아니며利用者间의 신뢰·네트워크 형성이 주된 분석 대상이 아닌 '학습 생성' 자체에 초점이 맞춰져 있어 FIELD 두 코드 모두 경계선 아래에 위치하고, 외부 사회현상(팬데믹기 학습 공백)을 보여주는 WINDOW_MISC로도 충분하지 않다. | [ROLE] 본 연구는 팬데믹기 지역 기반 온라인 공민관(公民館)을 통해 생성되는 학습 공동체의 특성(놀이·발견적 학습)을 분석하나, 공론장 기능도 관계적 자원(신뢰·연대·네트워크)의 형성·효과의 직접적 검증도 아니며, 외부 사회현상(팬데믹기 지역 학습 감소)을 보여주는 사례로도 한계가 있어 6개 코드 모두 미부여로 판단된다. | [ENV] 본 연구는 팬데믹기 온라인 공민관(교육·문화 커뮤니티)의 성립 배경과 운영 체제, 학습 프로그램의 특징을 서술하나, 회원제·운영자 권한·삭제·투표 등 커뮤니티 거버넌스의 구체적 규칙을 분석 대상에 놓지 않았고, 커뮤니티 자체의 생애주기 단계 변화나 익명성 수준 비교도 다루지 않으므로 4개 ENV 코드 모두 미부여로 판단한다.",False,2/3,run1:없음; run2:ROLE_FIELD_SOCIALCAPITAL; run3:없음
ART001175594,온라인 커뮤니티를 중심으로 살펴 본 사이버환경의 교육적 가능성,강경리(대진대학교),2006,중등교육연구,kor,ERR,,,run1:없음; run2:없음; run3:없음,"has_community=True role_relevant=True env_relevant=False | 이 논문은 교사와 학생 간 상호작용·의사소통이 이루어지는 교육의 장으로서 온라인 커뮤니티의 사회적 역할을 분석 대상 삼아(ROLE_FIELD_EDUCATION) 사이버환경의 교육적 가능성을 조명하나, 회원제·익명성·운영 방침 등 커뮤니티의 구조적·환경적 조건에 따른 차이나 변화를 다루지는 않는다. | has_community=True role_relevant=True env_relevant=False | 이 논문은 온라인 커뮤니티를 교사와 학생 간 상호작용·의사소통이 이루어지는 교육적 공간(장)으로 조명하여 사이버환경의 교육적 가능성을 분석하지만, 커뮤니티의 구조적·환경적 조건(회원제, 익명성, 운영 방침 등)을 변수로 다루지는 않아 role만 해당한다. | has_community=True role_relevant=True env_relevant=False | 이 논문은 온라인 커뮤니티를 교사-학생 간 교육적 상호작용이 이루어지는 '장'(ROLE_FIELD)으로 삼아 사이버환경의 교육적 가능성을 분석하나, 커뮤니티의 구조적·환경적 조건(회원제, 제재 방식, 익명성, 운영 방침 등)에 따른 차이나 변화를 다루지 않으므로 env_relevant는 false이다.","[ROLE] 본 논문은 온라인 커뮤니티를 사이버 교육 공간으로 설정하고 교사-학생 간 상호작용·협동 능력을 분석하나, 이는 공론장 검증이나 사회자본 형성의 개념과는 거리가 멀고, 교육적 상호작용이라는 외부 학제 현상을 보여주는 창으로도 완전히 수렴하지 못하여 6개 코드 중 어느 하나도 0.5를 넘기지 못한다. | [ROLE] 이 논문은 온라인 커뮤니티를 교육적 공간으로 자체 조명하는 FIELD 성격이나, 공론장 검증도 아닌 데다 상호작용·협동 언급이 있으나 신뢰·연대·네트워크의 형성·효과를 구체적으로 다루지 않아 6개 코드 모두 미부여에 그친다. | [ROLE] 본 연구는 온라인 커뮤니티 공간 안에서 교사와 학생 간 상호작용·협동이라는 관계적 측면을 교육적 가능성의 핵심으로 규명하므로 FIELD 계열 중 SOCIALCAPITAL에 해당하나, 공론장 검증이나 외부 사회현상 포착(WINDOW)보다는 커뮤니티 내 참여자 간 연결과 협동이라는 관계적 자원의 효과에 초점이 맞춰져 있다.",False,2/3,run1:없음; run2:없음; run3:ROLE_FIELD_SOCIALCAPITAL
ART003003281,초등교사의 다문화 감수성과 다문화 교수역량의 관계에서 다문화 교수효능감의 매개효과,이공숙(전북대학교),2023,다문화교육연구,kor,ERR,,,run1:없음; run2:없음; run3:없음,"has_community=False role_relevant=False env_relevant=False | 초등교사 온라인 커뮤니티는 다문화 감수성·교수역량 설문조사를 배포하기 위한 모집 통로로만 활용되었을 뿐, 커뮤니티의 상호작용 구조나 사회적 역할, 운영 방침을 분석 대상으로 삼지 않으므로 커뮤니티 분석 대상이 아니다. | has_community=False role_relevant=False env_relevant=False | 초등교사 온라인 커뮤니티는 설문조사를 배포·수집하는 모집 통로로만 활용되었으며, 커뮤니티 자체의 구조·역할·환경이 분석 대상이 아니므로 커뮤니티 연구를 구성하지 않는다. | has_community=False role_relevant=False env_relevant=False | 초등교사 온라인 커뮤니티는 설문 배포를 위한 모집 통로로만 활용되었고, 커뮤니티 자체의 구조·역할·환경이 분석 대상이 아니라 다문화 감수성과 교수역량 간 매개효과가 연구 주제이므로 커뮤니티 분석 대상이 아니다.","초등교사 온라인 커뮤니티는 다문화 감수성·교수역량 설문조사를 배포하기 위한 모집 통로로만 활용되었을 뿐, 커뮤니티의 상호작용 구조나 사회적 역할, 운영 방침을 분석 대상으로 삼지 않으므로 커뮤니티 분석 대상이 아니다. | 초등교사 온라인 커뮤니티는 설문조사를 배포·수집하는 모집 통로로만 활용되었으며, 커뮤니티 자체의 구조·역할·환경이 분석 대상이 아니므로 커뮤니티 연구를 구성하지 않는다. | 초등교사 온라인 커뮤니티는 설문 배포를 위한 모집 통로로만 활용되었고, 커뮤니티 자체의 구조·역할·환경이 분석 대상이 아니라 다문화 감수성과 교수역량 간 매개효과가 연구 주제이므로 커뮤니티 분석 대상이 아니다.",True,3/3,run1:없음; run2:없음; run3:없음
ART003145021,상담자 발달수준과 동성애 혐오 간의 관계: 자기성찰의 조절효과,최현숙(한남대학교 상담학과),2024,학습자중심교과교육연구,kor,ERR,,,run1:없음; run2:없음; run3:없음,"has_community=False role_relevant=False env_relevant=False | 온라인 커뮤니티는 상담자 대상 설문조사를 배포하는 모집 통로로만 언급되며, 커뮤니티 자체의 구조·역할·환경이 분석 대상이 되지 않으므로 커뮤니티 존재 여부가 성립하지 않는다. | has_community=False role_relevant=False env_relevant=False | 상담자 온라인 커뮤니티는 설문 배포 채널로만 언급되며, 커뮤니티 자체의 구조·역할·환경이 분석 대상이 되지 않으므로 커뮤니티 연구가 아니다. | has_community=False role_relevant=False env_relevant=False | 상담자 온라인 커뮤니티는 설문 배포를 위한 모집 통로로만 언급되며, 커뮤니티 자체의 구조·역할·환경이 분석 대상이 되지 않으므로 커뮤니티 분석으로 볼 수 없다.","온라인 커뮤니티는 상담자 대상 설문조사를 배포하는 모집 통로로만 언급되며, 커뮤니티 자체의 구조·역할·환경이 분석 대상이 되지 않으므로 커뮤니티 존재 여부가 성립하지 않는다. | 상담자 온라인 커뮤니티는 설문 배포 채널로만 언급되며, 커뮤니티 자체의 구조·역할·환경이 분석 대상이 되지 않으므로 커뮤니티 연구가 아니다. | 상담자 온라인 커뮤니티는 설문 배포를 위한 모집 통로로만 언급되며, 커뮤니티 자체의 구조·역할·환경이 분석 대상이 되지 않으므로 커뮤니티 분석으로 볼 수 없다.",True,3/3,run1:없음; run2:없음; run3:없음
ART003261535,유아교사의 회복탄력성이 직무만족도에 미치는 영향: 협동적 조직문화의 매개효과,홍은비(시립노을어린이집),2025,홀리스틱융합교육연구,kor,ERR,,,run1:없음; run2:없음; run3:없음,"has_community=True role_relevant=False env_relevant=False | 유아교육 관련 온라인 커뮤니티는 설문 배포 통로로만 언급될 뿐, 커뮤니티 자체의 구조·역할·환경이 분석 대상이 아니며, 연구의 실질적 대상은 유아교사의 회복탄력성과 직무만족도 관계이므로 커뮤니티를 연구 재료로 활용하지 않는다. | has_community=False role_relevant=False env_relevant=False | 이 논문은 유아교사의 회복탄력성과 직무만족도를 연구 주제로 삼고, 유아교육 관련 온라인 커뮤니티는 설문 배포 통로로만 활용했을 뿐 커뮤니티 자체를 분석 대상으로 삼지 않으므로 커뮤니티 존재 여부를 부정한다. | has_community=False role_relevant=False env_relevant=False | 온라인 커뮤니티는 설문 배포 통로로서만 언급될 뿐, 커뮤니티 자체의 구조·역할·환경이 분석 대상이 아니며 연구 주제는 유아교사의 회복탄력성과 직무만족도이다.","유아교육 관련 온라인 커뮤니티는 설문 배포 통로로만 언급될 뿐, 커뮤니티 자체의 구조·역할·환경이 분석 대상이 아니며, 연구의 실질적 대상은 유아교사의 회복탄력성과 직무만족도 관계이므로 커뮤니티를 연구 재료로 활용하지 않는다. | 이 논문은 유아교사의 회복탄력성과 직무만족도를 연구 주제로 삼고, 유아교육 관련 온라인 커뮤니티는 설문 배포 통로로만 활용했을 뿐 커뮤니티 자체를 분석 대상으로 삼지 않으므로 커뮤니티 존재 여부를 부정한다. | 온라인 커뮤니티는 설문 배포 통로로서만 언급될 뿐, 커뮤니티 자체의 구조·역할·환경이 분석 대상이 아니며 연구 주제는 유아교사의 회복탄력성과 직무만족도이다.",True,3/3,run1:없음; run2:없음; run3:없음
ART003045271,대학생의 패션 유능감이 사회불안에 미치는 영향: 대인관계능력과 외모 불안의 매개효과를 중심으로,이애우(고려대학교 생활과학과),2023,한국가정과교육학회지,kor,ERR,,,run1:없음; run2:없음; run3:없음,"has_community=False role_relevant=False env_relevant=False | 온라인 커뮤니티는 235명 대상 설문조사를 배포하는 모집 통로(채널)로만 언급될 뿐, 연구의 분석 대상이나 연구 재료로 활용되지 않으므로 커뮤니티 자체를 연구하는 논문이 아니다. | has_community=False role_relevant=False env_relevant=False | 온라인 커뮤니티는 235명 대학생 설문조사의 배포 통로로만 활용되었으며, 커뮤니티 자체의 구조·운영·역할이 분석 대상이 아니므로 연구의 커뮤니티 분석 대상이 아니다. | has_community=False role_relevant=False env_relevant=False | 이 논문은 온라인 커뮤니티를 설문 응답자 모집 통로로만 활용했을 뿐, 커뮤니티 자체의 구조·역할·환경을 분석 대상으로 삼지 않으므로 커뮤니티 존재 여부를 인정하기 어렵다.","온라인 커뮤니티는 235명 대상 설문조사를 배포하는 모집 통로(채널)로만 언급될 뿐, 연구의 분석 대상이나 연구 재료로 활용되지 않으므로 커뮤니티 자체를 연구하는 논문이 아니다. | 온라인 커뮤니티는 235명 대학생 설문조사의 배포 통로로만 활용되었으며, 커뮤니티 자체의 구조·운영·역할이 분석 대상이 아니므로 연구의 커뮤니티 분석 대상이 아니다. | 이 논문은 온라인 커뮤니티를 설문 응답자 모집 통로로만 활용했을 뿐, 커뮤니티 자체의 구조·역할·환경을 분석 대상으로 삼지 않으므로 커뮤니티 존재 여부를 인정하기 어렵다.",True,3/3,run1:없음; run2:없음; run3:없음
ART003308671,인디스쿨에 나타난 초등교사의 정동 변화 분석: 교육이슈 게시판(2022.9.∼2025.6.)을 중심으로,양연동(한국교원대학교),2026,교육학연구,kor,OK,ROLE_WINDOW_MISC,,run1:없음; run2:없음; run3:없음,"has_community=True role_relevant=True env_relevant=False | 이 논문은 인디스쿨 교사 온라인 커뮤니티 게시글을 교직 사회의 집단적 정동 변화를 관측하는 창(ROLE_WINDOW)으로 활용하나, 커뮤니티의 회원제·익명성·운영 방침 등 구조적·환경적 조건을 분석하거나 비교하지 않는다. | has_community=True role_relevant=True env_relevant=False | 이 논문은 교사 온라인 커뮤니티인 인디스쿨의 교육이슈 게시판 텍스트를 교직 사회의 집단적 정동 변화를 추적하는 창(ROLE_WINDOW)으로 활용하나, 커뮤니티의 구조적·운영적 조건(회원제, 익명성, 제재 방식 등)에 따른 차이·비교를 분석하지는 않는다. | has_community=True role_relevant=True env_relevant=False | 이 논문은 교사 온라인 커뮤니티 '인디스쿨'의 게시글을 교직 사회의 집단적 정동을 추적하는 창이자 정동적 분위기가 형성되는 장으로 활용하나, 커뮤니티의 구조적·환경적 조건(회원제, 익명성, 운영 방침 등)에 따른 차이나 변화를 분석하지 않으므로 env_relevant는 false이다.","[ROLE] 본 연구는 인디스쿨이라는 교사 온라인 커뮤니티의 게시글을 '정동적 실천의 물질적 흔적'으로 삼아 서이초 사건 전후 교직 사회의 집단적 정동 궤적(응축-폭발-침잠)을 추적하므로, 커뮤니티 안의 상호작용 자체를 분석하는 장(FIELD)이라기보다 커뮤니티를 통해 바깥에 실체가 있는 교사 집단의 정동·교직 위기를 읽는 창(WINDOW_MISC)으로 기능한다. | [ROLE] 온라인 커뮤니티 '인디스쿨'의 텍스트를 교직 사회의 집단적 정동(응축-폭발-침잠)이라는 외부 사회현상을 추적하는 창으로 활용하며, 결론도 '교직 위기'의 구조적 규명에 있으므로 WINDOW_MISC에 해당한다. | [ROLE] 이 논문은 인디스쿨이라는 온라인 커뮤니티를 데이터 소스로 삼아, 커뮤니티 밖 실체인 교사 집단(교직 사회)의 집단적 정동 궤적(응축-폭발-침잠)과 구조적 위기를 추적하는 창(ROLE_WINDOW_MISC)으로 활용한다.",True,0/3,run1:ROLE_WINDOW_MISC; run2:ROLE_WINDOW_MISC; run3:ROLE_WINDOW_MISC
ART003237468,"고등학생의 진로활동이 진로성숙, 자기개념, 진학정보인식에 미치는 동시 및 지연효과",이지수(한국외국어대학교),2025,교육문화연구,kor,ERR,,,run1:없음; run2:없음; run3:없음,"has_community=False role_relevant=False env_relevant=False | 이 논문은 고등학생의 진로발달을 연구하며, '온라인 커뮤니티를 통한 정보 탐색'을 진로활동 10개 항목 중 하나의 예측변수로만 취급할 뿐, 특정 커뮤니티의 구조·상호작용·사회적 역할을 분석 대상으로 삼지 않으므로 커뮤니티 존재 여부를 인정하기 어렵다. | has_community=False role_relevant=False env_relevant=False | 이 논문은 고등학생의 진로발달을 종단적으로 연구하는 조사연구이며, '온라인 커뮤니티를 통한 정보 탐색'은 진로활동 10개 항목 중 하나의 설문 변인으로만 등장할 뿐, 특정 커뮤니티의 구조·상호작용·가동 조건을 분석 대상으로 삼지 않으므로 커뮤니티의 존재 여부를 인정하기 어렵다. | has_community=False role_relevant=False env_relevant=False | 이 논문은 고등학생의 진로발달을 종단적으로 분석하는 연구로서, '온라인 커뮤니티를 통한 정보 탐색'을 진로활동 10개 유형 중 하나의 예측 변수로만 언급할 뿐, 특정 커뮤니티의 구조·상호작용·운영 방식을 분석 대상으로 삼지 않으므로 커뮤니티 존재 여부에 해당하지 않는다.","이 논문은 고등학생의 진로발달을 연구하며, '온라인 커뮤니티를 통한 정보 탐색'을 진로활동 10개 항목 중 하나의 예측변수로만 취급할 뿐, 특정 커뮤니티의 구조·상호작용·사회적 역할을 분석 대상으로 삼지 않으므로 커뮤니티 존재 여부를 인정하기 어렵다. | 이 논문은 고등학생의 진로발달을 종단적으로 연구하는 조사연구이며, '온라인 커뮤니티를 통한 정보 탐색'은 진로활동 10개 항목 중 하나의 설문 변인으로만 등장할 뿐, 특정 커뮤니티의 구조·상호작용·가동 조건을 분석 대상으로 삼지 않으므로 커뮤니티의 존재 여부를 인정하기 어렵다. | 이 논문은 고등학생의 진로발달을 종단적으로 분석하는 연구로서, '온라인 커뮤니티를 통한 정보 탐색'을 진로활동 10개 유형 중 하나의 예측 변수로만 언급할 뿐, 특정 커뮤니티의 구조·상호작용·운영 방식을 분석 대상으로 삼지 않으므로 커뮤니티 존재 여부에 해당하지 않는다.",True,3/3,run1:없음; run2:없음; run3:없음
ART003213567,잠재계층성장분석을 활용한 특성화고 학생 진로성숙도 유형의 종단적 변화 및 영향요인 분석,김하정(국립부경대학교),2025,進路敎育硏究,kor,ERR,,,run1:없음; run2:없음; run3:없음,"has_community=False role_relevant=False env_relevant=False | 이 논문은 특성화고 학생의 진로성숙도 발달 궤적을 종단적으로 분석하는 교육심리학 연구이며, '온라인 커뮤니티를 통한 진로진학 정보 수집 여부'는 다항 로지스틱회귀의 예측변인 중 하나로만 등장할 뿐, 커뮤니티 자체의 구조·역할·운영 방식이 분석 대상이 되지 않는다. | has_community=True role_relevant=False env_relevant=False | 이 논문은 특성화고 학생의 진로성숙도 발달 궤적을 연구하며 '온라인 커뮤니티를 통한 진로진학 정보 수집 여부'를 다항 로지스틱회귀의 예측변인 중 하나로만 포함하고 있어, 커뮤니티 자체를 분석 대상으로 삼지 않으며 역할·환경 조명도 이루어지지 않는다. | has_community=False role_relevant=False env_relevant=False | 이 논문은 특성화고 학생의 진로성숙도 궤적을 연구하며, '온라인 커뮤니티를 통한 진로진학 정보 수집 여부'를 다항 로지스틱 회귀분석의 이분형 예측변인 중 하나로만 활용하는 데 그쳐, 커뮤니티 자체를 분석 대상이나 역할·환경 조명의 대상으로 삼지 않는다.","이 논문은 특성화고 학생의 진로성숙도 발달 궤적을 종단적으로 분석하는 교육심리학 연구이며, '온라인 커뮤니티를 통한 진로진학 정보 수집 여부'는 다항 로지스틱회귀의 예측변인 중 하나로만 등장할 뿐, 커뮤니티 자체의 구조·역할·운영 방식이 분석 대상이 되지 않는다. | 이 논문은 특성화고 학생의 진로성숙도 발달 궤적을 연구하며 '온라인 커뮤니티를 통한 진로진학 정보 수집 여부'를 다항 로지스틱회귀의 예측변인 중 하나로만 포함하고 있어, 커뮤니티 자체를 분석 대상으로 삼지 않으며 역할·환경 조명도 이루어지지 않는다. | 이 논문은 특성화고 학생의 진로성숙도 궤적을 연구하며, '온라인 커뮤니티를 통한 진로진학 정보 수집 여부'를 다항 로지스틱 회귀분석의 이분형 예측변인 중 하나로만 활용하는 데 그쳐, 커뮤니티 자체를 분석 대상이나 역할·환경 조명의 대상으로 삼지 않는다.",True,3/3,run1:없음; run2:없음; run3:없음
ART003037158,건강 장애 유아의 교육실태와 지원방안: 소아암과 희귀난치성 질환 환아의 어머니 및 원격 교육기관 관계자와 교사들의 사례를 중심으로,김성원(중앙대학교),2023,유아교육학논집,kor,ERR,,,run1:없음; run2:없음; run3:없음,"has_community=False role_relevant=False env_relevant=False | 이 논문은 건강 장애 유아의 교육실태와 지원방안을 분석 대상으로 삼으며, 온라인 커뮤니티는 어머니들이 자녀교육 정보를 얻는 통로로 잠깐 언급될 뿐 커뮤니티 자체의 구조·역할·환경을 분석하지 않는다. | has_community=False role_relevant=False env_relevant=False | 이 논문은 건강 장애 유아의 교육실태와 지원방안을 연구하는 데, 소아암·희귀난치성 질환 부모의 온라인 커뮤니티는 어머니들이 자녀교육 정보를 얻는 채널로 잠깐 언급될 뿐, 그 구조·역할·운영 조건이 분석 대상이 되지 않는다. | has_community=False role_relevant=False env_relevant=False | 이 논문은 건강 장애 유아의 교육실태와 지원방안을 연구 대상으로 삼으며, 온라인 커뮤니티는 어머니들이 자녀교육 정보를 얻는 통로로 잠깐 언급될 뿐, 커뮤니티 자체의 구조·역할·환경을 분석 대상으로 삼지 않는다.","이 논문은 건강 장애 유아의 교육실태와 지원방안을 분석 대상으로 삼으며, 온라인 커뮤니티는 어머니들이 자녀교육 정보를 얻는 통로로 잠깐 언급될 뿐 커뮤니티 자체의 구조·역할·환경을 분석하지 않는다. | 이 논문은 건강 장애 유아의 교육실태와 지원방안을 연구하는 데, 소아암·희귀난치성 질환 부모의 온라인 커뮤니티는 어머니들이 자녀교육 정보를 얻는 채널로 잠깐 언급될 뿐, 그 구조·역할·운영 조건이 분석 대상이 되지 않는다. | 이 논문은 건강 장애 유아의 교육실태와 지원방안을 연구 대상으로 삼으며, 온라인 커뮤니티는 어머니들이 자녀교육 정보를 얻는 통로로 잠깐 언급될 뿐, 커뮤니티 자체의 구조·역할·환경을 분석 대상으로 삼지 않는다.",True,3/3,run1:없음; run2:없음; run3:없음
ART003328248,과학탐구대회 지도 경험으로 살펴본 초등교사의 개방형 과학 탐구 전문성과 지원 요구,박지앵(부산대학교),2026,과학교육연구지,kor,ERR,,,run1:없음; run2:없음; run3:없음,"has_community=False role_relevant=False env_relevant=False | 초등교사 온라인 커뮤니티는 설문조사를 배포·수집하는 모집 통로로만 활용되었고, 커뮤니티 자체의 상호작용·사회적 역할·구조적 조건이 분석 대상이 되지 않으므로 커뮤니티 분석 대상이 아니다. | has_community=False role_relevant=False env_relevant=False | 초등교사 온라인 커뮤니티는 설문조사 배포 통로로만 활용되었고, 커뮤니티 자체의 구조·역할·운영 방침이 분석 대상이 아니므로 커뮤니티 존재 여부를 부여할 수 없다. | has_community=False role_relevant=False env_relevant=False | 초등교사 온라인 커뮤니티는 설문 조사 대상자를 모집·접촉하는 통로로만 사용되었으며, 커뮤니티 자체의 구조·역할·운영 방식을 분석 대상으로 삼지 않으므로 커뮤니티 분석 대상이 아니다.","초등교사 온라인 커뮤니티는 설문조사를 배포·수집하는 모집 통로로만 활용되었고, 커뮤니티 자체의 상호작용·사회적 역할·구조적 조건이 분석 대상이 되지 않으므로 커뮤니티 분석 대상이 아니다. | 초등교사 온라인 커뮤니티는 설문조사 배포 통로로만 활용되었고, 커뮤니티 자체의 구조·역할·운영 방침이 분석 대상이 아니므로 커뮤니티 존재 여부를 부여할 수 없다. | 초등교사 온라인 커뮤니티는 설문 조사 대상자를 모집·접촉하는 통로로만 사용되었으며, 커뮤니티 자체의 구조·역할·운영 방식을 분석 대상으로 삼지 않으므로 커뮤니티 분석 대상이 아니다.",True,3/3,run1:없음; run2:없음; run3:없음
ART003331914,연대에서 적대로: 서이초 연대의 탈정치화와 정동 전위를 중심으로,양연동(서울한서초등학교),2026,교육학연구,kor,OK,ROLE_WINDOW_MISC,,run1:없음; run2:없음; run3:없음,"has_community=True role_relevant=True env_relevant=False | 이 논문은 온라인 커뮤니티 '인디스쿨'의 담론 자료를 정동-담론 분석의 대상으로 삼아 서이초 연대 이후 교사 연대의 침잠과 내부 분열이라는 외부 사회현상을 조명하는 창(ROLE_WINDOW)으로 활용하지만, 커뮤니티의 회원제·운영·제재·익명성·생애주기 등 구조적·환경적 조건 자체를 분석 대상에 포함하지는 않는다. | has_community=True role_relevant=True env_relevant=False | 이 논문은 서이초 사건 이후 교사 연대의 침잠과 분열을 이해하기 위해 온라인 커뮤니티 '인디스쿨'의 담론을 정동-담론 분석의 핵심 자료로 삼아, 커뮤니티가 교사 연대의 정동적 역설이 전개되는 장이자 교직 사회의 정치적·정서적 역학을 보여주는 창으로 기능하는지를 분석하나, 커뮤니티 자체의 회원제·익명성·운영 방침 등 구조적·환경적 조건을 변수로 삼아 차이·비교를 수행하지는 않는다. | has_community=True role_relevant=True env_relevant=False | 이 논문은 교사 온라인 커뮤니티 '인디스쿨'의 담론 자료를 분석 대상으로 삼아 서이초 사건 이후 교사 연대의 정동적 침잠과 내부 분열 기제를 해명하는 것으로, 커뮤니티를 교직 사회의 경합과 정동 역학을 읽는 창(ROLE_WINDOW_MISC)으로 활용하나, 커뮤니티의 회원제·조절·익명성 등 구조적·환경적 조건을 변수로 삼아 차이·비교를 분석하지는 않는다.","[ROLE] 이 논문은 서이초 사건 이후 교사 연대의 침잠과 내부 분열이라는 바깥의 사회현상(교직 사회의 연대·탈정치화)을 온라인 커뮤니티 '인디스쿨'의 담론 자료를 통해 관찰하는 창(WINDOW_MISC)으로 활용하며, 커뮤니티 공간 자체의 공론장 기능이나 이용자 간 관계적 자원의 형성을 검증하지 않으므로 FIELD 계열은 부여되지 않는다. | [ROLE] 이 논문은 인디스쿨을 자료원으로 삼되, 분석 대상은 온라인 커뮤니티 내부의 상호작용 구조나 관계적 자원 형성이 아니라 서이초 사건 이후 교사 연대의 정동적 역설과 분열 기제라는 외부 사회현상이므로, 대체가능성 검정에서 오프라인 교사 모임·면접으로도 동일한 메커니즘이 성립할 수 있어 WINDOW_MISC(교사 연대의 정동적 역설)으로 분류한다. | [ROLE] 본 연구는 2023년 서이초 사건 이후 교사 연대의 정동적 침잠·내부 분열이라는 광범위한 사회현상을 '인디스쿨' 온라인 커뮤니티 담론을 통해 관찰하는 창(WINDOW_MISC)으로 활용하며, 연대·결속이라는 용어가 등장하더라도 그 분석 초점은 사회적 자본의 형성·효과가 아닌 탈정치화 메커니즘의 정동-담론적 과정에 있으므로 FIELD 계열은 부여되지 않는다.",True,0/3,run1:ROLE_WINDOW_MISC; run2:ROLE_WINDOW_MISC; run3:ROLE_WINDOW_MISC
ART003290838,복학생들의 살아남기 : 사회적 시간표와 휴ㆍ복학의 문화적 의미,최승우(서울대학교),2025,교육문화연구,kor,ERR,,,run1:없음; run2:없음; run3:없음,"has_community=True role_relevant=False env_relevant=False | 온라인 커뮤니티(에브리타임)가 디지털 에스노그라피의 보조 자료 수집 장소로 활용되나, 분석 대상은 휴·복학 경험과 사회적 시간표라는 오프라인 현상이며, 커뮤니티 자체를 창·장으로 조명하거나 그 구조적·환경적 조건을 다루지 않으므로 role·env 모두 해당하지 않는다. | has_community=False role_relevant=False env_relevant=False | 이 논문은 휴·복학생들의 경험과 '사회적 시간표' 개념을 분석 대상으로 삼으며, 온라인 커뮤니티(에브리타임)는 심층 인터뷰를 보조하는 디지털 에스노그라피 자료 수집 통로로만 언급될 뿐 커뮤니티 자체의 역할이나 환경 조건을 분석하지 않는다. | has_community=False role_relevant=False env_relevant=False | 이 논문은 대학생의 휴·복학 경험과 사회적 시간표 개념을 분석 대상으로 삼고 있으며, 온라인 커뮤니티 에브리타임은 심층 인터뷰에 보조적으로 디지털 에스노그라피 자료 수집 통로로만 활용되어 커뮤니티 자체가 분석 대상이 아니다.","온라인 커뮤니티(에브리타임)가 디지털 에스노그라피의 보조 자료 수집 장소로 활용되나, 분석 대상은 휴·복학 경험과 사회적 시간표라는 오프라인 현상이며, 커뮤니티 자체를 창·장으로 조명하거나 그 구조적·환경적 조건을 다루지 않으므로 role·env 모두 해당하지 않는다. | 이 논문은 휴·복학생들의 경험과 '사회적 시간표' 개념을 분석 대상으로 삼으며, 온라인 커뮤니티(에브리타임)는 심층 인터뷰를 보조하는 디지털 에스노그라피 자료 수집 통로로만 언급될 뿐 커뮤니티 자체의 역할이나 환경 조건을 분석하지 않는다. | 이 논문은 대학생의 휴·복학 경험과 사회적 시간표 개념을 분석 대상으로 삼고 있으며, 온라인 커뮤니티 에브리타임은 심층 인터뷰에 보조적으로 디지털 에스노그라피 자료 수집 통로로만 활용되어 커뮤니티 자체가 분석 대상이 아니다.",True,3/3,run1:없음; run2:없음; run3:없음
ART001469879,튜터 지원을 위한 블렌디드 협동학습 시스템 개발,권진하(숭실대학교),2010,평생교육 · HRD연구,kor,ERR,,,run1:없음; run2:없음; run3:없음,"has_community=False role_relevant=False env_relevant=False | 이 논문은 교회학교 튜터의 협동학습을 지원하는 블렌디드 시스템을 개발하는 연구이며, 온라인 커뮤니티는 분석 대상이 아닌 시스템의 하나의 지원 수단(도구)으로 개발되는 구성요소에 불과하다. | has_community=False role_relevant=False env_relevant=False | 이 논문은 교회학교 튜터의 협동학습을 지원하기 위한 블렌디드 시스템을 개발하는 것이 목적이며, 온라인 커뮤니티는 그 시스템의 한 구성 요소로서 도구·수단에 불과할 뿐, 커뮤니티 자체의 상호작용·구조·사회적 역할을 분석 대상으로 삼지 않는다. | has_community=False role_relevant=False env_relevant=False | 이 논문은 교회학교 튜터의 협동학습을 지원하는 블렌디드 시스템을 개발하는 연구로서, 온라인 커뮤니티는 지식 전달·튜터 지원을 위한 기술적 수단(플랫폼)으로만 설계에 포함될 뿐, 그 자체의 사회적 역할이나 구조적·환경적 조건을 분석하는 대상이 아니다.","이 논문은 교회학교 튜터의 협동학습을 지원하는 블렌디드 시스템을 개발하는 연구이며, 온라인 커뮤니티는 분석 대상이 아닌 시스템의 하나의 지원 수단(도구)으로 개발되는 구성요소에 불과하다. | 이 논문은 교회학교 튜터의 협동학습을 지원하기 위한 블렌디드 시스템을 개발하는 것이 목적이며, 온라인 커뮤니티는 그 시스템의 한 구성 요소로서 도구·수단에 불과할 뿐, 커뮤니티 자체의 상호작용·구조·사회적 역할을 분석 대상으로 삼지 않는다. | 이 논문은 교회학교 튜터의 협동학습을 지원하는 블렌디드 시스템을 개발하는 연구로서, 온라인 커뮤니티는 지식 전달·튜터 지원을 위한 기술적 수단(플랫폼)으로만 설계에 포함될 뿐, 그 자체의 사회적 역할이나 구조적·환경적 조건을 분석하는 대상이 아니다.",True,3/3,run1:없음; run2:없음; run3:없음
ART002687831,장애대학생의 개인심리 변인에 따른 역량 영향,정소영(한국복지대학교),2021,교육연구논총,kor,ERR,,,run1:없음; run2:없음; run3:없음,"has_community=False role_relevant=False env_relevant=False | 이 논문은 장애대학생의 역량과 개인심리 변인을 연구 대상으로 삼고, 온라인 커뮤니티는 merely 설문 응답자 모집 통로로만 활용되었을 뿐 커뮤니티 자체의 구조·역할·환경을 분석하지 않으므로 커뮤니티를 분석 대상으로 삼지 않는다. | has_community=False role_relevant=False env_relevant=False | 온라인 커뮤니티는 설문 응답자 모집 통로로만 언급될 뿐, 커뮤니티 자체의 구조·역할·환경이 분석 대상이 아니며, 실제 연구는 장애대학생의 역량 특성과 개인심리 변인의 영향에 관한 것이다. | has_community=False role_relevant=False env_relevant=False | 온라인 커뮤니티는 장애대학생 설문조사를 위한 모집 통로로만 언급될 뿐, 커뮤니티 자체의 구조·역할·환경이 분석 대상이 되지 않으므로 커뮤니티 존재 여부를 부정한다.","이 논문은 장애대학생의 역량과 개인심리 변인을 연구 대상으로 삼고, 온라인 커뮤니티는 merely 설문 응답자 모집 통로로만 활용되었을 뿐 커뮤니티 자체의 구조·역할·환경을 분석하지 않으므로 커뮤니티를 분석 대상으로 삼지 않는다. | 온라인 커뮤니티는 설문 응답자 모집 통로로만 언급될 뿐, 커뮤니티 자체의 구조·역할·환경이 분석 대상이 아니며, 실제 연구는 장애대학생의 역량 특성과 개인심리 변인의 영향에 관한 것이다. | 온라인 커뮤니티는 장애대학생 설문조사를 위한 모집 통로로만 언급될 뿐, 커뮤니티 자체의 구조·역할·환경이 분석 대상이 되지 않으므로 커뮤니티 존재 여부를 부정한다.",True,3/3,run1:없음; run2:없음; run3:없음
ART003000129,‘루게릭 네트워크’온라인 환자공동체 참여경험: 근거이론 접근,고형준(강릉원주대학교),2023,열린교육연구,kor,OK,ROLE_FIELD_SOCIALCAPITAL,,run1:없음; run2:없음; run3:없음,"has_community=True role_relevant=True env_relevant=False | 이 논문은 루게릭병 환자와 보호자의 온라인 환자공동체인 '루게릭 네트워크'를 분석 대상으로 삼아, 자조집단·정보저장소·학습공동체로서의 사회적 역할(장)을 조명하나, 회원제·익명성·운영제재 등 구조적 환경 조건에 따른 차이·비교는 다루지 않는다. | has_community=True role_relevant=True env_relevant=False | 이 논문은 루게릭 네트워크라는 온라인 환자공동체가 자조집단·정보저장소·학습공동체로서 환자와 보호자의 심리회복과 상호원조, 평생학습을 조력하는 사회적 역할(장)을 분석 대상으로 삼고 있으나, 회원제·익명성·운영·제재 방식 등 구조적·환경적 조건을 변인으로 삼아 비교·분석하지는 않는다. | has_community=True role_relevant=True env_relevant=False | 이 논문은 루게릭병 환자와 보호자의 온라인 환자공동체 '루게릭 네트워크' 참여 경험을 탐색하면서, 해당 커뮤니티가 자조집단·정보저장소·상호작용 매개·학습공동체로 기능하는 사회적 역할을 분석 대상으로 삼아 '장'으로 조명하지만, 회원제·익명성·운영방침 등 구조적·환경적 조건에 따른 차이 분석은 이루어지지 않는다.","[ROLE] 온라인 환자공동체 '루게릭 네트워크' 내부에서 구성원 간 상호 원조·멘토 역할·유대감 형성·정보공유 등 관계적 자원이 형성·기능하는 과정을 분석하는 것으로, 커뮤니티 공간 자체의 사회적 자본 형성 기능을 조명하는 FIELD(SOCIALCAPITAL)에 해당한다. | [ROLE] 본 연구는 루게릭병 환자와 보호자가 참여하는 온라인 환자공동체 '루게릭 네트워크' 내부에서 구성원 간 유대감 형성, 상호 원조·멘토 역할, 정보공유·정서적 상호작용 등 관계적 자원의 존재와 효과를 분석하므로, 온라인 커뮤니티 공간 안의 이용자 간 관계적 자원을 조명하는 장(SOCIALCAPITAL)으로 판정된다. | [ROLE] 본 연구는 루게릭 네트워크라는 온라인 환자공동체 내부에서 구성원 간 상호 원조·멘토링·정보공유·유대감 형성 등 관계적 자원(사회자본)이 어떻게 형성·작용하는지를 분석하는 것으로, 온라인 커뮤니티 공간 자체의 기능을 장(FIELD)으로서 조명한다.",True,0/3,run1:ROLE_FIELD_SOCIALCAPITAL; run2:ROLE_FIELD_SOCIALCAPITAL; run3:ROLE_FIELD_SOCIALCAPITAL
ART003248047,영유아 미디어 사용에 대한 어머니의 관심사와 정보탐색: 온라인 육아 커뮤니티 텍스트마이닝 분석,장혜인(연세대학교),2025,어린이미디어연구,kor,OK,ROLE_WINDOW_MISC,,run1:없음; run2:없음; run3:없음,"has_community=True role_relevant=True env_relevant=False | 이 논문은 M 카페라는 온라인 육아 커뮤니티의 게시글을 분석하여 영유아 미디어 사용에 대한 어머니들의 관심사와 정보탐색 유형을 파악하는 데에, 커뮤니티를 어머니들의 양육 불안·정보 요구라는 외부 사회현상을 보여 주는 창(ROLE_WINDOW_MISC)으로 활용하고 있으나, 커뮤니티의 회원제·익명성·운영 방침 등 구조적·환경적 조건을 비교·분석하지는 않는다. | has_community=True role_relevant=True env_relevant=False | 이 논문은 온라인 육아 커뮤니티 'M 카페'의 게시글을 분석하여 영유아 미디어 사용에 대한 어머니들의 관심사와 정보탐색 유형을 파악하는 연구로, 커뮤니티를 어머니들의 미디어 불안·정보 요구라는 외부 사회현상을 보여주는 창(ROLE_WINDOW)으로 활용하나, 커뮤니티의 구조적·환경적 조건(회원제, 익명성, 운영 방침 등)에 따른 차이·비교를 다루지 않으므로 env_relevant는 false이다. | has_community=True role_relevant=True env_relevant=False | 이 논문은 'M 카페'라는 온라인 육아 커뮤니티를 영유아 미디어 사용에 대한 어머니들의 관심사와 정보탐색 유형이라는 외부 사회현상을 관찰하는 '창'으로 활용하지만, 커뮤니티의 회원제·익명성·운영방침 등 구조적·환경적 조건에 따른 차이·비교를 다루지 않으므로 env_relevant는 false이다.","[ROLE] 본 연구는 온라인 육아 커뮤니티(M 카페)의 게시글을 데이터 소스로 활용하여 영유아 미디어 사용에 대한 어머니들의 관심사와 정보탐색 유형(불안 표출형·정보 선별형·교육적 효과 기대형)을 파악하고 맞춤형 지도 방안을 제안하는 것이므로, 커뮤니티 공간 자체의 역할이 아니라 커뮤니티 바깥에 실체가 있는 '양육자의 미디어 리터러시·양육 불안' 현상을 보여주는 창(WINDOW_MISC)으로 기능한다. | [ROLE] 온라인 육아 커뮤니티(M 카페)의 게시글은 데이터 소스에 불과하며, 분석 대상은 커뮤니티 공간 자체가 아니라 커뮤니티 밖 실체인 '영유아 미디어 사용에 대한 어머니의 양육 불안·정보탐색'이라는 외부 사회현상이므로, WINDOW_MISC로 분류된다. | [ROLE] 이 논문은 온라인 육아 커뮤니티를 데이터 수집처로 활용하여 '양육자의 영유아 미디어 사용에 대한 고민·정보탐색 유형'이라는 외부 사회현상을 관찰하는 창으로 사용하므로, ROLE_WINDOW_MISC에 부여한다.",True,0/3,run1:ROLE_WINDOW_MISC; run2:ROLE_WINDOW_MISC; run3:ROLE_WINDOW_MISC
ART002555474,소셜 미디어를 통한 지속 가능한 평화 실현 방안,이기훈(춘천교육대학교 시민교육사업단),2020,초등도덕교육,kor,ERR,,,run1:없음; run2:없음; run3:없음,"has_community=False role_relevant=False env_relevant=False | 이 논문은 소셜 미디어(마이크로블로그, 유튜브 등)가 사회·세계 차원에서 미치는 영향과 지속 가능한 평에 기여 가능성을 광범위하게 논하는 것으로, 특정 온라인 커뮤니티를 분석 대상으로 삼지 않으며 '온라인 공동체'는 소셜 미디어 성장의 일반적 현상 서술로만 언급된다. | has_community=False role_relevant=False env_relevant=False | 이 논문은 소셜 미디어 기술 전반이 사회와 지속 가능한 평화에 미치는 영향을 분석하는 것으로, '온라인 공동체'라는 표현은 소셜 미디어가 만들어내는 현상을 서술하는 배경 서술에 그칠 뿐, 공통 관심사를 가진 사용자가 지속적 상호작용을 하는 특정 온라인 커뮤니티를 분석 대상으로 삼지 않는다. | has_community=False role_relevant=False env_relevant=False | 이 논문은 특정 온라인 커뮤니티를 분석 대상으로 삼지 않고, 마이크로블로그·유튜브 등 소셜 미디어라는 광의의 기술·플랫폼 현상이 사회·세계 차원의 평화에 미치는 영향과 위기를 일반적 과제로 검토하는 것이지, 공통 관심사를 가진 사용자가 지속적으로 상호작용하는 구체적 커뮤니티 공간 자체를 연구하는 것이 아니다.","이 논문은 소셜 미디어(마이크로블로그, 유튜브 등)가 사회·세계 차원에서 미치는 영향과 지속 가능한 평에 기여 가능성을 광범위하게 논하는 것으로, 특정 온라인 커뮤니티를 분석 대상으로 삼지 않으며 '온라인 공동체'는 소셜 미디어 성장의 일반적 현상 서술로만 언급된다. | 이 논문은 소셜 미디어 기술 전반이 사회와 지속 가능한 평화에 미치는 영향을 분석하는 것으로, '온라인 공동체'라는 표현은 소셜 미디어가 만들어내는 현상을 서술하는 배경 서술에 그칠 뿐, 공통 관심사를 가진 사용자가 지속적 상호작용을 하는 특정 온라인 커뮤니티를 분석 대상으로 삼지 않는다. | 이 논문은 특정 온라인 커뮤니티를 분석 대상으로 삼지 않고, 마이크로블로그·유튜브 등 소셜 미디어라는 광의의 기술·플랫폼 현상이 사회·세계 차원의 평화에 미치는 영향과 위기를 일반적 과제로 검토하는 것이지, 공통 관심사를 가진 사용자가 지속적으로 상호작용하는 구체적 커뮤니티 공간 자체를 연구하는 것이 아니다.",True,3/3,run1:없음; run2:없음; run3:없음
ART003330924,세대별 대학생의 디지털 시민성 인식과 실천 양상 비교 분석: Z세대와 중장년 성인학습자를 중심으로,박선미(숙명여자대학교),2026,한국교육,kor,ERR,,,run1:없음; run2:없음; run3:없음,"has_community=True role_relevant=False env_relevant=False | 이 논문은 Z세대와 중장년 성인학습자 간 디지털 시민성 인식·실천의 세대 차이를 심층 면담으로 규명하는 연구이며, '온라인 공동체의 규범을 관리하는 플랫폼 관리자'는 디지털 시민성 실천 양상의 한 예시로 잠깐 언급될 뿐, 특정 온라인 커뮤니티를 분석 대상으로 삼거나 그 구조·운영 방침·사회적 역할을 연구하지 않으므로 커뮤니티가 연구의 재료가 되지 않는다. | has_community=False role_relevant=False env_relevant=False | 이 논문은 세대 간 디지털 시민성 인식·실천의 차이를 심층 면담으로 규명하는 연구이며, '온라인 공동체'는 Z세대가 플랫폼 관리자로서 활동하는 맥락으로 일회적으로 언급될 뿐, 특정 온라인 커뮤니티를 분석 대상이나 연구 재료로 삼지 않는다. | has_community=False role_relevant=False env_relevant=False | 이 논문은 Z세대와 중장년 성인학습자 간 디지털 시민성 인식·실천의 세대별 차이를 심층 면담으로 규명하는 연구로, '온라인 공동체'에 대한 언급은 Z세대 실천 양상의 한 예시(플랫폼 관리자 역할)로 일회적으로 제시될 뿐, 특정 온라인 커뮤니티를 분석 대상이나 연구 재료로 삼지 않는다.","이 논문은 Z세대와 중장년 성인학습자 간 디지털 시민성 인식·실천의 세대 차이를 심층 면담으로 규명하는 연구이며, '온라인 공동체의 규범을 관리하는 플랫폼 관리자'는 디지털 시민성 실천 양상의 한 예시로 잠깐 언급될 뿐, 특정 온라인 커뮤니티를 분석 대상으로 삼거나 그 구조·운영 방침·사회적 역할을 연구하지 않으므로 커뮤니티가 연구의 재료가 되지 않는다. | 이 논문은 세대 간 디지털 시민성 인식·실천의 차이를 심층 면담으로 규명하는 연구이며, '온라인 공동체'는 Z세대가 플랫폼 관리자로서 활동하는 맥락으로 일회적으로 언급될 뿐, 특정 온라인 커뮤니티를 분석 대상이나 연구 재료로 삼지 않는다. | 이 논문은 Z세대와 중장년 성인학습자 간 디지털 시민성 인식·실천의 세대별 차이를 심층 면담으로 규명하는 연구로, '온라인 공동체'에 대한 언급은 Z세대 실천 양상의 한 예시(플랫폼 관리자 역할)로 일회적으로 제시될 뿐, 특정 온라인 커뮤니티를 분석 대상이나 연구 재료로 삼지 않는다.",True,3/3,run1:없음; run2:없음; run3:없음
ART003002180,Satisfied and Working Hard in Online Courses : The Impact of Achievement Goals Mediated by Classroom Sense of Community,조윤정(성신여자대학교),2023,한국교육학연구,kor,ERR,,,run1:없음; run2:없음; run3:없음,"has_community=True role_relevant=False env_relevant=False | 이 논문은 온라인 교사교육 코스라는 디지털 공간(공통 목적을 가진 학습자 간 상호작용·정보 공유)이 커뮤니티로 기능하는 점은 인정되나, 'classroom sense of community'는 학습 결과(만족도·투입 노력)를 중개하는 심리 구성변수로만 사용되며, 커뮤니티의 사회적 역할(창·장)이나 구조적·환경적 조건(회원제, 익명성, 운영 방침 등)을 분석 대상으로 삼지 않으므로 role·env 모두 불관련하다. | has_community=True role_relevant=False env_relevant=False | 이 논문은 온라인 강좌 맥락에서 '교실 내 소속감(sense of community)'을 심리적 매개변수로 사용하여 성취목표와 학습 경험 간 관계를 분석하는 교육심리학 연구로, 커뮤니티 플랫폼이나 그 구조·운영·역할을 분석 대상으로 삼지 않으며, 'community'란 단어는 디지털 공간이 아닌 심리적 구성물(소속감)을 지칭하므로 온라인 커뮤니티 정의에 부합하지 않는다. | has_community=True role_relevant=False env_relevant=False | 이 논문은 온라인 수업 환경에서 '교실 소속감(sense of community)'을 심리적 매개변수로 사용하여 성취목표와 학습 경험 간 관계를 경로분석하는 교육심리학 연구로, 온라인 커뮤니티라는 디지털 공간 자체를 분석 대상 삼지 않고 'community'를 심리 구성요소로만 활용하므로, 커뮤니티의 사회적 역할(ROLE)이나 구조적·환경적 조건(ENV)을 조명하지 않는다.","이 논문은 온라인 교사교육 코스라는 디지털 공간(공통 목적을 가진 학습자 간 상호작용·정보 공유)이 커뮤니티로 기능하는 점은 인정되나, 'classroom sense of community'는 학습 결과(만족도·투입 노력)를 중개하는 심리 구성변수로만 사용되며, 커뮤니티의 사회적 역할(창·장)이나 구조적·환경적 조건(회원제, 익명성, 운영 방침 등)을 분석 대상으로 삼지 않으므로 role·env 모두 불관련하다. | 이 논문은 온라인 강좌 맥락에서 '교실 내 소속감(sense of community)'을 심리적 매개변수로 사용하여 성취목표와 학습 경험 간 관계를 분석하는 교육심리학 연구로, 커뮤니티 플랫폼이나 그 구조·운영·역할을 분석 대상으로 삼지 않으며, 'community'란 단어는 디지털 공간이 아닌 심리적 구성물(소속감)을 지칭하므로 온라인 커뮤니티 정의에 부합하지 않는다. | 이 논문은 온라인 수업 환경에서 '교실 소속감(sense of community)'을 심리적 매개변수로 사용하여 성취목표와 학습 경험 간 관계를 경로분석하는 교육심리학 연구로, 온라인 커뮤니티라는 디지털 공간 자체를 분석 대상 삼지 않고 'community'를 심리 구성요소로만 활용하므로, 커뮤니티의 사회적 역할(ROLE)이나 구조적·환경적 조건(ENV)을 조명하지 않는다.",True,3/3,run1:없음; run2:없음; run3:없음
ART003343424,Sustainable Teacher Professional Development through Online Professional Learning Communities:  Cases from Bangladesh and Indonesia,황윤정(서울대학교),2026,비교교육연구,kor,OK,ROLE_FIELD_SOCIALCAPITAL,,run1:없음; run2:없음; run3:없음,"has_community=True role_relevant=True env_relevant=True | 이 논문은 바ング라데시·인도네시아의 온라인 PLC(Shikkhok Batayon, Ruang GTK)를 교사 전문성 development를 위한 '장'으로서의 사회적 역할(ROLE)을 분석하는 동시에, 기관적 메커니즘·포용성 정책·리더 교사 지원 등 구조적·환경적 조건(ENV)이 커뮤니티의 지속적 학습 기능에 미치는 영향을 비교·검토한다. | has_community=True role_relevant=True env_relevant=True | 이 논문은 Shikkhok Batayon, Ruang GTK라는 온라인 PLC를 교사 전문성 발달을 지원하는 공간(장)으로서 분석 대상으로 삼으면서, 기관 메커니즘에 의한 교사 참여 유도, 정부 개입, 포용성 촉진 등 커뮤니티의 구조적·운영적 조건(ENV)을 함께 고려하여 그 지속 가능한 전문성 발달 기여 메커니즘을 규명한다. | has_community=True role_relevant=True env_relevant=True | 이 논문은 방글라데시·인도 두 정부의 온라인 PLC 플랫폼을 비교·분석하며, 교사 전문성 발달을 지원하는 공론장(ROLE_FIELD_PUBLICSPHERE)으로서의 역할과, 정부 지원·리더 교사 제도·포용성 구조 등 커뮤니티의 운영·구조적 조건(ENV_COMMUNITY_GOVERNANCE)이 지속적 상호작용에 미치는 영향을 함께 조명한다.","[ROLE] 이 논문은 온라인 PLC 플랫폼 자체의 구조·동학(서로 협력적 학습 공간 형성, 교사 간 깊어진 상호작용, 커뮤니티 내 포용성)을 분석 대상으로 삼아, 이용자 간 관계적 상호작용의 존재와 효과를 조명하는 장(FIELD)으로서의 사회자본 차원을 주로 다루며, 공론장 검증이나 외부 사회현상 포착(window)의 성격은 약하다. | [ENV] 이 논문은 정부 지원 온라인 PLC의 교사 전문성 발달 구조를 분석하는 데 초점을 두며, 회원제·운영체계·커뮤니티 생애주기·익명성 중 어느 조건을 다른 사례·집단·시기와 비교하여 결과 차이를 분석하는 내용은 없으므로 4개 ENV 코드 모두 미부여이다. | [ROLE] 이 논문은 바ング라데시·인도네시아의 정부 지원 온라인 PLC 플랫폼 내부의 '협업적 학습 공간'과 '교사 간 상호작용'이라는 관계적 자원의 형성·효과를 분석 대상으로 삼으므로, 온라인 커뮤니티 공간 안의 이용자 간 연결과 협력을 다룬 장으로서의 사회적자본(ROLE_FIELD_SOCIALCAPITAL)에 해당한다. | [ENV] 두 국가 정부 지원 플랫폼의 구조적·제도적 지원 체계를 서술하고 있으나, 회원 등급 간 결과 비교, 커뮤니티 운영·제재 체계의 분석, 커뮤니티 자체의 형성-쇠퇴 추적, 익명성 수준 비교 중 어느 하나도 실제로 두 이상 사례를 놓고 차이를 분석하지 않으므로 4개 코드 모두 미부여로 판단한다. | [ROLE] 이 논문은 방글라데시·인도 정부의 온라인 PLC 플랫폼(Shikkhok Batayon, Ruang GTK)이 교사 간 협력·상호작용·리더 지원 등 관계적 자원을 형성하는 구조와 동학을 분석하므로, 온라인 커뮤니티 공간 안의 이용자 간 연결과 상호작용을 다루는 장으로서의 사회자본(ROLE_FIELD_SOCIALCAPITAL) 역할을 수행하는 것으로 판정된다. | [ENV] 정부 지원 플랫폼의 제도적 메커니즘과 'emerging/sustainable' 표현이 운영체계·생애주기와 형식적으로 접점을 형성하나, 회원 등급 차이·삭제·제재 등 구체적 커뮤니티 운영 규칙의 비교나 커뮤니티 자체의 형성→쇠퇴 단계 추적이 없으므로 4개 코드 모두 미부여.",True,0/3,run1:ROLE_FIELD_SOCIALCAPITAL; run2:ROLE_FIELD_SOCIALCAPITAL; run3:ROLE_FIELD_SOCIALCAPITAL
ART003331083,온라인 자폐 커뮤니티 사용자의 LLM 기반 대화형 에이전트(CA) 사용 경험 담론: Reddit 사용자를 중심으로,박채원(숭실대학교),2026,자폐성장애연구,kor,OK,ROLE_WINDOW_MISC,,run1:없음; run2:없음; run3:없음,"has_community=True role_relevant=True env_relevant=False | 이 논문은 Reddit의 자폐 관련 서브 커뮤니티를 데이터 소스로 삼아, LLM 기반 대화형 에이전트가 자폐 커뮤니티 사용자들의 사회적 관계·외로움 해소 등 삶의 영역에서 어떤 역할을 하는지를 담론 분석으로 살펴봄으로써, 커뮤니티를 신경다양성 개인과 AI 기술의 상호작용을 보여주는 창(ROLE_WINDOW_MISC)으로 활용하지만, 커뮤니티의 회원제·익명성·운영 방침 등 구조적·환경적 조건을 분석 변수로 다루지는 않는다. | has_community=True role_relevant=True env_relevant=False | 이 논문은 Reddit의 온라인 자폐 커뮤니티 6곳의 게시글을 분석 대상으로 삼아 자폐 커뮤니티 사용자가 LLM 기반 대화형 에이전트를 어떻게 경험하는지를 파악하므로, 커뮤니티는 특정 집단의 기술 수용 현상을 관찰하는 '창'으로 기능하며(ROLE), 그러나 커뮤니티의 익명성·운영방침·구조적 조건을 분석 대상이나 비교 변수로 삼지 않으므로 ENV는 해당하지 않는다. | has_community=True role_relevant=True env_relevant=False | 이 논문은 Reddit 자폐 서브커뮤니티 게시글을 분석 대상으로 삼아 커뮤니티가 자폐 사용자의 사회적 관계 강화·외로움 해소 등 사회적 지지를 제공하는 '장'으로서의 역할을 대화형 에이전트와 상호작용하는 맥락에서 조명하지만, 커뮤니티의 회원제·익명성·운영방침 등 구조적·환경적 조건을 비교·분석하지는 않는다.","[ROLE] 본 연구는 온라인 자폐 커뮤니티(Reddit 서브커뮤니티)를 데이터원으로 활용하여 자폐인이라는 외부 집단의 LLM 대화형 에이전트 사용 경험과 기술의 역할(외로움 해소·사회관계 강화·신경다양성 존중)을 파악하는 것으로, 커뮤니티 공간 자체의 공론장·관계적 자원 기능이라기보다 자폐인의 AI 기술 활용이라는 외부 사회현상을 보여주는 창(WINDOW_MISC)으로 기능한다. | [ROLE] 이 논문은 Reddit 내 자폐 서브 커뮤니티를 데이터 소스로 삼아, 신경다양인(자폐인)이 LLM 기반 대화형 에이전트를 어떤 목적으로 사용하고 어떤 경험을 하는지—즉, 커뮤니티 밖에서 존재하는 '자폐인의 AI 기술 수용·활용'이라는 외부 현상을 보여주는 창(WINDOW_MISC)으로 온라인 커뮤니티를 활용한다. | [ROLE] 온라인 자폐 커뮤니티(Reddit 서브커뮤니티)는 그 공간 자체의 역할이 아니라, 신경다양성 집단의 LLM 기반 대화형 에이전트 이용 경험과 사회적·정서적 효과를 관찰하는 데이터 출처(창)로 사용되며, 해당 현상은 정치·젠더·혐오 외의_MISC에 해당한다.",True,0/3,run1:ROLE_WINDOW_MISC; run2:ROLE_WINDOW_MISC; run3:ROLE_WINDOW_MISC
ART003285034,디지털 시대의 육아: 육아관련 오픈채팅방에서의 MZ세대 어머니들의 경험과 의미,박지수(University of Utah),2025,육아지원연구,kor,OK,ROLE_FIELD_SOCIALCAPITAL,,run1:없음; run2:없음; run3:없음,"has_community=True role_relevant=True env_relevant=False | 이 논문은 육아 관련 오픈채팅방을 참여자 간 상호 지지와 공동체적 유대를 형성하는 '장'으로 분석하는 연구이나, 오픈채팅이라는 매체의 독특성을 현상학적 경험의 서술로만 언급했을 뿐, 개방성·익명성·운영 방식 등 구조적 조건에 따른 차이·비교·변화를 분석하는 환경 조명은 없다. | has_community=True role_relevant=True env_relevant=False | 이 논문은 육아 관련 오픈채팅방을 MZ세대 어머니들의 상호 지지와 공동체적 유대, 개인적 성장이 이루어지는 '장'으로 조명하고 있으나, 오픈채팅이라는 구조적 조건이 다른 형태의 커뮤니티와 어떻게 다른지 비교·분석하지는 않으므로 환경 조명은 해당하지 않는다. | has_community=True role_relevant=True env_relevant=False | 이 논문은 육아 관련 오픈채팅방을 단순한 정보 교환을 넘어 상호 지지와 공동체적 유대를 형성하는 '장'으로 기능하는지 분석하므로 role_relevant이나, 오픈채팅의 개방성이나 익명성 등 구조적·환경적 조건을 비교·해석하는 논의는 없으므로 env_relevant는 아니다.","[ROLE] 이 논문은 육아 오픈채팅방이라는 온라인 공간 안에서 참여자(모thers) 간 정서적 지지·상호 유대·관계 형성이 실제로 이루어지는 과정을 분석하여, 커뮤니티가 사회적 자본(공동체적 유대·관계적 자원)을 형성하는 '장'으로서 기능함을 규명하므로 ROLE_FIELD_SOCIALCAPITAL이 부여된다. | [ROLE] 본 연구는 육아 오픈채팅이라는 온라인 커뮤니티 공간 안에서 참여자 간 정서적 지지·관계 형성·공동체적 유대 등 관계적 자원의 생성 과정을 현상학적으로 분석하며, 결론에서도 '상호 지지와 공동체적 유대를 형성하는 장'으로 기능함을 명시하여, 공간 내부의 사회적 자본 형성(ROLE_FIELD_SOCIALCAPITAL)을 핵심 분석 대상으로 삼고 있다. | [ROLE] 본 연구는 육아 오픈채팅방이라는 온라인 커뮤니티 공간 안팎에서 이용자 간 정서적 지지·관계 형성·공동체적 유대라는 사회적 자본의 생성 과정을 현상학적으로 분석하므로, FIELD 계열 중 SOCIALCAPITAL이 부여되고 WINDOW 계열은 모두 미부여된다.",True,0/3,run1:ROLE_FIELD_SOCIALCAPITAL; run2:ROLE_FIELD_SOCIALCAPITAL; run3:ROLE_FIELD_SOCIALCAPITAL
ART003196745,네트노그라피를 활용한 유아교육기관 재선택 고려요인 탐색,정옥경(총신대학교),2025,교육문화연구,kor,ERR,,,run1:없음; run2:없음; run3:없음,"has_community=True role_relevant=True env_relevant=False | 이 논문은 온라인 육아 커뮤니티의 게시글을 네트노그라피로 분석하여 부모의 유아교육기관 재선택 고려요인을 도출하므로, 커뮤니티는 부모의 기관 선택이라는 외부 사회현상을 관찰하는 '창'으로 기능하지만, 커뮤니티의 구조적·환경적 조건(회원제, 익명성, 운영방침 등)에 따른 차이를 비교·분석하지는 않는다. | has_community=False role_relevant=False env_relevant=False | 본 연구의 분석 대상은 유아교육기관 재선택 시 부모의 고려요인이며, 온라인 육아 커뮤니티는 네트노그라피 데이터 수집의 통로·재료로만 활용되고 커뮤니티 자체의 구조·역할·환경이 연구 대상이 아니므로 커뮤니티 존재 여부를 인정하지 않는다. | has_community=True role_relevant=False env_relevant=False | 온라인 육아 커뮤니티는 네트노그라피를 통한 게시글 수집 수단(데이터 소스)으로만 활용되며, 커뮤니티 자체의 구조·역할·환경적 조건이 분석 대상이 아니라 유아교육기관 재선택 고려요인 도출에 그치지 않으므로, 커뮤니티가 연구의 재료가 아닌 분석 대상이 되어야 한다는 점에서 has_community를 true로 두되 role·env 모두 false로 판단한다.","[ROLE] 온라인 육아 커뮤니티는 부모의 유아교육기관 재선택 요인을 추출하기 위한 데이터 소스(창)로 사용되며, 오프라인 면접으로 대체해도 결론이 성립하므로 WINDOW_MISC(부모의 교육기관 선택 기준이라는 외부 사회현상)에 해당한다. | 본 연구의 분석 대상은 유아교육기관 재선택 시 부모의 고려요인이며, 온라인 육아 커뮤니티는 네트노그라피 데이터 수집의 통로·재료로만 활용되고 커뮤니티 자체의 구조·역할·환경이 연구 대상이 아니므로 커뮤니티 존재 여부를 인정하지 않는다. | 온라인 육아 커뮤니티는 네트노그라피를 통한 게시글 수집 수단(데이터 소스)으로만 활용되며, 커뮤니티 자체의 구조·역할·환경적 조건이 분석 대상이 아니라 유아교육기관 재선택 고려요인 도출에 그치지 않으므로, 커뮤니티가 연구의 재료가 아닌 분석 대상이 되어야 한다는 점에서 has_community를 true로 두되 role·env 모두 false로 판단한다.",False,2/3,run1:ROLE_WINDOW_MISC; run2:없음; run3:없음
ART003323732,초등학생들의 온라인 게임 세계에 대한 이해와 시민교육적 시사점,이윤정(대흥초등학교),2026,시민교육연구,kor,ERR,,,run1:없음; run2:없음; run3:없음,"has_community=False role_relevant=False env_relevant=False | 이 논문은 초등학생의 온라인 게임 수용 양상과 시민교육적 시사점을 질적 연구로 탐구하는 것으로, '온라인 게임 세계'를 문화적·경험적 현상과 시민성 형성의 장으로 다루며, 공통 관심사를 가진 사용자가 지속적으로 상호작용하고 관계를 형성하는 온라인 커뮤니티를 분석 대상으로 삼지 않는다. | has_community=True role_relevant=True env_relevant=False | 이 논문은 초등학생들의 온라인 게임 세계와 게임 영상 플랫폼을 시민성 형성과 세계관 내면화의 '장'으로 분석하지만, 회원제·제재·익명성·생애주기 등 커뮤니티의 구조적·환경적 조건을 비교·검토하지는 않는다. | has_community=True role_relevant=True env_relevant=False | 초등학생들이 함께 접속·소통하며 관계를 형성하는 온라인 게임 세계를 분석 대상으로 삼고, 이를 시민성과 세계관 내면화의 '장'으로서의 사회적 역할을 조명하나, 회원제·익명성·운영 방침 등 커뮤니티의 구조적·환경적 조건을 비교하거나 그 차이를 분석하지는 않는다.","이 논문은 초등학생의 온라인 게임 수용 양상과 시민교육적 시사점을 질적 연구로 탐구하는 것으로, '온라인 게임 세계'를 문화적·경험적 현상과 시민성 형성의 장으로 다루며, 공통 관심사를 가진 사용자가 지속적으로 상호작용하고 관계를 형성하는 온라인 커뮤니티를 분석 대상으로 삼지 않는다. | [ROLE] 이 논문은 초등학생의 온라인 게임 세계를 '시민성 형성과 세계관 내면화의 장'으로 규정하여 공간 내 사회화 과정을 분석하므로 FIELD 성향이 강하나, 공론장의 숙의·여론 검증이나 이용자 간 관계적 자원의 구조적 형성을 직접 검증하지 않고 개인의 내면화·정서적 경험에 초점을 두어 6개 코드 중 어느 하나도 0.5를 넘기지 못한다. | [ROLE] 본 논문은 초등학생의 온라인 게임 세계를 '시민성 형성과 세계관 내면화의 장'으로 명시하며 공간 자체의 기능을 분석하되, 핵심 결론이 이용자 간 관계적 자원(사회적 신뢰, 인간관계)의 형성·효과가 아닌 개인 내면화·정체성 형성에 초점을 두어 FIELD_SOCIALCAPITAL에 근접하나 0.5에 미치지 못하며, '편견·혐오의 재생산' 언급은 공간 내 규범화 현상으로 서술되어 외부 혐오 확산 현상을 추적하는 WINDOW_HATE로도 부족하다.",True,3/3,run1:없음; run2:없음; run3:없음
ART001125717,온라인 환경에서의 정보특성이 구전효과에 미치는 영향에 관한 연구 : 소비자 제품지식의 조절효과를 중심으로,이은영(한국기술교육대학교),2005,광고학연구,kor,ERR,,,run1:없음; run2:없음; run3:없음,"has_community=True role_relevant=True env_relevant=False | 이 논문은 온라인 게시판·커뮤니티를 구전 커뮤니케이션이 일어나는 '장'으로서 커뮤니티 상호작용을 정보 특성 변수로 분석하고 있으나, 회원제·제재·익명성·생애주기 등 커뮤니티의 구조적·환경적 조건을 비교·조명하지는 않으므로 role만 해당한다. | has_community=True role_relevant=False env_relevant=False | 이 논문은 온라인 커뮤니티(인터넷게시판)를 구전 커뮤니케이션이 발생·전파되는 매체로만 설정하고, 정보 특성(동의성·생생함·커뮤니티 상호작용·사용자 통제성)이 구전 효과에 미치는 영향과 소비자 제품지식의 조절 효과를 실증하는 데 초점을 맞추며, 커뮤니티 자체의 사회적 역할이나 구조적·환경적 조건을 분석 대상으로 삼지 않는다. | has_community=False role_relevant=False env_relevant=False | 이 논문은 인터넷 게시판 등 온라인 환경에서의 구전(WOM) 커뮤니케이션의 정보 특성(동의성, 생생함, 커뮤니티 상호작용, 사용자 통제성)이 구전 효과에 미치는 영향을 마케팅 관점에서 실증 분석하는 것으로, '커뮤니티 상호작용'은 구전 정보의 네 가지 특성 변수 중 하나로만 등장하며, 공통 관심사를 가진 사용자가 지속적으로 상호작용하는 온라인 커뮤니티 자체를 분석 대상으로 삼고 있지 않다.","[ROLE] 본 논문은 소비자 구전(Word-of-Mouth)이라는 오프라인에서도 존재하던 커뮤니케이션 현상을 온라인 커뮤니티라는 매개 환경에서 정보 특성(동의성·생생함·상호작용·사용자 통제성)과 효과의 관점에서 실증 분석하는 것이며, 커뮤니티 공간 자체의 사회적 역할(공론장·사회자본)을 검증하는 것이 아니므로 WINDOW 계열의 MISC(소비자 구전 커뮤니케이션 현상)로 분류된다. | 이 논문은 온라인 커뮤니티(인터넷게시판)를 구전 커뮤니케이션이 발생·전파되는 매체로만 설정하고, 정보 특성(동의성·생생함·커뮤니티 상호작용·사용자 통제성)이 구전 효과에 미치는 영향과 소비자 제품지식의 조절 효과를 실증하는 데 초점을 맞추며, 커뮤니티 자체의 사회적 역할이나 구조적·환경적 조건을 분석 대상으로 삼지 않는다. | 이 논문은 인터넷 게시판 등 온라인 환경에서의 구전(WOM) 커뮤니케이션의 정보 특성(동의성, 생생함, 커뮤니티 상호작용, 사용자 통제성)이 구전 효과에 미치는 영향을 마케팅 관점에서 실증 분석하는 것으로, '커뮤니티 상호작용'은 구전 정보의 네 가지 특성 변수 중 하나로만 등장하며, 공통 관심사를 가진 사용자가 지속적으로 상호작용하는 온라인 커뮤니티 자체를 분석 대상으로 삼고 있지 않다.",False,2/3,run1:ROLE_WINDOW_MISC; run2:없음; run3:없음
ART001616387,소셜네트워크서비스에 대한 이용과 충족 연구: 페이스북 이용을 중심으로,김유정(수원대학교),2011,"미디어, 젠더 & 문화",kor,ERR,,,run1:없음; run2:없음; run3:없음,"has_community=False role_relevant=False env_relevant=False | 이 논문은 페이스북이라는 SNS 플랫폼의 개별 이용자 동기·행태 요인을 통계적으로 추출·분석하는 연구이며, 특정 온라인 커뮤니티의 구조·역할·운영 조건을 분석 대상 삼지 않고 '온라인 커뮤니티 가입 정도'를 사회관계적 요인 중 하나의 변수로만 언급할 뿐이므로 커뮤니티 분석 대상이 아니다. | has_community=False role_relevant=False env_relevant=False | 이 논문은 페이스북 이용동기와 그 관련 요인을 개인 수준에서 분석하는 연구이며, '온라인 커뮤니티 가입 정도'는 사회관계적 속성 변수 하나로만 등장할 뿐, 공통 관심사·목적 기반의 커뮤니티 공간 자체를 분석 대상으로 삼지 않는다. | has_community=True role_relevant=False env_relevant=False | 이 논문은 페이스북이라는 온라인 커뮤니티 플랫폼을 분석 대상으로 삼지만, 연구의 초점은 개인별 이용동기(정체성표현, 유용성, 여가선용 등)와 이용행태·사회관계적 요인 간의 상관관계에 있으며, 커뮤니티를 외부 현상을 비추는 창이나 공동체적 장으로 조명하지도, 회원제·운영방식·익명성 등 구조적·환경적 조건을 분석하지도 않는다.","이 논문은 페이스북이라는 SNS 플랫폼의 개별 이용자 동기·행태 요인을 통계적으로 추출·분석하는 연구이며, 특정 온라인 커뮤니티의 구조·역할·운영 조건을 분석 대상 삼지 않고 '온라인 커뮤니티 가입 정도'를 사회관계적 요인 중 하나의 변수로만 언급할 뿐이므로 커뮤니티 분석 대상이 아니다. | 이 논문은 페이스북 이용동기와 그 관련 요인을 개인 수준에서 분석하는 연구이며, '온라인 커뮤니티 가입 정도'는 사회관계적 속성 변수 하나로만 등장할 뿐, 공통 관심사·목적 기반의 커뮤니티 공간 자체를 분석 대상으로 삼지 않는다. | 이 논문은 페이스북이라는 온라인 커뮤니티 플랫폼을 분석 대상으로 삼지만, 연구의 초점은 개인별 이용동기(정체성표현, 유용성, 여가선용 등)와 이용행태·사회관계적 요인 간의 상관관계에 있으며, 커뮤니티를 외부 현상을 비추는 창이나 공동체적 장으로 조명하지도, 회원제·운영방식·익명성 등 구조적·환경적 조건을 분석하지도 않는다.",True,3/3,run1:없음; run2:없음; run3:없음
ART001475599,"감성 공론장: 여성 커뮤니티, 느끼고 말하고 행하다",김예란(광운대학교),2010,언론과 사회,kor,OK,ROLE_FIELD_PUBLICSPHERE,,run1:없음; run2:없음; run3:없음,"has_community=True role_relevant=True env_relevant=False | 이 논문은 여성 온라인 커뮤니티 참여자의 심층 인터뷰를 통해 감성공론장으로서의 커뮤니티가 집단적 감성을 소통·공유하여 정치적·사회적 참여로 이어지는 '장'의 사회적 역할을 분석하므로 role_relevant에 해당하나, 회원제·익명성·운영 제재·생애주기 등 구조적·환경적 조건을 비교·검토하지 않으므로 env_relevant는 아니다. | has_community=True role_relevant=True env_relevant=False | 이 논문은 여성 온라인 커뮤니티 참여자의 심층 인터뷰를 통해 감성공론장이 형성·소통되는 과정과 그 정치적 함의를 분석하므로, 커뮤니티를 공론장 기능의 장(ROLE_FIELD_PUBLICSPHERE)으로 조명하나, 회원제·익명성·운영방침 등 구조적·환경적 조건에 따른 차이나 변화를 분석하지는 않으므로 env_relevant는 false이다. | has_community=True role_relevant=True env_relevant=False | 이 논문은 여성 온라인 커뮤니티 참여자의 심층 인터뷰를 통해 감성공론장으로서의 소통·정치 참여 과정을 분석하므로 커뮤니티를 공론장이라는 '장'으로 조명하나(ROLE_FIELD_PUBLICSPHERE), 회원제·익명성·운영 방침 등 구조적·환경적 조건이나 그 차이에 따른 비교·변화는 다루지 않으므로 ENV는 해당하지 않는다.","[ROLE] 본 연구는 '감성공론장' 개념을 제안하여 여성 온라인 커뮤니티 내부에서 감정·여론·정치참여가 어떻게 생성·소통·공유되는지를 분석함으로써, 커뮤니티 공간 자체를 공론장으로 기능하는 장(FIELD)으로서의 역할을 평가하고 있다. | [ROLE] 본 연구는 여성 온라인 커뮤니티를 '여성 집단이 촛불공간에 출현하는 과정'이라는 외부 사회현상(여성 정치참여·촛불시민운동)을 관측하는 창으로 활용하며, '감성공론장' 개념을 제안하되 분석 방법은 참여자 심층 인터뷰에 의존하여 공론장 기능의 상호작용적 검증을 직접 수행하지는 않는다. | [ROLE] 본 연구는 여성 온라인 커뮤니티를 '감성공론장'이라는 개념으로 제안하고, 그 공간이 정보·여론 활동과 정치·사회참여를 통해 공론장으로서의 가능성을 실제로 얼마나 수행하는지를 평가하는 것이므로 FIELD 계열의 공론장(ROLE_FIELD_PUBLICSPHERE)으로 판정된다.",False,0/3,run1:ROLE_FIELD_PUBLICSPHERE; run2:ROLE_WINDOW_MISC; run3:ROLE_FIELD_PUBLICSPHERE
ART001657200,정치 정보에 대한 선택적 노출이 태도 극화에 미치는 효과 : 비정치적 온라인 커뮤니티 이용자들을 대상으로,노정규(고려대학교),2012,한국언론학보,kor,OK,ROLE_WINDOW_POLARIZE,,run1:없음; run2:없음; run3:없음,"has_community=True role_relevant=True env_relevant=False | 이 논문은 비정치적 온라인 커뮤니티를 정치 정보가 소통되는 대안적 공간(장)으로서, 이용자들의 선택적 노출이 태도 극화에 미치는 영향을 분석 대상으로 삼고 있으나, 커뮤니티의 구조적·환경적 조건(회원제, 익명성, 운영 방침 등)에 따른 차이·비교를 분석하지는 않는다. | has_community=True role_relevant=True env_relevant=False | 이 논문은 비정치적 온라인 커뮤니티를 정치 정보가 소통되는 '대안적 공간'으로서의 사회적 역할(장)을 분석 대상으로 삼아 선택적 노출이 태도 극화에 미치는 메커니즘을 탐구하며, 커뮤니티의 구조적·환경적 조건(회원제, 익명성, 운영 방침 등)에 따른 차이나 비교는 다루지 않는다. | has_community=True role_relevant=True env_relevant=False | 이 논문은 비정치적 온라인 커뮤니티를 정치 정보가 소통되는 대안적 공간(장)으로 설정하여 선택적 노출과 태도 극화 메커니즘을 분석하므로 커뮤니티의 사회적 역할을 조명하나, 회원제·익명성·운영 방침 등 커뮤니티의 구조적·환경적 조건 자체를 비교·분석하지는 않는다.","[ROLE] 비정치적 온라인 커뮤니티를 '대안적 공간'으로 설정하지만, 분석의 핵심은 선택적 노출→우호적 여론 지각→태도 극화라는 정치적 양극화 메커니즘을 검증하는 것이므로, 온라인 커뮤니티는 정치적 극화 현상을 관찰하는 창(WINDOW_POLARIZE)으로 기능하며, 공론장 기능의 검증이나 이용자 간 관계적 자원 형성이 분석 대상이 아닌 FIELD 계열은 배제된다. | [ROLE] 이 논문은 비정치적 온라인 커뮤니티를 정치 정보가 소통되는 대안적 공간으로 설정하되, 핵심 분석 대상은 커뮤니티 공간 자체가 아니라 선택적 노출을 매개로 한 태도 극화(정치적 양극화)라는 외부 사회심리 현상이므로, 온라인 커뮤니티는 정치적 양극화를 포착하는 창(ROLE_WINDOW_POLARIZE)으로 기능한다. | [ROLE] 이 논문은 비정치적 온라인 커뮤니티를 정치적 선택적 노출과 태도 극화 메커니즘을 관측하는 창으로 활용하여, 온라인 공간 밖에도 존재하는 정치적 양극화 현상을 포착하므로 ROLE_WINDOW_POLARIZE가 부여된다.",True,0/3,run1:ROLE_WINDOW_POLARIZE; run2:ROLE_WINDOW_POLARIZE; run3:ROLE_WINDOW_POLARIZE
ART002124866,전략적 여성혐오와 그 모순: 인터넷 커뮤니티 ‘일간베스트저장소’의 게시물 분석을 중심으로,엄진(이화여자대학교),2016,"미디어, 젠더 & 문화",kor,OK,ROLE_WINDOW_GENDER,,run1:없음; run2:없음; run3:없음,"has_community=True role_relevant=True env_relevant=False | 이 논문은 일베의 여성혐오 담론과 그 정치적 효과를 분석함으로써 온라인 커뮤니티를 젠더 정치와 이데올로기 생산의 '장'으로 조명하나, 회원제·제재·익명성 등 커뮤니티의 구조적·환경적 조건을 변수로 삼아 비교하거나 분석하지는 않는다. | has_community=True role_relevant=True env_relevant=False | 이 논문은 일베의 여성혐오 담론을 분석하여 신자유주의 한국사회의 젠더 관계가 어떻게 구성·통제되는지를 읽는 '창'이자, 이데올로기 작업이 수행되는 '장'으로서의 온라인 커뮤니티를 분석하지만, 회원제·익명성·운영 방침 등 커뮤니티의 구조적·환경적 조건을 분석 변수로 삼지는 않는다. | has_community=True role_relevant=True env_relevant=False | 이 논문은 일베의 여성혐오 담론을 분석하여 신자유주의 사회의 젠더 규범과 통제 방식을 읽어내는 창(ROLE_WINDOW_MISC)으로 온라인 커뮤니티를 활용하지만, 회원제·익명성·운영 방침 등 구조적 환경 조건을 변수로 삼아 비교·분석하지는 않는다.","[ROLE] 본 연구는 일베라는 온라인 커뮤니티를 통해 신자유주의 한국사회의 남녀 간 젠더 갈등·여성혐오 담론이 어떻게 작동하고 확산되는지를 읽어내는 것이 주된 목적이라, 커뮤니티 공간 자체의 역할보다는 바깥에 실체 있는 젠더 갈등 현상을 포착하는 창(WINDOW_GENDER)으로서 기능하며, 혐오 표현의 확산 요소도 존재하나 주된 프레임은 젠더 관계의 통제와 이중성에 있으므로 GENDER가 주코드다. | [ROLE] 본 연구는 일베의 여성혐오 담론을 분석하여 한국 사회의 젠더 갈등·여성 통제라는 외부 사회현상을 포착하는 창(WINDOW_GENDER)으로 커뮤니티를 활용하되, 혐오 표현의 커뮤니티 밖 확산(ROLE_WINDOW_HATE)도 동반적으로 다루므로 GENDER를 주코드, HATE를 보조코드로 부여한다. | [ROLE] 이 논문은 일베라는 온라인 커뮤니티를 통해 한국 사회에 만연한 여성혐오·젠더 갈등 현상의 담론 전략과 정치적 효과를 드러내는 창(WINDOW_GENDER)으로 활용하며, 커뮤니티 내부의 상호작용 자체를 분석 대상으로 삼는 장(FIELD) 역할은 부차적이다.",False,0/3,"run1:ROLE_WINDOW_GENDER; run2:ROLE_WINDOW_GENDER,ROLE_WINDOW_HATE; run3:ROLE_WINDOW_GENDER"
ART001942026,일베식 “욕”의 법적 규제에 대하여: 온라인상에서의 혐오 표현에 대한 개념적 고찰,김민정(한국외국어대학교),2014,언론과 법,kor,OK,ROLE_WINDOW_HATE,,run1:없음; run2:없음; run3:없음,"has_community=True role_relevant=False env_relevant=False | 일베를 혐오 표현의 대표 사례로 언급하고 온라인 커뮤니케이션 현상으로서의 혐오 표현을 간략히 서술하지만, 실제 분석은 국제조약·해외법령·판례 등 법적·제도적 체계에 집중되어 있으며, 커뮤니티의 사회적 역할(창·장)이나 구조적·환경적 조건(익명성, 운영 방침, 회원제 등)을 분석 대상으로 삼지 않는다. | has_community=True role_relevant=True env_relevant=False | 이 논문은 '일베 현상'으로 대표되는 온라인 혐오 표현을 법적 개념·규제 논의의 출발점으로 삼아, 특정 온라인 커뮤니티를 외부 사회현상(혐오 표현의 사회적·법적 문제)을 보여주는 '창'으로 활용하나, 커뮤니티의 구조·운영방침·익명성 등 환경적 조건은 전혀 다루지 않는다. | has_community=True role_relevant=True env_relevant=False | 이 논문은 '일베 현상'을 대표 사례로 삼아 혐오 표현의 법적 규제를 논의하므로, 온라인 커뮤니티는 혐오 표현이라는 사회적 현상을 보여주는 '창'으로 기능하지만, 커뮤니티의 구조적·환경적 조건(익명성, 운영 방침, 제재 방식 등)에 대한 비교·분석은 이루어지지 않는다.","일베를 혐오 표현의 대표 사례로 언급하고 온라인 커뮤니케이션 현상으로서의 혐오 표현을 간략히 서술하지만, 실제 분석은 국제조약·해외법령·판례 등 법적·제도적 체계에 집중되어 있으며, 커뮤니티의 사회적 역할(창·장)이나 구조적·환경적 조건(익명성, 운영 방침, 회원제 등)을 분석 대상으로 삼지 않는다. | [ROLE] 본 연구는 '일베 현상'을 대표 사례로 들면서 혐오 표현이라는 외부 사회현상의 법적·개념적 정의를 국제조약·해외법령·판례 중심으로 분석하므로, 온라인 커뮤니티는 혐오 표현 확산 현상을 보여주는 창(ROLE_WINDOW_HATE)으로 기능한다. | [ROLE] 이 논문은 '일베 현상'을 대표 사례로 삼아 온라인 혐오 표현의 법적 개념·범위·규제 가능성을 분석하는 것으로, 혐오 표현·정서의 확산이라는 외부 사회현상을 온라인 커뮤니티라는 창을 통해 포착하는 WINDOW_HATE에 해당한다.",False,1/3,run1:없음; run2:ROLE_WINDOW_HATE; run3:ROLE_WINDOW_HATE
ART001154033,인터넷 상의 소비자 구전활동 동기에 대한 탐색적 연구,백승록(대홍기획),2005,한국광고홍보학보,kor,ERR,,,run1:없음; run2:없음; run3:없음,"has_community=True role_relevant=False env_relevant=False | 이 논문은 온라인 커뮤니티를 소비자 구전 동기 유형화를 위한 자료 수집 장소로만 활용하며, 커뮤니티 자체의 사회적 역할(창/장)이나 구조적·환경적 조건(회원제, 익명성, 운영 방침 등)을 분석 대상으로 삼지 않는다. | has_community=True role_relevant=False env_relevant=False | 이 논문은 온라인 커뮤니티를 소비자 구전 활동의 동기를 유형화하기 위한 자료 수집 장소로만 활용하며, 커뮤니티 자체의 사회적 역할이나 구조적·환경적 조건(회원제, 익명성, 운영 방침 등)을 분석 대상이나 비교 변수로 삼지 않으므로, 커뮤니티는 연구의 재료·통로로만 기능한다. | has_community=True role_relevant=False env_relevant=False | 이 논문은 온라인 커뮤니티를 소비자 구전 활동의 동기를 수집하는 조사 장소로만 활용하며, 커뮤니티의 사회적 역할(창·장)을 분석하기도, 구조적·환경적 조건을 비교·고찰하지도 않으므로 role·env 모두 해당하지 않는다.","이 논문은 온라인 커뮤니티를 소비자 구전 동기 유형화를 위한 자료 수집 장소로만 활용하며, 커뮤니티 자체의 사회적 역할(창/장)이나 구조적·환경적 조건(회원제, 익명성, 운영 방침 등)을 분석 대상으로 삼지 않는다. | 이 논문은 온라인 커뮤니티를 소비자 구전 활동의 동기를 유형화하기 위한 자료 수집 장소로만 활용하며, 커뮤니티 자체의 사회적 역할이나 구조적·환경적 조건(회원제, 익명성, 운영 방침 등)을 분석 대상이나 비교 변수로 삼지 않으므로, 커뮤니티는 연구의 재료·통로로만 기능한다. | 이 논문은 온라인 커뮤니티를 소비자 구전 활동의 동기를 수집하는 조사 장소로만 활용하며, 커뮤니티의 사회적 역할(창·장)을 분석하기도, 구조적·환경적 조건을 비교·고찰하지도 않으므로 role·env 모두 해당하지 않는다.",True,3/3,run1:없음; run2:없음; run3:없음
ART002124848,‘좋아요’가 만드는 ‘싫어요’의 세계: 페이스북 ‘여성혐오’ 페이지 분석,김수아(서울대학교),2016,"미디어, 젠더 & 문화",kor,OK,"ROLE_WINDOW_GENDER, ROLE_WINDOW_HATE",,run1:없음; run2:없음; run3:없음,"has_community=True role_relevant=True env_relevant=False | 이 논문은 '김치녀' 등 여성혐오 페이스북 공개페이지의 담론과 논리를 분석하여 젠더 정치와 신자유주의적 통치성을 이해하는 창으로 활용하면서도, '좋아요'와 네트워크·공동체 구성 기능을 통해 혐오가 놀이로 전환되고 확산되는 과정을 분석하여 커뮤니티 공간 자체의 사회적 역할(장)을 조명하나, 플랫폼 구조적 조건(공개성, 추천 기능 등)에 따른 차이·비교·변화를 분석하는 환경적 조명까지는 나아가지 않는다. | has_community=True role_relevant=True env_relevant=False | 이 논문은 여성혐오 페이스북 공개페이지의 담론을 분석하여 현대사회의 젠더 관계와 가부장제 질서를 이해하는 창(ROLE_WINDOW)으로 삼고 있으나, 플랫폼의 구조적·환경적 조건(회원제, 익명성, 제재 방식 등)에 따른 차이·비교를 분석하기보다 콘텐츠와 담론 논리 자체에 초점을 두어 env_relevant는 해당하지 않는다. | has_community=True role_relevant=True env_relevant=False | 이 논문은 '여성혐오'를 핵심 정체성으로 내세우는 페이스북 공개페이지와 그 구독자 공동체를 분석 대상으로 삼으며, 해당 공간이 젠더 담론을 재구성하고 혐오를 확산하는 '장'이자 청년 세대 문화에 영향을 미치는 현상을 보여주는 '창'으로 조명하나, 플랫폼의 구조적·환경적 조건에 따른 차이·비교를 분석하지는 않는다.","[ROLE] 온라인 여성혐오 페이지를 통해 가부장제 복귀 시도와 젠더 갈등(GENDER)이라는 외부 사회현상을 포착하고, '좋아요'를 매개로 혐오 표현이 일상화·확산되는 현상(HATE)을 보여주며, 커뮤니티 공간 자체의 공론장·사회자본 역할은 분석 대상이 아니므로 WINDOW 계열에 부여한다. | [ROLE] 이 논문은 페이스북 여성혐오 페이지를 통해 젠더 갈등·혐오 확산이라는 외부 사회현상을 분석하는 창(WINDOW)으로서 온라인 커뮤니티를 활용하므로, ROLE_WINDOW_GENDER와 ROLE_WINDOW_HATE를 부여하고 FIELD 계열은 미부여한다. | [ROLE] 이 논문은 페이스북 여성혐오 페이지의 내용·논리·확산 기제를 분석하여 궁극적으로 '여성혐오 현상'에 대응하는 방안을 논의하므로, 온라인 커뮤니티는 젠더 갈등과 혐오 확산이라는 외부 사회현상을 보여주는 창(WINDOW)으로 기능하며, FIELD 계열 코드는 해당하지 않는다.",True,0/3,"run1:ROLE_WINDOW_GENDER,ROLE_WINDOW_HATE; run2:ROLE_WINDOW_GENDER,ROLE_WINDOW_HATE; run3:ROLE_WINDOW_GENDER,ROLE_WINDOW_HATE"
ART002854283,젠더갈등은 어떻게 우리 사회의 주요 담론이 되었는가?: 보수언론의 젠더갈등 기사 분석을 중심으로,홍지아(경희대학교),2022,"미디어, 젠더 & 문화",kor,ERR,,,run1:없음; run2:없음; run3:없음,"has_community=True role_relevant=True env_relevant=False | 이 논문은 보수언론의 젠더갈등 보도를 분석하는 것이 주된 대상이나, 온라인 남초 커뮤니티를 젠더갈등 담론의 주요 발화 공간이자 언론이 기사화·재현하는 원천으로 식별하여, 더 넓은 젠더갈등 현상을 보여주는 '창'으로 활용하고 있으나, 커뮤니티의 구조적·환경적 조건(회원제, 익명성, 제재 방식 등)을 비교·분석하지는 않는다. | has_community=True role_relevant=False env_relevant=False | 이 논문은 2021년 보수언론 3사의 젠더갈등 담론 생산을 분석 대상으로 삼고 있으며, 온라인 커뮤니티는 언론이 기사화하는 발화 공간이나 자료 소스로 언급될 뿐, 커뮤니티 자체의 사회적 역할(창·장)이나 구조적·환경적 조건이 분석 대상이 아니므로 role·env 모두 해당되지 않는다. | has_community=False role_relevant=False env_relevant=False | 이 논문의 분석 대상은 조선·중앙·동아일보 세 보수언론이 생산하는 젠더갈등 보도 담론이며, '온라인 남초 커뮤니티'는 정치인·담론 엘리트와 나란히 거론되는 발화 주체 또는 기사화 대상에 불과하여 커뮤니티 자체의 구조·역할·운영 조건을 분석 대상으로 삼지 않는다.","[ROLE] 본 연구는 보수언론이 생산하는 젠더갈등 담론을 분석 대상으로 삼고, 온라인 커뮤니티의 혐오 발화를 미디어가 어떻게 과잉재현하는지를 보여주는 창(WINDOW)으로서 온라인 커뮤니티를 활용하므로, ROLE_WINDOW_GENDER와 ROLE_WINDOW_HATE가 부여되며, 온라인 커뮤니티 공간 자체의 공론장·사회적 자본 기능은 분석 대상이 아니므로 FIELD 계열은 미부여된다. | 이 논문은 2021년 보수언론 3사의 젠더갈등 담론 생산을 분석 대상으로 삼고 있으며, 온라인 커뮤니티는 언론이 기사화하는 발화 공간이나 자료 소스로 언급될 뿐, 커뮤니티 자체의 사회적 역할(창·장)이나 구조적·환경적 조건이 분석 대상이 아니므로 role·env 모두 해당되지 않는다. | 이 논문의 분석 대상은 조선·중앙·동아일보 세 보수언론이 생산하는 젠더갈등 보도 담론이며, '온라인 남초 커뮤니티'는 정치인·담론 엘리트와 나란히 거론되는 발화 주체 또는 기사화 대상에 불과하여 커뮤니티 자체의 구조·역할·운영 조건을 분석 대상으로 삼지 않는다.",False,2/3,"run1:ROLE_WINDOW_GENDER,ROLE_WINDOW_HATE; run2:없음; run3:없음"
ART001012850,동아시아 문화정체성의 형성과 텔레비전의 소비: 배용준의 일본 팬 커뮤니티 가족 담론을 중심으로,양은경(충남대학교),2006,한국방송학보,kor,OK,ROLE_WINDOW_MISC,,run1:없음; run2:없음; run3:없음,"has_community=True role_relevant=True env_relevant=False | 이 논문은 일본 배용준 팬 온라인 커뮤니티의 가족담론 생산과 정체성 구축 과정을 분석하여 문화정치적 함의를 읽어내므로 커뮤니티를 분석의 장(ROLE_FIELD)으로 삼지만, 회원제·익명성·운영 방침 등 구조적·환경적 조건에 따른 차이·비교를 다루지 않으므로 env_relevant는 false이다. | has_community=True role_relevant=True env_relevant=False | 이 논문은 일본 배용준 온라인 팬 사이트를 분석 대상으로 삼아, 커뮤니티 내 가족담론 생산·집단적 정체성 구축·연대 형성 과정을 문화정치적 '장'으로서의 사회적 역할(ROLE_FIELD_CULTURALPOLITICS)로 조명하나, 커뮤니티의 회원제·익명성·운영방침 등 구조적·환경적 조건을 비교·분석하지는 않는다. | has_community=True role_relevant=True env_relevant=False | 이 논문은 일본 배용준 온라인 팬 커뮤니티를 분석 대상으로 삼아, 팬들이 집단적 정체성을 구축하고 가족담론을 생산하며 문화정치적 함의를 읽어내는 '장'으로서의 커뮤니티 역할을 조명하지만, 회원제·익명성·운영 방침 등 구조적·환경적 조건을 비교·분석하지는 않는다.","[ROLE] 일본 배용준 온라인 팬 사이트를 분석 대상으로 삼되, 그 안에서 드러나는 공동체 해체·재일 한국인 문제·한일 역사 관계·신자유주의적 통치성 등 커뮤니티 바깥에 실체가 있는 초국적 문화정치적 현상을 읽어내는 데 초점을 맞추므로 WINDOW_MISC가 주된 역할이며, 커뮤니티 내 연대감 형성에 대한 서술은 부수적이라 FIELD 계열은 미부여된다. | [ROLE] 이 논문은 일본 배용준 팬 온라인 커뮤니티를 사례로 삼아 초국적 문화 소비를 매개로 한 공동체 해체·재일한국인 문제·한일 역사 인식·계급성 등 바깥의 사회현상을 읽어드는 창(Window)으로 활용하며, 커뮤니티 내 연대감 형성은 부수적 발견에 그쳐 장(Field) 계열로는 미부여한다. | [ROLE] 이 논문은 일본 배용준 온라인 팬 사이트를 사례로 삼아 한국 대중문화의 초국적 확산이라는 외부 사회현상이 문화정치·정체성·계급·국가주의 등 다양한 층위에서 어떤 함의를 지니는지 분석하는 것이므로, 온라인 커뮤니티는 그 현상을 비추는 창(WINDOW_MISC)으로 기능하며, 장(FIELD) 계열로는 공론장 검증이나 이용자 간 관계적 자원 분석이 주된 대상이 되지 않는다.",True,0/3,run1:ROLE_WINDOW_MISC; run2:ROLE_WINDOW_MISC; run3:ROLE_WINDOW_MISC
ART002196505,케이팝(K-pop)의 한국 팬덤에 대한 연구: 해외 팬들에 대한 인식을 중심으로,베르비기에 마티유(한국외국어대학교 국제지역대학원 한국학과),2017,한국언론정보학보,kor,OK,ROLE_WINDOW_MISC,,run1:없음; run2:없음; run3:없음,"has_community=True role_relevant=True env_relevant=False | 이 논문은 한국 K-팝 팬덤의 해외 팬에 대한 인식을 살펴보기 위해 트위터와 온라인 커뮤니티의 대화 및 활동을 관찰 대상으로 삼아, 팬덤의 민족적 우월감·연대·적대 등 문화정치를 드러내는 창(ROLE_WINDOW)으로 커뮤니티를 활용하나, 커뮤니티의 구조적·환경적 조건(회원제, 익명성, 운영 방침 등)에 따른 차이·비교·변화를 분석하지는 않는다. | has_community=True role_relevant=True env_relevant=False | 이 논문은 한국 팬덤이 해외 팬에 대한 차별적 인식을 구성하는 과정을 가상민속지학으로 분석하며, 온라인 커뮤니티를 한류 팬덤의 민족적 우월감과 연대·적대 관계 등 더 넓은 문화정치 현상을 보여주는 창(ROLE_WINDOW)으로 활용하지만, 커뮤니티의 구조적·환경적 조건(회원제, 익명성, 운영 방침 등)에 따른 차이·비교는 다루지 않는다. | has_community=True role_relevant=False env_relevant=False | 이 논문은 가상민속지학 방법으로 트위터와 온라인 커뮤니티를 관찰 사이트로 활용해 한국 팬덤의 해외 팬에 대한 인식을 분석하는 것으로, 커뮤니티는 데이터 수집 통로로만 기능하며 커뮤니티 자체의 사회적 역할(창/장)이나 구조적·환경적 조건(회원제, 익명성, 운영 방침 등)은 분석 대상에서 배제된다.","[ROLE] 이 논문은 온라인 커뮤니티를 데이터 소스로 활용하여 한국 K-pop 팬덤이 해외 팬에 대해 민족적 우월감·문화적 경계·차별적 인식을 구성하는 현상을 분석하는 것으로, 온라인 커뮤니티 공간 자체의 역할이 아니라 팬덤이라는 외부 집단의 민족정체성·문화경계 형성이라는 사회현상을 보여주는 창(WINDOW_MISC)에 해당한다. | [ROLE] 온라인 커뮤니티를 분석 도구로 삼아 한국 K-팝 팬덤의 민족적 우월감·문화적 경계 설정 등 한류 확산이라는 외부 사회현상을 포착하므로, 온라인 커뮤니티는 해당 현상을 비추는 창(ROLE_WINDOW_MISC)으로 기능한다. | 이 논문은 가상민속지학 방법으로 트위터와 온라인 커뮤니티를 관찰 사이트로 활용해 한국 팬덤의 해외 팬에 대한 인식을 분석하는 것으로, 커뮤니티는 데이터 수집 통로로만 기능하며 커뮤니티 자체의 사회적 역할(창/장)이나 구조적·환경적 조건(회원제, 익명성, 운영 방침 등)은 분석 대상에서 배제된다.",False,1/3,run1:ROLE_WINDOW_MISC; run2:ROLE_WINDOW_MISC; run3:없음
ART001277913,촛불문화제에 나타난 청소년의 사회참여 특성에 대한 연구,이창호(한국청소년정책연구원),2008,언론과학연구,kor,ERR,,,run1:없음; run2:없음; run3:없음,"has_community=True role_relevant=False env_relevant=False | 이 논문은 2008년 미국산쇠고기 수입 반대 촛불문화제라는 오프라인 집회에서의 청소년 사회참여를 분석 대상으로 삼으며, 인터넷 카페·온라인공동체는 정보 획득과 동원 통로로서 부수적으로 언급될 뿐, 커뮤니티 자체를 창 또는 장으로 조명하지도, 회원제·익명성·운영 방침 등 구조적·환경적 조건을 고려하지도 않으므로 역할·환경 조명 모두 해당하지 않는다. | has_community=True role_relevant=False env_relevant=False | 이 논문은 뉴미디어가 청소년 사회참여(촛불문화제)에 미치는 영향을 분석하는 것을 목적으로 하며, 인터넷 카페·온라인공동체는 정보 획득과 동원 통로로 서술될 뿐, 커뮤니티 자체의 사회적 역할(창/장)이나 구조·운영 조건(회원제, 익명성, 제재 방식 등)을 분석 대상으로 삼지 않는다. | has_community=False role_relevant=False env_relevant=False | 본 연구의 분석 대상은 2008년 촛불문화제에 참여하는 청소년 20명의 인터뷰·자유발언·언론보도로, '인터넷 등 뉴미디어'가 청소년 사회참여에 미치는 영향을 광의의 매체 영향 연구로 다루며 인터넷 카페는 포털·휴대폰 문자 등 여러 매체 중 하나로만 언급될 뿐 온라인 커뮤니티 자체를 분석 대상으로 삼지 않는다.","이 논문은 2008년 미국산쇠고기 수입 반대 촛불문화제라는 오프라인 집회에서의 청소년 사회참여를 분석 대상으로 삼으며, 인터넷 카페·온라인공동체는 정보 획득과 동원 통로로서 부수적으로 언급될 뿐, 커뮤니티 자체를 창 또는 장으로 조명하지도, 회원제·익명성·운영 방침 등 구조적·환경적 조건을 고려하지도 않으므로 역할·환경 조명 모두 해당하지 않는다. | 이 논문은 뉴미디어가 청소년 사회참여(촛불문화제)에 미치는 영향을 분석하는 것을 목적으로 하며, 인터넷 카페·온라인공동체는 정보 획득과 동원 통로로 서술될 뿐, 커뮤니티 자체의 사회적 역할(창/장)이나 구조·운영 조건(회원제, 익명성, 제재 방식 등)을 분석 대상으로 삼지 않는다. | 본 연구의 분석 대상은 2008년 촛불문화제에 참여하는 청소년 20명의 인터뷰·자유발언·언론보도로, '인터넷 등 뉴미디어'가 청소년 사회참여에 미치는 영향을 광의의 매체 영향 연구로 다루며 인터넷 카페는 포털·휴대폰 문자 등 여러 매체 중 하나로만 언급될 뿐 온라인 커뮤니티 자체를 분석 대상으로 삼지 않는다.",True,3/3,run1:없음; run2:없음; run3:없음
ART001013858,오프라인 모임을 통한 온라인 커뮤니티 애착에 관한 탐색적 연구,박성복(한양대학교),2006,언론과학연구,kor,OK,ROLE_FIELD_SOCIALCAPITAL,,run1:없음; run2:없음; run3:없음,"has_community=True role_relevant=True env_relevant=False | 이 논문은 온라인 커뮤니티의 장소감·커뮤니티 의식·애착이라는 사회적 역할 자체를 분석 대상으로 삼아 '장'으로 조명하나, 회원제·익명성·운영 방침·생애주기 등 구조적·환경적 조건을 변수로 삼아 차이·비교·변화를 분석하지는 않으므로 env_relevant는 false이다. | has_community=True role_relevant=True env_relevant=False | 이 논문은 온라인 커뮤니티의 가상공간 장소감·커뮤니티 의식 및 커뮤니티 애착을 분석 대상으로 삼아, 오프라인 번개모임이 온라인 커뮤니티라는 공간의 사회적 상호작용과 지속·유지라는 기능(장)에 미치는 영향을 연구하지만, 회원제·운영방식·익명성·생애주기 등 커뮤니티의 구조적·환경적 조건에 따른 차이나 비교를 다루지 않으므로 env_relevant는 false이다. | has_community=True role_relevant=True env_relevant=False | 이 논문은 온라인 커뮤니티 구성원이 번개모임을 통해 가상·물리 공간이 융합되며 가상공간 내 장소감·커뮤니티 의식과 커뮤니티 애착이 형성·유지되는 과정을 분석하므로 온라인 커뮤니티 자체의 사회적 역할(장)을 조명하나, 회원제·익명성·운영 방침 등 커뮤니티의 구조적·환경적 조건을 변수로 비교·변화시키지는 않는다.","[ROLE] 본 연구는 번개모임을 매개로 온라인 커뮤니티 내 '커뮤니티 애착·소속감·장소감' 등 이용자 간 관계적 자원의 형성·유지 효과를 분석하는 것으로, 온라인 커뮤니티 공간 자체의 사회적 자본 형성을 조명하는 FIELD 계열(SOCIALCAPITAL)에 해당한다. | [ROLE] 본 연구는 번개모임을 매개로 온라인 커뮤니티 공간 내 이용자들의 '장소감·커뮤니티 의식·애착·소속감' 등 관계적 자원의 형성·유지 효과를 분석하므로, 온라인 커뮤니티를 장(FIELD)으로서 사회자본(ROLE_FIELD_SOCIALCAPITAL)의 형성·효과를 다루는 연구로 판단된다. | [ROLE] 본 연구는 온라인 커뮤니티 공간 안에서 이용자 간 애착·소속감·커뮤니티 의식이라는 관계적 자원이 번개모임을 매개로 어떻게 형성·유지되는지를 분석하므로, FIELD 계열 중 SOCIALCAPITAL에 부여하고 WINDOW 계열에는 부여하지 않는다.",True,0/3,run1:ROLE_FIELD_SOCIALCAPITAL; run2:ROLE_FIELD_SOCIALCAPITAL; run3:ROLE_FIELD_SOCIALCAPITAL
ART001853215,온라인 공론장에서 토론이 합의와 대립에 이르게 하는 요인 분석: 개방형 공론장과 커뮤니티 공론장의 토론 숙의성 비교,박근영(이화여자대학교),2014,한국언론학보,kor,OK,ROLE_FIELD_PUBLICSPHERE,,run1:없음; run2:없음; run3:없음,"has_community=True role_relevant=True env_relevant=True | 이 논문은 '커뮤니티 공론장'을 공동 관심사 기반의 정보교류·친목 공간으로 설정하여 숙의민주주의의 가능성을 분석하므로 커뮤니티가 존재하며, 온라인 커뮤니티 공간을 공론의 '장'으로서의 기능을 조명(role)하고, 동시에 '개방형 공론장'과 '커뮤니티 공론장'이라는 구조적 유형 간 비교를 통해 참여 제약·목적 등 환경적 조건이 합의 유형에 미치는 차이를 분석(env)한다. | has_community=True role_relevant=True env_relevant=True | 이 논문은 '커뮤니티 공론장'을 사적 관심사 기반의 정보교류·친목 커뮤니티로서 분석 대상으로 삼고, 이를 개방형 공론장과 구조적으로 대비시켜(ENV: 공간의 형성 목적·참여 조건 차이에 따른 토론 양식의 차이) 온라인 커뮤니티가 숙의민주주의의 '장'으로서 어떠한 공론 기능을 수행하는지(ROLE: 공론장 역할)를 비교 분석한다. | has_community=True role_relevant=True env_relevant=True | 이 논문은 '커뮤니티 공론장'을 숙의민주주의의 장(ROLE_FIELD_PUBLICSPHERE)으로 조명하는 동시에, 개방형 공론장과 커뮤니티 공론장을 구조적 조건(자유 참여 vs. 사적 관심·친목 기반)으로 유형화하여 그 차이에 따른 숙의 양상의 비교(ENV_COMMUNITY_GOVERNANCE)를 수행한다.","[ROLE] 본 연구는 온라인 공론장을 개방형·커뮤니티형으로 유형화하고 토론의 숙의적 질을 내용연구로 평가함으로써, 온라인 커뮤니티 공간 자체가 공론장(숙의·의견 형성) 기능을 실제로 얼마나 수행하는지를 검증하는 FIELD_PUBLICSPHERE 연구이다. | [ENV] 개방형·커뮤니티 공론장을 구조적으로 구분하고 토론 질을 비교하되, 그 구분의 근거가 '회원제 유무'나 '운영체제'보다는 공론장의 목적과开放性에 있으며, 커뮤니티 자체의 생애주기나 익명성 수준을 비교·분석하지 않으므로 4개 코드 모두 미부여로 판단한다. | [ROLE] 이 논문은 온라인 커뮤니티를 '개방형/커뮤니티 공론장'으로 유형화한 뒤 토론의 숙의성·합의 구조를 내용분석하여 공론장으로서의 기능을 직접 검증·평가하므로, FIELD 계열 중 ROLE_FIELD_PUBLICSPHERE가 부여되고 WINDOW 계열은 모두 미부여된다. | [ENV] 이 논문은 개방형·커뮤니티 공론장이라는 두 유형을 구조적으로 비교하나, 회원제·등급 차이(ENV_COMMUNITY_SUBSCRIPTION)에 따른 결과 비교가 아니라 공론장의 목적·참여 조건 차이에 초점을 두며, '소수 게시판 장악'은 통계적 변수로 소급 언급에 그쳐 운영체계 분석(ENV_COMMUNITY_GOVERNANCE)으로 보기 어렵고, 커뮤니티 자체의 생애주기나 익명성 수준의 비교는 전무하므로 4개 코드 모두 미부여로 판단한다. | [ROLE] 본 연구는 온라인 공론장을 개방형·커뮤니티형으로 유형화하고 토론의 숙의성·합의 유형을 직접 검증·평가하는 것이므로, 온라인 커뮤니티 공간 자체가 공론장 역할을 수행하는지의 검증이라는 FIELD_PUBLICSPHERE에 해당한다. | [ENV] 개방형과 커뮤니티 공론장을 유형화하여 숙의성의 차이를 비교하나, 그 구별 기준이 회원제·등급·운영권한·생애주기·익명성 등 ENV 변수가 아니라 공론장의 목적·참여 구조·토론 양식이므로 4개 코드 모두 미부여한다.",True,0/3,run1:ROLE_FIELD_PUBLICSPHERE; run2:ROLE_FIELD_PUBLICSPHERE; run3:ROLE_FIELD_PUBLICSPHERE
ART002723553,청년 세대의 분노와 혐오 표현의 탄생 : 온라인 커뮤니티 <에브리타임>의 ‘혐오-언어’표현 실태 분석을 중심으로,이종임(경희대학교),2021,방송과 커뮤니케이션,kor,OK,ROLE_WINDOW_HATE,,run1:없음; run2:없음; run3:없음,"has_community=True role_relevant=True env_relevant=False | 이 논문은 대학생 온라인 커뮤니티 '에브리타임'의 게시글을 분석하여 청년 세대의 분노와 혐오표현이 커뮤니티 내에서 타인 혐오·비난으로 변모하는 과정을 추적함으로써, 커뮤니티를 사회적 차별·혐오 현상을 보여주는 창이자 집단적 정서와 이데올로기가 표출되는 장으로 조명하나, 커뮤니티의 구조적·환경적 조건(회원제, 익명성, 제재 방식 등)에 따른 차이나 비교를 다루지는 않는다. | has_community=True role_relevant=True env_relevant=False | 이 논문은 청년 세대의 분노와 혐오표현이라는 사회적 현상을 관찰하기 위해 에브리타임 커뮤니티의 게시글을 분석 대상으로 삼아, 커뮤니티가 공론장으로서의 기능(ROLE)을 조망하며, 회원제·익명성·운영 방침 등 커뮤니티의 구조적·환경적 조건을 분석 변수로 다루지 않는다. | has_community=True role_relevant=True env_relevant=False | 이 논문은 에브리타임이라는 대학생 온라인 커뮤니티 게시글을 분석하여 청년 세대의 분노 정서와 혐오표현이라는 외부 사회현상을 조망하는 창(ROLE_WINDOW)으로 활용하지만, 커뮤니티의 회원제·익명성·운영방침 등 구조적·환경적 조건을 분석 대상이나 비교 변수로 다루지는 않는다.","[ROLE] 청년 세대의 분노가 '차별의 정당화' 이데올로기로 전환되며 혐오표현으로 표출되는 사회현상을 에브리타임 커뮤니티를 통해 포착하는 연구이므로, 온라인 커뮤니티는 혐오·차별 확산이라는 외부 사회현상을 보여주는 창(ROLE_WINDOW_HATE)으로 작동한다. | [ROLE] 이 논문은 청년 세대의 분노·사회적 불평등·능력주의 이데올로기라는 외부 사회현상이 에브리타임이라는 온라인 커뮤니티를 통해 '혐오표현'으로 어떻게 표출·확산되는지를 추적하는 것으로, 커뮤니티 공간 자체의 역할이 아니라 커뮤니티 밖의 청년 집단이 보여주는 차별·혐오 현상을 창(WINDOW)으로 포착하는 연구이며, 그 핵심 코드는 ROLE_WINDOW_HATE이다. | [ROLE] 본 논문은 온라인 커뮤니티 <에브리타임> 게시글을 주 자료로 삼되 신문 기사·심층 인터뷰를 병행하여, 청년 세대의 분노가 차별·혐오 표현으로 전이되는 외부 사회현상을 관측하는 창(WINDOW)으로 커뮤니티를 활용하므로 ROLE_WINDOW_HATE가 부여되고, FIELD 계열은 모두 미부여된다.",True,0/3,run1:ROLE_WINDOW_HATE; run2:ROLE_WINDOW_HATE; run3:ROLE_WINDOW_HATE
ART002268597,남성 중심 온라인 커뮤니티에서의 페미니즘 주제 토론 가능성: '역차별' 담론분석을 중심으로,김수아(서울대학교),2017,"미디어, 젠더 & 문화",kor,OK,ROLE_WINDOW_GENDER,,run1:없음; run2:없음; run3:없음,"has_community=True role_relevant=True env_relevant=False | 이 논문은 온라인 커뮤니티에서 페미니즘·성평등 담론이 남성 중심적으로 귀결되는 과정을 분석함으로써, 커뮤니티를 공론장으로서의 역할(소통·윤리적 토론 가능성)과 외부 성정치 현상을 읽는 창으로 조명하나, 회원제·익명성·운영방침 등 구조적 조건에 따른 차이 비교는 다루지 않는다. | has_community=True role_relevant=True env_relevant=False | 이 논문은 남성 주체에 의해 성평등 담론이 왜곡되는 과정을 분석하며, 온라인 커뮤니티를 합리적 토론이 가능한 공론장(ROLE_FIELD)으로서의 기능 여부를 점검하는 대상으로 삼되, 회원제·익명성·운영 방침 등 구조적·환경적 조건 자체를 비교·분석하지는 않는다. | has_community=True role_relevant=True env_relevant=False | 이 논문은 온라인 커뮤니티 내 성평등·페미니즘 담론을 분석 대상으로 삼아, 남성 주체가 성차별을 부인하고 남성 약자를 확증하는 담론 과정을 '창'으로 조명하고, 게시판 토론 문화가 윤리적 대화의 '장'으로서 기능하는지 검토하지만, 회원제·익명성·운영 방침 등 커뮤니티의 구조적·환경적 조건을 독립 변수로 비교하거나 그 차이를 분석하지는 않는다.","[ROLE] 이 논문은 온라인 커뮤니티를 통해 한국 사회의 젠더 갈등·페미니즘 대립 현상(남성 주체의 성차별 부인·역차별 담론)을 포착하는 창으로 활용하므로 ROLE_WINDOW_GENDER가 주된 분할이며, 공론장적 토론 가능성에 대한 언급은 부수적이라 FIELD 계열은 미부여된다. | [ROLE] 이 논문은 온라인 커뮤니티에서 남성 주체가 성평등 논의에 참여하면서 성차별을 부인하고 남성 약자를 확증하는 젠더 갈등·페미니즘 대립 담론의 과정을 분석하는 것으로, 온라인 커뮤니티가 바깥에 존재하는 젠더 갈등 현상을 보여주는 창(ROLE_WINDOW_GENDER)으로 기능한다. | [ROLE] 이 논문은 온라인 커뮤니티를 통해 남성 주체가 성차별을 부인하고 남성 약자를 확증하는 젠더 갈등 담론을 포착하는 창(WINDOW_GENDER)으로 활용하되, 말미에 게시판 토론이 윤리적 공론장의 역할을 수행하기 위한 조건을 제시하는 수준에 그쳐 공론장 검증(FIELD_PUBLICSPHERE)까지는 미치지 않는다.",True,0/3,run1:ROLE_WINDOW_GENDER; run2:ROLE_WINDOW_GENDER; run3:ROLE_WINDOW_GENDER
ART002207373,온라인 커뮤니티와 혐오의 문화정치 : 일간베스트저장소와 메갈리아의 사례를 중심으로,장소연(한양대학교 미디어커뮤니케이션학과 석사),2017,한국소통학보,kor,FAILED,,,,,처리 실패: Request timed out.,,,
ART001145606,온라인 커뮤니티 내의 커뮤니케이션에 관한 연구자아성향(Self-construal)에 따른 관계 중심으로,권상희(성균관대학교),2006,한국언론정보학보,kor,FAILED,,,,,처리 실패: Request timed out.,,,
ART001250213,온라인 대인관계의 정서적 애착(emotional attachment)형성에 관한 연구: 온라인 커뮤니티의 번개모임의 영향력을 중심으로,박성복(한양대학교),2007,한국언론학보,kor,FAILED,,,,,처리 실패: Request timed out.,,,
ART001373686,"온라인 커뮤니티 속 오피니언 리더 집단 검증 : 이용 동기, 활동 정도, 대인관계 형성 과정의 비교 분석",최윤정(이화여자대학교),2009,한국언론학보,kor,FAILED,,,,,처리 실패: Request timed out.,,,
ART001557144,사용자간 상호작용성(User-to-User Interactivity)의 측정을 위한 척도 개발과 검증:온라인 브랜드 커뮤니티를 대상으로,황장선(중앙대학교),2011,광고학연구,kor,FAILED,,,,,처리 실패: Request timed out.,,,
ART001899500,온라인 여성호명 담론에 대한 질적 연구,황슬하(중앙대학교),2014,한국방송학보,kor,FAILED,,,,,처리 실패: Request timed out.,,,
ART001296043,온라인 글쓰기에서의 자기 서사와 정체성 구성,김수아(서울대학교),2008,한국언론학보,kor,FAILED,,,,,처리 실패: Request timed out.,,,
ART001209629,온라인 커뮤니티 활동과 커뮤니케이션 형태와 공동체 역할에 관한 연구 : 스포츠 커뮤니티를 중심으로,이재신(중앙대학교),2007,언론과학연구,kor,FAILED,,,,,처리 실패: Request timed out.,,,
ART001512698,"온라인 PR 정보원의 유형 별 커뮤니케이션 효과: 메시지 평가, 구매 의도, 정보원 신뢰도를 중심으로",이상경(어린이집 안전공제회),2010,OOH광고학연구,kor,FAILED,,,,,처리 실패: Request timed out.,,,
ART001457377,10대 청소년의 인터넷 이용동기와 온라인 커뮤니케이션 활동의 상관성 연구,설진아(한국방송통신대학교),2010,"미디어, 젠더 & 문화",kor,FAILED,,,,,처리 실패: Request timed out.,,,
ART001250486,온라인 서포트 커뮤니티에서의 인지된 익명성: 계층적 개념구조와 공적인 자기노출에 미치는 영향,윤해진(인하대학교),2006,한국언론학보,kor,FAILED,,,,,처리 실패: Request timed out.,,,
ART002477442,미투 운동 이후 한국 신문에 나타난 성별 갈등 보도 분석,김수아(서울대학교),2019,미디어와 인격권,kor,FAILED,,,,,처리 실패: Request timed out.,,,
ART001366892,온라인 커뮤니티 이용을 통한 사회적 자본이에너지 절약 행동의도에 미치는 영향에 관한 연구,신경아(한양대학교),2009,한국광고홍보학보,kor,FAILED,,,,,처리 실패: Request timed out.,,,
ART001533640,정치적 소통의 새로운 전망:20～30대 여성들의 온라인 정치커뮤니티를 중심으로,박창식(한겨레신문사 논설위원),2011,한국언론학보,kor,FAILED,,,,,처리 실패: Request timed out.,,,
ART002201497,한국 뮤지컬 마니아 관객 활동의 문화 정치적 함의: 온라인 커뮤니티 활동을 중심으로,박혜성(한국예술종합학교),2017,언론과 사회,kor,FAILED,,,,,처리 실패: Request timed out.,,,
ART002285710,온라인 루머 전파에서 사회적 동조의 역할,민혜민(이화여자대학교),2017,방송과 커뮤니케이션,kor,FAILED,,,,,처리 실패: Request timed out.,,,
ART002843579,고령자 1인 가구의 디지털 리터러시와 온라인 커뮤니티 및 사회참여: MZ세대 및 고령자 1인-다인 가구 집단 비교를 중심으로,박노일(차의과학대학교),2022,한국소통학보,kor,FAILED,,,,,처리 실패: Request timed out.,,,
ART002196494,"공동체 미디어의 담론 흐름과 연구경향: 학술논문의 주제, 방법, 쟁점에 대한 메타분석을 중심으로",강진숙(중앙대학교),2017,한국언론정보학보,kor,FAILED,,,,,처리 실패: Request timed out.,,,
ART002918019,온라인 커뮤니티 ‘당근마켓’ 사용에서 기인한 오프라인 관계의 선행요인과 결과요인,이해리(대전청년내일센터),2022,광고연구,kor,FAILED,,,,,처리 실패: Request timed out.,,,
ART001792485,한국 온라인 팬픽의 인물 형상화 방식,한혜원(이화여자대학교),2013,한국방송학보,kor,FAILED,,,,,처리 실패: Request timed out.,,,
ART001987148,신(新) ‘카더라통신’의 동기적 요인효과: 경향적 인터넷 루머 전파의도에 대한 문제해결상황이론과 계획행동이론의 통합모형,차유리(서울대학교),2015,한국언론학보,kor,FAILED,,,,,처리 실패: Request timed out.,,,
ART001326749,온라인 커뮤니티를 매개로 한 아파트 공동체 형성에 관한 연구,홍성구(강원대학교),2009,언론과학연구,kor,FAILED,,,,,처리 실패: Request timed out.,,,
ART001523213,온라인 커뮤니티의 사회적 지원이 청소년의 스트레스 감소에 미치는 영향: 커뮤니티 소속감과 자아탄력성의 매개효과 검증,손해영(연세대학교),2011,한국방송학보,kor,FAILED,,,,,처리 실패: Request timed out.,,,
ART001602439,"메시지 품질과 토론 연결망의 구조적 위치, 그리고 여론지도력: 서울시 ‘무상급식 논란’의 온라인 정치토론 사례 분석",김경모(연세대학교),2011,한국언론정보학보,kor,FAILED,,,,,처리 실패: Request timed out.,,,
ART002477326,디지털 시대의 온라인 공중 집단행동에 대한 집단 효능감의 역할: 청와대 국민청원 사이트 참여를 중심으로,박인호(성균관대학교),2019,PR연구,kor,FAILED,,,,,처리 실패: Request timed out.,,,
ART002663860,수동적 SNS 이용과 우울의 관계: 자기해석양식을 통한 상향비교의 조절된 매개효과,임혜린(고대안산병원 정신건강의학과 임상심리실),2020,"미디어, 젠더 & 문화",kor,FAILED,,,,,처리 실패: Request timed out.,,,
ART001853206,누구와 소통하는가: 연결된 청소년의 공동체적 삶 역량 계발,양소은(서울대학교),2014,한국언론학보,kor,FAILED,,,,,처리 실패: Request timed out.,,,
ART001520829,온라인 브랜드 커뮤니티의 시기별 구조적 관계에 대한 사회 네트워크 분석,도선재(중앙대학교),2011,광고학연구,kor,FAILED,,,,,처리 실패: Request timed out.,,,
ART001904204,디시인사이드 ‘주군의 태양’ 갤러리 구성원 유형화를 통한 인터넷 팬 커뮤니티 권력관계 특성연구,권지현(동의대학교),2014,지역과 커뮤니케이션,kor,FAILED,,,,,처리 실패: Request timed out.,,,
ART001997770,사이버 공간에서의 역사의 내전(內戰)화:<일간베스트저장소>의 5·18 언설을 중심으로,정수영(성균관대학교),2015,한국언론정보학보,kor,FAILED,,,,,처리 실패: Request timed out.,,,
ART001908006,한국 보수 언론 및 온라인 커뮤니티의 이주노동자 재현과 갈등 은유 분석,채영길(한국외국어대학교),2014,한국언론학보,kor,FAILED,,,,,처리 실패: Request timed out.,,,
ART002886894,‘기레기 멸칭’에 내재된 언론비판 인식 분석: 주요 온라인 커뮤니티 내용분석을 중심으로,이상호(고려대학교),2022,한국언론정보학보,kor,FAILED,,,,,처리 실패: Request timed out.,,,
ART002784511,<조선구마사> 역사 표현의 쟁점과 함의,주창윤(서울여자대학교),2021,커뮤니케이션 이론,kor,FAILED,,,,,처리 실패: Request timed out.,,,
ART001928070,‘강북’ 청소년들의 일상생활 문화와 계급 정체성 형성에 대한 영상방법론적 연구,이상규(서울대학교),2014,한국언론정보학보,kor,FAILED,,,,,처리 실패: Request timed out.,,,
ART001926218,"온라인 공동체 규범인식과 몰입이 운영방식 만족, 지각된 가치, 오프라인 모임의 참여에 미치는 영향관계",임종섭(서강대학교),2014,한국언론학보,kor,FAILED,,,,,처리 실패: Request timed out.,,,
ART002949920,온라인 커뮤니티 ‘에펨코리아’로 살펴본 ‘이대남 현상’,김선영(경남대학교),2023,한국언론정보학보,kor,FAILED,,,,,처리 실패: Request timed out.,,,
ART002865675,여성 주체와 온라인 민족주의: <조선구마사> 방송 중단 운동을 중심으로,신정원(서울대학교),2022,언론정보연구,kor,FAILED,,,,,처리 실패: Request timed out.,,,
ART002054350,"“내 그럴 줄 알았지!”: 인터넷루머 장르, 매체 · 대상 선호도에 따른 수용자 믿음및 전파의도",차유리(서울대학교),2015,한국방송학보,kor,FAILED,,,,,처리 실패: Request timed out.,,,
ART001878027,한국의 저출산 현상에 대한 기혼 여성들의 인식 및 효과적인 커뮤니케이션 전략 연구,최지현(숙명여자대학교),2014,PR연구,kor,FAILED,,,,,처리 실패: Request timed out.,,,
ART002022956,"좋은 루머, 나쁜 루머, 양가적 루머? - 인터넷 루머 전파기대 척도의 타당화",차유리(서울대학교),2015,언론정보연구,kor,FAILED,,,,,처리 실패: Request timed out.,,,
ART001449054,온라인 브랜드 커뮤니티에서 불만 대응이 커뮤니티 선호도와 브랜드 충성도에 미치는 영향,김정현(중앙대학교),2010,PR연구,kor,FAILED,,,,,처리 실패: Request timed out.,,,
ART001119701,온라인 저널리즘의 정치적 동학:' '논객사이트'를 중심으로,장우영(대구가톨릭대학교),2005,언론과 사회,none,NO_ABSTRACT,,,,,초록 없음 (KOR_ABST/ENG_ABST 둘 다 없음),,,
ART002229719,미디어 멀티태스킹과 게이미피케이션을 통해 발현한 실시간 참여 민주주의 : 다이내믹 토픽 모델링(DTM)을 활용한 인터넷 게시판 분석,최선영(이화여자대학교),2017,한국방송학보,kor,FAILED,,,,,처리 실패: Request timed out.,,,
ART002716134,사회적 법익을 침해하는 허위조작정보 대응을 위한 시론적 논의 — 코로나19 관련 허위조작정보를 중심으로 —,정영주(한양대학교 언론정보대학원),2021,언론과 법,kor,FAILED,,,,,처리 실패: Request timed out.,,,
ART001715215,온라인뉴스 확산행동 혹은 의견 게재행동에 참여하는 이용자 특성에 대한 연구,고영재(대한결핵협회),2012,PR연구,kor,FAILED,,,,,처리 실패: Request timed out.,,,
ART001747144,능동적 이용자와 정보기술의 상호구성 전자게시판 이용자를 중심으로,조동원(중앙대학교),2013,언론과 사회,kor,FAILED,,,,,처리 실패: Request timed out.,,,
ART001627852,소비자 주도형 브랜드 커뮤니티의 '맹목성' 연구 : 제품에 대한 위험지각이 브랜드 태도에 미치는 영향,조민정(인포마스터),2012,광고학연구,kor,FAILED,,,,,처리 실패: Request timed out.,,,
ART003173080,데칼코마니 저널리즘: 혐오와 편견의 대량 복제,이서현(제주대학교),2025,한국언론정보학보,kor,FAILED,,,,,처리 실패: Request timed out.,,,
ART002245240,온라인 커뮤니티 맥락에서 브랜드 위기유형이 소비자의 지각된 위험 및 부정적 반응에 미치는 영향: 정보 생동감과 소비자 외향성의 조절효과를 중심으로,홍일유(중앙대학교),2017,광고학연구,kor,FAILED,,,,,처리 실패: Request timed out.,,,
ART002335946,미디어의 구술성과 토론 주제의 돌출성이 사회적 시청의 수준에 미치는 영향: 2017년 TV 대선 토론에 대한 온라인 커뮤니티와 카카오톡 글 분석을 중심으로,최윤정(이화여자대학교),2018,한국방송학보,kor,FAILED,,,,,처리 실패: Request timed out.,,,
ART001175182,커뮤니티 개설자에 대한 인식정도와 이용자의 커뮤니티 의식의 관계에 관한 연구:기업 개설형 브랜드 커뮤니티를 중심으로,이규완(동아대학교),2006,언론과학연구,kor,FAILED,,,,,처리 실패: Request timed out.,,,
ART001119546,온라인 사회연결망 자본이 지위열망에 미치는 영향:오프라인 사회연결망자본과의 비교를 중심으로,이철주(미국 위스콘신대학),2004,언론과 사회,none,NO_ABSTRACT,,,,,초록 없음 (KOR_ABST/ENG_ABST 둘 다 없음),,,
ART002743903,뉴스에서 의견으로: 온라인 커뮤니티에서 뉴스 공유의 특성,송보영(서울대학교),2021,한국방송학보,kor,FAILED,,,,,처리 실패: Request timed out.,,,
ART002910918,한국에서의 무성애 지향에 대한 탐색적 연구: 온라인 커뮤니티 분석을 중심으로,조윤희(연세대학교),2022,"미디어, 젠더 & 문화",kor,FAILED,,,,,처리 실패: Request timed out.,,,
ART002996424,젠더 갈등으로 대두된 기업 위기와 온라인 커뮤니티의 귀인 양상 Biterm Topic Model을 이용한 댓글 분석을 중심으로,양수민(중앙대학교 일반대학원 미디어커뮤니케이션학과),2023,커뮤니케이션 이론,kor,FAILED,,,,,처리 실패: Request timed out.,,,
ART002854281,연결된 잔혹성: 혐오와 재미 사이의 길고양이 학대와 ‘인터넷 놀이 문화’ 공모 범죄,이진(Curtin University),2022,"미디어, 젠더 & 문화",kor,FAILED,,,,,처리 실패: Request timed out.,,,
ART001904428,Exploring the Use of Online Channels for Disseminating HIV/AIDS Knowledge The Diffusion of the “Hug AIDS” Online Campaign among Online Users,신경아(한양대학교),2014,PR연구,kor,FAILED,,,,,처리 실패: Request timed out.,,,
ART002934966,메타버스 내 옥외광고(In-Metaverse OOH) 도입에 대한 전문가 인식 연구,김지은(숙명여자대학교),2023,광고PR실학연구,kor,FAILED,,,,,처리 실패: Request timed out.,,,
ART002957307,프라이버시권 침해보도의 저널리즘적 특성과 언론에 의한 프라이버시권 침해관행 연구 — 프라이버시권 침해관련 언론중재위원회 시정권고사례 분석을 중심으로 —,김주용(언론중재위원회),2023,언론과 법,kor,FAILED,,,,,처리 실패: Request timed out.,,,
ART001940297,"여성 온라인 커뮤니티 이용동기와 효과에 관한 탐색적 연구: 20대 여성 대학(원)생 이용자의 지속적 커뮤니티 이용의도, 페미니즘 성향을 중심으로",이정기(한양대학교),2014,미디어와 공연예술 연구,kor,FAILED,,,,,처리 실패: Request timed out.,,,
ART002633117,"새로운 관계성 형성의 장으로서의 인터넷 커뮤니티에 대한 연구 : 그룹 정체성, 멤버 유대감, 커뮤니티 활동시간을 중심으로한 현장실험",김효숙(숭실대학교),2020,광고연구,kor,FAILED,,,,,처리 실패: Request timed out.,,,
ART002045297,커뮤니케이션 욕구: 개념화와 측정척도 개발,김충현(서강대학교),2015,한국언론학보,kor,FAILED,,,,,처리 실패: Request timed out.,,,
ART002024304,소셜 VS. 온라인 브랜드 커뮤니티 비교연구,김주란(전주대학교),2015,광고PR실학연구,kor,FAILED,,,,,처리 실패: Request timed out.,,,
ART001257307,언론사 닷컴 이용자의 사이트 재방문 유도요인 분석: 대학생 집단을 중심으로,안재현(청운대학교),2007,한국언론학보,kor,FAILED,,,,,처리 실패: Request timed out.,,,
ART002187031,실시간 가상시청공동체의 행동 특성: 온라인커뮤니티 디시인사이드 ‘별에서 온 그대’ 게시판 분석을 중심으로,김시은(한국경제),2016,정치커뮤니케이션연구,kor,FAILED,,,,,처리 실패: Request timed out.,,,
ART002352600,인터넷 팬 커뮤니티에서 갈등은어떤 의미가 있는가?,권지현(동의대학교),2018,지역과 커뮤니케이션,kor,FAILED,,,,,처리 실패: Request timed out.,,,
ART003210135,포퓰리즘 시대의 청년 정치: 온라인 커뮤니티 담론이 구성하는 청년 정치인의 ‘자격’,김선기(국립부경대학교 글로벌차이나연구소),2025,한국언론정보학보,kor,FAILED,,,,,처리 실패: Request timed out.,,,
ART003231870,‘제주 비계 삼겹살’ 보도에 나타난 저널리즘 행위,이서현(제주대학교),2025,한국언론정보학보,kor,FAILED,,,,,처리 실패: Request timed out.,,,
ART001940368,온라인 커뮤니티는 토론 난제(難題)에서도 대안적인가?: ‘개성공단 사태’에 대한 종이신문의 보도양상 및 프레임과의 비교를 중심으로,김동윤(대구대학교),2014,미디어와 공연예술 연구,kor,FAILED,,,,,처리 실패: Request timed out.,,,
ART002935498,혼틈당선: 윤석열과 보수 재집권 분투 : <Under the Cover of Chaos>를 통해 본 제20대 대통령 선거 국면 분석,이종명(강원대학교 미디어커뮤니케이션학과),2023,한국언론학보,kor,FAILED,,,,,처리 실패: Request timed out.,,,
ART003094007,"네이버에서 ‘사장님’ 이미지 검색해 보라, 사용자 선호는 어디에 있나?: 성애화된 이미지의 생산, 유통 그리고 소비",윤호영(이화여자대학교 커뮤니케이션·미디어학부),2024,"미디어, 젠더 & 문화",kor,FAILED,,,,,처리 실패: Request timed out.,,,
ART002226341,부정 보도 메시지가 소비자 태도에 미치는 영향에 관한 연구: 온라인 브랜드 커뮤니티 가입여부에 따른 조절효과,이영우(경희대학교),2017,광고학연구,kor,FAILED,,,,,처리 실패: Request timed out.,,,
ART002201501,1980년대 한국의 인터넷 기술 도입과 개방·공유·참여의 디지털문화 형성,조동원(성공회대학교),2017,언론과 사회,kor,FAILED,,,,,처리 실패: Request timed out.,,,
ART002831995,광고산업을 왜 육성해야 하는가?: 광고산업과 KOBACO 방송통신광고 진흥사업의 경제파급효과를 중심으로,박종구(한국방송광고진흥공사),2022,광고학연구,kor,FAILED,,,,,처리 실패: Request timed out.,,,
ART003037292,경륜(競輪) 베팅서비스 활성화를 위한 경륜 고객 대상 질적 연구 : 페르소나 기법을 중심으로,김진세(국민체육진흥공단),2023,서비스마케팅저널,kor,FAILED,,,,,처리 실패: Request timed out.,,,
ART003248198,동덕여대 학생은 어떻게 ‘폭도’가 되는가: 언론의 보도 프레임 생산과 댓글의 젠더화된 소비 분석,김채미(서울대학교),2025,"미디어, 젠더 & 문화",kor,FAILED,,,,,처리 실패: Request timed out.,,,
ART002801957,무용의 미디어 플랫폼 활용에 대한 비판적 고찰: 대중화 전략을 중심으로,임수진(성균관대학교 트랜스미디어연구소),2018,트랜스-,kor,FAILED,,,,,처리 실패: Request timed out.,,,
ART001593482,온라인 메트로 커뮤니케이션: 서울 메트로 사례를 중심으로,문성준(인하대학교),2011,한국방송학보,kor,FAILED,,,,,처리 실패: Request timed out.,,,
ART002808081,재난 상황에서 형성된 온라인 공동체의 사회적 자본과 협치 거버넌스: '우리의 무대를 지켜주세요(Wumuji)' 사례를 중심으로,표시영(이화여자대학교 커뮤니케이션/미디어 연구소),2022,한국방송학보,kor,FAILED,,,,,처리 실패: Request timed out.,,,
ART003244341,온라인 커뮤니티의 22대 총선 담론에서혐오 표현에 관한 연구: K-MHaS 기반 딥러닝 혐오표현 분류 모형을 중심으로,이현우(한국언론진흥재단 미디어연구센터 선임연구위원),2025,언론과학연구,kor,FAILED,,,,,처리 실패: Request timed out.,,,
ART003190087,갈등은 일대일 정치대화 네트워크 형성에 어떠한 영향을 미치는가: 뽐뿌의 정치자유게시판을 중심으로,주호준(경희대학교),2025,한국방송학보,kor,FAILED,,,,,처리 실패: Request timed out.,,,
ART003280608,‘되기’와 ‘정동’의 관점에서 본 여성 만성질환자의 온라인 커뮤니티 이용 경험,김은진(부산대학교),2025,"미디어, 젠더 & 문화",kor,FAILED,,,,,처리 실패: Request timed out.,,,
ART003326730,온라인 커뮤니티 ‘에브리타임’을 이용하는 대학생의 소통 경험: 포커스그룹인터뷰(FGI) 연구,김지희(서울대학교 언론정보연구소),2026,한국언론정보학보,kor,FAILED,,,,,처리 실패: Request timed out.,,,
ART003249234,중립댓글은 중립인가?: 20·30대 온라인 커뮤니티 이용자의 성별갈등을 중심으로,이윤종(서강대학교),2025,한국방송학보,kor,FAILED,,,,,처리 실패: Request timed out.,,,
ART003274068,디지털 정치부족주의와 미디어의 행위성: 12.3 비상계엄과 탄핵정국에서 미디어는 어떻게 행위하는가,박선희(조선대학교),2025,한국언론정보학보,kor,FAILED,,,,,처리 실패: Request timed out.,,,
ART003320510,지역일간지와 전국일간지의 ‘제주 바가지’ 보도 맥락 탐색,이서현(제주대학교),2026,정치커뮤니케이션연구,kor,FAILED,,,,,처리 실패: Request timed out.,,,
ART003084169,양방향 대칭적 커뮤니케이션 모델 관점의 유튜브 홍보 콘텐츠와 소비자 반응 간 상호 관계성 분석 : 홈퍼니싱 기업을 중심으로,김현정(디지털산업정책연구소),2024,광고PR실학연구,kor,FAILED,,,,,처리 실패: Request timed out.,,,
ART003190032,OTT 플랫폼에서 형성된 온라인 취향공동체와 디지털 컨버전스 컬처 OTT 플랫폼 ‘왓챠’의 취향공동체 ‘왓착즙’ 사례를 중심으로,박지윤(전남대학교 미디어커뮤니케이션학과),2025,언론과학연구,kor,FAILED,,,,,처리 실패: Request timed out.,,,
ART001399324,왜 우리는 타인들과 함께 행동하는가: 목표지향행동과 집단정체감,이규현(한남대학교),2009,소비문화연구,kor,FAILED,,,,,처리 실패: Request timed out.,,,
ART001940200,사회적 익명성이 온라인 커뮤니티 구성원의 공동체 신뢰도와 인식에 미치는 영향: 인지된 동질성(perceived homophily)과 공감경험(empathy)을 중심으로,윤수진(한양대),2014,사이버커뮤니케이션학보,kor,FAILED,,,,,처리 실패: Request timed out.,,,
ART001481586,사이버 커뮤니티에서 유형별 사회자본이 정치적 의견표명과 호응에 미치는 효과: 광우병 촛불집회 사례를 중심으로,전영아(한국지역정보개발원),2010,사이버커뮤니케이션학보,kor,FAILED,,,,,처리 실패: Request timed out.,,,
ART001025608,고령층의 온라인 공동체 활동에 관한 연구 : 남성과 여성 간에 차이를 중심으로,구자순(한양대학교),2005,사이버커뮤니케이션학보,none,NO_ABSTRACT,,,,,초록 없음 (KOR_ABST/ENG_ABST 둘 다 없음),,,
ART001830333,온라인-오프라인 자기개방이 공동체 소속감과 행복감에 미치는 영향:수평적 집단주의와 수직적 집단주의의 비교,김소정(고려대학교),2013,사이버커뮤니케이션학보,kor,FAILED,,,,,처리 실패: Request timed out.,,,
ART001401701,청소년의 온라인 게임 이용효과에 미치는 영향요인 분석,조영기(동국대학교),2009,사이버커뮤니케이션학보,kor,FAILED,,,,,처리 실패: Request timed out.,,,
ART001042706,온라인 쇼핑몰 서비스품질 측정도구 개발에 관한 연구,한장희(전남대학교),2006,소비문화연구,kor,FAILED,,,,,처리 실패: Request timed out.,,,
ART002697651,지역기반 온라인 육아 커뮤니티 이용이 커뮤니티에서의 공동체의식과 만족도에 미치는 영향: 사회자본과 정서적 특성의 상호작용 효과,김윤경(연세대학교 언론정보학부),2021,사이버커뮤니케이션학보,kor,FAILED,,,,,처리 실패: Request timed out.,,,
ART001050588,미니홈피 커뮤니티의 사회문화적 특징 : 대학생 이용자의 사례를 중심으로,윤명희(부산대학교),2007,사이버커뮤니케이션학보,kor,FAILED,,,,,처리 실패: Request timed out.,,,
ART001779031,비정치적 온라인 커뮤니티에서의 정치적 의견표현,박영득(한국외국어대학교),2013,사이버커뮤니케이션학보,kor,FAILED,,,,,처리 실패: Request timed out.,,,
ART002700188,텍스트 마이닝 기법을 활용한 게임소비자 인식에 관한 연구: 온라인커뮤니티 리뷰(Reddit)를 중심으로,김우혁(인천대학교),2021,소비문화연구,kor,FAILED,,,,,처리 실패: Request timed out.,,,
ART002961335,"익명과 이슬람혐오: 온라인 커뮤니티에 담긴 대학생의 인종적 이해, 편견, 그리고 혐오",이소훈(경북대학교),2023,현대사회와 다문화,kor,FAILED,,,,,처리 실패: Request timed out.,,,
ART001890261,온라인 팬 커뮤니티 특성이 팬 커뮤니티 멤버들의 행동적 변화에 미치는 영향: 소녀시대 팬클럽을 중심으로,정수연(세종대학교),2014,소비문화연구,kor,FAILED,,,,,처리 실패: Request timed out.,,,
ART001311842,블로그의 사회이론적 탐색: ‘커뮤니티’의 시각에서,윤명희(서강대학교),2008,사이버커뮤니케이션학보,kor,FAILED,,,,,처리 실패: Request timed out.,,,
ART001691334,온라인 여성 커뮤니티에서의 이용자 간 상호작용과 사회연결망에 관한 연구,이세진(국민대학교),2012,사회과학연구,kor,FAILED,,,,,처리 실패: Request timed out.,,,
ART001936278,5･18역사 왜곡에 대한 고찰- 『역사로서의 5･18』에 대한 분석을 중심으로 -,김희송(전남대학교),2014,민주주의와 인권,kor,FAILED,,,,,처리 실패: Request timed out.,,,
ART001704385,문학 커뮤니티의 집합적 창작(collective creation) 과정에 대한 생태계적 모형 연구: 온라인 커뮤니티 문장(Munjang)을 중심으로,장용호(서강대학교),2012,사이버커뮤니케이션학보,kor,FAILED,,,,,처리 실패: Request timed out.,,,
ART001647169,성격특성과 지각된 신념이 온라인 브랜드 커뮤니티의 지속사용의도에 미치는 영향,신종국(부산대학교),2012,소비문화연구,kor,FAILED,,,,,처리 실패: Request timed out.,,,
ART000952992,온라인 커뮤니티 애피커시에 영향을 미치는 요인에 관한 요인,서문식(부산대학교),2004,소비문화연구,kor,FAILED,,,,,처리 실패: Request timed out.,,,
ART002151275,온라인 커뮤니티 이용자와 SNS 이용자의 구분요인: 기질성 요인과 활동성 요인을 중심으로,황주성(서울과학기술대학교),2016,정보통신정책연구,kor,FAILED,,,,,처리 실패: Request timed out.,,,
ART002604036,온라인 커뮤니티 참가자의 유형과 구분요인에 관한 연구: 개인적 특성 요인을 중심으로,황주성(서울과학기술대학교),2020,사이버커뮤니케이션학보,kor,FAILED,,,,,처리 실패: Request timed out.,,,
ART001998734,인터넷 팬 커뮤니티의 규율권력이 어떻게 행사되는가?: 디시인사이드 '주군의 태양' 갤러리의 사례를 중심으로,권지현(동의대학교),2015,사이버커뮤니케이션학보,kor,FAILED,,,,,처리 실패: Request timed out.,,,
ART003080328,온라인 커뮤니티 에브리타임을 통해 들여다본 지방대학생들의 불평등과 공정성 담론: 문재인 정부 시기를 중심으로,전아람(전북대학교 사회학과 대학원),2024,사회과학연구,kor,FAILED,,,,,처리 실패: Request timed out.,,,
ART002067524,해외직접구매에 있어서 소비자 갈등에 관한 근거이론적 분석,이진명(인하대학교),2015,소비문화연구,kor,FAILED,,,,,처리 실패: Request timed out.,,,
ART002701104,Wenger의 실천공동체(CoP)에 비추어 본 온라인 부모교육 커뮤니티에서 발생하는 학습과정 사례 연구,서주현(한양대학교),2021,열린부모교육연구,kor,FAILED,,,,,처리 실패: Request timed out.,,,
ART001704380,사이버공간 상호작용을 통한 ‘자랑’의 의미 형성: 디시 인사이드의 자랑거리 갤러리에 대한 사례 연구,노명우(아주대학교),2012,사이버커뮤니케이션학보,kor,FAILED,,,,,처리 실패: Request timed out.,,,
ART002605854,소비자들의 구매 직전 망설임에 관한 연구: 근거이론적 분석,황정빈(고려대학교),2020,소비문화연구,kor,FAILED,,,,,처리 실패: Request timed out.,,,
ART001162142,온라인 커뮤니티 애피커시와 공동구매 태도와의관계에서 커뮤니티 유형의 조절효과,김유경(부산대학교),2005,소비문화연구,kor,FAILED,,,,,처리 실패: Request timed out.,,,
ART001887730,초등 교사의 국어과 교사용 지도서 사용 실태 연구,김지은(서울교육대학교),2014,한국초등교육,kor,FAILED,,,,,처리 실패: Request timed out.,,,
ART002093498,네이버 밴드와 기존 매체 이용의 상호관계에 관한 연구,이용재(동국대학교),2016,정보통신정책연구,kor,FAILED,,,,,처리 실패: Request timed out.,,,
ART002887929,‘일베’를 어떻게 인지할 것인가,이길호,2014,시민과 세계,none,NO_ABSTRACT,,,,,초록 없음 (KOR_ABST/ENG_ABST 둘 다 없음),,,
ART001982731,역사인식의 세대차와 시대차 - 5･18 민주항쟁의 사례 -,허석재(목포대학교),2015,민주주의와 인권,kor,FAILED,,,,,처리 실패: Request timed out.,,,
ART002716835,기자들의 온라인 서비스 목적별 이용도 분석: 취재보도 원칙의 중요도 인식 및 디지털 기술의 인지된 유용성이 미치는 영향,신민재(인하대학교),2021,사회과학연구,kor,FAILED,,,,,처리 실패: Request timed out.,,,
ART002269350,개인중심계획 촉진자 훈련(Person-centered planning facilitator training) 프로그램 개념 모델 기초 연구,김은하(강남대학교),2017,지적장애연구,kor,FAILED,,,,,처리 실패: Request timed out.,,,
ART002833145,페미니즘 관점에서 본 20-30대 여성의 주식 담론: 온라인 여성 커뮤니티 사례를 중심으로,김수정(충남대학교),2022,사회과학연구,kor,FAILED,,,,,처리 실패: Request timed out.,,,
ART002016590,온라인 커뮤니티 이용자의 네트워크 지위와 욕설 사용의 관계: <일간베스트>를 중심으로,이범준(충남대학교),2015,사회과학연구,kor,FAILED,,,,,처리 실패: Request timed out.,,,
ART002658936,"다인종 재미한인들의 온라인 커뮤니티 활동: ""하프코리안닷컴(HalfKorean.com)” 페이스북 그룹을 중심으로",배진숙(건국대학교 모빌리티인문학 연구원),2020,디아스포라연구,kor,FAILED,,,,,처리 실패: Request timed out.,,,
ART001826076,중국 온라인 커뮤니티에서의 규율 기제 :‘톈야셔취(天涯社區)’를 중심으로,최은진(국민대학교),2013,한국동북아논총,kor,FAILED,,,,,처리 실패: Request timed out.,,,
ART002923336,자치경찰제 도입이 시민의 치안서비스 만족도에 미치는 영향,문준섭(가톨릭관동대학교),2022,한국범죄정보연구,kor,FAILED,,,,,처리 실패: Request timed out.,,,
ART001059754,원천 기업에 대한 개인 커뮤니티 몰입과 도덕적 책임감의 역할에 관한 연구,최낙환(전북대학교),2007,소비문화연구,kor,FAILED,,,,,처리 실패: Request timed out.,,,
ART003215754,KcBERT와 KcELECTRA Soft Voting 기반 감성 분석 모델을 활용한 국내 온라인 커뮤니티 정치 편향 연구,김준형(성균관대학교),2025,정보통신정책연구,kor,FAILED,,,,,처리 실패: Request timed out.,,,
ART003080400,대학입시와 관련한 청소년의 혐오표현 사용에 관한 연구,민웅기(서울대학교 사회학과),2024,사회과학연구,kor,FAILED,,,,,처리 실패: Request timed out.,,,
ART003185258,토픽모델링을 활용한 생성형 AI 의제 분석: 뉴스 기사와 온라인 커뮤니티 게시글을 중심으로,이각명(성균관대학교 미디어커뮤니케이션학과),2025,사이버커뮤니케이션학보,kor,FAILED,,,,,처리 실패: Request timed out.,,,
ART002063893,Tier2 방법에 따른 온실가스 인벤토리 불확실성 평가: 철강산업을 중심으로,장효미(서울시립대학교),2015,사회과학연구,kor,FAILED,,,,,처리 실패: Request timed out.,,,
ART003234843,온라인 커뮤니티는 젠더갈등을 심화시키는가?: 온라인 커뮤니티 이용과 성별의 상호작용이 젠더 정책 태도에 미치는 영향 분석,최경호(경희대학교),2025,사회과학연구,kor,FAILED,,,,,처리 실패: Request timed out.,,,
ART002934330,재미한인의 다원화와 디지털 디아스포라: 다인종 한인 자녀를 둔 부모의 온라인 커뮤니티 활동,배진숙(건국대학교 모빌리티인문학 연구원),2023,현대사회와 다문화,kor,FAILED,,,,,처리 실패: Request timed out.,,,
ART002254179,온라인 브랜드 커뮤니티의 수명주기(CLC)에서 관계의 의미와 행태에 대한 현상학적 고찰,도선재(중앙대학교),2017,사회과학연구,kor,FAILED,,,,,처리 실패: Request timed out.,,,
ART003248717,한국형 정치적 극단주의의 테러리즘 진화 가능성,권오국(경찰대학 치안정책연구소),2025,한국동북아논총,kor,FAILED,,,,,처리 실패: Request timed out.,,,
ART003352752,이주민의 ‘관계적 시민권’과 지역적 삶,이용승(대구대학교),2026,시민과 세계,kor,FAILED,,,,,처리 실패: Request timed out.,,,
ART002980035,예측할 수 없는 여정 속 우회로 찾기: COVID-19 팬데믹 시기에 학부모로 전이한 맞벌이 부모의 경험에 관한 질적연구,정인혜(연세대학교),2023,가족과 문화,kor,FAILED,,,,,처리 실패: Request timed out.,,,
ART002724978,Logging in for Medical Transnationalism: Transnational Health Information Seeking among Korean Immigrant Women,장서현(성균관대학교),2021,디아스포라연구,kor,FAILED,,,,,처리 실패: Request timed out.,,,
ART001667086,새로운 사회운동 방식을 통한 집단기억의 형성과 유지: 스누라이프에서의 태그달기,한신갑(서울대학교),2012,기억과 전망,kor,FAILED,,,,,처리 실패: Request timed out.,,,
ART003048867,팬데믹 속 자녀돌봄과 온라인 양육담론의 역동성: 코로나19 3년의 온라인 육아 커뮤니티 분석,도유록(울산대학교 생활과학연구소),2024,한국가족관계학회지,kor,FAILED,,,,,처리 실패: Request timed out.,,,
ART003088806,코로나의 글로벌 거버넌스에 관한 주부의 국가들 간 위계질서의식 - 백신도입문제를 중심으로-,노정화,2024,글로벌 거버넌스와 문화,kor,FAILED,,,,,처리 실패: Request timed out.,,,
ART001773360,정교화 가능성 모델을 이용한 온라인 여행 커뮤니티 구성원의 관광정보탐색행동과 이용동기별 차이분석,정남호(경희대학교),2013,관광학연구,kor,FAILED,,,,,처리 실패: Request timed out.,,,
ART002319802,"온라인 관광 커뮤니티 특성이 정보 유용성, 긍정적 감정, 지속적 이용의도에 미치는 영향: 정교화 가능성 모델을 중심으로",하동희(세종대학교),2018,관광연구,kor,FAILED,,,,,처리 실패: Request timed out.,,,
ART002446014,"고객참여가 브랜드몰입, 브랜드신뢰, 고객만족에 미치는 영향",김주희(세종대학교),2019,관광연구저널,kor,FAILED,,,,,처리 실패: Request timed out.,,,
ART001857653,온라인 여행커뮤니티 정보특성이 사용자의 수용과 확산에 미치는 영향,최동석(경희대학교 관광레져산업학과),2014,관광연구저널,kor,FAILED,,,,,처리 실패: Request timed out.,,,
ART001692240,온라인 여행 커뮤니티의 특성에 따른 소비자의 신뢰와 충성도가 구매결정에 미치는 영향,조인철(대구가톨릭대학교),2012,관광연구,kor,FAILED,,,,,처리 실패: Request timed out.,,,
ART001747918,온라인 여행 커뮤니티에서 이용자 관여도의 매개적 효과 연구,박상철(협성대학교),2013,호텔경영학연구,kor,FAILED,,,,,처리 실패: Request timed out.,,,
ART001716006,국내관광 의사결정과 소셜미디어의 관계성 규명 - 내용분석을 중심으로 -,서정호(Michigan State University),2012,관광학연구,kor,FAILED,,,,,처리 실패: Request timed out.,,,
ART001729876,소셜 미디어에서 참여혜택과 온라인 정체성을 통한 여행정보 공유에 관한 연구,정남호(경희대학교),2012,관광연구,kor,FAILED,,,,,처리 실패: Request timed out.,,,
ART001680670,패밀리 레스토랑 온라인 커뮤니티 특성이 충성도와 구매의도에 미치는 영향,김기영(경기대학교),2012,관광연구저널,kor,FAILED,,,,,처리 실패: Request timed out.,,,
ART001786552,온라인 여행커뮤니티 이용동기와 플로우(flow) 경험 및 지속적 이용의도에 관한 연구 - 전문 여행커뮤니티 ‘태사랑’을 대상으로 -,허지현(경기대학교),2013,관광연구,kor,FAILED,,,,,처리 실패: Request timed out.,,,
ART002631239,"유학생 라이프스타일이 관광지선택속성과 행동의도, 만족도에 미치는 영향",정총화(전주대학교 관광외식서비스연구소),2020,Tourism Research,kor,FAILED,,,,,처리 실패: Request timed out.,,,
ART001867293,온라인커뮤니티 특성에 의한 관계품질이 충성도에 미치는 영향: 커피 전문점을 중심으로,박경태(가야대학교),2014,관광연구저널,kor,FAILED,,,,,처리 실패: Request timed out.,,,
