id,title,author,published_year,journal,abstract_lang,status,role_codes,env_codes,dropped_by_cap,focus,rationale,full_agreement,error_runs,run_details
ART000860737,온라인 브랜드 공동체 의식이 브랜드 커뮤니티 동일시와 브랜드 태도에 미치는 영향에 관한 연구,서문식(부산대학교),2003,마케팅관리연구,none,NO_ABSTRACT,,,,,초록 없음 (KOR_ABST/ENG_ABST 둘 다 없음),,,
ART001039391,A Study of the Factors Influencing WOM Effects in Online Environments,임종원(서울대학교),2007,아시아마케팅저널,kor,ERR,,,run1:없음,"이 논문은 온라인 환경에서의 WOM(Word of Mouth) 효과에 영향을 미치는 요인들을 종합적으로 검토하고, 정보 특성(합의성, 생생성, 커뮤니티 상호작용, 접근성, 유연성)이 신뢰성과 전파가능성을 매개로 WOM 효과에 미치는 영향을 설명하는 연구 모형을 제안한다.","이 논문은 온라인 환경에서의 WOM 효과에 영향을 미치는 정보 특성과 매개 변인을 이론적으로 검토하고 모형을 제안하는 이론적 논문으로, 특정 온라인 커뮤니티를 분석 대상이나 운영 주체로 삼지 않았기 때문에 어떤 FIELD나 WINDOW, ENV 코드에도 해당되지 않는다.",True,1/1,run1:없음
ART000861501,온라인 커뮤니티에서의 공동체 의식이 웹사이트 충성도와 구매의도에 미치는 영향에 관한 연구,박성연(이화여자대학교),2003,경영학연구,kor,OK,ROLE_FIELD_SOCIALCAPITAL,,run1:없음,이 논문은 온라인 커뮤니티에서 형성된 가상 공동체 의식이 웹사이트 충성도와 구매의도에 미치는 영향을 웹사이트와의 동일시라는 매개변수를 통해 실증적으로 분석한다,"이 논문은 온라인 커뮤니티에서 형성된 가상 공동체 의식이 웹사이트 충성도와 구매의도에 미치는 영향을 웹사이트와의 동일시라는 매개변수를 통해 분석함으로써, 온라인 커뮤니티가 사회적 자본을 형성하는 역할을 탐구함",True,0/1,run1:ROLE_FIELD_SOCIALCAPITAL
ART000882921,온라인 커뮤니티 마케팅 활동과 친커뮤니티 행동간의 관계에 있어서 몰입의 매개역할,김재욱(고려대학교),2002,마케팅연구,none,NO_ABSTRACT,,,,,초록 없음 (KOR_ABST/ENG_ABST 둘 다 없음),,,
ART001484348,"온라인 관광 구전정보 품질과 신뢰성, 커뮤니티 상호작용성이 구전정보의 유용성과 구전효과에 미치는 영향",김나은(세종대학교),2010,서비스경영학회지,kor,ERR,,,run1:없음,"has_community=True role_relevant=False env_relevant=False | 이 논문은 관광 e-WOM의 속성과 커뮤니티 상호작용이 정보 유용성에 미치는 영향을 검증하는 마케팅 연구로, 온라인 커뮤니티는 WOM 전달 채널·도구로만 기능하며 커뮤니티 자체의 사회적 역할이나 구조적·환경적 조건(회원제, 익명성, 운영 방침 등)을 분석 대상으로 삼지 않는다.","이 논문은 관광 e-WOM의 속성과 커뮤니티 상호작용이 정보 유용성에 미치는 영향을 검증하는 마케팅 연구로, 온라인 커뮤니티는 WOM 전달 채널·도구로만 기능하며 커뮤니티 자체의 사회적 역할이나 구조적·환경적 조건(회원제, 익명성, 운영 방침 등)을 분석 대상으로 삼지 않는다.",True,1/1,run1:없음
ART001255675,"온라인 커뮤니티에서 사회적 영향이 플로우, 지각된 유용성, 이용의도에 미치는 영향: 싸이월드를 중심으로",유일(순천대학교),2008,정보시스템연구,kor,ERR,,,run1:없음,"has_community=True role_relevant=False env_relevant=False | 이 논문은 온라인 커뮤니티를 TAM·플로우 이론·사회적 영향력 프레임워크에서 '채용 대상 기술/서비스'로만 다루며, 커뮤니티 공간의 사회적 역할(창/장)이나 구조적·환경적 조건(회원제, 익명성, 운영 방침 등)을 분석하지 않는다.","이 논문은 온라인 커뮤니티를 TAM·플로우 이론·사회적 영향력 프레임워크에서 '채용 대상 기술/서비스'로만 다루며, 커뮤니티 공간의 사회적 역할(창/장)이나 구조적·환경적 조건(회원제, 익명성, 운영 방침 등)을 분석하지 않는다.",True,1/1,run1:없음
ART001050092,온라인 커뮤니티 몰입에 미치는 영향 연구: 만족과 커뮤니티 신뢰를 매개로,문영주(공주대학교),2007,정보시스템연구,eng,OK,ROLE_FIELD_SOCIALCAPITAL,,run1:없음,"has_community=True role_relevant=True env_relevant=False | 이 논문은 기업 웹사이트에 구축된 온라인 커뮤니티에서 사회적 존재감(social presence)이 유용성·사용 용이성·놀이성·만족도·커뮤니티 신뢰·커뮤니티 플로우에 미치는 영향을 실증적으로 분석하여, 커뮤니티를 사용자 간 상호작용과 신뢰 형성이 이루어지는 '장'으로 조명하나, 회원제·익명성·운영 제재·생애주기 등 구조적·환경적 조건 자체를 비교하거나 분석하지 않는다.","[ROLE] 이 논문은 기업 온라인 커뮤니티 공간 안에서 social presence가 community trust와 flow에 미치는 영향을 실증적으로 분석하는 것으로, 커뮤니티 내 이용자 간 관계적 자원(신뢰)의 존재와 효과를 다루는 FIELD·SOCIALCAPITAL에 해당한다.",True,0/1,run1:ROLE_FIELD_SOCIALCAPITAL
ART001159097,온라인 커뮤니티와 고객충성도의 관계에 관한 연구: 온라인 커뮤니티 의식의 매개변수적 역할을 중심으로,김상욱(중앙대학교),2004,마케팅관리연구,kor,OK,ROLE_FIELD_SOCIALCAPITAL,,run1:없음,"has_community=True role_relevant=True env_relevant=False | 이 논문은 온라인 커뮤니티 관리활동이 공동체 의식을 매개로 커뮤니티 충성도에 미치는 영향을 분석함으로써, 커뮤니티가 공동체 의식과 충성도를 형성하는 '장'으로서의 사회적 역할을 조명하나, 관리활동을 일반적인 인과변수로 다루었을 뿐 회원제·익명성·생애주기 등 구조적 환경 조건의 차이·비교·변화를 분석하지는 않는다.","[ROLE] 본 연구는 온라인 커뮤니티 공간 안에서 관리활동이 공동체 의식(관계적 자원)을 매개로 커뮤니티 충성도(관계적 결과)에 미치는 과정을 규명함으로써, 커뮤니티 내 이용자 간 관계적 자원의 형성·효과를 분석하는 SOCIALCAPITAL에 해당한다.",True,0/1,run1:ROLE_FIELD_SOCIALCAPITAL
ART001316437,온라인 커뮤니티 활동과 개인 특성이 구전 효과에 미치는 영향에 관한 연구,이선로(연세대학교),2008,경영학연구,kor,ERR,,,run1:없음,"has_community=True role_relevant=True env_relevant=False | 이 논문은 온라인 커뮤니티를 구전 효과와 커뮤니티 의식이 작동하는 '장'으로 삼아 정보 확산의 사회적 역할을 분석하나, 상호작용성과 사이트 명성은 마케팅 변량으로서 다루어질 뿐 회원제·익명성·운영 제재 등 커뮤니티 고유 구조·환경 조건의 차이·비교·변화를 다루지 않는다.","[ROLE] 본 연구는 온라인 커뮤니티 환경에서 구전(WOM) 효과에 영향을 미치는 변수를 탐색하는 마케팅·커뮤니케이션 연구로, 6개 코드 중 어느 하나에도 명확히 부합하지 않되, 구전이 커뮤니티 외부에도 존재하는 사회현상이므로 WINDOW_MISC에 가장 근접하나, 커뮤니티 의식·상호작용성 등 온라인 공간 고유 변수를 전제하므로 FIELD_SOCIALCAPITAL과도 약한 관련이 있어, 모든 코드가 0.5 미만으로 미부여된다.",True,1/1,run1:없음
ART001158893,온라인 브랜드 커뮤니티의 활동 및 유형이 브랜드 충성도에 미치는 영향,한상린(한양대학교),2006,마케팅관리연구,kor,OK,ROLE_WINDOW_MISC,,run1:없음,"has_community=True role_relevant=True env_relevant=False | 이 논문은 온라인 브랜드 커뮤니티를 브랜드 충성도를 형성하는 '장'으로 삼아 그 사회적 역할을 분석 대상에 두지만, '유형에 따른 차이'라는 표현 외에는 회원제·운영 방식·익명성 등 구조적·환경적 조건을 구체적으로 고려하지 않으므로 env_relevant는 false이다.","[ROLE] 이 논문은 온라인 브랜드 커뮤니티를 '브랜드 충성도'라는 외부 마케팅 현상을 측정하는 채널로 사용하므로, 커뮤니티 공간 자체의 역할이 아니라 브랜드 충성도·고객관계라는 바깥 사회현상을 보여주는 창(ROLE_WINDOW_MISC)으로 분류된다.",True,0/1,run1:ROLE_WINDOW_MISC
ART001456717,온라인 커뮤니티의 중심성 변화에 대한 탐색적 연구 : 사회연결망 분석을 이용하여,배순한(한양대학교),2010,지식경영연구,kor,OK,ROLE_FIELD_SOCIALCAPITAL,,run1:없음,"has_community=True role_relevant=True env_relevant=False | 이 논문은 SNA(사회망분석)를 통해 온라인 커뮤니티 내부의 관계 구조와 권력 역학(중심성, 의견 리더의 출현과 변화)를 분석 대상으로 삼아 커뮤니티 자체의 사회적 역할(장)을 조명하지만, 회원제·운영 방침·익명성·생애주기 등 환경적 조건에 따른 차이나 비교를 다루지 않는다.","[ROLE] 본 연구는 온라인 커뮤니티 내부에서 참여자 간 관계(centrality, opinion leader)의 변화와 네트워크 역학을 SNA로 추적하는 것으로, 커뮤니티 공간 안에서 이용자 간 연결의 존재·강도·효과를 다루는 장(FIELD)으로서의 사회자본 차원 분석에 해당하며, 외부 사회현상을 보여주는 창(WINDOW)으로의 역할은 부차적이다.",True,0/1,run1:ROLE_FIELD_SOCIALCAPITAL
ART001167276,패션 온라인 커뮤니티 특성이 브랜드 충성도에 미치는 영향: 라이프스타일 집단 간 비교,고은주(연세대학교),2006,Journal of Global Scholars of Marketing Science(마케팅과학연구),kor,OK,ROLE_WINDOW_MISC,,run1:없음,"has_community=True role_relevant=True env_relevant=False | 이 논문은 패션 온라인 커뮤니티 자체의 특성(상호작용성·정보제공성·흥미제공성)과 브랜드 충성도 간 관계를 분석하여 커뮤니티가 고객 관계 형성과 충성도 제고라는 사회적 역할을 수행하는 '장'으로 조명하나, 회원제·제재 방식·익명성·생애주기 등 구조적·환경적 조건을 비교하거나 그 차이에 따른 영향을 다루지 않는다.","[ROLE] 이 논문은 패션 기업의 브랜드 충성도·마케팅 전략이라는 외부 사회현상을 온라인 커뮤니티라는 사례를 통해 조명하는 WINDOW_MISC에 해당하며, 상호작용성 등 커뮤니티 특성이 언급되지만 이용자 간 관계적 자원(사회자본) 형성 자체를 다루지 않으므로 FIELD 계열은 미부여다.",True,0/1,run1:ROLE_WINDOW_MISC
ART001847093,온라인 사용 후기 유형에 따른 정보 유용성 및 제품태도에 미치는 영향력의 차이 : 온라인 브랜드 커뮤니티 유형과 자기 감시성의 조절효과를 중심으로,정효진(경북대학교),2014,마케팅관리연구,kor,ERR,,,run1:없음,"has_community=True role_relevant=False env_relevant=True | 이 논문은 온라인 브랜드 커뮤니티의 유형(기업 주도형 vs. 소비자 주도형)이 사용 후기의 정보 유용성과 제품태도에 미치는 조절효과를 비교·검증하므로 커뮤니티의 운영 방식이라는 환경적 조건을 고려하나(ENV), 커뮤니티 자체의 사회적 역할이나 외부 현상을 비추는 창으로서의 기능은 조명하지 않는다(ROLE).","[ENV] 기업 주도형과 소비자 주도형 커뮤니티를 조절변수로 비교하긴 하나, 삭제·제재·중재 등 실제 운영체계의 차이와 그 결과 간 인과를 심층 분석하지 않으므로 ENV_COMMUNITY_GOVERNANCE 포함 4개 코드 모두 미부여로 판단한다.",True,1/1,run1:없음
ART001221165,사용자의 인지욕구 특성이 온라인 커뮤니티 충성도와 브랜드 태도에 미치는 영향에 관한 연구,이선로(연세대학교),2007,Asia Pacific Journal of Information Systems,kor,OK,ROLE_FIELD_SOCIALCAPITAL,,run1:없음,"has_community=True role_relevant=True env_relevant=True | 이 논문은 브랜드 기반 온라인 커뮤니티를 정보 공유와 집단 지성, 브랜드 태도 형성의 '장'으로서 그 사회적 역할을 분석하며, 동시에 커뮤니티가 제공하는 상호작용·정보·보상·개인화 서비스라는 구조적 조건이 사용자의 인격적 특성(NFC)에 따라 공동체 의식에 미치는 효과가 달라지는지 비교하여 환경 요인을 고려한다.","[ROLE] 이 논문은 브랜드 기반 온라인 커뮤니티 내부에서 상호작용·정보·보상·개인화 서비스가 '공동체 의식'과 '커뮤니티 충성도'라는 이용자 간 관계적 자원을 어떻게 형성·강화하는지를 구조방정식으로 검증하므로, 커뮤니티라는 공간 안에서 이용자 간 연결의 존재·강도·효과를 다루는 장(SOCIALCAPITAL)으로 분류된다. | [ENV] 이 논문은 브랜드 온라인 커뮤니티의 상호작용·정보·보상·개인화 서비스와 커뮤니티 정체성·충성도·브랜드 태도 간의 인과관계와 NFC 조절효과를 구조방정식으로 검증하는 것으로, 회원제 등급 차이·운영체계·커뮤니티 생애주기·익명성 수준 중 어느 하나를 독립 변수나 비교 조건으로 분석하지 않아 4개 ENV 코드 모두 미부여로 판단한다.",True,0/1,run1:ROLE_FIELD_SOCIALCAPITAL
ART001002603,"한국과 일본 온라인 게이머의 게임 만족도, 신뢰도, 온라인 게임커뮤니티 인식에 관한 실증적 비교연구: 멀티그룹 공분산 구조분석을 중심으로",엄명용(성균관대학교),2006,Asia Pacific Journal of Information Systems,eng,OK,ROLE_FIELD_SOCIALCAPITAL,,run1:없음,"has_community=True role_relevant=True env_relevant=False | 이 논문은 온라인 게임 커뮤니티를 게임 퍼블리셔와 게이머 간 신뢰·사회적 평판 형성에 기여하는 매개 공간(장)으로서 그 역할을 구조방정식 모델에서 명시적으로 분석 대상으로 삼고 있으나, 회원제·운영 방침 등 커뮤니티의 구조적·환경적 조건을 다루지는 않는다.","[ROLE] 이 논문은 온라인 게임 커뮤니티라는 공간이 이용자 간 신뢰·사회적 평판·마outh-to-mouth와 같은 관계적 자원 형성에 어떤 매개 역할을 하는지를 구조모형으로 검증하므로, FIELD 계열 중 SOCIALCAPITAL에 부합하나, 궁극적 목표가 게임 산업의 사용자 행동 의도를 설명하는 것이므로 WINDOW_MISC와의 경계는 있으나 FIELD 쪽으로 기운다.",True,0/1,run1:ROLE_FIELD_SOCIALCAPITAL
ART001140393,온라인 커뮤니티 형성과 유지에 관한 연구-규범적 몰입과 감성적 몰입의 매개역할을 중심으로-,강명수(한성대학교),2005,대한경영학회지,kor,OK,ROLE_FIELD_SOCIALCAPITAL,,run1:없음,"has_community=True role_relevant=True env_relevant=False | 이 논문은 기업의 고객관계관리(CRM) 수단으로서 온라인 커뮤니티의 형성과 유지라는 사회적 역할을 분석 대상으로 삼아(장), 몰입·재방문·참여의도 등 사용자 수준의 행동 요인을 변수로 다루고 있을 뿐, 회원제·운영·제재·익명성·생애주기 등 커뮤니티의 구조적·환경적 조건에 따른 차이·비교를 분석하지 않으므로 env_relevant는 false이다.","[ROLE] 이 논문은 온라인 커뮤니티 내 이용자 간 상호작용·공유의식이라는 관계적 자원(사회적 자본)이 규범적·감성적 몰입을 거쳐 재방문·참여 의도로 이어지는 모형을 실증 분석함으로써, 커뮤니티 공간 안의 관계 형성·유지 메커니즘(ROLE_FIELD_SOCIALCAPITAL)을 다룬다.",True,0/1,run1:ROLE_FIELD_SOCIALCAPITAL
ART001005547,온라인 커뮤니티기반 블로그 활동에 영향을 미치는프라이버시 정보의 유형과 조절변수 연구,신지영(이화여자대학교),2006,경영학연구,kor,OK,ROLE_FIELD_SOCIALCAPITAL,,run1:없음,"has_community=True role_relevant=True env_relevant=False | 이 논문은 오프라인 친밀관계를 온라인에서 유지하는 BLOG 커뮤니티를 분석 대상으로 삼아, 개인정보 교환이 회원 유지·이탈에 미치는 영향과 프라이버시 염려를 실증 분석함으로써 BLOG를 관계 유지의 '장'으로 조명하고 있으나, 회원제 구조에 따른 차이·비교·변화를 구조적으로 검토하지는 않으므로 ENV에 해당하지 않는다.","[ROLE] 본 연구는 오프라인에서 형성된 친밀한 관계를 BLOG라는 온라인 공간에서 개인정보 공유를 통해 유지하는 현상을 분석하므로, 이용자 간 관계 유지·회원 유지 동기라는 관계적 측면을 다루어 SOCIALCAPITAL에 약하게 해당하나, 분석의 핵심 초점은 프라이버시 염려와 통제력이라는 개인정보 교환 메커니즘에 있으므로 FIELD 계열이 우세하되 확률은 제한적이다.",True,0/1,run1:ROLE_FIELD_SOCIALCAPITAL
ART001870234,"온라인 여행 커뮤니티에서 지각된 가치와 정보공유 만족의 결정요인에 관한 연구: 개인의 혁신성, 혁신저항, 전문성",정남호(경희대학교),2014,고객만족경영연구,kor,OK,ROLE_WINDOW_MISC,,run1:없음,"has_community=True role_relevant=True env_relevant=False | 이 논문은 온라인 여행 커뮤니티를 여행 정보 탐색·공유가 이루어지는 '장'으로 설정하고, 이용자 개인의 혁신성·지각된 전문성·혁신저항이 커뮤니티 내 정보공유 만족과 지각된 가치에 미치는 영향을 실증 분석함으로써 커뮤니티의 정보 매개 역할을 조명하나, 회원제·익명성·운영 방침 등 커뮤니티의 구조적·환경적 조건을 비교·고찰하지는 않는다.","[ROLE] 본 연구는 온라인 여행 커뮤니티를 여행정보 탐색·공유라는 더 넓은 디지털 소비 행동 현상을 관측하는 창으로 사용하며, 분석 변수가 개인의 혁신성·지각된 전문성·혁신저항 등 개인 심리 수준에 머물고 커뮤니티 공간 자체의 구조나 이용자 간 관계 역량을 분석하지 않으므로 WINDOW_MISC에 해당한다.",True,0/1,run1:ROLE_WINDOW_MISC
ART001593397,소셜네트워크 연결밀도와 중심성에 따른 소셜쇼핑 구매의도의 차이 -온라인커뮤니티와 SNS를 중심으로-,천명환(목원대학교),2011,경영과 정보연구,kor,OK,ROLE_FIELD_SOCIALCAPITAL,,run1:없음,"has_community=True role_relevant=True env_relevant=False | 이 논문은 소셜쇼핑 구매의도를 분석하기 위해 집단중심 온라인 커뮤니티와 개인중심 SNS를 비교 대상으로 삼아, 커뮤니티 공간이 소셜쇼핑을 매개하는 '장'으로서의 역할을 조명하나, 커뮤니티의 회원제·익명성·운영방침 등 환경적 조건에 따른 차이·비교를 다루지 않으므로 env_relevant는 false이다.","[ROLE] 본 연구는 온라인 커뮤니티 공간 내부의 이용자 간 연결 구조(연결밀도·중심성)라는 관계적 자원이 소셜쇼핑 구매의도에 미치는 효과를 검증함으로써, 커뮤니티 안의 이용자 간 연결의 존재·강도·효과를 분석하는 장(FIELD)으로서의 사회자본 역할을 다루고 있다.",True,0/1,run1:ROLE_FIELD_SOCIALCAPITAL
ART000953287,"온라인 커뮤니티에서 공동체의식과 관계의 질, 고객충성도간의 관계에 관한 연구 : 만족, 신뢰, 몰입의 매개효과를 중심으로",최혁라(순천대학교),2005,Journal of Information Technology Applications & Management,eng,ERR,,,run1:없음,"has_community=True role_relevant=True env_relevant=False | 이 논문은 온라인 커뮤니티를 고객 관계·충성도 제고의 비즈니스 모델로서 분석하며, '온라인 커뮤니티에 대한 소속감'이 '관계 품질'을 매개로 고객 충성도에 미치는 영향을 검증하는 것으로, 커뮤니티 공간 자체의 사회적 역할(장)을 분석 대상으로 삼되 회원제·익명성·운영 방침 등 구조적·환경적 조건은 다루지 않는다.","[ROLE] 본 연구는 온라인 커뮤니티를 비즈니스 모델로 보고 'sense of online community → relationship quality → customer loyalty' 인과 경로를 검증하는 마케팅·관계마케팅 연구로서, 공론장·사회자본·외부 사회현상 포착 등 6개 ROLE 코드 어느 하나에도 부합하지 않는다.",True,1/1,run1:없음
ART001104517,온라인 브랜드 커뮤니티의 이용 동기에 대한 해석주의적 연구,강태중(중앙대학교),2005,광고연구,kor,ERR,,,run1:없음,"has_community=True role_relevant=True env_relevant=False | 이 논문은 브랜드 중심 온라인 커뮤니티 내 구성원의 심리적 이용 동기를 분석 대상으로 삼아, 커뮤니티가 사회적 관계 형성과 정보 공유를 수행하는 '장'(ROLE_FIELD)으로 기능하는 방식을 조명하지만, 회원제 유무·운영·제재 방식·익명성 등 구조적·환경적 조건에 따른 차이를 비교·분석하지는 않는다.","[ROLE] 본 논문은 온라인 브랜드 커뮤니티라는 공간 안에서 구성원들의 심리적 이용 동기(정보·거래·사회적 관계·집단형성 등)를 해석주의적으로 분석하는 것으로, 커뮤니티 공간 자체의 상호작용 구조를 조명하는 장(FIELD)에 가깝지만, 사회적 관계·집단형성 동기가 언급됨에도 불구하고 이용자 간 연결의 실제 형성·효과를 분석하기보다 개인 동기 수준에 머물러 SOCIALCAPITAL 부여에 미치지 못하고, 외부 사회현상을 보여주는 창(WINDOW) 역할도 아닌 것으로 판단된다.",True,1/1,run1:없음
ART001904581,경험수집 소비행동에 대한 통합적 연구,이수현(서울대학교),2014,소비자학연구,kor,ERR,,,run1:없음,"has_community=False role_relevant=False env_relevant=False | 이 논문은 경험수집이라는 소비자행동의 유형·동기·가치·확산과정을 분석하는 것으로, 온라인 커뮤니티는 경험 공유의 확산 채널로서 일회성 언급에 그칠 뿐 분석 대상이 아니며, 커뮤니티의 역할이나 구조적·환경적 조건도 다루지 않는다.","이 논문은 경험수집이라는 소비자행동의 유형·동기·가치·확산과정을 분석하는 것으로, 온라인 커뮤니티는 경험 공유의 확산 채널로서 일회성 언급에 그칠 뿐 분석 대상이 아니며, 커뮤니티의 역할이나 구조적·환경적 조건도 다루지 않는다.",True,1/1,run1:없음
ART001002523,온라인 게이머의 라이프스타일에 관한 탐색적 연구 : 비게이머와의 비교 및 게이머 세분시장별 비교,김정구(성균관대학교),2003,경영학연구,kor,ERR,,,run1:없음,"has_community=False role_relevant=False env_relevant=False | 이 논문은 온라인 게이머를 라이프스타일 기반 소비 세분시장으로 분석하는 마케팅 연구로, 온라인 게임은 소비 대상(제품)으로 등장할 뿐 공통 관심사를 가진 사용자의 지속적 상호작용·정보 공유·관계 형성을 분석 대상으로 삼는 온라인 커뮤니티를 연구하지 않는다.","이 논문은 온라인 게이머를 라이프스타일 기반 소비 세분시장으로 분석하는 마케팅 연구로, 온라인 게임은 소비 대상(제품)으로 등장할 뿐 공통 관심사를 가진 사용자의 지속적 상호작용·정보 공유·관계 형성을 분석 대상으로 삼는 온라인 커뮤니티를 연구하지 않는다.",True,1/1,run1:없음
ART001081741,"여행도매업체 온라인 브랜드 커뮤니티 특성이 커뮤니티 의식, 커뮤니티 충성도와 브랜드 태도에 미치는 영향 연구",천민호(동양공업전문대학 관광경영학과),2007,서비스경영학회지,eng,OK,ROLE_WINDOW_MISC,,run1:없음,"has_community=True role_relevant=True env_relevant=False | 이 논문은 여행 도매업체의 브랜드 커뮤니티(온라인 기반 디지털 공간)를 분석 대상으로 삼아, 그 공간이 구성원 간 Sense of Community와 Community Loyalty, Brand Attitude를 형성하는 사회적 역할(장)을 조명하나, 정보·상호작용·보상·오락 등 구조적 특성을 마케팅 변수로 측정할 뿐 회원제·제재·익명성·생애주기 등 운영 방침에 따른 차이·비교·변화를 분석하지는 않는다.","[ROLE] 본 논문은 여행 도매업자(tour wholesalers)라는 특정 집단의 브랜드 커뮤니티 마케팅 현상을 분석 대상으로 삼고, 온라인 커뮤니티(cyberspace)를 '마케팅 도구'로서 활용하는 창(window)으로 사용하므로, ROLE_WINDOW_MISC(브랜드 충성·마케팅 관계라는 온라인 커뮤니티 외의 상업적 사회현상)에 부여한다.",True,0/1,run1:ROLE_WINDOW_MISC
ART001351065,온라인 커뮤니티에서 조직시민행동의 영향요인이 지식공헌에 미치는 영향,김경규(연세대학교),2009,지식경영연구,eng,OK,ROLE_WINDOW_MISC,,run1:없음,"has_community=True role_relevant=True env_relevant=False | 이 논문은 온라인 커뮤니티 내 지식 기여(knowledge contribution)와 조직시민행위(OCB), 응집성, 정서적 유사성 간의 인과 관계를 실증적으로 검증함으로써, 커뮤니티를 지식 공유와 관계 형성이 이루어지는 사회적 '장'으로 조명하나, 회원제·운영 방침·익명성 등 구조적·환경적 조건을 분석 변수로 삼지는 않는다.","[ROLE] 본 연구는 OCB와 지식기여라는 일반 조직행동 현상을 온라인 커뮤니티라는 맥락에서 설문·PLS로 검증하는 것으로, 온라인 커뮤니티 공간의 고유한 역할이 아니라 오프라인 집단에서도 성립할 조직·지식공유 현상을 보여주는 창(WINDOW_MISC)으로 기능한다.",True,0/1,run1:ROLE_WINDOW_MISC
ART001318356,온라인 커뮤니티의 신뢰형성이 구매의도에 미치는 영향,문영주(공주대학교),2008,전자상거래학회지,kor,OK,ROLE_FIELD_SOCIALCAPITAL,,run1:없음,"has_community=True role_relevant=True env_relevant=False | 이 논문은 기업이 구축한 온라인 커뮤니티 내에서 신뢰 형성과 구매의도 간의 관계를 분석하여 커뮤니티가 사회적 관계 형성과 신뢰 구축의 '장'으로서 기능하는지 조명하지만, 커뮤니티 명성·사회적 실재감·즐거움은 사용자의 지각·심리 요인에 해당하며 회원제·운영·제재·생애주기·익명성 등 구조적·환경적 운영 방침의 차이·비교를 다루지 않으므로 env_relevant는 false이다.","[ROLE] 본 연구는 온라인 커뮤니티 내부에서 신뢰라는 관계적 자원이 어떻게 형성되는지(커뮤니티 명성·사회적 실재감·즐거움 요인) 및 그 효과가 구매의도에 미치는 영향을 분석하므로, 커뮤니티 공간 안에서의 신뢰 형성이라는 관계적 자원 관점에서 장(FIELD) 계열의 SOCIALCAPITAL 코드가 부여된다.",True,0/1,run1:ROLE_FIELD_SOCIALCAPITAL
ART001676790,"온라인 커뮤니티 시민행동, 신뢰, 보상이 정보공헌에 미치는 영향",강재정(제주대학교),2012,인터넷전자상거래연구,kor,OK,ROLE_FIELD_SOCIALCAPITAL,,run1:없음,"has_community=True role_relevant=True env_relevant=False | 이 논문은 온라인 커뮤니티라는 공간 내에서 시민성 행동·신뢰·인센티브가 정보 기여에 미치는 영향을 분석함으로써 커뮤니티 자체의 사회적 기능(정보 공유·집단 참여)을 '장'으로 조명하나, 회원제·제재·익명성·생애주기 등 구조적·환경적 조건에 따른 차이 비교를 다루지 않으므로 env_relevant는 false이다.","[ROLE] 본 연구는 온라인 커뮤니티 공간 내부에서 온라인 시민성(OCB)과 신뢰가 정보 기여에 미치는 영향을 개인 수준 변수로 검증하는 것으로, 공론장 검증이나 외부 사회현상 포착이 아닌 커뮤니티 내 관계적 자원(신뢰·시민성)의 효과를 다루는 장(FIELD) 계열에 가깝다.",True,0/1,run1:ROLE_FIELD_SOCIALCAPITAL
ART001654168,사회 네트워크 분석기법을 이용한 온라인 공동체의 네트워크 구조 탐색,김병석(한양대학교),2012,Entrue Journal of Information Technology,kor,OK,ROLE_FIELD_SOCIALCAPITAL,,run1:없음,"has_community=True role_relevant=True env_relevant=True | 이 논문은 온라인 공동체가 정치·경제·문화 전반에 여론을 형성하는 사회적 네트워크로서의 역할(장)을 조명하는 동시에, 참여자 수 증가에 따라 소수 오피니언 리더 네트워크에서 다수 리더 네트워크로 전환되는 공동체의 생애주기적 구조 변화를 SNA로 실증 분석하여 환경적 조건(ENV)도 함께 고려한다.","[ROLE] 본 논문은 온라인 커뮤니티 공간 내부의 이용자 간 네트워크 구조와 커뮤니케이션 패턴(오피니언 리더의 권력 분산, 소그룹 분화)을 SNA로 분석하는 것이므로, 외부 현상을 비추는 창이 아니라 커뮤니티라는 장의 관계적 자원·구조 자체를 다루는 FIELD_SOCIALCAPITAL에 해당한다. | [ENV] 본 연구는 온라인 공동체의 네트워크 구조가 시간의 흐름에 따라 소수 리더에서 다수 리더·소그룹 분화로 전환되는 과정을 추적하나, 이것이 커뮤니티 자체의 형성·분화·쇠퇴라는 생애주기 단계와 대규모 탈퇴·쇠락이라는 결과로 이어지는 과정을 분석하는 것이 아니라 네트워크 토폴로지의 변화에 초점을 맞추고 있으므로 ENV_COMMUNITY_LIFECYCLE도 0.5 미만의 미부여로 판단하며, 나머지 세 코드에도 해당하는 근거가 없어 전부 미부여이다.",True,0/1,run1:ROLE_FIELD_SOCIALCAPITAL
ART001463025,"라인 브랜드 커뮤니티의 이용 동기, 플로우(Flow), 커뮤니티 동일시, 브랜드 애착 간의 구조적 관계에 관한 연구",한광석(남서울대학교),2010,경영과 정보연구,kor,ERR,,,run1:없음,"has_community=True role_relevant=True env_relevant=False | 온라인 브랜드 커뮤니티를 브랜드 애착과 몰입을 형성하는 '장'으로서 이용 동기→플로우→브랜드 애착의 구조적 역할을 분석하나, 회원제·운영방침·익명성 등 커뮤니티의 구조적·환경적 조건은 다루지 않는다.","[ROLE] 본 연구는 온라인 브랜드 커뮤니티 내 이용 동기→플로우→커뮤니티 동일시→브랜드 애착의 구조적 관계를 검증하는 마케팅·소비자 행동 연구이지, 6개 ROLE 코드 중 어느 하나(공론장,社会资本, 양극화, 젠더, 혐오, 기타 사회현상 창)에도 부합하지 않는다.",True,1/1,run1:없음
ART002058437,온라인 커뮤니티에서 개인의 감정과 공동체의식(SOVC)이 사용자의 지식공유의도에 미치는 영향에 관한 실증연구,전현규(성균관대학교),2015,경영학연구,kor,OK,ROLE_WINDOW_MISC,,run1:없음,"has_community=True role_relevant=True env_relevant=False | 이 논문은 온라인 지식공유 커뮤니티 내 회원의 지식공유 의도(기여·활용·지속)를 감정과 공동체식으로 분석하여 커뮤니티 공간 자체가 지식 공유라는 사회적 역할을 수행하는 '장'으로 조명하나, 회원제·운영방침·익명성·생애주기 등 커뮤니티의 구조적·환경적 조건을 변수로 다루지 않으므로 ENV에는 해당하지 않는다.","[ROLE] 본 연구는 온라인 지식공유 커뮤니티를 데이터 소스로 활용하여 개인의 감정과 공동체의식이 지식공유 의도(기여·활용·지속)에 미치는 영향을 구조방정식으로 분석하는 것으로, 대체가능성 검정 시 오프라인 전문협회·지역집단에서도 동일한 결론이 성립할 가능성이 크므로 커뮤니티 공간 자체의 역할(장)이 아니라 '지식공유 행동 및 그 동기'라는 외부 사회현상을 보여주는 창(ROLE_WINDOW_MISC)으로 판단된다.",True,0/1,run1:ROLE_WINDOW_MISC
ART001098969,사용자의 특성이 온라인 게임 충성도에 미치는 영향에 관한 연구: 자극추구성향을 중심으로,이선로(연세대학교),2006,경영학연구,kor,ERR,,,run1:없음,"has_community=True role_relevant=False env_relevant=False | 이 논문의 분석 대상은 온라인 게임 사용자의 충성도와 자극추구성향, 플로우 경험 등 소비자 심리학 요인이며, 커뮤니티는 결론부의 구전 효과 극대화 방안으로 한 문장 언급될 뿐, 상호작용·정보공유·관계 형성을 전제로 한 디지털 공간으로서의 온라인 커뮤니티를 연구의 대상으로 삼지 않으므로, 커뮤니티가 존재한다고 볼 수 없다.","이 논문의 분석 대상은 온라인 게임 사용자의 충성도와 자극추구성향, 플로우 경험 등 소비자 심리학 요인이며, 커뮤니티는 결론부의 구전 효과 극대화 방안으로 한 문장 언급될 뿐, 상호작용·정보공유·관계 형성을 전제로 한 디지털 공간으로서의 온라인 커뮤니티를 연구의 대상으로 삼지 않으므로, 커뮤니티가 존재한다고 볼 수 없다.",True,1/1,run1:없음
ART001766567,마케팅 영역의 소셜 미디어 연구 지식 구조 분석,임승희(수원대학교),2013,마케팅연구,kor,ERR,,,run1:없음,"has_community=True role_relevant=False env_relevant=False | 이 논문은 마케팅 학회지의 소셜 미디어 관련 연구 동향을 사회연결망 분석으로 정리한 문헌고찰이며, '온라인 커뮤니티'는 타 연구의 빈출 키워드로서 언급될 뿐 본 연구가 분석 대상 삼는 디지털 공간이 아니므로, 커뮤니티 운영·구조적 조건(ENV)도, 공론장·창으로서의 역할(ROLE)도 조명하지 않는다.","이 논문은 마케팅 학회지의 소셜 미디어 관련 연구 동향을 사회연결망 분석으로 정리한 문헌고찰이며, '온라인 커뮤니티'는 타 연구의 빈출 키워드로서 언급될 뿐 본 연구가 분석 대상 삼는 디지털 공간이 아니므로, 커뮤니티 운영·구조적 조건(ENV)도, 공론장·창으로서의 역할(ROLE)도 조명하지 않는다.",True,1/1,run1:없음
ART000958779,마케팅에서 커뮤니티 개념의 도입과 활용에 관한 연구,강명수(한성대학교),2004,Korea Business Review,kor,ERR,,,run1:없음,"has_community=False role_relevant=False env_relevant=False | 이 논문은 연결 마케팅 이론의 틀에서 '커뮤니티'를 마케팅 전략의 개념적 도구(거래 조직의 지배 메커니즘, 기업·고객 간 관계의 활용 방안)로 다루고 있을 뿐, 특정 온라인 커뮤니티 플랫폼을 분석 대상으로 삼지 않으므로 온라인 커뮤니티의 존재 여건을 충족하지 못한다.","이 논문은 연결 마케팅 이론의 틀에서 '커뮤니티'를 마케팅 전략의 개념적 도구(거래 조직의 지배 메커니즘, 기업·고객 간 관계의 활용 방안)로 다루고 있을 뿐, 특정 온라인 커뮤니티 플랫폼을 분석 대상으로 삼지 않으므로 온라인 커뮤니티의 존재 여건을 충족하지 못한다.",True,1/1,run1:없음
ART001280845,친교욕구와 자기표현욕구가 디지털 아이템 구매의도에 미치는 영향: 성별과 구매경험의 조절효과를 중심으로,신선진(세계한상문화연구소 전임연구원),2008,정보시스템연구,kor,ERR,,,run1:없음,"has_community=True role_relevant=True env_relevant=True | 이 논문은 Cyworld를 관계 형성·자기표현의 공간이자 성별 격차 해소라는 사회현상을 보여주는 창(ROLE_WINDOW_MISC)으로 조명하는 동시에, 실명·일촌맺기 등 익명성 수준의 구조적 조건이 오프라인 인맥 재현과 여성 사용자 유입이라는 차이를 낳는 점을 비교적으로 서술하여 환경(ENV_ANONYMITY) 요소를 고려한다.","[ROLE] 본 연구는 Cyworld라는 특정 플랫폼의 디지털 아이템 구매 요인과 성별·구매경험 효과를 분석하는 소비자 행동·비즈니스 모델 연구로, 온라인 커뮤니티 공간의 공론장·사회자본 역할도, 외부 사회현상을 비추는 창 역할도 아닌 플랫폼 자체의 수익 구조가 중심이므로 6개 코드 모두 미부여 판정한다. | [ENV] Cyworld의 실명제를 다른 온라인 공간의 익명성과 대비하여 서술하고 있으나, 이는 디지털 아이템 구매의 성별·구매경험 효과 분석을 위한 배경 서술에 그치며, 익명성 수준이 결과 차이에 미치는 영향을 비교·분석의 핵심 변수로 삼지 않으므로 4개 코드 모두 미부여로 판단한다.",True,1/1,run1:없음
ART002088891,모바일SNS 특성이 서비스 관계품질과 농산물 구매의도에 미치는 영향：온라인 커뮤니티를 중심으로,권금남(안동대학교),2016,경영경제연구,kor,OK,ROLE_WINDOW_MISC,,run1:없음,"has_community=True role_relevant=True env_relevant=False | 이 논문은 농산물 구매 소비자의 행동모델을 분석하기 위해 온라인 커뮤니티 형태의 SNS를 정보 공유·상호작용·구매자와 판매자 간 관계 형성이 이루어지는 '장'(ROLE_FIELD)으로 조명하나, 회원제·운영 방침·익명성 등 커뮤니티의 구조적·환경적 조건을 분석 변수로 다루지는 않는다.","[ROLE] 이 논문은 온라인 커뮤니티(SNS)를 농산물 구매·마케팅이라는 외부 상거래 현상을 분석하는 창으로 활용하여, 플랫폼 특성이 소비자 행동에 미치는 영향을 제시하므로 WINDOW_MISC에 해당한다.",True,0/1,run1:ROLE_WINDOW_MISC
ART001177765,"포털사이트에서 온라인 커뮤니티의 상호작용성, 보상, 몰입과 충성도가구매의도에 미치는 영향",안태윤(성균관대학교),2006,한국IT서비스학회지,eng,OK,ROLE_FIELD_SOCIALCAPITAL,,run1:없음,"has_community=True role_relevant=True env_relevant=False | 이 논문은 포털 사이트 내 온라인 커뮤니티의 상호작용·보상·몰입이 구매 의도에 미치는 영향을 구조방정식으로 분석하여, 커뮤니티가 소비자의 신뢰·충성도를 형성하는 '장'으로서의 사회적 역할을 조명하나, 커뮤니티의 구조적·환경적 조건(회원제, 제재, 익명성, 운영 방침 등)을 비교·변화시키는 차원에서 다루지는 않는다.","[ROLE] 본 연구는 온라인 커뮤니티 공간 안에서의 상호작용(interactivity)·보상(reward)이 이용자의 충성도(loyalty)·몰입(commitment)·신뢰(trust)라는 관계적 자원을 형성하고 이것이 구매 의도에 영향을 미치는 경로를 검증함으로써, 커뮤니티 공간 자체의 사회자본 형성·효과를 분석하는 FIELD 계열(SOCIALCAPITAL)에 해당한다.",True,0/1,run1:ROLE_FIELD_SOCIALCAPITAL
ART001214054,의류 브랜드 커뮤니티의 이용욕구 충족과 커뮤니티 몰입의 관계: 의류 브랜드 이미지의 조절효과,홍희숙(제주대학교),2007,Journal of Global Scholars of Marketing Science(마케팅과학연구),kor,OK,ROLE_WINDOW_MISC,,run1:없음,"has_community=True role_relevant=True env_relevant=False | 이 논문은 의류 브랜드 온라인 커뮤니티의 이용욕구 충족과 커뮤니티 몰입 및 브랜드 이미지의 조절효과를 연구하여, 커뮤니티 공간 자체가 회원 몰입·구전·재구매를 매개하는 '장'으로서의 사회적 역할을 분석 대상으로 삼지만, 회원제·제재·익명성·생애주기 등 커뮤니티의 구조적·환경적 조건을 비교·검토하지는 않는다.","[ROLE] 이 논문은 의류 브랜드 온라인 커뮤니티의 이용욕구충족과 몰입 간 관계를 검증함으로써, 온라인 커뮤니티라는 공간을 브랜드 마케팅 효과(고객 몰입·재구매·구전 등 브랜드 자산 극대화)라는 외부 사회현상을 보여주는 사례로 활용하므로 ROLE_WINDOW_MISC에 해당한다.",True,0/1,run1:ROLE_WINDOW_MISC
ART001923682,소비자의 브랜드 에반젤리즘에 관한 실증연구: 소비자 개성-브랜드 에반젤리즘-가치공동창출 및 브랜드 컬티즘 모형과 자아일치성의 조절효과,황금주(중앙대학교),2014,마케팅관리연구,kor,ERR,,,run1:없음,"has_community=False role_relevant=False env_relevant=False | 이 논문은 소비자의 개성과 브랜드 에반젤리즘 간 관계를 분석하는 것으로, 온라인 커뮤니티는 설문 응답자 모집 통로로만 활용되었을 뿐 커뮤니티 자체의 구조·역할·환경을 분석 대상으로 삼지 않는다.","이 논문은 소비자의 개성과 브랜드 에반젤리즘 간 관계를 분석하는 것으로, 온라인 커뮤니티는 설문 응답자 모집 통로로만 활용되었을 뿐 커뮤니티 자체의 구조·역할·환경을 분석 대상으로 삼지 않는다.",True,1/1,run1:없음
ART002520448,"온라인 구전의 정보 특성과 커뮤니티 특성이 게스트 하우스 브랜드 이미지, 브랜드 태도 그리고 관광객 행동의도에 미치는 영향",반선(경희대학교),2019,인터넷전자상거래연구,kor,ERR,,,run1:없음,"has_community=False role_relevant=False env_relevant=False | 이 논문은 SNS에 게재된 게스트하우스 관련 eWOM이 관광객의 브랜드 태도와 방문 의도에 미치는 영향을 분석하는 마케팅 연구로, SNS를 온라인 커뮤니티 분석 대상이 아닌 eWOM 데이터 매체로 활용하며, 'community tie strength' 등은 네트워크 변수로 기능할 뿐 커뮤니티 자체의 역할이나 구조적 조건을 연구하지 않는다.","이 논문은 SNS에 게재된 게스트하우스 관련 eWOM이 관광객의 브랜드 태도와 방문 의도에 미치는 영향을 분석하는 마케팅 연구로, SNS를 온라인 커뮤니티 분석 대상이 아닌 eWOM 데이터 매체로 활용하며, 'community tie strength' 등은 네트워크 변수로 기능할 뿐 커뮤니티 자체의 역할이나 구조적 조건을 연구하지 않는다.",True,1/1,run1:없음
ART000945361,온라인 커뮤니티 회원의 동일시에 영향을 미치는 요인에 관한 연구,서문식(부산대학교),2002,Journal of Global Scholars of Marketing Science(마케팅과학연구),eng,ERR,,,run1:없음,"has_community=True role_relevant=True env_relevant=False | 이 논문은 온라인 커뮤니티 내 회원의 소속감(identification)에 영향을 미치는 요인을 분석 대상으로 삼아 커뮤니티가 구성원의 정체성·유대감을 형성하는 '장'으로서의 사회적 역할을 조명하나, 초록이나 제목에서 회원제·운영방침·익명성·생애주기 등 커뮤니티의 구조적·환경적 조건을 구체적으로 고려하는 근거는 확인되지 않는다.","[ROLE] 제시된 텍스트는 논문 제목('온라인 커뮤니티 구성원의 동일시에 영향을 미치는 요인')에 불과하여, 공론장 검증·관계적 자원 분석·외부 사회현상 포착 중 어떤 코드에도 답하는 구체적 주장이나 발견이 없으므로 6개 코드 모두 미부여.",True,1/1,run1:없음
ART002460283,온라인 육아 커뮤니티 참여가 만족도와 지속이용의도에 미치는 영향 : 주부와 워킹맘의 지각혜택 매개경로 비교를 중심으로,이윤혜(고려대학교세종캠퍼스),2019,고객만족경영연구,kor,ERR,,,run1:없음,"has_community=True role_relevant=True env_relevant=False | 이 논문은 온라인 육아 커뮤니티를 정보 교환과 사회적 친목을 도모하는 '장'으로서의 사회적 역할을 분석 대상으로 삼아 참여정도가 이용 행동에 미치는 영향을 연구하지만, 회원제·익명성·운영 방침 등 커뮤니티의 구조적·환경적 조건을 변수로 삼아 차이·비교·변화를 분석하지는 않는다.","[ROLE] 본 연구는 온라인 육아 커뮤니티라는 공간 자체를 분석 대상(FIELD 계열)으로 삼고 있으나, 참여정도가 지각된 즐거움·유용성·만족도·지속적 이용의도에 미치는 영향을 전업주부/워킹맘 간 비교하는 TAM·UX 차원의 개인 수준 분석이므로, 이용자 간 관계적 자원의 형성·효과를 다루는 SOCIALCAPITAL로도, 공론장 역할을 검증하는 PUBLICSPHERE로도 충족되지 않으며, 외부 사회현상을 보여주는 창(WINDOW)에도 해당하지 않아 6개 코드 모두 미부여.",True,1/1,run1:없음
ART001732710,브랜드커뮤니티 내 상호작용성이 브랜드 충성도에 미치는 영향:중국 온라인커뮤니티를 대상으로,이지나(숭의여자대학),2012,기업경영연구,kor,OK,ROLE_FIELD_SOCIALCAPITAL,,run1:없음,"has_community=True role_relevant=True env_relevant=False | 이 논문은 중국 자동차 온라인 브랜드 커뮤니티 내에서 상호작용이 몰입과 브랜드 충성도로 전이되는 과정을 실증 분석함으로써, 온라인 커뮤니티를 브랜드 관리와 관계 마케팅을 실현하는 '장'으로 조명하고 있으나, 회원제·운영 방침·익명성 등 구조적·환경적 조건에 따른 차이·비교·변화를 다루지 않으므로 env_relevant는 false이다.","[ROLE] 이 논문은 온라인 브랜드 커뮤니티 공간 내에서 이용자 간 상호연대감·상호호혜성 등 관계적 자원이 형성되고 커뮤니티 몰입과 브랜드 충성도로 전이되는 과정을 실증하므로, 커뮤니티 내부의 관계적 상호작용을 분석하는 장(SOCIALCAPITAL)으로 판정된다.",True,0/1,run1:ROLE_FIELD_SOCIALCAPITAL
ART001049366,정보 리터러시가 소상공인의 온라인 활동 수준에 미치는 영향,이재관(숭실대학교),2007,중소기업연구,kor,ERR,,,run1:없음,"has_community=True role_relevant=False env_relevant=False | 이 논문은 소상공인의 정보 리터러시(IL)가 다양한 온라인 활동에 미치는 영향을 통계적으로 검증하는 것이 주 목적이며, '온라인 커뮤니티 참여'는 인터넷 이용시간, 온라인 거래, 온라인 학습정보 수집, 온라인 상담 만족도와 나란히 6개 종속변수 중 하나로 측정될 뿐, 특정 커뮤니티의 구조·역할·운영 조건을 분석 대상으로 삼지 않으므로 커뮤니티는 연구의 재료가 아닌 일반적 온라인 활동 지표에 그친다.","이 논문은 소상공인의 정보 리터러시(IL)가 다양한 온라인 활동에 미치는 영향을 통계적으로 검증하는 것이 주 목적이며, '온라인 커뮤니티 참여'는 인터넷 이용시간, 온라인 거래, 온라인 학습정보 수집, 온라인 상담 만족도와 나란히 6개 종속변수 중 하나로 측정될 뿐, 특정 커뮤니티의 구조·역할·운영 조건을 분석 대상으로 삼지 않으므로 커뮤니티는 연구의 재료가 아닌 일반적 온라인 활동 지표에 그친다.",True,1/1,run1:없음
ART001310795,"A Study on the Relationship Between Online Community Characteristics and Loyalty : Focused on Mediating Roles of Self-Congruency, Consumer Experience, and Consumer to Consumer Interactivity",김문태(부산 가톨릭대학교 유통경영정보학부),2008,Journal of Global Scholars of Marketing Science(마케팅과학연구),kor,ERR,,,run1:없음,"has_community=True role_relevant=True env_relevant=False | 이 논문은 Cyworld·Daum·Naver 등 온라인 커뮤니티를 소비자 간 상호작용과 구매 충성도가 형성·유지되는 '장'으로서 분석 대상으로 삼아 커뮤니티 공간 자체의 경제적·사회적 역할을 조명하나, 회원제·제재·익명성·생애주기 등 커뮤니티 운영 방침이나 구조적 환경 조건에 따른 차이·비교를 다루지 않고 콘텐츠·경험·충성도 등 마케팅 변수에 집중하므로 env_relevant는 false이다.","[ROLE] 본 연구는 온라인 커뮤니티에서 소비자 간 상호작용(consumer-to-consumer interactivity)과 신뢰(trust)가 구매 충성도에 영향을 미치는 마케팅·경제적 메커니즘을 분석하는 것으로, 이용자 간 관계적 요소를 다룸에도 불구하고 그 목적이 사회적 자본 형성이나 공론장 검증이 아닌 상업적 충성도 구축에 있으므로 FIELD 계열 모두 미부여이며, 외부 사회현상을 보여주는 창으로 기능하지도 않으므로 WINDOW 계열 역시 미부여이다.",True,1/1,run1:없음
ART001768723,온라인 커뮤니티 참여도와 공동구매의도에 영향을 미치는 요인: 한국과 중국을 중심으로,박철(고려대학교),2013,경영정보학연구,kor,OK,ROLE_FIELD_SOCIALCAPITAL,,run1:없음,"has_community=True role_relevant=True env_relevant=False | 이 논문은 온라인 커뮤니티를 소비자가 정보공유와 상호작용을 통해 구매행동을 결정하는 '장'으로 조명하되, 분석 변수(보상, 외적 규범, 상호작용, 동류의식)는 커뮤니티의 구조적·운영적 조건(회원제, 제재 방식, 익명성, 생애주기 등)이라기보다 커뮤니티 내부의 사회심리적 요인에 해당하므로 env_relevant는 false로 판단한다.","[ROLE] 본 연구는 온라인 커뮤니티 공간 안의 '관계지원·상호작용·동류의식' 등 이용자 간 관계적 자원의 존재와 그 효과가 참여 및 공동구매 의도에 미치는 영향을 구조방정식으로 검증하는 것이므로, 커뮤니티 내부의 관계적 자원 형성·효과를 분석 대상으로 삼는 SOCIALCAPITAL에 해당한다.",True,0/1,run1:ROLE_FIELD_SOCIALCAPITAL
ART001389624,온라인 커뮤니티 활동과 사적 관계구축이 구전 및 구매행동에 미치는 영향에 관한 연구,이진용(중앙대학교),2009,유통연구,kor,OK,ROLE_WINDOW_MISC,,run1:없음,"has_community=True role_relevant=True env_relevant=False | 온라인 중고차 커뮤니티를 연구 대상으로 삼아 커뮤니티 내 활동(지속참여, 정보추구, 관계구축)이 구매·매장방문·구전 등 실제 성과에 미치는 영향을 실증 분석함으로써, 커뮤니티 공간 자체의 사회적 역할(장)을 조명하나, 회원제·운영방침·익명성 등 구조적·환경적 조건을 변수로 다루지 않는다.","[ROLE] 이 논문은 온라인 중고차 커뮤니티 내 활동(참여, 정보추구, 관계구축)이 오프라인 구매·매장방문·구전 등 소비 행동에 미치는 영향을 실증 분석함으로써, 온라인 커뮤니티를 구매·소비라는 외부 사회현상을 촉발하는 채널로서 보여주는 창(ROLE_WINDOW_MISC)으로 활용한다.",True,0/1,run1:ROLE_WINDOW_MISC
ART002500217,"온라인 토론 커뮤니티에서의 익명성과 개인 및 집단 정체성, 토론의 질 간의 영향 연구",이애리(상명대학교),2019,경영정보학연구,kor,OK,,ENV_ONLINE_ANNONIMITY,run1:없음,"has_community=True role_relevant=True env_relevant=True | 이 논문은 익명성 수준과 커뮤니티 가입기간 등 구조적 조건(ENV)을 비교·분석하면서, 온라인 토론 커뮤니티가 집단 지식 생성·행위 통제의 장(ROLE)으로서 기능하는 방식을 실증적으로 검증한다.","[ROLE] 본 연구는 익명성 환경에서 정체성과 집단 규범이 온라인 토론 커뮤니티 내 행위 통제를 어떻게 조절하는지를 실증적으로 검증하는 것으로, 커뮤니티 공간 자체의 토론 질과 참여 동기를 분석 대상 삼고 있으나 공론장 기능의 검증·평가나 이용자 간 관계적 자원 형성을 직접 다루지 않아 FIELD 계열 두 코드 모두 임계 미달이며, 외부 사회현상을 보여주는 창으로도 기능하지 않는다. | [ENV] 본 연구의 핵심 변수가 '사회적/기술적 익명성'이며 익명성 수준별 그룹 간 차이를 실증 비교하는 구조이므로 ENV_ONLINE_ANNONIMITY만 부여하고, 나머지 세 코드는 회원제·운영체계·생애주기에 대한 비교 분석이 존재하지 않아 미부여로 판단한다.",True,0/1,run1:ENV_ONLINE_ANNONIMITY
ART001500560,온라인상에서 기업이슈 생성 및 확산,김종현(성균관대학교),2010,Korea Business Review,kor,ERR,,,run1:없음,"has_community=True role_relevant=False env_relevant=False | 이 논문은 온라인 기업이슈의 생성·확산 메커니즘과 기업평판 관리를 분석 대상으로 삼으며, '커뮤니티'와 '포탈'은 매스미디어와 나란히 확산 통로(채널)로만 언급되고, 커뮤니티 자체의 사회적 역할(창/장)이나 익명성·운영방침 등 환경적 조건에 따른 차이·비교가 분석되지 않는다.","이 논문은 온라인 기업이슈의 생성·확산 메커니즘과 기업평판 관리를 분석 대상으로 삼으며, '커뮤니티'와 '포탈'은 매스미디어와 나란히 확산 통로(채널)로만 언급되고, 커뮤니티 자체의 사회적 역할(창/장)이나 익명성·운영방침 등 환경적 조건에 따른 차이·비교가 분석되지 않는다.",True,1/1,run1:없음
ART002115246,온라인 브랜드 커뮤니티 내 리뷰어의 내적속성과 사회적 지지에 따른 정보행동에 관한 연구,박지연(울산대학교 기업경영연구소),2016,경영학연구,kor,OK,ROLE_WINDOW_MISC,,run1:없음,"has_community=True role_relevant=True env_relevant=False | 이 논문은 온라인 브랜드 커뮤니티를 리뷰어의 정보행동이 이루어지고 잠재 소비자의 구매행동에 영향을 미치는 정보 공유의 '장'으로 설정하여, 리뷰어의 내적 속성(자기고양적 동기, 공적 자의식)과 사회적 지지가 정보생성·전달에 미치는 영향을 분석하지만, 커뮤니티의 구조적·환경적 조건(회원제, 익명성, 운영 방침, 생애주기 등)에 따른 차이나 비교를 다루지 않는다.","[ROLE] 본 연구는 온라인 브랜드 커뮤니티라는 특정 플랫폼을 사례로 삼아, 소비자 리뷰 행동을 이끄는 개인의 심리적 속성(자기고양적 동기, 공적 자의식)과 사회적 지지의 조절효과를 실증 분석하는 것으로, 커뮤니티 공간 자체의 공론장·사회적 자본 기능보다 오프라인에서도 존재하는 '소비자 정보 공유(구전) 행위'라는 외부 사회현상을 보여주는 창(WINDOW_MISC)으로 기능한다.",True,0/1,run1:ROLE_WINDOW_MISC
ART001775659,온라인 채용시험정보 커뮤니티 내에서 지식공유의도에 영향을 미치는 요인에 관한 연구,전현규(경희대학교),2013,지식경영연구,kor,OK,ROLE_FIELD_SOCIALCAPITAL,,run1:없음,"has_community=True role_relevant=True env_relevant=False | 이 논문은 취업시험 대비 지식공유 커뮤니티를 분석 대상으로 삼아 개인 동기·관계 자본·공동체 의식·경쟁 의식이 지식 공유 의도에 미치는 영향을 연구함으로써, 온라인 커뮤니티를 지식 공유가 이루어지는 '장'으로서의 사회적 기능(ROLE_FIELD)을 조명하나, 회원제·익명성·운영 방침 등 구조적·환경적 조건(ENV)은 다루지 않는다.","[ROLE] 이 논문은 온라인 지식 공유 커뮤니티(전자적 실천 네트워크) 안에서 이용자 간 상호호혜(reciprocity)·관계적 자본(relational capital)·공동체 의식(sense of community)이 지식 나누기 행동에 미치는 효과를 분석하므로, 커뮤니티 공간 내 이용자 간 관계적 자원의 존재와 효과를 다룬 ROLE_FIELD_SOCIALCAPITAL에 해당한다.",True,0/1,run1:ROLE_FIELD_SOCIALCAPITAL
ART001816673,국제항공특송의 경쟁력 실증분석에 관한 연구,정연봉(인천대학교),2013,한국항공경영학회지,kor,ERR,,,run1:없음,"has_community=True role_relevant=False env_relevant=False | 이 논문은 항공특송산업의 경쟁력을 비용·서비스·시간 측면에서 분석하는 물류·운송 연구로서, 온라인 커뮤니티를 분석 대상이나 연구 재료로 활용하지 않으므로 커뮤니티 존재 여부가 성립하지 않는다.","이 논문은 항공특송산업의 경쟁력을 비용·서비스·시간 측면에서 분석하는 물류·운송 연구로서, 온라인 커뮤니티를 분석 대상이나 연구 재료로 활용하지 않으므로 커뮤니티 존재 여부가 성립하지 않는다.",True,1/1,run1:없음
ART001513763,온실가스 규제와 기업 CEO의 탄소 전략: EU 및 일본 사례를 중심으로,김현진(서울과학종합대학원),2010,전문경영인연구,kor,ERR,,,run1:없음,"has_community=True role_relevant=False env_relevant=False | 이 논문은 EU·일본 기업의 배출권거래·CDM·JI 등 탄소 시장 메커니즘에 대한 CEO 전략을 분석하는 환경경제·경영 연구로, 공통 관심사를 가진 사용자가 상호작용하는 온라인 커뮤니티를 분석 대상으로 삼지 않는다.","이 논문은 EU·일본 기업의 배출권거래·CDM·JI 등 탄소 시장 메커니즘에 대한 CEO 전략을 분석하는 환경경제·경영 연구로, 공통 관심사를 가진 사용자가 상호작용하는 온라인 커뮤니티를 분석 대상으로 삼지 않는다.",True,1/1,run1:없음
ART001150309,한국기업의 지식경영 성공요인에 관한 실증적 연구,김찬중(충북대학교),2004,조직과 인사관리연구,kor,ERR,,,run1:없음,"has_community=True role_relevant=False env_relevant=False | 이 논문은 한국기업의 지식경영 성공요인(최고경영자 의지, 평가보상, 조직문화, 지식관리시스템, 조직구조)을 실증적으로 확인하는 조직관리 연구로, 공통 관심사를 가진 사용자의 지속적 상호작용과 정보 공유·관계 형성을 수반하는 온라인 커뮤니티가 분석 대상에 등장하지 않는다.","이 논문은 한국기업의 지식경영 성공요인(최고경영자 의지, 평가보상, 조직문화, 지식관리시스템, 조직구조)을 실증적으로 확인하는 조직관리 연구로, 공통 관심사를 가진 사용자의 지속적 상호작용과 정보 공유·관계 형성을 수반하는 온라인 커뮤니티가 분석 대상에 등장하지 않는다.",True,1/1,run1:없음
ART002227956,온라인 커뮤니티에서 개인의 수직적 특성이 구전요인과 구전효과의 관계에 미치는 영향,박성호(경북대학교),2017,한국생산관리학회지,kor,ERR,,,run1:없음,"has_community=True role_relevant=True env_relevant=True | 이 논문은 온라인 커뮤니티에서의 구전활동을 연구 대상으로 삼아, 커뮤니티 유대와 상호작용성·명성이라는 구조적·환경적 조건이 구전 효과에 미치는 영향과 개인 수직적 특성의 조절효과를 실증 분석함으로써, 커뮤니티를 정보 공유와 관계 형성의 '장'으로 조명하는 동시에 그 환경적 조건(ENV)에 따른 차이도 함께 고려한다.","[ROLE] 본 연구는 온라인 커뮤니티 내 커뮤니티 유대·상호작용성·명성 등 공간적 특성이 구전 신뢰성과 구전 효과에 미치는 영향을 실증적으로 검증하는 것으로, 공론장 검증이나 사회자본 형성 자체를 주된 분석 대상 삼지 않아 FIELD 계열 두 코드 모두 0.5 미만이며, 구전 커뮤니케이션이라는 외부 현상을 다루지만 그 분석 축이 커뮤니티 내부 구조 변수에 있으므로 WINDOW 계열도 미부여 판정한다. | [ENV] 본 논문은 커뮤니티 유대·상호작용성·명성 등 커뮤니티 특성이 구전효과에 미치는 영향을 개인 수직적 특성 조절 하에서 분석하는 것으로, 회원제·운영체계·커뮤니티 생애주기·익명성 중 어느 하나의 환경 조건도 비교·분석 대상으로 삼지 않으므로 4개 코드 모두 미부여이다.",True,1/1,run1:없음
ART002097982,인적자원이 지각하는 직장 내 체험적 요인이 직원 간 상호작용 및 직무만족에 미치는 영향,김문태(부산가톨릭대학교),2016,인적자원관리연구,kor,ERR,,,run1:없음,"has_community=False role_relevant=False env_relevant=False | 이 논문은 직장 내 인적자원의 체험적 요인과 직무만족·조직몰입을 연구하는 조직행동 연구이며, '온라인 커뮤니티'는 과거 선행연구의 상호작용성 개념을 인용한 일회적 언급에 불과하여 온라인 커뮤니티를 분석 대상으로 삼지 않는다.","이 논문은 직장 내 인적자원의 체험적 요인과 직무만족·조직몰입을 연구하는 조직행동 연구이며, '온라인 커뮤니티'는 과거 선행연구의 상호작용성 개념을 인용한 일회적 언급에 불과하여 온라인 커뮤니티를 분석 대상으로 삼지 않는다.",True,1/1,run1:없음
ART002123292,육아커뮤니티에서 온라인 구전정보 조회 수에 영향을 미치는 요인에 관한 연구,이윤혜(고려대학교),2016,인터넷전자상거래연구,kor,OK,ROLE_WINDOW_MISC,,run1:없음,"has_community=True role_relevant=True env_relevant=False | 이 논문은 한국 최대 육아 온라인 커뮤니티 Moms-Holic의 리뷰·댓글 데이터를 수집하여 소비자 참여와 구전 효과의 영향 요인을 분석함으로써, 온라인 커뮤니티를 소비 참여와 평판 경제를 관찰하는 창(ROLE_WINDOW)으로 활용하고 있으나, 커뮤니티의 구조적·운영적 조건(회원제, 익명성, 제재 방식 등)을 비교하거나 그 차이를 분석하지 않는다.","[ROLE] 본 연구는 온라인 양육 커뮤니티(Moms-Holic)를 데이터 소스로 삼아 소비자의 구전(word-of-mouth)·평판경제(reputation economy)라는 외부 사회현상이 온라인 리뷰 참여·반응 요인을 통해 어떻게 작동하는지를 분석하므로, 온라인 커뮤니티는 바깥의 소비자 구전·정보전달 현상을 보여주는 창(WINDOW_MISC)으로 기능한다.",True,0/1,run1:ROLE_WINDOW_MISC
ART001565149,관광 웹사이트 명성과 커뮤니티 의식이 온라인 구전효과에 미치는 영향에 관한 연구,김나은(백석예술대학),2011,서비스경영학회지,kor,OK,ROLE_WINDOW_MISC,,run1:없음,"has_community=True role_relevant=True env_relevant=False | 이 논문은 관광 웹사이트 내 온라인 커뮤니티의 'sense of community'가 구전(WOM) 유용성·수용·확산에 미치는 영향을 분석하며, 커뮤니티가 정보 신뢰성 인식과 회원 간 유대 형성에 기여하는 사회적 역할(장)을 조명하지만, 회원제·제재·익명성·생애주기 등 구조적·환경적 조건을 변인으로 다루지 않는다.","[ROLE] 이 논문은 관광 분야의 구전(WOM) 영향력이라는 일반적 소비자 행동 현상을 관광 웹 커뮤니티라는 공간에서 검증하는 것으로, 온라인 커뮤니티는 WOM이 유통되는 매개 맥락(창)으로 기능하며, 'sense of community'가 변수로 등장하긴 하나 관계적 자원 형성 자체를 분석 대상 삼기보다는 WOM 영향 사슬의 하나의 입력 변수로 쓰이므로 FIELD 계열은 미부여하고 WINDOW_MISC를 부여한다.",True,0/1,run1:ROLE_WINDOW_MISC
ART001927428,창업 플랫폼으로서 온라인 커뮤니티 평가와 투자의향에 관한 연구,김성우(전자부품연구원),2014,대한경영학회지,kor,ERR,,,run1:없음,"has_community=True role_relevant=True env_relevant=False | 이 논문은 온라인 커뮤니티(블로그·카페)를 사업화 주체이자 투자 대상으로 삼아 가치평가 모형을 도출하고 가입자의 투자 의향을 실증하는 것으로, 커뮤니티라는 공간 자체의 경제적·사업적 역할(장)을 분석 대상에 두고 있으나, 회원제·익명성·제재 방식 등 구조적 환경 조건에 따른 차이·비교를 다루지 않는다.","[ROLE] 본 연구는 온라인 커뮤니티를 사업화·투자 대상으로서의 경제적 가치평가에 초점을 두며, 6개 코드 중 공론장·사회자본·양극화·젠더·혐오 어느 쪽에도 명백히 해당하지 않고, '디지털 커뮤니티의 사업화·크라우드펀딩'이라는 경제 현상이 WINDOW_MISC에 가장 근접하나 현상 자체가 온라인 커뮤니티라는 매체에 강하게 결합되어 있어 대체가능성 검정을 충족하지 못한다.",True,1/1,run1:없음
ART002482937,사회적 지지가 목표달성 의도에 미치는 영향: 판촉 보상물 획득 과정을 중심으로,정난희(연세대학교 경영대학 박사과정),2019,소비자학연구,kor,ERR,,,run1:없음,"has_community=True role_relevant=False env_relevant=False | 이 논문은 스타벅스 다이어리 프로모션에서 사회적 지지가 목표달성 의도에 미치는 영향을 실험적으로 규명하는 소비자 심리학 연구로, '온라인 커뮤니티 멤버'는 '친한 친구'와 대조되는 타인 조건으로만 실험 변수에 사용될 뿐, 커뮤니티 자체의 구조·역할·운영 방식을 분석 대상이나 논증의 근거로 삼고 있지 않다.","이 논문은 스타벅스 다이어리 프로모션에서 사회적 지지가 목표달성 의도에 미치는 영향을 실험적으로 규명하는 소비자 심리학 연구로, '온라인 커뮤니티 멤버'는 '친한 친구'와 대조되는 타인 조건으로만 실험 변수에 사용될 뿐, 커뮤니티 자체의 구조·역할·운영 방식을 분석 대상이나 논증의 근거로 삼고 있지 않다.",True,1/1,run1:없음
ART001694517,온라인 쇼핑몰의 사회적 지원 기능이 고객 태도에 미치는 영향 연구: 자기효능감과 소속감의 인식을 중심으로,이윤재(영남대학교),2012,상품학연구,kor,ERR,,,run1:없음,"has_community=True role_relevant=False env_relevant=False | 초록 첫 문장에서 '온라인 커뮤니티'를 온라인 쇼핑몰·포털과 병열된 '온라인의 다양한 사회적 소프트웨어'의 한 예로 언급하지만, 실제 분석 대상은 상거래 중심의 온라인 쇼핑몰 플랫폼이며, 커뮤니티의 사회적 역할(창/장)이나 구조적·환경적 조건(회원제, 익명성, 운영 방침 등)을 분석 대상으로 삼지 않으므로 커뮤니티 존재는 인정하나 역할·환경 조명 모두 해당하지 않는다.","초록 첫 문장에서 '온라인 커뮤니티'를 온라인 쇼핑몰·포털과 병열된 '온라인의 다양한 사회적 소프트웨어'의 한 예로 언급하지만, 실제 분석 대상은 상거래 중심의 온라인 쇼핑몰 플랫폼이며, 커뮤니티의 사회적 역할(창/장)이나 구조적·환경적 조건(회원제, 익명성, 운영 방침 등)을 분석 대상으로 삼지 않으므로 커뮤니티 존재는 인정하나 역할·환경 조명 모두 해당하지 않는다.",True,1/1,run1:없음
ART002639852,네트워크 허브를 이용한 바이럴 마케팅 시딩 전략: 네트워크 밀도가 미치는 조절 효과 중심으로,최강준(연세대학교),2020,소비자학연구,kor,ERR,,,run1:없음,"has_community=False role_relevant=False env_relevant=False | 이 논문은 last.fm을 기반으로 바이럴 마케팅 시딩 전략의 효율성을 분석하는 연구로, 커뮤니티 소속은 네트워크 밀도라는 구조적 변수로만 활용되며, 공통 관심사를 가진 사용자들의 상호작용·정보 공유·관계 형성이라는 온라인 커뮤니티 자체를 분석 대상으로 삼고 있지 않다.","이 논문은 last.fm을 기반으로 바이럴 마케팅 시딩 전략의 효율성을 분석하는 연구로, 커뮤니티 소속은 네트워크 밀도라는 구조적 변수로만 활용되며, 공통 관심사를 가진 사용자들의 상호작용·정보 공유·관계 형성이라는 온라인 커뮤니티 자체를 분석 대상으로 삼고 있지 않다.",True,1/1,run1:없음
ART001769318,소셜 미디어 시대의 인간 상호작용: 가능성과 위험,윤영민(한양대학교),2013,Entrue Journal of Information Technology,kor,OK,ROLE_WINDOW_MISC,,run1:없음,"has_community=True role_relevant=True env_relevant=False | 이 논문은 소셜 미디어의 네 가지 특성으로 인한 사회 변화를 참여문화, 선물경제, 빅데이터, 온라인 공동체, 즉각적 반응의 문화라는 다섯 개념으로 해독하며, 그 중 '온라인 공동체'를 소셜 미디어 환경에서 형성되는 사회적 현상으로 조명하지만, 회원제·운영 방침·익명성 등 커뮤니티의 구조적·환경적 조건을 다루지는 않는다.","[ROLE] 본 논문은 소셜 미디어의 구조적 특성(비용·기록·선택성·속도)이 초래하는 참여문화, 선물경제, 빅데이터, 즉각적 반응 문화 등 광의의 사회현상을 탐구하며, 온라인 공동체는 그 변화를 해독하는 다섯 개념 중 하나로 제시되므로, 온라인 커뮤니티를 바깥의 사회변화를 포착하는 창(ROLE_WINDOW_MISC)으로 기능한다고 판단된다.",True,0/1,run1:ROLE_WINDOW_MISC
ART001240888,온라인 커뮤니티에서 자기표현 욕구의 영향요인과 디지털 아이템 구매의도에 미치는 효과,고준(전남대학교),2008,Asia Pacific Journal of Information Systems,kor,ERR,,,run1:없음,"has_community=True role_relevant=True env_relevant=True | 이 논문은 Cyworld 등 온라인 커뮤니티를 디지털 아이템 판매라는 경제·사회적 활동을 수행하는 '장'으로 조명하는 동시에, 커뮤니티 집단 규범(community group norm)과 커뮤니티 참여도(community involvement)라는 구조적 조건이 회원의 자기표현 욕구와 구매 의도에 미치는 영향을 분석함으로써 환경적 요인을 고려하고 있다.","[ROLE] 본 연구는 온라인 커뮤니티(Cyworld) 내 디지털 아이템 구매 동기(자아표현·귀속 욕구)와 커뮤니티 집단 규범·참여도 등 커뮤니티 공간 내 요인을 분석하는 비즈니스 모델 연구로, 공론장 검증이나 사회자본 형성 분석 대상이 아니며, 디지털 아이템 구매라는 현상 자체가 온라인 커뮤니티를 전제하기에 외부 사회현상을 보여주는 창으로도 보기 어렵다. | [ENV] 이 논문은 사이버월드(Cyworld) 내 디지털 아이템 구매 의도에 대한 사회정체성·자기표현 이론 기반의 실증 연구로, 회원제·운영체계·생애주기·익명성 중 어느 조건을 분석 대상이나 비교 변수로 삼지 않으므로 4개 ENV 코드 모두 미부여한다.",True,1/1,run1:없음
ART001839552,온라인 브랜드커뮤니티 구성원들의 제품개발참여의도에 관한 구조적 관계,장영혜(계명대학교),2013,마케팅논집(Journal of Marketing Studies),kor,ERR,,,run1:없음,"has_community=True role_relevant=False env_relevant=False | 이 논문은 자동차 브랜드커뮤니티를 분석 대상으로 삼지만, 커뮤니티 자체의 사회적 역할(창/장)을 조명하거나 구조적·환경적 조건(회원제, 익명성, 운영 방침 등)에 따른 차이를 비교·분석하지 않고, 커뮤니티를 소비자의 제품개발 참여의도에 영향을 미치는 마케팅 변수의 맥락(운영 수단·모집 통로)으로만 활용하므로 role·env 모두 해당하지 않는다.","이 논문은 자동차 브랜드커뮤니티를 분석 대상으로 삼지만, 커뮤니티 자체의 사회적 역할(창/장)을 조명하거나 구조적·환경적 조건(회원제, 익명성, 운영 방침 등)에 따른 차이를 비교·분석하지 않고, 커뮤니티를 소비자의 제품개발 참여의도에 영향을 미치는 마케팅 변수의 맥락(운영 수단·모집 통로)으로만 활용하므로 role·env 모두 해당하지 않는다.",True,1/1,run1:없음
ART001744265,온라인 게임의 상호작용성이 사용자 충성도에 미치는 영향에 관한 연구 : 게임 장르별 연구,한영춘(영남대학교),2013,경영연구,kor,ERR,,,run1:없음,"has_community=True role_relevant=False env_relevant=False | 이 논문은 온라인 게임 커뮤니티(커뮤니티 소속감·지원)를 게임 몰입·충성도 연구의 독립변수 중 하나로 다루고 있을 뿐, 커뮤니티 자체의 사회적 역할이나 구조적·환경적 조건을 분석 대상으로 삼지 않으므로 role·env 모두 해당하지 않는다.","이 논문은 온라인 게임 커뮤니티(커뮤니티 소속감·지원)를 게임 몰입·충성도 연구의 독립변수 중 하나로 다루고 있을 뿐, 커뮤니티 자체의 사회적 역할이나 구조적·환경적 조건을 분석 대상으로 삼지 않으므로 role·env 모두 해당하지 않는다.",True,1/1,run1:없음
ART001156039,e-CRM에 기반한 온라인 커뮤니티 사이트 활성화 모형: 방송사 사례를 중심으로,김창수(영남대학교),2004,경영정보학연구,kor,OK,ROLE_WINDOW_MISC,,run1:없음,"has_community=True role_relevant=True env_relevant=False | 이 논문은 방송사 온라인 커뮤니티 사이트를 고객관계관리(e-CRM)의 장(ROLE_FIELD_PUBLICSPHERE)으로서 분석하고 활성화 모형을 제시하지만, 회원제·운영·제재·익명성 등 커뮤니티의 구조적·환경적 조건에 따른 차이·비교를 다루지 않으므로 ENV는 해당하지 않는다.","[ROLE] 이 논문은 e-CRM(고객관계관리)이라는 방송사 마케팅 전략이라는 외부 비즈니스 현상을 분석하는 사례로 방송사 온라인 커뮤니티 사이트를 활용하며, 커뮤니티 공간 자체의 공론장·사회적 자본 기능보다는 플랫폼-이용자 간 고객 관리 모형을 제시하는 데 주력하므로 WINDOW_MISC에 해당한다.",True,0/1,run1:ROLE_WINDOW_MISC
ART001157484,국내 중소 게임 개발기업의 개발전략에 대한 탐색적 연구: 국내 온라인 게임의 장르별 충성도 관련 요인을 중심으로,정재진(한국소프트웨어진흥원),2004,기업가정신과 벤처연구,kor,ERR,,,run1:없음,"has_community=False role_relevant=False env_relevant=False | 이 논문은 온라인 게임 산업의 성공 요인을 탐색하는 것이 목적이며, 게임동호회·길드 등 온라인 커뮤니티는 플로우·구전·도전과 보상·사회적 규범 등과 나란히 고객 충성도에 기여하는 요인 중 하나로 부차적으로 언급될 뿐, 커뮤니티 자체의 구조·역할·환경을 분석 대상으로 삼지 않는다.","이 논문은 온라인 게임 산업의 성공 요인을 탐색하는 것이 목적이며, 게임동호회·길드 등 온라인 커뮤니티는 플로우·구전·도전과 보상·사회적 규범 등과 나란히 고객 충성도에 기여하는 요인 중 하나로 부차적으로 언급될 뿐, 커뮤니티 자체의 구조·역할·환경을 분석 대상으로 삼지 않는다.",True,1/1,run1:없음
ART001517475,정부주도의 농촌 정보화마을 전자상거래 모델의 성공요인과 수익성에 대한 연구,정수현(조선대학교),2010,경영정보학연구,kor,ERR,,,run1:없음,"has_community=True role_relevant=False env_relevant=False | 이 논문은 정보화 마을 조성사업의 전자상거래 매출에 영향을 주는 요인 중 하나로 '홈페이지 커뮤니티 활성화'와 '조직의 지식공유'를 변수로 포함하지만, 커뮤니티는 경제 성과의 입력 요인 중 하나일 뿐이며, 그 자체를 창·장으로 조명하지도 않고 회원제·운영 방침·익명성 등 구조적·환경적 조건을 비교·분석하지도 않으므로 role·env 모두 해당하지 않는다.","이 논문은 정보화 마을 조성사업의 전자상거래 매출에 영향을 주는 요인 중 하나로 '홈페이지 커뮤니티 활성화'와 '조직의 지식공유'를 변수로 포함하지만, 커뮤니티는 경제 성과의 입력 요인 중 하나일 뿐이며, 그 자체를 창·장으로 조명하지도 않고 회원제·운영 방침·익명성 등 구조적·환경적 조건을 비교·분석하지도 않으므로 role·env 모두 해당하지 않는다.",True,1/1,run1:없음
ART001717000,A Study on the Chinese Consumers’ Attitude and Intention toward Online Group-Buying,"Chang, I-Chun(상하이 교통대학 평생교육원)",2012,대한경영학회지,kor,ERR,,,run1:없음,"has_community=False role_relevant=False env_relevant=False | 이 논문은 중국 온라인 그룹바이(团购) 플랫폼에서의 소비자 참여 의향을 E-WOM과 TAM 이론으로 분석하는 소비행동 연구이며, 'virtual community trust'는 신뢰 메커니즘의 이론적 변수로 쓰일 뿐, 공통 관심사를 가진 사용자가 지속적으로 상호작용하며 관계를 형성하는 온라인 커뮤니티를 분석 대상으로 삼고 있지 않다.","이 논문은 중국 온라인 그룹바이(团购) 플랫폼에서의 소비자 참여 의향을 E-WOM과 TAM 이론으로 분석하는 소비행동 연구이며, 'virtual community trust'는 신뢰 메커니즘의 이론적 변수로 쓰일 뿐, 공통 관심사를 가진 사용자가 지속적으로 상호작용하며 관계를 형성하는 온라인 커뮤니티를 분석 대상으로 삼고 있지 않다.",True,1/1,run1:없음
ART002528642,빅데이터와 네트노그라피 분석을 통합한 온라인 커뮤니티 고객 욕구 도출 방안: 천기저귀 온라인 커뮤니티 사례를 중심으로,박순화(경상대학교),2019,경영정보학연구,kor,OK,ROLE_WINDOW_MISC,,run1:없음,"has_community=True role_relevant=True env_relevant=False | 이 논문은 온라인 소비자 커뮤니티를 소비자의 욕구와 행동이 발현되는 장(ROLE_FIELD_CONSUMER)으로서 분석 대상으로 삼고, 빅데이터-네트노그라피 통합모델로 커뮤니티 내부의 상호작용 구조와 소비자 행동을 설명하려 하나, 회원제·운영 방식·익명성·생애주기 등 커뮤니티의 구조적·환경적 조건을 고려하지는 않는다.","[ROLE] 이 논문은 소비자 욕구·행동이라는 온라인 커뮤니티 밖에도 존재하는 일반 사회현상을 분석 대상으로 삼고, 온라인 소비자 커뮤니티는 그 현상을 관찰·파악하는 매개(창)로서 기능하므로 WINDOW_MISC에 부여한다.",True,0/1,run1:ROLE_WINDOW_MISC
ART001492552,드라마 산업의 마인드 셋(MindSets) 탐구: 온라인 드라마 커뮤니티와 스타(Stars)의 合奏,김경묵(덕성여자대학교),2010,경영학연구,kor,OK,ROLE_WINDOW_MISC,,run1:없음,"has_community=True role_relevant=True env_relevant=False | 이 논문은 드라마 시청자 선택의 의사결정 과정을 분석하기 위해 온라인 드라마 커뮤니티를 동조 압력과 감정 전염이 작동하는 사회적 공간의 사례(창)로 활용하나, 커뮤니티의 구조적·환경적 조건(회원제, 익명성, 운영 방침 등)에 따른 차이나 비교를 다루지 않으므로 env_relevant는 false이다.","[ROLE] 이 논문은 온라인 드라마 커뮤니티의 크기를 독립변수로 삼아 시청률에 미치는 영향을 실증 분석함으로써, 커뮤니티 자체의 공론장·관계적 자원 기능보다는 '청중의 동조 압력과 친숙성 단서에 기반한 문화소비 의사결정'이라는 외부 사회현상을 보여주는 창(WINDOW_MISC)으로 온라인 커뮤니티를 활용하고 있다.",True,0/1,run1:ROLE_WINDOW_MISC
ART002115253,웹 개발자들의 HTML5 채택 저항 요인에 관한 연구,송해엽(카이스트),2016,경영학연구,kor,ERR,,,run1:없음,"has_community=True role_relevant=False env_relevant=False | 이 논문은 웹 전문가들의 HTML5 채택 저항을 연구하며 온라인 커뮤니티는 '정보 습득 채널'로 여러 독립변수 중 하나로만 등장할 뿐, 커뮤니티 자체의 구조·역할·환경을 분석 대상으로 삼지 않으므로 커뮤니티는 연구 대상이 아니다.","이 논문은 웹 전문가들의 HTML5 채택 저항을 연구하며 온라인 커뮤니티는 '정보 습득 채널'로 여러 독립변수 중 하나로만 등장할 뿐, 커뮤니티 자체의 구조·역할·환경을 분석 대상으로 삼지 않으므로 커뮤니티는 연구 대상이 아니다.",True,1/1,run1:없음
ART002456903,고객의 조직 사회화를 위한 조건 탐색: 고객의 심리적 권한위임이 커뮤니티-구성원 교환관계에 미치는 영향에 있어서 고객 참여의 매개효과를 중심으로,나동만(한국직업능력개발원 연구위원),2019,대한경영학회지,kor,OK,ROLE_WINDOW_MISC,,run1:없음,"has_community=True role_relevant=True env_relevant=False | 이 논문은 기업이 구성·제공하는 온라인 제품 사용자 커뮤니티를 심리적 권한위임과 커뮤니티-구성원 교환을 매개로 기업-고객 간 관계를 구체화하는 '장'으로 분석하되, 커뮤니티의 구조적·환경적 조건(회원제, 익명성, 운영 방침 등)에 따른 차이·비교·변화를 다루지 않으므로 role만 해당한다.","[ROLE] 이 논문은 기업이 제공한 제품 사용자 온라인 커뮤니티를 연구 장으로 삼되, 분석 대상은 커뮤니티 공간 자체의 공론장·사회자본 기능이 아니라 '기업-고객 간 관계 강화'라는 조직·경제 현상(고객을 부분적 조직 구성원으로 간주하는 심리적 권한위임 메커니즘)이므로, 커뮤니티는 그 현상을 관찰하는 창(WINDOW_MISC)으로 기능한다.",True,0/1,run1:ROLE_WINDOW_MISC
ART001112366,온라인 브랜드 공동체에 대한 반응이 어떻게 브랜드로 전이되는가?,김진교(서울대학교),2006,마케팅연구,kor,ERR,,,run1:없음,"has_community=True role_relevant=False env_relevant=False | 브랜드 공동체에 대한 반응이 브랜드로 전이되는 마케팅 효과와 베이지안 회귀모형이 연구의 핵심이며, 커뮤니티를 외부 현상의 창이나 사회적 역할의 장으로 조명하지도, 회원제·운영 방침·생애주기 등 구조적·환경적 조건을 비교·분석하지도 않으므로 역할·환경 조명 모두 해당하지 않는다.","브랜드 공동체에 대한 반응이 브랜드로 전이되는 마케팅 효과와 베이지안 회귀모형이 연구의 핵심이며, 커뮤니티를 외부 현상의 창이나 사회적 역할의 장으로 조명하지도, 회원제·운영 방침·생애주기 등 구조적·환경적 조건을 비교·분석하지도 않으므로 역할·환경 조명 모두 해당하지 않는다.",True,1/1,run1:없음
ART003127476,디지털 교육 참여자의 역량 증진 탐색: S대학교 디지털 교수법 강사과정을 중심으로,문복현(서원대학교 평생교육학과),2024,문화산업연구,kor,ERR,,,run1:없음,"has_community=False role_relevant=False env_relevant=False | 이 논문은 디지털 교수법 강사과정 수료자의 디지털 도구·기술 역량 증진을 연구하며, 온라인 커뮤니티는 유튜브 영상 제작의 부수적 결과로 한 줄 언급될 뿐 분석 대상이 아니며, 커뮤니티의 구조·운영·역할에 대한 논의도 없다.","이 논문은 디지털 교수법 강사과정 수료자의 디지털 도구·기술 역량 증진을 연구하며, 온라인 커뮤니티는 유튜브 영상 제작의 부수적 결과로 한 줄 언급될 뿐 분석 대상이 아니며, 커뮤니티의 구조·운영·역할에 대한 논의도 없다.",True,1/1,run1:없음
ART002149503,Knowledge Contributors’ Intrinsic and Extrinsic Motivation on Social Connectedness and Satisfaction,박소라(제주대학교),2016,정보시스템연구,kor,OK,ROLE_FIELD_SOCIALCAPITAL,,run1:없음,"has_community=True role_relevant=True env_relevant=False | 이 논문은 가상 커뮤니티 내 지식 공헌자의 동기(자결이론)와 사회적 연결성·만족도를 분석하며, 커뮤니티를 지식 공유와 사회적 유대 형성을 수행하는 '장'으로 조명하나, 회원제·운영방침·익명성 등 구조적·환경적 조건에 따른 비교·차이 분석은 포함하지 않는다.","[ROLE] 이 논문은 가상 커뮤니티 내에서 지식 공헌 행위를 매개로 이용자 간 사회 연결(social connectedness)이 형성되는 과정을 종속변수로 다루므로, 온라인 커뮤니티 공간 안에서 이용자 간 관계적 자원(연결)의 형성과 효과가 분석 대상이 되는 장(SOCIALCAPITAL)으로 판단된다.",True,0/1,run1:ROLE_FIELD_SOCIALCAPITAL
ART002039666,온라인 커뮤니티에서 자기결정성이 행복과 애착 및 애호도에 미치는 영향,김유경(신라대학교),2015,서비스경영학회지,kor,OK,ROLE_FIELD_SOCIALCAPITAL,,run1:없음,"has_community=True role_relevant=True env_relevant=False | 이 논문은 취미 기반 온라인 커뮤니티의 참여가 사용자의 자기결정성, 행복, 애착, 충성도에 미치는 영향을 분석함으로써, 온라인 커뮤니티가 관계 형성과 정서적 충족을 담당하는 '장'으로서의 사회적 역할을 조명하고 있으나, 회원제·익명성·제재 방식 등 커뮤니티의 구조적·환경적 조건을 비교·분석하지는 않는다.","[ROLE] 본 연구는 온라인 커뮤니티 공간 안에서 이용자 간 관계·부착·충성도라는 관계적 자원의 형성 경로(자기결정성→행복→부착→충성도)를 구조방정식으로 검증하므로, 커뮤니티 공간 자체의 사회자본적 역할을 분석하는 FIELD 계열(SOCIALCAPITAL)에 해당하며, 외부 사회현상을 보여주는 WINDOW 계열은 해당하지 않는다.",True,0/1,run1:ROLE_FIELD_SOCIALCAPITAL
ART002186444,온라인 게임 애착의 원인과 애착 후 행동에 관한 연구: 온라인 커뮤니티 참여행동과 시도행동을 중심으로,박승배(서일대학교),2016,서비스경영학회지,kor,ERR,,,run1:없음,"has_community=True role_relevant=False env_relevant=False | 이 논문은 TAM 기반의 온라인 게임 애착과 사후행동을 분석하는 데 초점을 맞추고 있으며, 온라인 게임 커뮤니티는 애착 이후의 참여가 일어나는 공간으로만 언급될 뿐, 커뮤니티의 사회적 역할(창·장)이나 구조적·환경적 조건(회원제, 제재, 익명성 등)에 따른 차이·비교가 분석 대상에서 빠져 있어 role·env 모두 해당하지 않는다.","이 논문은 TAM 기반의 온라인 게임 애착과 사후행동을 분석하는 데 초점을 맞추고 있으며, 온라인 게임 커뮤니티는 애착 이후의 참여가 일어나는 공간으로만 언급될 뿐, 커뮤니티의 사회적 역할(창·장)이나 구조적·환경적 조건(회원제, 제재, 익명성 등)에 따른 차이·비교가 분석 대상에서 빠져 있어 role·env 모두 해당하지 않는다.",True,1/1,run1:없음
ART001085214,A Study on Trust Building Model in Online Shopping Mall- Focusing on Social Presence -,김광수(부산대학교),2007,마케팅관리연구,kor,ERR,,,run1:없음,"has_community=False role_relevant=False env_relevant=False | 이 논문은 온라인 쇼핑몰(e-Commerce)에서의 신뢰 구축과 소셜 프레선스 중재효과를 연구하며, '온라인 커뮤니티 지원'은 신뢰 모델의 독립변수 중 하나로 언급될 뿐, 공통 관심사·목적围绕 사용자 간 지속적 상호작용을 전제로 한 커뮤니티 공간을 분석 대상으로 삼지 않는다.","이 논문은 온라인 쇼핑몰(e-Commerce)에서의 신뢰 구축과 소셜 프레선스 중재효과를 연구하며, '온라인 커뮤니티 지원'은 신뢰 모델의 독립변수 중 하나로 언급될 뿐, 공통 관심사·목적围绕 사용자 간 지속적 상호작용을 전제로 한 커뮤니티 공간을 분석 대상으로 삼지 않는다.",True,1/1,run1:없음
ART002168382,사용자 고착을 위한 네트워크 외부성과 전환비용의 측정 요인: 1인 미디어와 소셜 네트워킹 시장을 중심으로,최재원(한국과학기술원 테크노경영대학원),2010,기업경영리뷰,kor,ERR,,,run1:없음,"has_community=False role_relevant=False env_relevant=False | 이 논문은 온라인 커뮤니티를 1인 미디어·소셜 네트워크의 전단계로 간단히 언급할 뿐, 연구 대상은 네트워크 외부성과 전환비용이라는 경제학적·경영학적 변수를 통해 웹 1인 미디어 사용자의 고착화를 분석하는 것으로, 온라인 커뮤니티 자체를 분석 대상이나 연구 재료로 삼지 않는다.","이 논문은 온라인 커뮤니티를 1인 미디어·소셜 네트워크의 전단계로 간단히 언급할 뿐, 연구 대상은 네트워크 외부성과 전환비용이라는 경제학적·경영학적 변수를 통해 웹 1인 미디어 사용자의 고착화를 분석하는 것으로, 온라인 커뮤니티 자체를 분석 대상이나 연구 재료로 삼지 않는다.",True,1/1,run1:없음
ART001865118,온라인 여행 커뮤니티에서 커뮤니케이션 유형에 따른 관광객의 행동 변화,정남호(경희대학교),2014,지식경영연구,kor,OK,ROLE_WINDOW_MISC,,run1:없음,"has_community=True role_relevant=True env_relevant=False | 이 논문은 Online Travel Communities(OTC)를 여행자의 정보 탐색과 행동 변화를 매개하는 공간(장, ROLE_FIELD)으로 분석하지만, 회원제·제재·익명성·생애주기 등 커뮤니티의 구조적·환경적 조건을 비교·분석하지는 않는다.","[ROLE] 이 논문은 온라인 여행 커뮤니티(OTC)를 설정으로 삼아 PPM 프레임워크로 관광객 행동 변화의 인과 관계를 검증하는 것으로, OTC 공간 자체의 공론장·사회자본 역할을 평가하는 것이 아니라 OTC를 통해 외부에 실체인 '관광객의 여행 의사결정·행동 변화'라는 사회현상을 살펴내는 창(Window)으로 기능한다.",True,0/1,run1:ROLE_WINDOW_MISC
ART001598476,Understanding the Interacting Roles of Online and Offline Brand Communities in Building Brand Loyalty,김용호(부산가톨릭대학교),2011,마케팅관리연구,kor,OK,ROLE_FIELD_SOCIALCAPITAL,,run1:없음,"has_community=True role_relevant=True env_relevant=False | 이 논문은 온라인 브랜드 커뮤니티가 브랜드 충성도를 구축하는 사회적 역할(장)을 분석 대상으로 삼되, 회원제·제재·익명성·생애주기 등 커뮤니티의 구조적·환경적 조건에 따른 차이나 비교를 다루지 않으므로 env_relevant는 false이다.","[ROLE] 본 논문은 온라인 브랜드 커뮤니티 공간 내에서 이용자 간 상호작용(consumer to consumer online interaction)과 커뮤니티 충성도(community loyalty)라는 관계적 자원 형성을 분석 대상으로 삼아, 온라인 커뮤니티가 브랜드 충성도를 구축하는 장(FIELD)으로서의 역할을 규명하므로 SOCIALCAPITAL에 부여한다.",True,0/1,run1:ROLE_FIELD_SOCIALCAPITAL
ART001078016,"관광관련 온라인 브랜드 커뮤니티의 상호작용성이 관계품질, 브랜드 충성도와 브랜드 사랑에 미치는 영향: Flow 경험의 매개역할을 중심으로",박희석(남서울대학교),2007,고객만족경영연구,kor,OK,ROLE_FIELD_SOCIALCAPITAL,,run1:없음,"has_community=True role_relevant=True env_relevant=False | 이 논문은 관광분야 온라인 브랜드 커뮤니티(한국관광공사 웹사이트·타운홈피)의 상호작용성이 관계품질과 브랜드 충성·사랑에 미치는 영향을 분석하여, 커뮤니티를 브랜드 관계 형성을 위한 '장'으로 조명하나, 회원제·운영방침·익명성·생애주기 등 커뮤니티의 구조적·환경적 조건 자체를 변수로 삼아 그 차이를 분석하지는 않는다.","[ROLE] 이 논문은 온라인 브랜드 커뮤니티 공간 안에서 회원↔회원·기업↔회원 상호작용을 통해 신뢰·브랜드 애착·관계몰입 등 관계적 자원(사회자본)이 형성되고 브랜드 충성도·사랑으로 이어지는 인과 경로를 검증하는 것이므로, 커뮤니티 공간 자체의 관계 형성 역할을 분석하는 FIELD 계열(특히 SOCIALCAPITAL)에 해당한다.",True,0/1,run1:ROLE_FIELD_SOCIALCAPITAL
ART002978982,온라인 커뮤니티에 드러난 MZ세대의 감성과 여론조사 간 상관관계에 관한 연구,최한별(명지대학교),2023,한국IT서비스학회지,kor,OK,ROLE_WINDOW_MISC,,run1:없음,"has_community=True role_relevant=True env_relevant=False | 이 논문은 MZ세대의 정치적 지지율을 파악하기 위해 온라인 커뮤니티 텍스트 데이터의 감정을 분석 자료로 활용하여, 온라인 커뮤니티를 외부 정치 여론을 읽는 '창'의 역할로 조명하되, 커뮤니티의 구조적·환경적 조건(회원제, 익명성, 운영방침 등)을 분석 변수로 고려하지는 않는다.","[ROLE] 본 연구는 MZ 세대의 선거·정책에 대한 정치적 의견을 이해하기 위해 온라인 커뮤니티 텍스트 데이터를 전통적 여론조사의 보완 수단으로 활용하는 것으로, 온라인 커뮤니티 공간 자체의 역할이 아니라 커뮤니티를 통해 외부에 실체가 있는 MZ 세대 유권자의 정치적 의견·감정이라는 사회현상을 관측하는 창(ROLE_WINDOW_MISC)으로 기능한다.",True,0/1,run1:ROLE_WINDOW_MISC
ART002341850,부정적 언론보도 상황에서 인증과 온라인 커뮤니티의 추천이 지각된 위험과 제품태도에 미치는 영향,김은광(서울시립대학교),2018,고객만족경영연구,kor,ERR,,,run1:없음,"has_community=False role_relevant=False env_relevant=False | 이 논문은 '온라인 커뮤니티의 추천'을 인증과 대조하는 광고 메시지 유형(실험 조작 변수)으로서만 활용하며, 커뮤니티라는 디지털 공간 자체를 분석 대상으로 삼지 않으므로 커뮤니티 존재 여부를 인정하기 어렵다.","이 논문은 '온라인 커뮤니티의 추천'을 인증과 대조하는 광고 메시지 유형(실험 조작 변수)으로서만 활용하며, 커뮤니티라는 디지털 공간 자체를 분석 대상으로 삼지 않으므로 커뮤니티 존재 여부를 인정하기 어렵다.",True,1/1,run1:없음
ART001104446,"안티사이트에서의 콘텐츠 속성, 공유의 가치, 신뢰, 몰입간 구조적 관계",김훈(세명대학교),2005,광고연구,kor,OK,ROLE_FIELD_SOCIALCAPITAL,,run1:없음,"has_community=True role_relevant=True env_relevant=False | 이 논문은 기업 안티사이트라는 온라인 커뮤니티를 소비자 신뢰 형성과 집단적 안티행동으로 확장되는 공론장(ROLE_FIELD_PUBLICSPHERE)으로 분석하나, 회원제·익명성·운영방침·생애주기 등 구조적·환경적 조건을 비교·변화시키는 논의는 없어 ENV는 해당하지 않는다.","[ROLE] 본 연구는 기업 안티사이트라는 온라인 커뮤니티 공간 안에서 콘텐츠 속성과 이용자 간 공유·이해·감정 연결이 어떻게 온라인 신뢰와 몰입을 형성하는지를 실증적으로 규명하므로, 커뮤니티 내 관계적 자원(신뢰·연결)의 형성 과정을 분석하는 장(SOCIALCAPITAL)에 해당한다.",True,0/1,run1:ROLE_FIELD_SOCIALCAPITAL
ART000993250,락앤락: 밀폐용기 시장의 작은 거인,차태훈(한국외국어대학교),2006,Korea Business Review,kor,ERR,,,run1:없음,"has_community=True role_relevant=False env_relevant=False | 이 논문은 락앤락의 시장진출전략과 제품 관여도, 글로벌 광고효과를 연구 목적으로 삼고 있으며, 온라인 커뮤니티는 브랜드 마케팅 수단 중 하나로 잠깐 언급될 뿐 분석 대상이 아니므로, 커뮤니티가 연구 재료·통로 정도로만 활용된 경우이다.","이 논문은 락앤락의 시장진출전략과 제품 관여도, 글로벌 광고효과를 연구 목적으로 삼고 있으며, 온라인 커뮤니티는 브랜드 마케팅 수단 중 하나로 잠깐 언급될 뿐 분석 대상이 아니므로, 커뮤니티가 연구 재료·통로 정도로만 활용된 경우이다.",True,1/1,run1:없음
ART002247977,고객 서비스 네트워크에서의 고객가치창출에 관한 연구: 의료 커뮤니티를 중심으로,김지영(연세대학교),2017,고객만족경영연구,kor,OK,ROLE_FIELD_SOCIALCAPITAL,,run1:없음,"has_community=True role_relevant=True env_relevant=False | 이 논문은 온라인 의료 커뮤니티에서 고객의 정보 공유와 상호작용이 인지적·감정적 가치 및 삶의 질에 미치는 영향을 실증하여, 커뮤니티가 고객가치창출의 '장'으로서 수행하는 사회적 역할을 분석한다(ROLE), 다만 회원제·익명성·운영 방침 등 구조적·환경적 조건에 따른 차이나 변화를 다루지는 않는다(ENV 불충분).","[ROLE] 본 연구는 온라인 의료 커뮤니티 안에서 이용자 간 네트워크·참여·정보 공유·상호작용이 고객가치와 삶의 질에 미치는 효과를 실증하는 것으로, 커뮤니티 공간 내부의 관계적 자원(사회자본) 형성·효과를 분석 대상으로 삼는 FIELD 계열(ROLE_FIELD_SOCIALCAPITAL)에 해당한다.",True,0/1,run1:ROLE_FIELD_SOCIALCAPITAL
ART001707998,온라인 브랜드커뮤니티에서 구성원들의 유형과 영향력,장영혜(계명대학교),2012,경영교육연구,kor,OK,ROLE_WINDOW_MISC,,run1:없음,"has_community=True role_relevant=True env_relevant=False | 이 논문은 소비자 주도형 자동차 브랜드커뮤니티의 참여행동 유형, 정보 확산, 의견 선도자의 영향력을 분석하여 커뮤니티가 브랜드 애착과 제품개발 참여를 매개하는 사회적 '장'으로서의 역할을 조명하지만, 커뮤니티의 구조적·환경적 조건(회원제, 운영방침, 익명성 등)에 따른 차이·비교·변화를 다루지는 않는다.","[ROLE] 온라인 브랜드커뮤니티는 소비자 참여·브랜드애착·제품개발 참여라는 외부의 소비자행동·마케팅 현상을 관찰하는 창으로 기능하며, 커뮤니티 내 참여 유형 분류와 의견선도자의 정보 확산 역할이 네트워크 효과로서 일정한 비중을 차지하나 본문의 궁극적 목적은 커뮤니티 공간 자체의 관계적 자원 분석이 아니라 기업 전략적 활용 가능성을 제시하는 데 있으므로 WINDOW_MISC가 주 코드로 부여된다.",True,0/1,run1:ROLE_WINDOW_MISC
ART002076897,Antecedents and Consequences of Participation and Browsing in Social Network Communities,웬 티 웨트 민(울산대학교),2016,마케팅관리연구,kor,OK,ROLE_FIELD_SOCIALCAPITAL,,run1:없음,"has_community=True role_relevant=True env_relevant=False | 이 논문은 Facebook이라는 소셜 네트워크 커뮤니티를 분석 대상으로 삼아, 기능적·쾌락적 유인과 친밀도·접근성이 참여·瀏覽 행동 및 구매·계속 의도에 미치는 영향을 분석함으로써, 커뮤니티 공간을 사회적 영향과 사용자 행동이 작동하는 '장'으로 조명하나, 회원제·익명성·운영 방침 등 구조적·환경적 조건을 비교·검토하지는 않는다.","[ROLE] 이 논문은 Facebook이라는 온라인 커뮤니티 공간 내부에서 이용자 간 친숙함(familiarity)·밀착도(closeness) 등 관계적 자원이 참여·浏람 행동과 관계 지속 의도에 미치는 영향을 실증 분석함으로써, 커뮤니티를 이용자 간 연결의 존재·강도·효과를 다루는 장(SOCIALCAPITAL)으로서 조명한다.",True,0/1,run1:ROLE_FIELD_SOCIALCAPITAL
ART001918062,"사회적 자본, 지식 품질 그리고 온라인 브랜드 커뮤니티의 성공",윤철호(목포대학교),2014,한국IT서비스학회지,kor,OK,ROLE_FIELD_SOCIALCAPITAL,,run1:없음,"has_community=True role_relevant=True env_relevant=False | 이 논문은 온라인 브랜드 커뮤니티의 성공 요인(사회적 자본, 지식 품질, 참여, 브랜드 충성도)을 구조방정식모형으로 분석하여 커뮤니티 공간 자체가 브랜드 충성도를 형성하는 사회적 역할(장)을 조명하나, 회원제·제재·익명성·생애주기 등 구조적·환경적 조건에 따른 차이·비교·변화를 다루지 않는다.","[ROLE] 본 연구는 온라인 브랜드 커뮤니티 공간 내부에서 이용자 간 신뢰(trust)·동일시(identification)라는 사회적 자본과 지식 질이 참여와 브랜드 충성도에 미치는 인과적 경로를 SEM으로 검증함으로써, 커뮤니티 내 이용자 간 관계적 자원의 형성·효과를 분석 대상으로 삼고 있으므로 FIELD 계열의 SOCIALCAPITAL에 부여한다.",True,0/1,run1:ROLE_FIELD_SOCIALCAPITAL
ART002850607,온라인 커뮤니티 이용자 참여 증진을 위한 관리자의 운영 전략: 대학별 대나무숲 분석을 중심으로,김혜정(연세대학교),2022,지식경영연구,kor,OK,,ENV_COMMUNITY_GOVERNANCE,run1:없음,"has_community=True role_relevant=True env_relevant=True | 이 논문은 대학별 대나무 숲이라는 온라인 커뮤니티를 분석 대상으로 삼아, 관리자의 직접·간접 참여 및 게시글·댓글 제재·상단 노출 등 커뮤니티 운영·제재 방식(ENV)이 이용자 참여의 소극적·적극적 유형에 미치는 차이를 실증적으로 검증함으로써, 커뮤니티 공간 자체의 운영 동학(장)을 분석한다.","[ROLE] 본 연구는 대나무 숲 온라인 커뮤니티 내에서 관리자의 전략적 참여가 이용자 참여(소극적·적극적)에 미치는 영향을 실증적으로 분석하는 것으로, 커뮤니티 공간 자체의 운영 역학을 다루는 FIELD 계열에 해당하나, 공론장 기능의 검증·평가도 이용자 간 관계적 자원(신뢰·연대·네트워크)의 형성·효과 분석도 아닌 '커뮤니티 운영 전략과 참여 지표'에 초점을 두어 6개 코드 중 어느 하나에도 0.5 이상을 부여하기 어렵다. | [ENV] 본 연구는 대나무 숲이라는 익명 커뮤니티를 데이터 소스로 활용하되, 분석의 핵심은 관리자(운영자)의 게시글·댓글 관리라는 운영체계적 행위가 소극적·적극적 참여에 미치는 차별적 효과를 실증하는 것이므로 ENV_COMMUNITY_GOVERNANCE에 부여하고, 나머지 세 코드는 해당 비교·분석 대상이 없어 미부여로 판단한다.",True,0/1,run1:ENV_COMMUNITY_GOVERNANCE
ART002979434,청년층의 커뮤니티 이용 동기와 창업 태도와의 관계에서 사회자본의 매개효과에 대한 실증연구,하준식(호서대 벤처대학원 정보경영학과),2023,경영컨설팅연구,kor,OK,ROLE_FIELD_SOCIALCAPITAL,,run1:없음,"has_community=True role_relevant=True env_relevant=False | 이 논문은 청년층의 커뮤니티 이용 동기(정보추구·관계형성)가 연결적·결속적 사회자본을 매개로 창업태도에 미치는 영향을 실증적으로 분석하여, 온라인·오프라인 커뮤니티가 사회자본 축적의 장(ROLE_FIELD)으로서 기능하는지 조명하지만, 회원제·익명성·운영방침 등 커뮤니티의 구조적·환경적 조건에 따른 차이를 비교·검토하지는 않는다.","[ROLE] 본 연구는 커뮤니티 이용 동기(정보추구·관계형성)와 청년 창업태도 사이에서 연결적·결속적 사회자본의 매개효과를 실증적으로 검증하며, 특히 온라인 커뮤니티 관계형성 동기가 결속적 사회자본에 영향을 미치지 않는다는 온라인 공간 고유의 특성을 분석함으로써, 이용자 간 연결의 강도·효과를 다루는 사회자본 장으로서의 역할을 보여준다.",True,0/1,run1:ROLE_FIELD_SOCIALCAPITAL
ART001958544,Effects of Consumer Participation in Online Brand Communities on Consumer Behavioral Intentions,웬티 풍 타오(울산대학교),2015,마케팅관리연구,kor,OK,ROLE_WINDOW_MISC,,run1:없음,"has_community=True role_relevant=True env_relevant=False | 이 논문은 온라인 브랜드 커뮤니티라는 공간 자체에서 소비자의 참여와 행동 의도가 형성되는 과정을 분석하는 '장'으로 조명하나, 회원제·운영 방침·익명성·생애주기 등 구조적·환경적 조건을 다루지 않으므로 env_relevant는 false이다.","[ROLE] 이 논문은 온라인 브랜드 커뮤니티를 소비자 참여와 행동 의도(구매희망·건설적 제안)를 읽어내는 '도구(tool)'로 명시적으로 위치시킴으로써, 커뮤니티 공간 그 자체의 공론장·사회적 자본 역할이 아니라 커뮤니티를 통해 포착되는 소비자 참여·행동이라는 외부 사회현상을 보여주는 창(ROLE_WINDOW_MISC)으로 기능함을 보여준다.",True,0/1,run1:ROLE_WINDOW_MISC
ART002452930,데이터 마이닝을 활용한 가짜뉴스의 선제적 대응을 위한 연구 : M 온라인 커뮤니티 게시물을 중심으로,임문영(호서대학교),2019,한국IT서비스학회지,kor,ERR,,,run1:없음,"has_community=True role_relevant=False env_relevant=False | 이 논문은 2017년 대선기 M커뮤니티 게시글의 게시 행위를 데이터 소스로 수집하여 랜덤 포레스트 알고리즘으로 가짜뉴스를 사전 탐지하는 기계학습 모델링에 초점을 맞추고 있으며, 커뮤니티의 사회적 역할(창/장)이나 구조적·환경적 조건(회원제, 익명성, 제재 방식 등)을 분석 변수로 삼지 않고 단지 연구 재료(데이터 제공처)로만 활용하고 있다.","이 논문은 2017년 대선기 M커뮤니티 게시글의 게시 행위를 데이터 소스로 수집하여 랜덤 포레스트 알고리즘으로 가짜뉴스를 사전 탐지하는 기계학습 모델링에 초점을 맞추고 있으며, 커뮤니티의 사회적 역할(창/장)이나 구조적·환경적 조건(회원제, 익명성, 제재 방식 등)을 분석 변수로 삼지 않고 단지 연구 재료(데이터 제공처)로만 활용하고 있다.",True,1/1,run1:없음
ART001617761,행위자기반모형을 활용한 확산 시뮬레이션 연구,홍재원(동서대학교),2011,기업경영연구,kor,OK,ROLE_WINDOW_MISC,,run1:없음,"has_community=True role_relevant=True env_relevant=False | 이 논문은 온라인 커뮤니티 네트워크에서 허브·식역·최초수용자 등 구성원 특성이 정보 확산에 미치는 영향을 시뮬레이션으로 분석함으로써, 커뮤니티를 정보 확산의 '장'(ROLE_FIELD)으로 조명하나, 회원제·익명성·운영 제재 등 커뮤니티 고유한 환경·구조적 조건은 다루지 않는다.","[ROLE] 본 연구는 온라인 커뮤니티 네트워크의 구조적 특성(허브, 식역, 연결성)을 시뮬레이션하여 '정보 확산'이라는 온라인 커뮤니티 없어도 존재하는 일반 사회현상을 설명하는 데 네트워크를 매개체로 활용하므로, WINDOW_MISC(정보 확산)에 부여하고, 공론장·사회자본·양극화·젠더·혐오 코드에는 근거가 부재하여 미부여한다.",True,0/1,run1:ROLE_WINDOW_MISC
ART002043525,내집단 지위와 메시지 준거점이 소비자 정보평가에 미치는 영향: 집단동일시의 조절효과를 중심으로,허다경(서울시립대학교),2015,마케팅관리연구,kor,ERR,,,run1:없음,"has_community=True role_relevant=False env_relevant=False | 이 논문은 집단간 역학과 마케팅 커뮤니케이션 효과성을 분석하는 사회정체성 이론 기반 실험 연구이며, 온라인 커뮤니티는 단순히 실험 배경과 내집단 지위 조작 변수로만 활용될 뿐, 커뮤니티의 사회적 역할(창/장)이나 구조적·환경적 조건(회원제, 익명성, 운영 방침 등)을 분석 대상으로 삼지 않는다.","이 논문은 집단간 역학과 마케팅 커뮤니케이션 효과성을 분석하는 사회정체성 이론 기반 실험 연구이며, 온라인 커뮤니티는 단순히 실험 배경과 내집단 지위 조작 변수로만 활용될 뿐, 커뮤니티의 사회적 역할(창/장)이나 구조적·환경적 조건(회원제, 익명성, 운영 방침 등)을 분석 대상으로 삼지 않는다.",True,1/1,run1:없음
ART001147410,온라인 환경에서 정보 특성요인과 커뮤니티 특성요인이 구전효과에 미치는 영향에 관한 연구,이은영(한국기술교육대학교),2005,고객만족경영연구,none,NO_ABSTRACT,,,,,초록 없음 (KOR_ABST/ENG_ABST 둘 다 없음),,,
ART003067872,시골장터 기반 로컬 커뮤니티가 지역활성화에 미치는 영향에 대한 온라인 네트워크 분석,박정선(경상국립대학교(칠암) 아름다운마을연구소),2024,정보시스템연구,kor,OK,ROLE_WINDOW_MISC,,run1:없음,"has_community=True role_relevant=True env_relevant=False | 이 논문은 지역 부활을 견인하는 'local market-based community'의 온라인 소통 네트워크를 분석 대상으로 삼아, 온라인 커뮤니티가 지역 사회를 활성화하는 '장'(ROLE_FIELD_SOCIAL_ROLES)으로서의 역할을 조명하지만, 회원제·제재·익명성·생애주기 등 커뮤니티의 구조적·환경적 운영 조건을 비교·분석하지는 않는다.","[ROLE] 본 연구는 온라인 네트워크 분석을 수단으로 삼아 지방 소멸·지역 재생이라는 외부 사회경제 현상(ROLE_WINDOW_MISC)을 파악하는 데 초점을 두며, 온라인 커뮤니티 공간 자체의 공론장·사회적 자본 역할을 독립적으로 검증하지는 않으므로 WINDOW 계열로 분류된다.",True,0/1,run1:ROLE_WINDOW_MISC
ART001995309,성장전략에 기반한 혁신,김현정(상지영서대학교),2015,Korea Business Review,kor,ERR,,,run1:없음,"has_community=True role_relevant=False env_relevant=False | 이 논문은 락앤락의 중소기업 성장전략을 분석하는 경영학 사례연구로서, 온라인 브랜드 커뮤니티(락앤락 서포터즈)는 홈쇼핑·인포머셜·TV광고 등 여러 마케팅 수단 중 하나로 일회성 언급될 뿐, 커뮤니티의 사회적 역할(창/장)이나 구조적·환경적 조건(회원제, 익명성, 운영방식 등)을 분석 대상으로 삼지 않는다.","이 논문은 락앤락의 중소기업 성장전략을 분석하는 경영학 사례연구로서, 온라인 브랜드 커뮤니티(락앤락 서포터즈)는 홈쇼핑·인포머셜·TV광고 등 여러 마케팅 수단 중 하나로 일회성 언급될 뿐, 커뮤니티의 사회적 역할(창/장)이나 구조적·환경적 조건(회원제, 익명성, 운영방식 등)을 분석 대상으로 삼지 않는다.",True,1/1,run1:없음
ART001976330,상향식 공정분석을 통한 국내 유리산업의 온실가스 인벤토리 산정,백천현(동의대학교),2015,경영과학,kor,ERR,,,run1:없음,"has_community=False role_relevant=False env_relevant=False | 이 논문은 한국 유리 산업의 온실가스 배출량 산출을 위한 에너지 균형 분석을 다루는 산업·환경 공학 논문으로, 온라인 커뮤니티를 분석 대상이나 연구 재료로 삼고 있지 않다.","이 논문은 한국 유리 산업의 온실가스 배출량 산출을 위한 에너지 균형 분석을 다루는 산업·환경 공학 논문으로, 온라인 커뮤니티를 분석 대상이나 연구 재료로 삼고 있지 않다.",True,1/1,run1:없음
ART002923065,온라인 커뮤니티에서 허브가 신제품 확산에 미치는 영향 : 집단 내 선호의 편향성에 의한 조절 효과를 중심으로,박주영(연세대학교),2022,전문경영인연구,kor,OK,ROLE_WINDOW_MISC,,run1:없음,"has_community=True role_relevant=True env_relevant=False | 이 논문은 Last.fm이라는 온라인 커뮤니티를 분석 대상으로 삼아, 커뮤니티 내 허브의 사회적 영향력이 신제품 확산에 미치는 효과를 연구함으로써 커뮤니티의 사회적 기능(장)을 조명하나, 커뮤니티의 운영 방침·회원제·익명성 등 구조적·환경적 조건을 비교·고려하지는 않는다.","[ROLE] 이 논문은 온라인 커뮤니티(Last.fm)를 데이터 소스로 삼아 소비자의 신제품 구매 확산이라는 외부 사회현상(마케팅·소비자 의사결정)을 분석하는 창(WINDOW_MISC)으로 활용하며, 허브의 사회적 영향력은 마케팅 메커니즘 서술에 머물러 공론장·사회자본 FIELD 계열로는 분류되지 않는다.",True,0/1,run1:ROLE_WINDOW_MISC
ART002878522,스택오버플로 배지 시스템의 게임화 효과에 관한 연구,남정인(고려대학교),2022,지식경영연구,kor,ERR,,,run1:없음,"has_community=True role_relevant=False env_relevant=True | 스택오버플로 개발자 Q&A 커뮤니티를 분석 대상으로 삼되, 커뮤니티의 사회적 역할(창/장) 조명보다는 배지 시스템이라는 운영 방침(게임화)과 사용자 정보공개 수준이라는 환경적 조건이 참여 양·질에 미치는 차이를 비교·분석하는 데 초점이 있으므로 ENV 관련이지만 ROLE은 해당하지 않는다.","[ENV] 본 연구는 스택오버플로의 배지(게임화)가 사용자 참여에 미치는 효과를 분석하는 것으로, 회원제·운영체계·커뮤니티 생애주기·익명성 비교라는 4개 ENV 코드 중 어느 하나도 분석의 핵심 변수로 다루지 않으므로 모두 미부여한다.",True,1/1,run1:없음
ART002703107,중국온라인 커뮤니티 형성과 공동구매에 관한 실증 연구,박주희(계명대학교),2021,국제경영리뷰,kor,OK,ROLE_WINDOW_MISC,,run1:없음,"has_community=True role_relevant=True env_relevant=False | 이 논문은 중국 내 온라인 공동구매 커뮤니티의 형성 요인(상호작용, 정보공유, 협상력)과 이를 매개로 한 소비자 구매행동·가치를 분석함으로써 커뮤니티를 집단 구매와 가치 형성이 이루어지는 '장'으로 조명하나, 회원제·익명성·생애주기 등 커뮤니티의 구조적·환경적 조건에 따른 차이·비교·변화를 다루지는 않는다.","[ROLE] 본 연구는 중국 전자상거래 맥락에서 온라인 공동구매 커뮤니티를 매개로 소비자 구매행동과 구매행위 가치(가성비)를 규명하는 것으로, 커뮤니티 공간 자체의 사회적 역할이 아니라 전자상거래·집단구매라는 외부 경제현상을 보여주는 사례로 온라인 커뮤니티를 활용하는 WINDOW_MISC에 해당한다.",True,0/1,run1:ROLE_WINDOW_MISC
ART003223834,워킹맘의 양육스트레스와 음악활용에 관한 인식 조사,박은정(고신대학교),2025,문화예술융합연구,kor,ERR,,,run1:없음,"has_community=False role_relevant=False env_relevant=False | 이 논문은 워킹맘의 양육스트레스와 음악활용을 분석 대상으로 삼고, 온라인 커뮤니티는 설문조사 배포 채널로만 활용했을 뿐 커뮤니티 자체를 분석하거나 그 구조·역할을 조명하지 않으므로 커뮤니티 존재 여부가 성립하지 않는다.","이 논문은 워킹맘의 양육스트레스와 음악활용을 분석 대상으로 삼고, 온라인 커뮤니티는 설문조사 배포 채널로만 활용했을 뿐 커뮤니티 자체를 분석하거나 그 구조·역할을 조명하지 않으므로 커뮤니티 존재 여부가 성립하지 않는다.",True,1/1,run1:없음
ART002303914,온라인 커뮤니티에서의 건강 관련 콘텐츠 분류 모형 개발,김태윤(충북대학교),2017,정보시스템연구,kor,ERR,,,run1:없음,"has_community=False role_relevant=False env_relevant=False | 네이버 지식인은 질문·답변을 교환하는 검색·Q&A 플랫폼이지, 공통 관심사를 가진 사용자가 지속적으로 상호작용하며 관계를 형성하는 온라인 커뮤니티의 정의에 부합하지 않으며, 본 논문 역시 이를 커뮤니티가 아닌 건강 정보의 신뢰도 검증 대상으로만 취급한다.","네이버 지식인은 질문·답변을 교환하는 검색·Q&A 플랫폼이지, 공통 관심사를 가진 사용자가 지속적으로 상호작용하며 관계를 형성하는 온라인 커뮤니티의 정의에 부합하지 않으며, 본 논문 역시 이를 커뮤니티가 아닌 건강 정보의 신뢰도 검증 대상으로만 취급한다.",True,1/1,run1:없음
ART001839986,온라인 커뮤니티의 지속적 사용에 대한 이해：기술적 관점과 사회적 관점의 비교,함주연(고려대학교),2013,한국IT서비스학회지,kor,ERR,,,run1:없음,"has_community=True role_relevant=False env_relevant=False | 이 논문은 가상 커뮤니티 이용자의 지속 사용 의도를 설명하는 IS(정보시스템) 모델 비교 연구로, 커뮤니티는 연구의 맥락·설정에 불과하고, 커뮤니티의 사회적 역할(창/장)을 조명하지도, 회원제·익명성·운영방침 등 구조적·환경적 조건에 따른 차이·비교를 다루지도 않는다.","이 논문은 가상 커뮤니티 이용자의 지속 사용 의도를 설명하는 IS(정보시스템) 모델 비교 연구로, 커뮤니티는 연구의 맥락·설정에 불과하고, 커뮤니티의 사회적 역할(창/장)을 조명하지도, 회원제·익명성·운영방침 등 구조적·환경적 조건에 따른 차이·비교를 다루지도 않는다.",True,1/1,run1:없음
ART002485261,넷노그래피를 활용한 성경의 핵심어 네트워크 분석,임병학(부산외국어대학교),2019,로고스경영연구,kor,ERR,,,run1:없음,"has_community=True role_relevant=False env_relevant=False | 이 논문은 '온라인 커뮤니티를 연구하는 질적 방법론인 넷노그래피'를 방법론 서술에서 언급하지만, 실제 분석 대상은 온라인 성경 66권의 텍스트 내용과 핵심어 네트워크이며, 커뮤니티 내 상호작용·구조·운영방침을 분석 대상으로 삼지 않으므로 온라인 커뮤니티가 연구의 분석 대상이 아니다.","이 논문은 '온라인 커뮤니티를 연구하는 질적 방법론인 넷노그래피'를 방법론 서술에서 언급하지만, 실제 분석 대상은 온라인 성경 66권의 텍스트 내용과 핵심어 네트워크이며, 커뮤니티 내 상호작용·구조·운영방침을 분석 대상으로 삼지 않으므로 온라인 커뮤니티가 연구의 분석 대상이 아니다.",True,1/1,run1:없음
ART002858986,COVID-19 상황하에서 온라인 브랜드 커뮤니티 유형별 서비스 품질 결정요인이 사용자 만족도에 미치는 영향,하유신(우송대학교),2022,인터넷전자상거래연구,kor,ERR,,,run1:없음,"has_community=True role_relevant=True env_relevant=True | 이 논문은 온라인 브랜드 커뮤니티의 운영 모델을 분석 대상으로 삼아 커뮤니티 공간 자체의 사회적 역할을 조명(ROLE_FIELD)하는 동시에, 소비자 주도·기업 운영·제3자 개방이라는 세 가지 운영·지배 구조를 비교하여 서비스 품질에 미치는 차이를 분석하므로 환경적 조건(ENV_COMMUNITY_GOVERNANCE)도 고려한다.","[ROLE] 본 연구는 COVID-19 시기 기업의 온라인 브랜드 커뮤니티 운영 모델과 소비자 만족 결정요인(형성성, 신뢰성, 반응성, 상호작용, 정보 제공 유형, 안정성)을 분석하는 경영·마케팅 연구로, 공론장·사회자본 등 커뮤니티 공간의 사회적 역할도, 외부 사회현상을 보여주는 창도 아닌 서비스 품질 차원의 운영 전략 분석이므로 6개 ROLE 코드 중 어느 하나에도 해당하지 않는다. | [ENV] 본 논문은 소비자 중심·기업 운영·제3자 개방 등 세 유형 브랜드 커뮤니티의 서비스 품질 결정요인을 비교하는 데 주력하며, 회원 등급 차이의 결과 비교, 삭제·제재·운영자 권한 등 운영체계의 분석, 커뮤니티 자체의 형성과 쇠퇴 추적, 익명성 수준의 비교 중 어느 하나도 분석 대상이 아니므로 4개 코드 모두 미부여로 판단한다.",True,1/1,run1:없음
ART003226632,Research on Risk Identification and Assessment of the UK High-Speed Rail HS2 Project Based on the AHP-ISM Model,한강월(신라대학교 산업디자인대학원),2025,기업경영연구,kor,ERR,,,run1:없음,"has_community=True role_relevant=False env_relevant=False | 이 논문은 영국 HS2 고속철도 건설 프로젝트의 리스크 관리와 비용 효율성을 AHP·ISM 기법으로 분석하는 인프라 건설 연구이며, 온라인 커뮤니티는 분석 대상이 되지 않는다.","이 논문은 영국 HS2 고속철도 건설 프로젝트의 리스크 관리와 비용 효율성을 AHP·ISM 기법으로 분석하는 인프라 건설 연구이며, 온라인 커뮤니티는 분석 대상이 되지 않는다.",True,1/1,run1:없음
ART003183436,Decentralized Networks and Social Influence in New Product Diffusion: A Study within Online Affinity Groups,이수빈(연세대학교 경영대학),2025,전문경영인연구,kor,OK,ROLE_FIELD_SOCIALCAPITAL,,run1:없음,"has_community=True role_relevant=True env_relevant=False | 이 논문은 Last.fm이라는 음악 기반 온라인 애핀리티 그룹을 제품 확산과 사회적 영향력이 작동하는 '장'으로 분석 대상 삼아 네트워크 중앙화 구조가 확산 메커니즘에 미치는 영향을 연구하므로 role_relevant이나, 회원제·운영·제재·익명성·생애주기 등 커뮤니티의 구조적·환경적 조건을 고려하지 않으므로 env_relevant는 아니다.","[ROLE] 본 논문은 Last.fm이라는 온라인 애피니티 그룹 내부의 네트워크 중앙화(narrow centralization) 구조가 이용자 간 연결을 경유한 사회적 영향력(social influence)에 미치는 효과를 분석하므로, 온라인 커뮤니티 공간 안에서 이용자 간 연결의 강도·구조가 확산에 미치는 영향이라는 관계적 자원(네트워크)의 효과를 다루는 SOCIALCAPITAL에 해당하며, 공론장·양극화·젠더·혐오·기타 외부 현상 창으로는 판정되지 않는다.",True,0/1,run1:ROLE_FIELD_SOCIALCAPITAL
ART003258410,온라인 커뮤니티 특성이 참여도와 구매의도에 미치는 영향 : 오피니언 리더십의 조절효과,장성초(신한대학교 글로벌경영학과),2025,고객만족경영연구,kor,ERR,,,run1:없음,"has_community=True role_relevant=True env_relevant=False | 이 논문은 온라인 커뮤니티를 소비자의 정보 획득·구매 의사결정을 위한 핵심 플랫폼으로서의 사회적 역할(장)을 분석 대상으로 삼되, 독립변수로 설정한 명성·신뢰성·효율성·상호작용성은 커뮤니티의 기능적·인지적 속성이지 회원제·익명성·운영·제재·생애주기 등 구조적·환경적 운영 방침에 해당하지 않으므로 env_relevant는 false이다.","[ROLE] 본 연구는 온라인 커뮤니티의 플랫폼 특성(명성·신뢰성·효율성·상호작용성)이 사용자 참여와 구매 의도에 미치는 인과적 영향을 검증하는 마케팅·비즈니스 연구이므로, 공론장 검증·관계적 자원 분석·외부 사회현상 포착 중 어느 6개 코드에도 0.5 이상으로 부합하지 않는다.",True,1/1,run1:없음
ART003357604,온라인 커뮤니티 관여도와 디지털 자산 거래 성과,장영진(연세대학교),2026,경영컨설팅연구,kor,OK,ROLE_FIELD_SOCIALCAPITAL,,run1:없음,"has_community=True role_relevant=True env_relevant=False | 이 논문은 NFT 커뮤니티를 프로젝트의 성공을 이끄는 핵심적 공간(장)으로 삼아 관여도와 거래량·가격의 관계를 실증 분석하나, 회원제·모더레이션·익명성 등 커뮤니티의 구조적·환경적 조건을 비교·변화시키는 차원에서 다루지 않고 관여도 수준이라는 행동 변수에 초점을 두므로 env_relevant는 false이다.","[ROLE] 본 연구는 NFT 커뮤니티라는 공간 안에서 관리자와 유저 간 관여도(참여·상호작용)의 강도가 NFT 거래량·가격에 미치는 경제 효과를 실증 분석하므로, 커뮤니티 내부의 관계적 자원(참여)과 그 효과를 다루는 SOCIALCAPITAL에 해당하며, 외부 현상을 보여주는 창이 아닌 공간 자체의 기능을 조명하는 FIELD 계열에 속한다.",True,0/1,run1:ROLE_FIELD_SOCIALCAPITAL
ART002244338,The Coexistance of Online Communities: An Agent-Based Simulation from an Ecological Perspective,Luyang Han(National University of Singapore),2017,경영정보학연구,kor,OK,,ENV_COMMUNITY_LIFECYCLE,run1:없음,"has_community=True role_relevant=True env_relevant=True | 이 논문은 공존하는 온라인 커뮤니티의 생존·발전을 커뮤니티 공간 자체의 사회적 역할(장)로 분석하는 한편, 커뮤니티 크기, 참여 비용, 관심사 분포, 생애주기(형성·쇠퇴) 등 환경적 조건 간의 비교·변화를 에이전트 기반 시뮬레이션으로 검토하므로 ROLE과 ENV 모두 해당한다.","[ROLE] 본 논문은 에이전트 기반 시뮬레이션을 통해 온라인 커뮤니티의 생존·경쟁 역학(규모, 참여 비용, 관심사 분포)을 조직생태학 관점에서 분석하며 커뮤니티 공간 자체를 분석 대상으로 삼지만(FIELD), 공론장 기능 검증이나 이용자 간 관계적 자원 분석이 아니라 구조적·경쟁적 메커니즘에 초점을 두어 6개 ROLE 코드 중 어느 하나도 0.5 이상을 부여하기 어렵다. | [ENV] 이 논문은 조직생태학 기반 에이전트 기반 시뮬레이션을 통해 두 온라인 커뮤니티의 공존 조건 하에서 커뮤니티 규모·참여 비용이 커뮤니티의 성장과 생존/쇠퇴(생애주기)에 미치는 영향을 추적하므로 ENV_COMMUNITY_LIFECYCLE만 부여되고, 회원제·운영체계·익명성 관련 분석은 텍스트에 존재하지 않아 나머지 세 코드는 미부여한다.",True,0/1,run1:ENV_COMMUNITY_LIFECYCLE
ART003066298,온라인 건강 지식 커뮤니티에서의 커뮤니티 정체성 인식이 심리적 계약과 지식 기여 사이의 관계에 미치는 영향: 지식 공유 자기효능감의 조절 역할,장형유(경상국립대학교 경영학부),2024,마케팅논집(Journal of Marketing Studies),kor,OK,ROLE_FIELD_SOCIALCAPITAL,,run1:없음,"has_community=True role_relevant=True env_relevant=False | 이 논문은 온라인 건강 지식 커뮤니티(VHC)라는 공간 자체의 지식 공유 및 커뮤니티 동일성 형성이라는 사회적 역할을 분석 대상으로 삼아 '장'으로 조명하지만, 회원제·운영 방침·익명성 등 구조적·환경적 조건을 변수로 비교·검토하지는 않는다.","[ROLE] 본 연구는 온라인 건강 지식 커뮤니티(VHC)라는 공간 안에서 관계적 심리적 계약(신뢰)이 커뮤니티 동일성을 매개로 이용자 간 지식 공유(참여·공유)에 미치는 효과를 규명하는 것으로, 커뮤니티 내 관계적 자원 형성·효과를 분석 대상으로 삼는 FIELD 계열(SOCIALCAPITAL)에 해당한다.",True,0/1,run1:ROLE_FIELD_SOCIALCAPITAL
ART003116907,Mechanism of Quantified-Self Consciousness in Customer Participation Behavior: Based on Self Concept Theory,"진홍(Business College, Jiangxi Normal University)",2024,글로벌경영학회지,kor,ERR,,,run1:없음,"has_community=True role_relevant=False env_relevant=False | 이 논문은 양자화자(QSC)의 심리적 차원이 온라인 참여 행동에 미치는 영향을 분석하는 것이 주 목적이며, 온라인 커뮤니티는 'tie strength'라는 통계적 조절변수로서만 언급될 뿐, 커뮤니티의 사회적 역할(창/장)이나 구조적·환경적 조건(회원제, 익명성, 운영 방침 등)에 따른 차이·비교·변화를 실질적으로 분석하지 않는다.","이 논문은 양자화자(QSC)의 심리적 차원이 온라인 참여 행동에 미치는 영향을 분석하는 것이 주 목적이며, 온라인 커뮤니티는 'tie strength'라는 통계적 조절변수로서만 언급될 뿐, 커뮤니티의 사회적 역할(창/장)이나 구조적·환경적 조건(회원제, 익명성, 운영 방침 등)에 따른 차이·비교·변화를 실질적으로 분석하지 않는다.",True,1/1,run1:없음
ART002913072,How User-Generated Content Characteristics Influence the Impulsive Consumption: Moderating Effect of Tie Strength,"라위의(Hunan Institute of Humanities, Science and Technology, China)",2022,지식경영연구,kor,ERR,,,run1:없음,"has_community=True role_relevant=False env_relevant=False | 이 논문은 온라인 커뮤니티에서 생성된 UGC를 자료로 삼아 소셜커머스 맥락에서의 소비자 충동구매 행동을 분석하나, 커뮤니티 자체의 사회적 역할(창/장)이나 구조적·환경적 조건(회원제, 익명성, 운영 방침 등)을 분석 대상을 삼지 않고 단지 UGC의 출처이자 플랫폼으로만 언급하므로, role·env 모두 해당하지 않는다.","이 논문은 온라인 커뮤니티에서 생성된 UGC를 자료로 삼아 소셜커머스 맥락에서의 소비자 충동구매 행동을 분석하나, 커뮤니티 자체의 사회적 역할(창/장)이나 구조적·환경적 조건(회원제, 익명성, 운영 방침 등)을 분석 대상을 삼지 않고 단지 UGC의 출처이자 플랫폼으로만 언급하므로, role·env 모두 해당하지 않는다.",True,1/1,run1:없음
ART003250677,기술과 창작의 경계: 생성형 AI의 가능성과 제약 탐구,박하은(경희대학교),2025,지식경영연구,kor,ERR,,,run1:없음,"has_community=False role_relevant=False env_relevant=False | 이 논문은 생성형 AI 플랫폼의 창작 영향력을 분석 대상으로 삼고, 온라인 커뮤니티 담론은 netnography의 자료 수집 수단에 불과하며, 커뮤니티 자체의 구조·사회적 역할·운영 방침을 분석하지 않으므로 커뮤니티 분석 대상이 아니다.","이 논문은 생성형 AI 플랫폼의 창작 영향력을 분석 대상으로 삼고, 온라인 커뮤니티 담론은 netnography의 자료 수집 수단에 불과하며, 커뮤니티 자체의 구조·사회적 역할·운영 방침을 분석하지 않으므로 커뮤니티 분석 대상이 아니다.",True,1/1,run1:없음
ART003358895,전통시장 바가지요금 온라인 담론과 가격공정성 : 소셜 빅데이터 텍스트마이닝 분석,이형태(숭실대학교 벤처중소기업학과),2026,벤처혁신연구,kor,ERR,,,run1:없음,"has_community=False role_relevant=False env_relevant=False | 이 논문은 바가지요금 논란의 온라인 담론 구조를 분석하기 위해 뉴스·블로그·카페·온라인 커뮤니티·지식인 등 다수 플랫폼에서 텍스트를 수집하는 것으로, 온라인 커뮤니티는 담론의 소재를 제공하는 데이터 수집 통로로만 활용되고 커뮤니티 자체의 구조·상호작용·운영 방식이 분석 대상이 되지 않는다.","이 논문은 바가지요금 논란의 온라인 담론 구조를 분석하기 위해 뉴스·블로그·카페·온라인 커뮤니티·지식인 등 다수 플랫폼에서 텍스트를 수집하는 것으로, 온라인 커뮤니티는 담론의 소재를 제공하는 데이터 수집 통로로만 활용되고 커뮤니티 자체의 구조·상호작용·운영 방식이 분석 대상이 되지 않는다.",True,1/1,run1:없음
ART003228515,온라인 비디오 추천 시스템의 프라이버시 논의 동향: GDPR 도입 전후 텍스트 마이닝을 중심으로,김주영(한국과학기술원),2025,윤리경영연구,kor,OK,ROLE_WINDOW_MISC,,run1:없음,"has_community=True role_relevant=True env_relevant=False | 이 논문은 Reddit r/cybersecurity 서브레딧을 분석 대상으로 삼아 GDPR 발효 전후 프라이버시 담론의 변화를 추적함으로써, 외부 규제 환경이 사용자 담론에 미치는 영향을 보여주는 창(ROLE_WINDOW)으로 온라인 커뮤니티를 활용한다. 그러나 커뮤니티의 회원제, 익명성, 제재 방식 등 내부적 구조·환경 조건을 비교·분석하지 않으므로 env_relevant는 false이다.","[ROLE] 이 논문은 GDPR이라는 외부 규제 사건의 시행 전후로 온라인 커뮤니티 내 프라이버시 담론의 토픽·감성 분포가 어떻게 변화했는지를 추적함으로써, 데이터 보호 규제가 프라이버시 의식에 미치는 영향을 관찰하는 창(WINDOW_MISC)으로서 커뮤니티를 활용한다.",True,0/1,run1:ROLE_WINDOW_MISC
ART001262167,온라인 커뮤니티 회원들의 가치제안이 브랜드 애착에 미치는 영향,한광석(남서울대학교),2007,경영과 정보연구,eng,OK,ROLE_WINDOW_MISC,,run1:없음,"has_community=True role_relevant=True env_relevant=False | 이 논문은 온라인 커뮤니티 회원의 가치 제안이 브랜드 애착에 미치는 영향을 분석 대상으로 삼아, 커뮤니티가 브랜드 태도 형성에 작용하는 '장'으로 조명하나, 회원제·운영 방침·익명성 등 구조적·환경적 조건에 따른 차이나 비교는 제목상 드러나지 않는다.","[ROLE] 제목만으로는 온라인 커뮤니티 내 상호작용 자체를 분석 대상으로 삼기보다, 커뮤니티 회원의 가치 제안이 브랜드 애착이라는 외부 마케팅 변수에 미치는 영향을 추적하는 것으로 보이며, 이는 온라인 커뮤니티를 브랜드·소비자 행동이라는 외부 사회현상을 관찰하는 창(Window)으로 활용하는 ROLE_WINDOW_MISC에 해당한다.",True,0/1,run1:ROLE_WINDOW_MISC
ART002730754,온라인 커뮤니티의 네트노그라피 분석을 통한 창업 아이디어 도출 통합모델 제안,오승희(한양대학교),2021,Journal of Information Technology Applications & Management,kor,ERR,,,run1:없음,"has_community=False role_relevant=False env_relevant=False | 이 논문은 온라인 커뮤니티 데이터를 창업 아이디어 도출 방법론의 입력 자료로서 활용하는 것을 중심으로 하므로, 커뮤니티 자체가 분석 대상이 아니라 연구의 재료(데이터 소스)에 불과하다.","이 논문은 온라인 커뮤니티 데이터를 창업 아이디어 도출 방법론의 입력 자료로서 활용하는 것을 중심으로 하므로, 커뮤니티 자체가 분석 대상이 아니라 연구의 재료(데이터 소스)에 불과하다.",True,1/1,run1:없음
ART002397003,"How do Online Product-Related Electronic Network of Interest Grow?: The Role of Content, Communication Activity, and Structure",배성주(연세대학교),2018,연세경영연구,kor,OK,ROLE_FIELD_SOCIALCAPITAL,,run1:없음,"has_community=True role_relevant=True env_relevant=True | 이 논문은 제품 관련 전자 관심 네트워크(eNoI)의 성장 동인을 분석 대상으로 삼아 커뮤니티 자체의 구조적 조건(통신 중심화, 주제 다양성, 응답성)이 커뮤니티의 생애주기(성장)에 미치는 영향을 실증적으로 검증함으로써, 커뮤니티를 그 성장 구조가 분석 대상인 '장'으로 조명하고 동시에 구조적·환경적 조건에 따른 성장 차이를 비교하는 '환경' 요소를 포함한다.","[ROLE] 본 연구는 제품 관련 eNoI의 성장에 영향을 미치는 통신 활동·네트워크 구조·참여 패턴을 자원 기반 관점에서 실증적으로 분석함으로써, 온라인 커뮤니티 공간 안에서 이용자 간 연결의 형성·구조·효과를 다루는 관계적 자원(네트워크)의 형성을 장으로서 조명한다. | [ENV] 본 연구는 eNoI의 성장에 영향을 미치는 콘텐츠·커뮤니케이션 활동·구조 요인을 975개 네트워크 단위로 검증하는 성장 모델에 초점을 두며, 회원제 등급 차이·운영자 제재·중재 절차 등 운영체계의 비교, 커뮤니티 자체의 형성→쇠퇴 생애주기 추적, 익명성 수준 간 비교 등 4개 ENV 코드의 판별 기준을 충족하는 분석을 수행하지 않았다.",True,0/1,run1:ROLE_FIELD_SOCIALCAPITAL
ART003200514,A study on the factors influencing consumers' intention to use community group buying platforms,이일녕(우석대학교),2025,글로벌경영학회지,kor,ERR,,,run1:없음,"has_community=True role_relevant=False env_relevant=False | 이 논문은 커뮤니티 그룹구매 플랫폼이라는 온라인 커뮤니티를 연구 대상으로 삼지만, 분석 초점은 IT 품질(정보·시스템·서비스 품질)과 신뢰를 매개로 한 이용 의도라는 기술 수용 모델에 있으며, 커뮤니티의 사회적 역할(창/장)이나 운영·제도적 환경 조건(회원제, 익명성, 운영 방침 등)을 다루지 않는다.","이 논문은 커뮤니티 그룹구매 플랫폼이라는 온라인 커뮤니티를 연구 대상으로 삼지만, 분석 초점은 IT 품질(정보·시스템·서비스 품질)과 신뢰를 매개로 한 이용 의도라는 기술 수용 모델에 있으며, 커뮤니티의 사회적 역할(창/장)이나 운영·제도적 환경 조건(회원제, 익명성, 운영 방침 등)을 다루지 않는다.",True,1/1,run1:없음
ART002612507,코로나19 펜데믹(pandemic) 상황에서 고등학교 경력 체육 교사가 겪는 온라인 수업 실천의 어려움과 극복 전략 탐색,이의재(서강대학교),2020,학습자중심교과교육연구,kor,ERR,,,run1:없음,"has_community=True role_relevant=False env_relevant=False | 이 논문은 코로나 시기 온라인 체육 수업의 수용·준비·실행 과정에서 교사들이 겪는 어려움과 극복 전략을 내러티브 연구로 다루며, 온라인 플랫폼은 수업 전달 수단에 불과하고 '학습공동체'는 교사 개인 전략의 일부로만 언급되어, 공통 관심사를 가진 사용자가 지속 상호작용하는 디지털 공간 자체를 분석 대상으로 삼지 않으므로 커뮤니티 존재 여부를 인정하되 역할·환경 조명 모두 해당되지 않는다.","이 논문은 코로나 시기 온라인 체육 수업의 수용·준비·실행 과정에서 교사들이 겪는 어려움과 극복 전략을 내러티브 연구로 다루며, 온라인 플랫폼은 수업 전달 수단에 불과하고 '학습공동체'는 교사 개인 전략의 일부로만 언급되어, 공통 관심사를 가진 사용자가 지속 상호작용하는 디지털 공간 자체를 분석 대상으로 삼지 않으므로 커뮤니티 존재 여부를 인정하되 역할·환경 조명 모두 해당되지 않는다.",True,1/1,run1:없음
ART001540563,온라인 교사공동체의 협력적 전문성 개발 : 인디스쿨 사례연구,서경혜(이화여자대학교),2011,한국교원교육연구,kor,OK,ROLE_FIELD_SOCIALCAPITAL,,run1:없음,"has_community=True role_relevant=True env_relevant=False | 이 논문은 인디스쿨이라는 온라인 교사공동체 자체의 사회적 기능(협력적 전문성 개발의 장)을 분석 대상으로 삼아 '장'으로 조명하지만, 회원제·운영방침·익명성 등 구조적·환경적 조건에 따른 차이나 변화를 비교·분석하지는 않는다.","[ROLE] 본 연구는 온라인 교사공동체(인디스쿨) 내부에서 이용자 간 자료 공유·문제 협의·정서적 지지를 매개로 한 협력적 전문성 개발이 어떻게 작동하는지를 분석함으로써, 커뮤니티 공간 안에서 형성되는 관계적 자원(연대·네트워크·협력)의 존재와 효과를 다룬 장(FIELD)으로서의 사회자본 역할을 조명한다.",True,0/1,run1:ROLE_FIELD_SOCIALCAPITAL
ART001433331,교사공동체의 실천적 지식,서경혜(이화여자대학교),2010,한국교원교육연구,kor,OK,ROLE_FIELD_SOCIALCAPITAL,,run1:없음,"has_community=True role_relevant=True env_relevant=False | 이 논문은 인디스쿨이라는 온라인 교사공동체 자체가 실천적 지식의 외현화·공유·검증·재구성이 이루어지는 '장'으로서의 사회적 역할을 분석 대상으로 삼고 있으나, 커뮤니티의 구조적·환경적 조건(회원제, 익명성, 운영 방침, 생애주기 등)을 비교하거나 그 조건에 따른 차이를 분석하지는 않는다.","[ROLE] 본 연구는 온라인 교사공동체(인디스쿨) 내부에서 이용자 간 게시·조회·댓글·검증의 순환적 상호작용을 통해 공동의 실천적 지식이 형성·확산·재구성되는 과정을 분석하므로, 커뮤니티 공간 안의 이용자 간 연결·공유·관계적 상호작용이 분석 대상인 SOCIALCAPITAL에 해당한다.",True,0/1,run1:ROLE_FIELD_SOCIALCAPITAL
ART001250917,교사들의 지식공유 및 전문성 향상을 위한네트워크 기반 실천공동체의 발달과정: 인디스쿨 사례연구,김도헌(진주교육대학교),2008,교육공학연구,kor,OK,ROLE_FIELD_SOCIALCAPITAL,ENV_COMMUNITY_LIFECYCLE,run1:없음,"has_community=True role_relevant=True env_relevant=True | 이 논문은 초등 교사들의 온라인 실천공동체 '인디스쿨'의 발달과정(잠재기→결합기→성숙기→유지기)을 분석하여 지식공유·전문성 향상이라는 커뮤니티 자체의 사회적 역할(장, ROLE)을 규명하면서도, 자생적 형성 vs. 인위적 설계·운영이라는 커뮤니티 운영 방식과 생애주기(ENV)를 핵심 분석 축으로 삼고 있다.","[ROLE] 이 논문은 온라인 교사 실천공동체 '인디스쿨'의 생성·성숙·변화 과정을 네 단계로 규명하며, 단계별 핵심 사건을 통해 구성원 간 신뢰 형성·지식 공유·공동체 주인의식 등 관계적 자원의 축적을 분석하므로, 온라인 커뮤니티 공간 안에서 이용자 간 연결의 존재·강도·효과를 다루는 장으로서의 사회적 자본(ROLE_FIELD_SOCIALCAPITAL)에 해당한다. | [ENV] 본 연구의 핵심은 온라인 교사 실천공동체 '인디스쿨'이 잠재기·결합기·성숙기·유지기로 어떻게 발달하는지를 추적하는 것이며, 이는 커뮤니티 자체의 생애주기 변화를 대규모 결과로 연결하는 ENV_COMMUNITY_LIFECYCLE에 해당하나, 회원제·운영체계·익명성 차이는 분석 대상에서 부재하다.",True,0/1,"run1:ENV_COMMUNITY_LIFECYCLE,ROLE_FIELD_SOCIALCAPITAL"
ART002881427,유아교사의 디지털역량 강화를 위한 교육 프로그램 개발,김교령(가톨릭대학교),2022,육아지원연구,kor,ERR,,,run1:없음,"has_community=False role_relevant=False env_relevant=False | 온라인 커뮤니티는 유아교사 디지털역량 교육 프로그램의 전달 채널(플랫폼)로만 언급될 뿐, 커뮤니티 자체의 구조·역할·환경을 분석 대상으로 삼지 않으므로 연구 대상 커뮤니티로 보기 어렵다.","온라인 커뮤니티는 유아교사 디지털역량 교육 프로그램의 전달 채널(플랫폼)로만 언급될 뿐, 커뮤니티 자체의 구조·역할·환경을 분석 대상으로 삼지 않으므로 연구 대상 커뮤니티로 보기 어렵다.",True,1/1,run1:없음
ART002024110,대학생의 자기수용이 대인관계능력에 미치는 영향: 자아존중감과 의사소통능력의 매개효과,이어진(부산대학교),2015,상담학연구,kor,ERR,,,run1:없음,"has_community=False role_relevant=False env_relevant=False | 온라인 커뮤니티는 설문 대상 대학생의 모집 통로로만 언급될 뿐, 커뮤니티 자체의 구조·역할·환경을 분석 대상으로 삼지 않으므로 커뮤니티 존재 여부를 인정할 수 없다.","온라인 커뮤니티는 설문 대상 대학생의 모집 통로로만 언급될 뿐, 커뮤니티 자체의 구조·역할·환경을 분석 대상으로 삼지 않으므로 커뮤니티 존재 여부를 인정할 수 없다.",True,1/1,run1:없음
ART002178575,대학생들은 플립드러닝수업을 통해 어떤 경험을 하는가?,임상훈(한양대학교),2016,교육정보미디어연구,kor,ERR,,,run1:없음,"has_community=False role_relevant=False env_relevant=False | 이 논문은 플립드 러닝 수업의 학습 경험을 분석 대상으로 삼고 있으며, 온라인 커뮤니티는 심층면담·성찰일지와并列된 데이터 수집 방법(관찰)으로서만 언급될 뿐, 커뮤니티 자체의 역할·구조·운영 조건이 분석 대상이 되지 않는다.","이 논문은 플립드 러닝 수업의 학습 경험을 분석 대상으로 삼고 있으며, 온라인 커뮤니티는 심층면담·성찰일지와并列된 데이터 수집 방법(관찰)으로서만 언급될 뿐, 커뮤니티 자체의 역할·구조·운영 조건이 분석 대상이 되지 않는다.",True,1/1,run1:없음
ART000942978,영유아보육시설과 유아교육기관에서 영유아의 참여권의 신장방안,이용교(광주대학교),2004,아동과 권리,kor,ERR,,,run1:없음,"has_community=True role_relevant=False env_relevant=False | 이 논문은 영유아보육시설·유아교육기관에서 영유아의 참여권 실현 여부를 다루며, '홈페이지와 카페를 통한 온라인 공동체 형성'은 참여권 신장 방안 8가지 중 하나로 잠깐 언급될 뿐, 특정 온라인 커뮤니티를 분석 대상이나 연구 재료로 활용하지 않는다.","이 논문은 영유아보육시설·유아교육기관에서 영유아의 참여권 실현 여부를 다루며, '홈페이지와 카페를 통한 온라인 공동체 형성'은 참여권 신장 방안 8가지 중 하나로 잠깐 언급될 뿐, 특정 온라인 커뮤니티를 분석 대상이나 연구 재료로 활용하지 않는다.",True,1/1,run1:없음
ART001115235,온라인 수업에서 학습자들의 상호작용 증진을 위한 공동체의식 형성에 관한 고찰,이동주(The University of Texas at Austin),2004,교육공학연구,kor,ERR,,,run1:없음,"has_community=True role_relevant=True env_relevant=False | 이 논문은 온라인 학습 환경(동료·교수자와의 지속적 상호작용과 관계 형성이 이루어지는 디지털 공간)을 분석 대상으로 삼되, 학습자 간 공동체의식 형성과 그 교육적·정서적 효과를 '장'으로서의 커뮤니티 기능(ROLE_FIELD)으로 조명하는 반면, 회원제·운영·제재·익명성 등 커뮤니티의 구조적·환경적 조건(ENV)을 다루지 않는다.","[ROLE] 본 논문은 '공동체의식(community of inquiry)'이라는 교육학·학습이론 개념을 온라인 학습 환경에서 학습 효과와 형성 요인 측면에서 문헌고찰하는 연구로서, 6개 코드 중 어느 하나도 충분히 충족하지 못하나 '공동체'·'상호작용'이라는 관계적 언어가 SOCIALCAPITAL에 약하게 비추어지되, 그 대상이 학습자 간 교육적 상호작용이므로 사회자본 형성·효과 분석과는 거리가 멀다.",True,1/1,run1:없음
ART002702516,COVID-19로 인한 비대면 학습 환경에서 대학생의 학교소속감과 대학생활만족도가 학업지속의향에 미치는 영향,이하연(건국대학교 교육공학과),2021,進路敎育硏究,kor,ERR,,,run1:없음,"has_community=True role_relevant=False env_relevant=False | 이 논문은 비대면 학습 환경에서 대학생의 학교소속감과 대학생활만족도가 학업지속의향에 미치는 영향을 설문·회귀분석으로 확인하는 연구이며, 온라인 커뮤니티는 결론부의 정책 제안으로만 언급될 뿐 연구의 분석 대상이나 역할·환경 조명의 대상이 되지 않으므로 role_relevant와 env_relevant는 모두 false이다.","이 논문은 비대면 학습 환경에서 대학생의 학교소속감과 대학생활만족도가 학업지속의향에 미치는 영향을 설문·회귀분석으로 확인하는 연구이며, 온라인 커뮤니티는 결론부의 정책 제안으로만 언급될 뿐 연구의 분석 대상이나 역할·환경 조명의 대상이 되지 않으므로 role_relevant와 env_relevant는 모두 false이다.",True,1/1,run1:없음
ART001340968,온라인 학습 환경에서 학습자의 공동체의식과 학습준비도가 학습효과에 미치는 영향,김정겸(충남대학교),2009,학습자중심교과교육연구,kor,ERR,,,run1:없음,"has_community=False role_relevant=False env_relevant=False | 이 논문에서 '공동체의식'은 교실·학교 공동체에 대한 심리적·교육적 변인으로 측정되며, '온라인 학습 환경'은 방송통신고의 학습 플랫폼이지 공통 관심사·목적 기반 사용자의 지속적 상호작용과 관계 형성을 전제한 온라인 커뮤니티가 아니므로, 대상 커뮤니티가 존재하지 않는다.","이 논문에서 '공동체의식'은 교실·학교 공동체에 대한 심리적·교육적 변인으로 측정되며, '온라인 학습 환경'은 방송통신고의 학습 플랫폼이지 공통 관심사·목적 기반 사용자의 지속적 상호작용과 관계 형성을 전제한 온라인 커뮤니티가 아니므로, 대상 커뮤니티가 존재하지 않는다.",True,1/1,run1:없음
ART001591183,온라인 학습공동체에서 학습성과와 사회적 실재감 수준에 따른 상호작용 양상의 차이 규명,강명희(이화여자대학교),2011,평생교육 · HRD연구,kor,ERR,,,run1:없음,"has_community=True role_relevant=True env_relevant=False | 이 논문은 온라인 학습공동체 게시판에서 학습자 간 상호작용이 학습성과와 사회적 실재감에 미치는 영향을 분석함으로써, 온라인 커뮤니티가 학습과 관계 형성을 실현하는 '장'으로서의 사회적 역할을 조명하나, 회원제·익명성·운영 방침 등 구조적·환경적 조건에 따른 차이나 비교를 다루지 않는다.","[ROLE] 본 연구는 온라인 학습공동체 공간 내에서 학습자 간 상호작용 유형과 학습성과·사회적 실재감의 관계를 분석하는 것으로, 커뮤니티 공간 자체의 역할(FIELD)을 다룬다고 볼 수 있으나, 공론장 검증이나 신뢰·연대 등 관계적 자원 형성의 효과를 직접 다루지 않고 학습성과에 초점을 두어 6개 코드 모두 부여기준(0.5)에 미치지 못한다.",True,1/1,run1:없음
ART001001199,온라인 탐구환경에서의 학습경험: 효과적인 탐구학습 설계를 위한 시사,임병노(경희대학교),2003,교육공학연구,kor,ERR,,,run1:없음,"has_community=False role_relevant=False env_relevant=False | 이 논문은 대학 교직과정의 혼합형(블렌디드) 강의에서 5주간 운영된 온라인 탐구학습 모형의 설계와 학습자 경험을 다루는 교육공학·교육학 연구로, 공통 관심사나 목적을 가진 사용자가 자발적으로 지속 상호작용하며 관계를 형성하는 '온라인 커뮤니티'를 분석 대상으로 삼지 않는다.","이 논문은 대학 교직과정의 혼합형(블렌디드) 강의에서 5주간 운영된 온라인 탐구학습 모형의 설계와 학습자 경험을 다루는 교육공학·교육학 연구로, 공통 관심사나 목적을 가진 사용자가 자발적으로 지속 상호작용하며 관계를 형성하는 '온라인 커뮤니티'를 분석 대상으로 삼지 않는다.",True,1/1,run1:없음
ART000909903,온라인 수업의 실시간 토론 내용 분석,이옥화(충북대학교),2003,교육공학연구,kor,OK,ROLE_FIELD_SOCIALCAPITAL,,run1:없음,"has_community=True role_relevant=True env_relevant=True | 사이버대학 온라인 실시간 토론방을 학습 커뮤니티로 설정하고, 커뮤니티 발전 단계(생애주기)에 따른 토론 내용·질 변화를 비교하며(ENV), 소속감 형성과 학습 공동체로서의 사회적 기능(ROLE)을 분석한다.","[ROLE] 본 연구는 사이버대학 온라인 실시간 토론 공간 안에서 학습자 간 소속감·유대감 형성 및 학습 공동체 구축이라는 관계적 자원의 존재와 효과를 분석하므로, FIELD 계열 중 SOCIALCAPITAL에 부여하며, 공론장 검증이나 외부 사회현상 포착과는 무관하다. | [ENV] ‘커뮤니티 발전 단계’를 분석 틀로 도입하고 시간이 흐름에 따라 토론 내용이 초기 단계에 머무른다는 점을 지적하나, 이는 토론 내용의 질적 유형 분류에 가깝고 커뮤니티 자체의 형성·분화·쇠퇴를 동반하는 대규모 탈퇴·구조적 변화가 추적되지 않으므로 ENV_COMMUNITY_LIFECYCLE도 미부여이며, 나머지 세 코드에는 해당 근거가 없다.",True,0/1,run1:ROLE_FIELD_SOCIALCAPITAL
ART001556992,초등 교사들의 온라인상에서의 수업자료 공유에 대한 사례연구,서경혜(이화여자대학교),2011,초등교육연구,kor,OK,ROLE_WINDOW_MISC,,run1:없음,"has_community=True role_relevant=True env_relevant=False | 이 논문은 인디스쿨 온라인 교사공동체라는 공간에서 교사들이 수업자료를 교류·공유하는 실천을 분석 대상으로 삼아, 온라인 커뮤니티가 교사 간 자발적 학습 네트워크를 형성하는 '장'으로서의 사회적 역할을 조명하지만, 회원제·조절·익명성 등 구조적 환경 조건에 따른 차이나 비교를 다루지 않는다.","[ROLE] 본 연구는 인디스쿨 온라인 교사공동체를 사례로 삼아 교사 간 수업자료 공유의 실태와 자료 특성을 탐구함으로써, 온라인 커뮤니티를 '교사 수업자료 공유·전문성 개발'이라는 외부 사회현상을 관찰하는 창(WINDOW_MISC)으로 활용하는 데 그 목적을 두고 있다.",True,0/1,run1:ROLE_WINDOW_MISC
ART001771294,인터넷 문화기술지의 방법적 특징 및 연구 절차 탐색,오영범(진주교육대학교),2013,교육인류학연구,kor,ERR,,,run1:없음,"has_community=True role_relevant=False env_relevant=False | 이 논문은 인터넷 문화기술지라는 질적 연구 방법론의 절차와 윤리를 탐색하는 방법론적 논문으로, '온라인 커뮤니티 선택하기'를 연구 절차의 한 단계로 언급할 뿐 특정 커뮤니티를 분석 대상으로 삼지 않으며, 커뮤니티의 사회적 역할이나 구조적·환경적 조건을 조명하지도 않으므로 역할·환경 관련성 모두 성립하지 않는다.","이 논문은 인터넷 문화기술지라는 질적 연구 방법론의 절차와 윤리를 탐색하는 방법론적 논문으로, '온라인 커뮤니티 선택하기'를 연구 절차의 한 단계로 언급할 뿐 특정 커뮤니티를 분석 대상으로 삼지 않으며, 커뮤니티의 사회적 역할이나 구조적·환경적 조건을 조명하지도 않으므로 역할·환경 관련성 모두 성립하지 않는다.",True,1/1,run1:없음
ART002244989,NCS 기반 교육과정의 효율적 운영을 위한 교수･학습 및 평가 방법 요구 분석,이민욱(한국직업능력개발원),2017,직업교육연구,kor,ERR,,,run1:없음,"has_community=False role_relevant=False env_relevant=False | 이 논문은 고교 NCS 기반 교육과정의 교수·학습·평가 방법 요구도 분석이 주 대상이며, '온라인 커뮤니티 구축'은 결론부 정책 제언의 하나로만 언급될 뿐, 실제 온라인 커뮤니티를 분석의 대상으로 삼거나 그 구조·역할·환경을 연구하지 않는다.","이 논문은 고교 NCS 기반 교육과정의 교수·학습·평가 방법 요구도 분석이 주 대상이며, '온라인 커뮤니티 구축'은 결론부 정책 제언의 하나로만 언급될 뿐, 실제 온라인 커뮤니티를 분석의 대상으로 삼거나 그 구조·역할·환경을 연구하지 않는다.",True,1/1,run1:없음
ART002719196,온라인 영어학습공동체에서 학습실재감과 학습몰입이 학습성과에 미치는 영향,홍수민(이화여자대학교),2021,외국어교육연구,kor,OK,ROLE_WINDOW_MISC,,run1:없음,"has_community=True role_relevant=True env_relevant=False | 이 논문은 온라인 영어학습공동체 내 실재감과 학습몰입이 학습지속의향·영어효능감에 미치는 영향을 실증적으로 분석하여, 온라인 커뮤니티를 학습이 지속되는 '장'으로서의 사회적 기능을 조명하나, 회원제·운영방침·익명성 등 커뮤니티의 구조적·환경적 조건에 따른 차이·비교·변화를 다하지는 않는다.","[ROLE] 본 연구는 온라인 영어학습공동체를 영어학습·제2언어 습득이라는 바깥의 학습 현상을 실증적으로 규명하는 사례(창)로 사용하며, 커뮤니티 내부의 실재감·학습몰입 구조를 분석하되 그 궁극적 대상이 커뮤니티 자체의 공론장·사회적 자본 역할이 아닌 학습 성과(지속의향·효능감)이므로 WINDOW_MISC로 분류한다.",True,0/1,run1:ROLE_WINDOW_MISC
ART001197018,가상학습공동체 형성 과정 모형 연구,나일주(서울대학교),2003,교육공학연구,kor,OK,,ENV_COMMUNITY_LIFECYCLE,run1:없음,"has_community=True role_relevant=True env_relevant=True | 이 논문은 가상학습공동체라는 온라인 공간의 학습·상호작용 기능 자체를 분석 대상(장)으로 삼고, 성립기·발전기·안정기·소멸에 이르는 생애주기 및 운영자 헌신·구성원 자발적 참여 등 구조적 조건에 따른 단계별 변화와 요인을 비교·모형화함으로써 환경적 조건(ENV)도 함께 조명한다.","[ROLE] 이 논문은 가상학습공동체 자체의 성립·발전·소멸 주기와 그 운영 요인(리더의 헌신, 구성원의 자발적 참여)을 모형화하는 것을 목적으로 하므로 커뮤니티 공간 자체를 분석 대상으로 삼는 FIELD 계열에 속하나, 공론장 검증이나 관계적 자원(신뢰·연대·네트워크)의 형성과 효과를 직접 분석하지 않아 두 FIELD 코드 모두 0.5에 미치지 못하며, 외부 사회현상을 보여주는 WINDOW로도 기능하지 않는다. | [ENV] 이 논문은 가상학습공동체가 성립·발전·안정·소멸의 생애주기를 거치는 과정을 5개 공동체를 비교하여 모형화하는 것이 핵심이므로 ENV_COMMUNITY_LIFECYCLE만 부여하고, 회원제·운영체계·익명성 차원은 분석 대상이 아니므로 나머지 세 코드는 미부여한다.",True,0/1,run1:ENV_COMMUNITY_LIFECYCLE
ART001930079,온라인 교사공동체 전문성 발달의 특징에 관한 질적 사례 연구,오영범(부산대학교),2014,평생학습사회,kor,OK,ROLE_FIELD_SOCIALCAPITAL,,run1:없음,"has_community=True role_relevant=True env_relevant=False | 이 논문은 온라인 교사공동체(밴드, 온라인 카페)를 교사의 전문성 신장을 촉진하는 학습 공동체라는 '장'의 사회적 역할을 분석 대상으로 삼고 있으나, 실시간·비실시간 플랫폼 비교는 자료 수집 범위를 넓히려는 방법론적 선택에 그쳐 구조적·환경적 조건에 따른 차이·비교·변화를 분석하지 않으므로 env_relevant는 false이다.","[ROLE] 이 논문은 온라인 교사공동체 내부에서 이용자 간 네트워크 협력·공유·지원 등 관계적 자원의 형성 과정을 분석하여, 공동체 공간을 장(FIELD/SOCIALCAPITAL)으로서의 기능으로 조명한다.",True,0/1,run1:ROLE_FIELD_SOCIALCAPITAL
ART001952403,"온라인 카페(online cafe) 활용 체육수업을 통한 여고생들의 교실공동체, 상호학습 및 수업 만족도",류민정(경남대학교),2014,교과교육학연구,kor,ERR,,,run1:없음,"has_community=True role_relevant=False env_relevant=False | 이 논문은 온라인 카페를 체육수업의 교수·학습 매체로 활용하는 실험연구로서, 온라인 커뮤니티 자체의 사회적 역할이나 구조적·환경적 조건을 분석 대상 삼지 않고 교실공동체·상호학습·수업만족도라는 교육적 효과의 전달 수단으로만 활용하므로, 커뮤니티 분석 대상이 아니며 역할·환경 조명도 성립하지 않는다.","이 논문은 온라인 카페를 체육수업의 교수·학습 매체로 활용하는 실험연구로서, 온라인 커뮤니티 자체의 사회적 역할이나 구조적·환경적 조건을 분석 대상 삼지 않고 교실공동체·상호학습·수업만족도라는 교육적 효과의 전달 수단으로만 활용하므로, 커뮤니티 분석 대상이 아니며 역할·환경 조명도 성립하지 않는다.",True,1/1,run1:없음
ART002824399,90년대생 교사 특성 분석: 세대 특성과 개인 특성을 중심으로,박상완(부산교육대학교),2022,한국교원교육연구,kor,ERR,,,run1:없음,"has_community=False role_relevant=False env_relevant=False | 이 논문은 90년대생 교사의 세대적 특징과 교직문화에 미치는 영향을 면담을 통해 분석하는 연구이며, 온라인 커뮤니티는 '교내보다 온라인 커뮤니티를 통해 동료 교사들과 교류하는 경향이 있었다'는 서술 정도로 언급될 뿐, 커뮤니티 자체의 구조·역할·환경을 분석 대상으로 삼지 않는다.","이 논문은 90년대생 교사의 세대적 특징과 교직문화에 미치는 영향을 면담을 통해 분석하는 연구이며, 온라인 커뮤니티는 '교내보다 온라인 커뮤니티를 통해 동료 교사들과 교류하는 경향이 있었다'는 서술 정도로 언급될 뿐, 커뮤니티 자체의 구조·역할·환경을 분석 대상으로 삼지 않는다.",True,1/1,run1:없음
ART002806832,초등 전문상담교사의 교직적응에 관한 현상학적 연구-코로나19 팬데믹 상황에서 초임교사를 중심으로-,한유나(이화여자대학교),2022,교원교육,kor,ERR,,,run1:없음,"has_community=True role_relevant=False env_relevant=False | 온라인 커뮤니티는 초임 상담교사의 교직적응 대처 전략 중 하나로 '전문성 신장 수단' 정도로 서술될 뿐, 커뮤니티 자체의 구조·역할·환경이 분석 대상이 되지 않으므로 연구 재료로 활용하지 않은 것이다.","온라인 커뮤니티는 초임 상담교사의 교직적응 대처 전략 중 하나로 '전문성 신장 수단' 정도로 서술될 뿐, 커뮤니티 자체의 구조·역할·환경이 분석 대상이 되지 않으므로 연구 재료로 활용하지 않은 것이다.",True,1/1,run1:없음
ART001087846,초등학교 온라인 교사 학습 공동체에서의 지속적 지도력,이성은(이화여자대학교),2007,초등교육연구,kor,OK,ROLE_WINDOW_MISC,,run1:없음,"has_community=True role_relevant=True env_relevant=False | 이 논문은 초등학교 교사 온라인 학습 공동체 '인디스쿨'을 분석 대상으로 삼아 지속적 지도력의 특성을 탐구하므로 온라인 커뮤니티를 학습·지도력 발휘의 '장'으로 조명하나, 회원제·익명성·운영 방침 등 구조적 환경 조건에 따른 차이나 변화를 분석하지는 않으므로 env_relevant는 false이다.","[ROLE] 온라인 교사 학습 공동체(인디스쿨)는 '교사 전문성 개발·지속적 지도력'이라는 온라인 커뮤니티 밖에도 존재하는 교육 현상을 관찰하는 창(window)으로 기능하며, 공론장 검증이나 이용자 간 관계적 자원 분석은 다루지 않으므로 WINDOW_MISC에 부여한다.",True,0/1,run1:ROLE_WINDOW_MISC
ART001612050,교사공동체의 온라인상 협력을 통한 수업자료 개발의 실제와 쟁점,서경혜(이화여자대학교),2011,교육과학연구,kor,OK,ROLE_FIELD_SOCIALCAPITAL,,run1:없음,"has_community=True role_relevant=True env_relevant=True | 이 논문은 인디스쿨이라는 온라인 교사공동체를 수업자료 공동생산의 '장'으로 설정하여 그 사회적 역할을 분석하는 동시에, 공동체의 개방성과 질관리라는 구조적·운영적 조건(ENV)이 협력과 재생산의 긴장을 어떻게 형성하는지를 쟁점으로 검토하고 있다. 따라서 역할과 환경 양쪽을 모두 조명한다.","[ROLE] 이 논문은 인디스쿨이라는 온라인 교사공동체 내부에서 교사들(이용자) 간 협력·공동생산·자료 공유라는 관계적 자원이 어떻게 형성·유통되는지를 분석하므로, 온라인 커뮤니티 공간 안의 이용자 간 연결과 상호작용을 대상으로 하는 장(FIELD)으로서의 사회자본(ROLE_FIELD_SOCIALCAPITAL)에 해당한다. | [ENV] 인디스쿨 교사공동체의 수업자료 공동생산 과정과 '개방·질관리' 쟁점을 다루지만, 이는 커뮤니티 운영체계(삭제·제재·신고·투표 등)에 대한 분석이 아니라 자료의 내용적 품질과 공유 방식에 관한 논의로, 4개 ENV 코드 중 어느에도 0.5에 미치지 못해 전부 미부여로 판단한다.",True,0/1,run1:ROLE_FIELD_SOCIALCAPITAL
ART001918323,앱 인벤터를 활용한 초·중등 프로그래밍 교육 방안,안상진(한국교원대학교),2014,컴퓨터교육학회 논문지,kor,ERR,,,run1:없음,"has_community=True role_relevant=False env_relevant=False | 이 논문은 앱 인벤터라는 프로그래밍 교육 도구의 초·중등 활용 방안과 교사·학생 반응을 분석하는 교육 기술 연구로, 온라인 커뮤니티를 분석 대상이나 연구 재료로 삼지 않으며, 커뮤니티의 사회적 역할이나 구조적·환경적 조건도 고려하지 않는다.","이 논문은 앱 인벤터라는 프로그래밍 교육 도구의 초·중등 활용 방안과 교사·학생 반응을 분석하는 교육 기술 연구로, 온라인 커뮤니티를 분석 대상이나 연구 재료로 삼지 않으며, 커뮤니티의 사회적 역할이나 구조적·환경적 조건도 고려하지 않는다.",True,1/1,run1:없음
ART002445820,자생적 온라인 교사 공동체의 질문분석을 통한 초등교사의 과학 교수 관련 어려움 탐색 -인디스쿨의 물리 관련 질문 게시글을 중심으로-,김윤화(서울대학교),2019,한국과학교육학회지,kor,OK,ROLE_WINDOW_MISC,,run1:없음,"has_community=True role_relevant=True env_relevant=False | 이 논문은 자생적 온라인 교사 공동체인 인디스쿨에 축적된 질문 게시글을 분석하여 초등교사의 과학 교수 어려움을 파악하므로, 온라인 커뮤니티를 교사들의 실제적 어려움이라는 외부 사회현상을 관찰하는 '창'으로 활용하나, 커뮤니티의 구조·운영 조건에 따른 차이나 비교를 다루지 않으므로 env_relevant는 false이다.","[ROLE] 온라인 교사 공동체 인디스쿨의 게시글은 초등교사의 과학 교수 역량(SMK·PCK) 어려움이라는 외부 현상을 식별하는 데이터 소스(창)로 사용되며, 커뮤니티 공간 자체의 공론장·사회적 자본 기능은 분석 대상이 되지 않는다.",True,0/1,run1:ROLE_WINDOW_MISC
ART002172248,앱 인벤터와 아두이노를 이용한 피지컬 컴퓨팅 교육이 공업계 고등학생의 창의·융합적 사고에 미치는 영향,최숙영(우석대학교),2016,컴퓨터교육학회 논문지,kor,ERR,,,run1:없음,"has_community=False role_relevant=False env_relevant=False | 이 논문은 공업계 고등학생을 대상으로 앱 인벤터와 아두이노를 활용한 프로그래밍 교육이 창의·융합적 사고능력에 미치는 영향을 분석하는 교육연구로서, 온라인 커뮤니티를 분석 대상이나 연구 재료로 활용하지 않는다.","이 논문은 공업계 고등학생을 대상으로 앱 인벤터와 아두이노를 활용한 프로그래밍 교육이 창의·융합적 사고능력에 미치는 영향을 분석하는 교육연구로서, 온라인 커뮤니티를 분석 대상이나 연구 재료로 활용하지 않는다.",True,1/1,run1:없음
ART002572920,온라인 커뮤니티에 참여한 특수교사들의 학부모에 대한 인식과 경험,홍정숙(대구대학교),2020,특수교육저널:이론과 실천,kor,ERR,,,run1:없음,"has_community=True role_relevant=False env_relevant=False | 이 논문은 특수교사 온라인 커뮤니티 7년간의 게시글을 자료로 수집·분석하여 특수교사들의 학부모 인식과 경험을 밝히는 데 그치며, 커뮤니티 자체의 사회적 기능(창·장)이나 구조적·환경적 조건(회원제, 익명성, 운영 방침 등)을 분석 대상으로 삼지 않는다.","이 논문은 특수교사 온라인 커뮤니티 7년간의 게시글을 자료로 수집·분석하여 특수교사들의 학부모 인식과 경험을 밝히는 데 그치며, 커뮤니티 자체의 사회적 기능(창·장)이나 구조적·환경적 조건(회원제, 익명성, 운영 방침 등)을 분석 대상으로 삼지 않는다.",True,1/1,run1:없음
ART001713568,실과 환경 영역의 스마트교육 전략 활용 방안,금지헌(한국교육개발원),2012,실과교육연구,kor,ERR,,,run1:없음,"has_community=False role_relevant=False env_relevant=False | 이 논문은 초등학교 실과교과의 환경 영역에서 스마트교육 전략 활용 방안을 다루며, 온라인 커뮤니티는 디지털교과서·SNS·스마트기기·게임·가상현실 등과 나열된 교육 도구 중 하나로만 언급될 뿐, 분석 대상이 되지는 않는다.","이 논문은 초등학교 실과교과의 환경 영역에서 스마트교육 전략 활용 방안을 다루며, 온라인 커뮤니티는 디지털교과서·SNS·스마트기기·게임·가상현실 등과 나열된 교육 도구 중 하나로만 언급될 뿐, 분석 대상이 되지는 않는다.",True,1/1,run1:없음
ART002514673,가정과 의생활 메이커스페이스 구축에 관한 연구,김샛별(성산고등학교),2019,학습자중심교과교육연구,kor,ERR,,,run1:없음,"has_community=True role_relevant=False env_relevant=False | 이 논문은 고등학교 가정실을 메이커스페이스로 구축하는 물리적 공간 설계 연구이며, '온라인 커뮤니티 공간'은 9개 물리적 공간 중 하나로서 컴퓨터·정보검색 도구가 배치된 교실 구역을 지칭할 뿐, 실제 온라인 커뮤니티의 상호작용·구조·운영 방식을 분석 대상으로 삼지 않으므로 커뮤니티 존재 여부는 인정하되 역할·환경 조명 모두 해당하지 않는다.","이 논문은 고등학교 가정실을 메이커스페이스로 구축하는 물리적 공간 설계 연구이며, '온라인 커뮤니티 공간'은 9개 물리적 공간 중 하나로서 컴퓨터·정보검색 도구가 배치된 교실 구역을 지칭할 뿐, 실제 온라인 커뮤니티의 상호작용·구조·운영 방식을 분석 대상으로 삼지 않으므로 커뮤니티 존재 여부는 인정하되 역할·환경 조명 모두 해당하지 않는다.",True,1/1,run1:없음
ART001749261,유아 부모의 육아일기에 나타난 자녀 양육 경험,모정아(놀뫼유치원 교사),2013,열린유아교육연구,kor,ERR,,,run1:없음,"has_community=False role_relevant=False env_relevant=False | 이 논문은 육아 관련 온라인 커뮤니티·출판 사이트를 연구 참여자 모집 통로와 일기 자료 저장 매체로만 활용했을 뿐, 커뮤니티의 상호작용·구조·역할을 분석 대상으로 삼지 않고 유아부모 육아일기의 내용과 특징만을 분석하므로 커뮤니티 자체가 연구 대상이 아니다.","이 논문은 육아 관련 온라인 커뮤니티·출판 사이트를 연구 참여자 모집 통로와 일기 자료 저장 매체로만 활용했을 뿐, 커뮤니티의 상호작용·구조·역할을 분석 대상으로 삼지 않고 유아부모 육아일기의 내용과 특징만을 분석하므로 커뮤니티 자체가 연구 대상이 아니다.",True,1/1,run1:없음
ART002528515,유아기 어머니가 경험한 부모교육의 현실태 및 요구 분석,김주연(대구대학교),2019,학습자중심교과교육연구,kor,ERR,,,run1:없음,"has_community=False role_relevant=False env_relevant=False | 이 논문은 유아기 자녀를 둔 어머니들의 부모교육 실태와 방향을 연구하며, '댓글 텍스트'는 어머니들의 목소리를 수집하는 자료 수집 통로로서만 활용될 뿐, 온라인 커뮤니티 자체를 분석 대상으로 삼지 않으므로 커뮤니티 존재 여부는 성립하지 않는다.","이 논문은 유아기 자녀를 둔 어머니들의 부모교육 실태와 방향을 연구하며, '댓글 텍스트'는 어머니들의 목소리를 수집하는 자료 수집 통로로서만 활용될 뿐, 온라인 커뮤니티 자체를 분석 대상으로 삼지 않으므로 커뮤니티 존재 여부는 성립하지 않는다.",True,1/1,run1:없음
ART002255570,앱 인벤터 활용 SW 교육이 초등학생의 컴퓨팅 사고력과 컴퓨터에 대한 태도에 미치는 영향,김거현(대구교육대학교),2017,정보교육학회논문지,kor,ERR,,,run1:없음,"has_community=True role_relevant=False env_relevant=False | 이 논문은 초등학생 대상 App Inventer 활용 SW 교육 프로그램 개발·적용 및 계산적 사고력·컴퓨터 태도 변화를 사후·사후 검정으로 분석하는 교육학 연구로, 공통 관심사 기반의 지속적 상호작용 공간인 온라인 커뮤니티를 분석 대상으로 삼지 않는다.","이 논문은 초등학생 대상 App Inventer 활용 SW 교육 프로그램 개발·적용 및 계산적 사고력·컴퓨터 태도 변화를 사후·사후 검정으로 분석하는 교육학 연구로, 공통 관심사 기반의 지속적 상호작용 공간인 온라인 커뮤니티를 분석 대상으로 삼지 않는다.",True,1/1,run1:없음
ART000995571,혼합형 학습에서 교사의 역할에 관한 중요도와 실행도의 차이 분석,주영주(이화여자대학교),2006,초등교육연구,kor,ERR,,,run1:없음,"has_community=False role_relevant=False env_relevant=False | 이 논문은 교실 수업과 온라인 커뮤니티 활동을 결합한 혼합형 학습에서 교사의 역할에 관한 중요도-실행도 차이를 분석하는 것으로, 온라인 커뮤니티는 학습 매체·수단으로 언급될 뿐 그 자체의 구조·역할·환경이 분석 대상이 되지 않는다.","이 논문은 교실 수업과 온라인 커뮤니티 활동을 결합한 혼합형 학습에서 교사의 역할에 관한 중요도-실행도 차이를 분석하는 것으로, 온라인 커뮤니티는 학습 매체·수단으로 언급될 뿐 그 자체의 구조·역할·환경이 분석 대상이 되지 않는다.",True,1/1,run1:없음
ART002642073,빅데이터를 사용한 온라인 육아 커뮤니티 영유아 부모의 자녀양육 고민 분석: 딥러닝 기법의 적용,정옥경(총신대학교),2020,교육문화연구,kor,OK,ROLE_WINDOW_MISC,,run1:없음,"has_community=True role_relevant=True env_relevant=False | 이 논문은 온라인 육아 커뮤니티에 게시된 부모들의 게시글을 빅데이터 분석의 자료로 활용하여 자녀양육 고민의 유형과 연령별 변화를 추적하므로, 커뮤니티는 양육이라는 외부 사회현상을 보여 주는 '창'으로 기능하고, 커뮤니티의 구조적·환경적 조건(회원제, 익명성, 운영 방침 등)에 따른 비교나 분석은 이루어지지 않으므로 env_relevant는 false이다.","[ROLE] 온라인 육아 커뮤니티를 데이터 소스로 삼아 부모의 자녀양육 고민 유형과 자녀 연령별 변화를 추적하는 연구이므로, 커뮤니티 공간 자체의 역할이 아니라 육아 부담·양육 실천이라는 외부 사회현상을 관측하는 창(WINDOW_MISC)으로 기능한다.",True,0/1,run1:ROLE_WINDOW_MISC
ART002747358,원격 수업 관련 교사의 경험과 실제 - O초등학교 중심으로 -,조용훈(청주교육대학교),2021,학교와 수업 연구,kor,ERR,,,run1:없음,"has_community=True role_relevant=False env_relevant=False | 이 논문은 코로나19 시기 원격 수업의 교육적 지향과 미래 교육 방향을 주제로 하며, 교사학습공동체와 e학습터·줌·온라인 플랫폼은 콘텐츠 개발과 수업 전달을 위한 도구·수단으로 언급될 뿐, 공통 관심사·목적 하에 사용자가 지속적으로 상호작용하고 관계를 형성하는 온라인 커뮤니티 자체가 분석 대상이 되지 않는다.","이 논문은 코로나19 시기 원격 수업의 교육적 지향과 미래 교육 방향을 주제로 하며, 교사학습공동체와 e학습터·줌·온라인 플랫폼은 콘텐츠 개발과 수업 전달을 위한 도구·수단으로 언급될 뿐, 공통 관심사·목적 하에 사용자가 지속적으로 상호작용하고 관계를 형성하는 온라인 커뮤니티 자체가 분석 대상이 되지 않는다.",True,1/1,run1:없음
ART002096703,예비교사의 프로그래밍 교수내용지식 향상을 위한 프로그래밍 교육프로그램 설계,안상진(한국교원대학교),2016,컴퓨터교육학회 논문지,kor,ERR,,,run1:없음,"has_community=False role_relevant=False env_relevant=False | 이 논문은 예비정보교사의 프로그래밍 교수내용지식 향상을 위한 교육 프로그램 설계·적용 연구로, 온라인 커뮤니티를 분석 대상이나 연구 재료로 삼지 않는다.","이 논문은 예비정보교사의 프로그래밍 교수내용지식 향상을 위한 교육 프로그램 설계·적용 연구로, 온라인 커뮤니티를 분석 대상이나 연구 재료로 삼지 않는다.",True,1/1,run1:없음
ART002298485,특수교사의 온라인 커뮤니티 참여 경험에 관한 질적 연구,김정연(조선대학교),2017,특수교육교과교육연구,kor,OK,ROLE_WINDOW_MISC,,run1:없음,"has_community=True role_relevant=True env_relevant=False | 이 논문은 특수교사 온라인 커뮤니티의 참여 경험이 교사의 인식·행동에 미치는 영향을 탐구하며, 커뮤니티를 전문적 학습공동체라는 사회적 역할(장)로 조명하나, 회원제·운영방침·익명성 등 구조적·환경적 조건의 차이·비교·변화를 분석하는 내용은 초록에 나타나지 않는다.","[ROLE] 본 연구는 특수교사라는 온라인 커뮤니티 외부에 실체를 가진 전문직 집단의 전문성 개발·학습 경험을 온라인 커뮤니티 참여를 매개로 들여다보는 창(MISC)으로서의 역할을 주로 다루며, '전문적 학습공동체' 언급은 있으나 이용자 간 관계적 자원(신뢰·연대·네트워크 효과)을 실제로 분석하지는 않아 SOCIALCAPITAL은 미부여한다.",True,0/1,run1:ROLE_WINDOW_MISC
ART002442105,고령자의 온라인공동체 활동에 나타난 확장학습 경험에 관한 연구,차혜경(성결대학교),2019,교육문화연구,kor,OK,ROLE_FIELD_SOCIALCAPITAL,,run1:없음,"has_community=True role_relevant=True env_relevant=False | 이 논문은 고령자의 확장학습 경험을 연구하기 위해 온라인공동체(봉사활동 소모임)를 학습과 정체성 재구성이 이루어지는 '장'으로 조명하지만, 회원제·익명성·운영방침 등 커뮤니티의 구조적·환경적 조건을 비교·변화시키는 분석은 포함하지 않는다.","[ROLE] 이 논문은 온라인 공동체 공간 안에서 고령자 이용자 간 게시물 소통과 사회적 상호작용을 통해 관계적 자원(사회적 관계·공동체 참여)이 형성·확장되는 과정을 분석하여 장으로서의 사회적 자본 형성 역할을 조명하되, 동시에 고령자의 평생학습·사회참여라는 외부 사회현상을 보여 주는 창적 성격도 일부 담고 있다.",True,0/1,run1:ROLE_FIELD_SOCIALCAPITAL
ART001408770,온라인학습커뮤니티를 활용한 교사교육: 미국의 사례 분석에 기초한 성공 요인,조미헌(청주교육대학교),2009,정보교육학회논문지,kor,ERR,,,run1:없음,"has_community=True role_relevant=True env_relevant=True | 이 논문은 교사교육을 위한 온라인학습커뮤니티를 분석 대상으로 삼아, 다섯 사례의 구축·운영 방식을 비교하며 10가지 핵심 요인을 추출함으로써 커뮤니티 공간 자체의 사회적 역할(장)과 동시에 운영·제재 방식 등 환경적 조건을 함께 다루고 있다.","[ROLE] 이 논문은 온라인학습커뮤니티의 구축·운영 성공 요인을 제시하는 교육 설계 연구로, 커뮤니티 공간 자체(FIELD)를 다루고 있으나 공론장 검증이나 이용자 간 관계적 자원(신뢰·연대·네트워크)의 형성·효과를 분석 대상으로 삼지 않아 6개 코드 중 어느 하나도 0.5에 미치지 못한다. | [ENV] 본 연구는 교사교육용 온라인학습커뮤니티의 구축·운영을 위한 교육적 설계 요인 10가지를 비교·제안하는 것으로, 회원제 차등, 커뮤니티 운영체계(삭제·제재·중재), 커뮤니티 자체의 생애주기, 익명성 수준 중 어느 하나를 분석 대상이나 비교 변수로 다루지 않으므로 4개 ENV 코드 모두 미부여로 판단한다.",True,1/1,run1:없음
ART002382639,“온라인 학습 공동체” 관련 국내 연구동향 분석: 초·중등 온라인 과학 학습 공동체 구성을 위한 시사점을 중심으로,장진아(서울대학교 교육종합연구원),2018,교과교육학연구,kor,ERR,,,run1:없음,"has_community=True role_relevant=True env_relevant=True | 이 논문은 온라인 학습 공동체 자체의 유형·특징·학습 효과를 분석 대상으로 삼아 공동체의 사회적 기능(장)을 조명하고, 동시에 개방성·폐쇄성, 수평적·위계적 관계, 시스템 운영의 자율성 등 구조적·환경적 조건에 대한 기존 연구의 상충된 관점을 비교·검토하여 초·중등 과학 학습 공동체 구성에 시사점을 제안하므로 역할과 환경 두 측면 모두에 해당한다.","[ROLE] 이 논문은 2000–2017년 온라인 학습 공동체 관련 70편의 문헌을 고찰하여 초·중등 과학 학습 공동체 구성 요인을 도출하는 것으로, 온라인 커뮤니티 공간 자체의 공론장·사회적 자본 역할이라기보다 '학습 공동체'라는 교육 현상을 온라인-오프라인 양쪽 맥락에서 문헌적으로 정리하는 것이므로 6개 코드 중 어느 하나도 0.5에 미치지 못한다. | [ENV] 본 연구는 2000–2017년 온라인 학습 공동체 연구의 문헌 동향을綜괄하는 서술적 리뷰로, '자발적/전략적' 유형 구분이나 '시스템 운영의 자율성'·'수평적·위계적관계'와 같은 구조적 요인을 거론하되 회원제·운영체계에 따른 결과 차이를 비교·분석하지 않고, 커뮤니티의 생애주기나 익명성 수준의 조건 변화를 다루지 않으므로 4개 ENV 코드 모두 미부여로 판단한다.",True,1/1,run1:없음
ART001821767,자문화기술지를 통한 온라인 교사공동체 운영경험 분석,정민수(전주교육대학교),2013,열린교육연구,kor,OK,,ENV_COMMUNITY_GOVERNANCE,run1:없음,"has_community=True role_relevant=True env_relevant=True | 이 논문은 온라인 교사공동체를 협력적 전문성과 지속적 지도력을 생산하는 장(ROLE)으로 분석하면서도, 준비기→도약기→성숙기로 이어지는 생애주기별 통제기제 전환(집중화→구조화→분산화)과 파워운영자·서브운영자의 역할 분화라는 운영 구조적 조건(ENV_COMMUNITY_LIFECYCLE, ENV_COMMUNITY_GOVERNANCE)을 함께 추적한다.","[ROLE] 본 논문은 온라인 교사공동체 내부의 통제기제 진화(집중화→구조화→분산화)와 이를 매개로 발생하는 협력적 전문성·지속적 지도력을 분석하는 것이므로 장(FIELD) 계열에 해당하나, 공론장 검증이나 관계적 자원(신뢰·연대·네트워크)의 형성을 직접적인 분석 대상으로 삼지 않고 위계·통제 구조와 전문성 내부화에 초점을 두어 SOCIALCAPITAL·PUBLICSPHERE 어느 코드에도 0.5에 미치지 못한다. | [ENV] 이 논문은 온라인 교사공동체의 운영자(파워운영자→서브운영자→구성원) 권한과 통제기제가 세 단계에 걸쳐 어떻게 재편되는지를 자문화기술지로 분석하므로 ENV_COMMUNITY_GOVERNANCE가 부여되나, 회원제·익명성 차이는 다루지 않으며, 단계 변화가 커뮤니티의 쇠퇴·대규모 탈퇴로 이어지는지는 추적하지 않아 LIFECYCLE은 미부여로 판단한다.",True,0/1,run1:ENV_COMMUNITY_GOVERNANCE
ART002946354,온라인 커뮤니티 분석을 통한 초등교사의 인공지능 교육 현황 및 관심사 분석,이철현(경인교육대학교),2023,한국실과교육학회지,kor,ERR,,,run1:없음,"has_community=True role_relevant=False env_relevant=False | 이 논문은 초등교사 온라인 커뮤니티 '인디스쿨'의 게시글을 텍스트마이닝 데이터로 수집·분석하는 데 그치며, 커뮤니티의 사회적 역할(창/장)이나 구조적·환경적 조건(회원제, 익명성, 운영 방침 등)을 분석 대상으로 삼지 않으므로 커뮤니티는 단순 데이터 수집 통로로만 기능한다.","이 논문은 초등교사 온라인 커뮤니티 '인디스쿨'의 게시글을 텍스트마이닝 데이터로 수집·분석하는 데 그치며, 커뮤니티의 사회적 역할(창/장)이나 구조적·환경적 조건(회원제, 익명성, 운영 방침 등)을 분석 대상으로 삼지 않으므로 커뮤니티는 단순 데이터 수집 통로로만 기능한다.",True,1/1,run1:없음
ART002696260,대학교수의 온라인 수업 경험 탐색: 교수법 공동체 사례,김진희(안동대학교),2021,교육과 학습: Global Creative Leader,kor,ERR,,,run1:없음,"has_community=False role_relevant=False env_relevant=False | 이 논문의 분석 대상은 온라인 수업에 대한 교수자의 경험이며, '교수법 공동체'는 4명의 교수로 구성된 소규모 전문 모임으로서 자료 수집의 맥락에 불과하고, 온라인 커뮤니티라는 디지털 공간 자체의 구조·역할·운영 조건을 분석 대상으로 삼지 않는다.","이 논문의 분석 대상은 온라인 수업에 대한 교수자의 경험이며, '교수법 공동체'는 4명의 교수로 구성된 소규모 전문 모임으로서 자료 수집의 맥락에 불과하고, 온라인 커뮤니티라는 디지털 공간 자체의 구조·역할·운영 조건을 분석 대상으로 삼지 않는다.",True,1/1,run1:없음
ART001204097,온라인 커뮤니티 유형별 다중비교를 통한 커뮤니티 특성요인의 설명력에 관한 연구,한재용((주)ITNC21 CIO),2007,상업경영연구,kor,ERR,,,run1:없음,"has_community=True role_relevant=True env_relevant=True | 이 논문은 거래·관심·환상·관계 네 유형 커뮤니티의 특성요인을 비교 분석함으로써 커뮤니티 공간 자체의 사회적 기능(자기표현, 사교성, 경제적 유용성 등)을 조명하는 '장'으로서의 역할을 다루고(ROLE), 동시에 '회원관리성'과 '관리활동적 측면'을 특성요인으로 포함하여 유형 간 운영·관리 조건의 차이를 판별하는 것으로 ENV 조건에 해당한다.","[ROLE] 본 연구는 온라인 커뮤니티의 기술·동기·관리 특성요인을 도출하고 커뮤니티 유형(거래·관심·환상·관계)을 분류하는 구조적·세분화 연구로서, 사교성·상호작용성·관계 커뮤니티 등 관계적 요인을 언급하나 이용자 간 연결의 존재·강도·효과를 실제로 분석하지 않으므로 FIELD 계열 어느 코드에도 미부여되며, 외부 사회현상을 보여주는 창도 아니어서 WINDOW 계열 역시 미부여된다. | [ENV] 본 연구는 커뮤니티 유형(거래·관심·환상·관계)을 판별하는 특성요인을 도출하는 분류 연구이므로, 회원제·생애주기·익명성 차이는 전혀 다루지 않으며, '관리활동적 측면·회원관리성'이 언급되지만 이는 분류 변수로서 나열될 뿐 삭제·제재·중재 등 운영체계의 실제 분석 대상이 아니어서 4개 코드 모두 미부여.",True,1/1,run1:없음
ART002820088,영유아 대상 영어교육과 증강현실 활용에 대한 교사의 인식,채진영(부산대학교),2022,학습자중심교과교육연구,kor,ERR,,,run1:없음,"has_community=False role_relevant=False env_relevant=False | 이 논문에서 온라인 커뮤니티는 영유아 교사 설문 응답자를 모집하는 통로로만 언급될 뿐, 커뮤니티 자체의 구조·역할·환경 조건이 분석 대상이 되지 않으므로, 커뮤니티를 연구 재료로 활용하지 않은 경우이다.","이 논문에서 온라인 커뮤니티는 영유아 교사 설문 응답자를 모집하는 통로로만 언급될 뿐, 커뮤니티 자체의 구조·역할·환경 조건이 분석 대상이 되지 않으므로, 커뮤니티를 연구 재료로 활용하지 않은 경우이다.",True,1/1,run1:없음
ART002943365,초등교사의 다문화 감수성과 다문화 교수효능감의 관계에서 다문화 사회정의역량의 매개효과,이공숙(전북대학교),2023,한국교원교육연구,kor,ERR,,,run1:없음,"has_community=False role_relevant=False env_relevant=False | 초등학교 교사 온라인 커뮤니티는 설문조사 대상자 모집 통로로만 사용되었고, 본 연구의 분석 대상은 교사의 다문화 감수성·교수효능감·사회정의역량 간 관계이므로 커뮤니티 자체를 분석 대상으로 삼지 않는다.","초등학교 교사 온라인 커뮤니티는 설문조사 대상자 모집 통로로만 사용되었고, 본 연구의 분석 대상은 교사의 다문화 감수성·교수효능감·사회정의역량 간 관계이므로 커뮤니티 자체를 분석 대상으로 삼지 않는다.",True,1/1,run1:없음
ART002646885,교육실습 플랫폼의 설계전략 탐색을 위한 요구분석: 교육대학 사례를 중심으로,안정현(공주교육대학교 글로벌인재교육센터),2020,학습자중심교과교육연구,kor,ERR,,,run1:없음,"has_community=False role_relevant=False env_relevant=False | 이 논문은 교육실습 지원 플랫폼의 설계와 사용자 요구 분석이 주 목적이며, '온라인 커뮤니티 활성화'는 다섯 가지 설계 전략 중 하나로만 언급될 뿐 실제 온라인 커뮤니티를 분석 대상으로 삼지 않으므로 커뮤니티 존재 여부를 인정하기 어렵다.","이 논문은 교육실습 지원 플랫폼의 설계와 사용자 요구 분석이 주 목적이며, '온라인 커뮤니티 활성화'는 다섯 가지 설계 전략 중 하나로만 언급될 뿐 실제 온라인 커뮤니티를 분석 대상으로 삼지 않으므로 커뮤니티 존재 여부를 인정하기 어렵다.",True,1/1,run1:없음
ART002882608,앱 인벤터를 활용한 SW프로젝트 교육이 컴퓨팅 사고력 기반 문제해결력과 SW학습 과제가치 인식에 미치는 효과: 인문사회계열 신입생을 대상으로,유지원(가천대학교 교육대학원 AI융합교육전공),2022,컴퓨터교육학회 논문지,kor,ERR,,,run1:없음,"has_community=True role_relevant=False env_relevant=False | 이 논문은 인문사회계열 신입생을 대상으로 앱 인벤터 기반 SW 프로젝트 수업의 효과성을 검증하는 교육 연구이며, 온라인 커뮤니티를 분석 대상 또는 연구 재료로 삼지 않는다.","이 논문은 인문사회계열 신입생을 대상으로 앱 인벤터 기반 SW 프로젝트 수업의 효과성을 검증하는 교육 연구이며, 온라인 커뮤니티를 분석 대상 또는 연구 재료로 삼지 않는다.",True,1/1,run1:없음
ART002994348,"해외 인성교육 정책 및 실천의 변화 동향과 시사점 -미국, 영국, 싱가포르 사례를 중심으로-",김윤경(금파중학교),2023,인격교육,kor,ERR,,,run1:없음,"has_community=True role_relevant=False env_relevant=False | 이 논문은 미국·영국·싱가포르의 인성교육 정책 및 연구 비교를 통해 한국 인성교육의 방향을 도출하는 교육정책 연구로서, 온라인 커뮤니티를 분석 대상이나 연구 재료로 활용하지 않는다.","이 논문은 미국·영국·싱가포르의 인성교육 정책 및 연구 비교를 통해 한국 인성교육의 방향을 도출하는 교육정책 연구로서, 온라인 커뮤니티를 분석 대상이나 연구 재료로 활용하지 않는다.",True,1/1,run1:없음
ART002687823,초등교사의 미술 수업에서 온라인 교사 커뮤니티 활용에 대한 경험,공완욱(일산초등학교),2021,미술교육연구논총,kor,ERR,,,run1:없음,"has_community=True role_relevant=False env_relevant=False | 인디스쿨은 초등교사들이 미술 수업 자료를 공유·상호작용하는 온라인 커뮤니티로서 분석 대상이지만, 본 연구는 커뮤니티 자체의 사회적 역할이나 구조적·환경적 조건을 분석하는 것이 아니라, 교사 개개인의 현상학적 경험을 도출하기 위해 커뮤니티 게시글을 자료로 활용하는 데 그치며, 커뮤니티는 수업 자료 전달·수용의 통로(도구)로만 기능한다.","인디스쿨은 초등교사들이 미술 수업 자료를 공유·상호작용하는 온라인 커뮤니티로서 분석 대상이지만, 본 연구는 커뮤니티 자체의 사회적 역할이나 구조적·환경적 조건을 분석하는 것이 아니라, 교사 개개인의 현상학적 경험을 도출하기 위해 커뮤니티 게시글을 자료로 활용하는 데 그치며, 커뮤니티는 수업 자료 전달·수용의 통로(도구)로만 기능한다.",True,1/1,run1:없음
ART002563128,과학 수업에서 비주얼씽킹 도입에 대한 초등교사의 인식과 실행- 교사 온라인 커뮤니티 자료를 중심으로 -,박지원(남산초등학교),2020,초등과학교육,kor,ERR,,,run1:없음,"has_community=False role_relevant=False env_relevant=False | 초록에서 'elementary teacher's online communities'는 초등교원들이 시각적 사고 자료를 공유하는 플랫폼으로 언급되지만, 이 논문의 분석 대상은 시각적 사고(VT) 교수·학습 자료의 특성과 교사의 인식·실천이지 온라인 커뮤니티 그 자체가 아니므로, 커뮤니티는 단지 자료 수집 통로로만 기능하며 연구의 분석 대상이 아니다.","초록에서 'elementary teacher's online communities'는 초등교원들이 시각적 사고 자료를 공유하는 플랫폼으로 언급되지만, 이 논문의 분석 대상은 시각적 사고(VT) 교수·학습 자료의 특성과 교사의 인식·실천이지 온라인 커뮤니티 그 자체가 아니므로, 커뮤니티는 단지 자료 수집 통로로만 기능하며 연구의 분석 대상이 아니다.",True,1/1,run1:없음
ART001381801,웹2.0 기반 온라인 로봇교육 커뮤니티의 개발,성영훈(진주교육대학교),2009,정보교육학회논문지,kor,ERR,,,run1:없음,"has_community=False role_relevant=False env_relevant=False | 이 논문은 로봇교육교사와 사용자를 위한 온라인 커뮤니티 시스템을 설계·구축하는 시스템 개발 연구이지, 기존 온라인 커뮤니티의 사회적 관계·역할·구조를 분석 대상으로 삼지 않으므로 커뮤니티를 연구 대상으로 삼지 않는다.","이 논문은 로봇교육교사와 사용자를 위한 온라인 커뮤니티 시스템을 설계·구축하는 시스템 개발 연구이지, 기존 온라인 커뮤니티의 사회적 관계·역할·구조를 분석 대상으로 삼지 않으므로 커뮤니티를 연구 대상으로 삼지 않는다.",True,1/1,run1:없음
ART002263370,특수학급 교사의 ICT 및 온라인 교사 커뮤니티 활용 실제 분석: 디지털 교수학습 자료를 중심으로,박은혜(이화여자대학교),2017,특수아동교육연구,kor,OK,ROLE_WINDOW_MISC,,run1:없음,"has_community=True role_relevant=True env_relevant=False | 이 논문은 특수학급 교사의 디지털 교수학습 자료 공유와 참여 현황을 분석 대상으로 삼아 온라인 교사 커뮤니티를 전문적 자원 공유의 '장'으로 조명하나, 회원제·익명성·운영 방침 등 커뮤니티의 구조적·환경적 조건에 따른 차이나 변화를 분석하지는 않는다.","[ROLE] 본 논문은 특수학급 교사라는 오프라인 전문 집단의 ICT 활용·교수학습 자료 공유 현황을 파악하기 위해 온라인 교사 커뮤니티를 조사 도구로 활용하는 창(WINDOW_MISC) 연구로, 커뮤니티 공간 자체의 공론장·사회적 자본 기능보다는 교사 집단의 전문성 개발 실천이라는 외부 사회현상을 보여주는 데 초점이 있다.",True,0/1,run1:ROLE_WINDOW_MISC
ART002850451,온라인 교사공동체에 관한 체계적 문헌고찰,우한솔(펜실베니아주립대학교),2022,교육행정학연구,kor,OK,ROLE_FIELD_SOCIALCAPITAL,,run1:없음,"has_community=True role_relevant=True env_relevant=False | 이 논문은 온라인 교사공동체를 지식 공유·수업자료 공동생산·정서적 지지를 수행하는 전문성 신장의 '장'으로 삼아 그 개념·특징·효과를 체계적으로 문헌고찰하되, 회원제·제재·생애주기·익명성 등 구조적·환경적 조건에 따른 차이·비교를 분석하지는 않는다.","[ROLE] 이 논문은 온라인 교사공동체 공간 안에서 교사 간 수평적 관계 형성·정서적 지지·공동 생산 등 관계적 자원의 존재와 그 효과가 분석 대상이므로 FIELD 계열의 SOCIALCAPITAL에 해당하며, 공론장 검증이나 외부 사회현상 포착은 아니다.",True,0/1,run1:ROLE_FIELD_SOCIALCAPITAL
ART002850889,텍스트 네트워크 분석을 적용한 온라인 육아 커뮤니티 영유아 부모의 자녀양육 고민 분석: 자녀 연령별 차이를 중심으로,정옥경(총신대학교),2022,교육문화연구,kor,OK,ROLE_WINDOW_MISC,,run1:없음,"has_community=True role_relevant=True env_relevant=False | 이 논문은 온라인 육아 커뮤니티에 게시된 글이라는 창(ROLE_WINDOW)을 통해 영유아 부모의 자녀양육 고민을 연령별로 관찰·분석하므로 역할 조명은 해당하나, 커뮤니티의 구조적·환경적 조건(회원제, 익명성, 운영 방침 등)에 따른 차이·비교·변화를 다루지 않으므로 환경 조명은 해당하지 않는다.","[ROLE] 이 논문은 온라인 육아 커뮤니티를 데이터 소스로 활용하여 영유아 부모의 자녀양육 고민이라는 외부 사회현상을 유형화·분석하는 창(ROLE_WINDOW_MISC)으로 사용하며, 커뮤니티 공간 자체의 공론장 기능이나 이용자 간 관계적 자원 형성은 다루지 않는다.",True,0/1,run1:ROLE_WINDOW_MISC
ART002200117,초등정보영재 대상의 앱 인벤터 프로그래밍 교육의 효과,서형석(전주교육대학교),2017,정보교육학회논문지,kor,ERR,,,run1:없음,"has_community=False role_relevant=False env_relevant=False | 이 논문은 초등정보영재 학생 대상 앱 인벤터 교육 프로그램의 개발·적용 및 그 효과를 검증하는 교육학 연구로, 온라인 커뮤니티를 분석 대상으로 삼지 않는다.","이 논문은 초등정보영재 학생 대상 앱 인벤터 교육 프로그램의 개발·적용 및 그 효과를 검증하는 교육학 연구로, 온라인 커뮤니티를 분석 대상으로 삼지 않는다.",True,1/1,run1:없음
ART003056331,"유아기 자녀를 둔 어머니의 양육 스트레스에 대한 양육 효능감, 아버지 양육 참여 및 사회적 지지의 상대적 영향력",김경민(부경대학교),2024,학습자중심교과교육연구,kor,ERR,,,run1:없음,"has_community=False role_relevant=False env_relevant=False | 온라인 맘카페 및 육아 관련 커뮤니티는 설문 배포·모집 통로로만 언급될 뿐, 커뮤니티 자체의 구조·역할·환경이 분석 대상으로 삼아지지 않으므로 커뮤니티 분석 대상이 아니다.","온라인 맘카페 및 육아 관련 커뮤니티는 설문 배포·모집 통로로만 언급될 뿐, 커뮤니티 자체의 구조·역할·환경이 분석 대상으로 삼아지지 않으므로 커뮤니티 분석 대상이 아니다.",True,1/1,run1:없음
ART002212789,"취업 커뮤니티 특성이 취업 커뮤니티 몰입, 구직효능감, 구직행동에 미치는 영향에 관한 연구",김춘근(구리농수산물공사),2017,취업진로연구,kor,OK,ROLE_WINDOW_MISC,,run1:없음,"has_community=True role_relevant=True env_relevant=False | 이 논문은 구직자들이 정보를 공유하고 정서적 지지를 형성하는 취업 커뮤니티를 분석 대상으로 삼으며, 커뮤니티 특성이 몰입·구직효능감·구직행동에 미치는 영향으로 커뮤니티의 사회적 기능을 '장'으로 조명하지만, 회원제·익명성·운영 방침 등 구조적·환경적 조건을 특정하여 비교·분석하지는 않는다.","[ROLE] 이 논문은 장기 경기불황이라는 외부 사회현상 속에서 구직자 집단이 취업 커뮤니티를 매개로 구직행동을 수행하는 과정을 분석하므로, 온라인 커뮤니티는 구직행동이라는 바깥 현상을 비추는 창(WINDOW_MISC)으로 작동한다.",True,0/1,run1:ROLE_WINDOW_MISC
ART001168929,e-PBL에 의한 ‘생태와 환경’ 수업 사례,이명순(경희대학교),2006,환경교육,kor,ERR,,,run1:없음,"has_community=False role_relevant=False env_relevant=False | 이 텍스트는 새만금 간척사업을 주제로 한 단계학습 계획안으로, '온라인 커뮤니티 활용안내'가 정보 탐색 도구·모집 통로로 단 한 줄 언급될 뿐 커뮤니티 자체를 분석 대상이나 연구 재료로 삼지 않는다.","이 텍스트는 새만금 간척사업을 주제로 한 단계학습 계획안으로, '온라인 커뮤니티 활용안내'가 정보 탐색 도구·모집 통로로 단 한 줄 언급될 뿐 커뮤니티 자체를 분석 대상이나 연구 재료로 삼지 않는다.",True,1/1,run1:없음
ART002180726,교육대학교에서 스토리텔링을 활용한 발명수업 설계 방안,김용익(광주교육대학교),2016,한국실과교육학회지,kor,ERR,,,run1:없음,"has_community=False role_relevant=False env_relevant=False | 이 논문은 스토리텔링을 활용한 발명수업 설계 방안을 문헌연구로 모색하는 교육학 논문이며, '온라인 커뮤니티 활용'은 네 가지 수업 설계 사례 중 하나로 일괄 언급될 뿐, 커뮤니티 자체의 구조·역할·환경을 분석 대상으로 삼지 않는다.","이 논문은 스토리텔링을 활용한 발명수업 설계 방안을 문헌연구로 모색하는 교육학 논문이며, '온라인 커뮤니티 활용'은 네 가지 수업 설계 사례 중 하나로 일괄 언급될 뿐, 커뮤니티 자체의 구조·역할·환경을 분석 대상으로 삼지 않는다.",True,1/1,run1:없음
ART002053344,교수자 티칭 포트폴리오의 공개와 수업개선 참여활동이 예비교사의 티칭 포트폴리오 작성 및 수업설계 전문성에 미치는 영향,김민정(단국대학교),2015,학습자중심교과교육연구,kor,ERR,,,run1:없음,"has_community=True role_relevant=False env_relevant=False | 이 논문은 예비교사의 수업설계 전문성 형성에 티칭 포트폴리오 공개와 수업개선 활동 참여가 미치는 영향을 연구하는 교육학 논문이며, 온라인 커뮤니티는 포트폴리오를 전달·관찰·참여하게 하는 매개 수단으로만 사용되고, 커뮤니티 자체의 구조·역할·운영 조건이 분석 대상이 되지 않는다.","이 논문은 예비교사의 수업설계 전문성 형성에 티칭 포트폴리오 공개와 수업개선 활동 참여가 미치는 영향을 연구하는 교육학 논문이며, 온라인 커뮤니티는 포트폴리오를 전달·관찰·참여하게 하는 매개 수단으로만 사용되고, 커뮤니티 자체의 구조·역할·운영 조건이 분석 대상이 되지 않는다.",True,1/1,run1:없음
ART001749253,보육교사의 온라인 교사 커뮤니티 이용 실태와 인식 및 만족도,김미란(경성대학교 유아교육과 박사과정),2013,열린유아교육연구,kor,OK,ROLE_WINDOW_MISC,,run1:없음,"has_community=True role_relevant=True env_relevant=False | 이 논문은 보육교사의 온라인 교사 커뮤니티 이용 실태·동기·만족도를 조사하여 커뮤니티의 활성화 기초자료를 제공하므로, 커뮤니티를 전문성 계발·정보 공유의 '장'으로 조명하나(role_relevant), 회원제·익명성·운영 방침 등 구조적·환경적 조건에 따른 차이·비교·변화를 다루지 않으므로 env_relevant는 false이다.","[ROLE] 본 연구는 보육교사의 전문성 개발·정보 이용이라는 온라인 커뮤니티 밖에도 존재하는 직업적 현상을 온라인 교사 커뮤니티 이용 실태·만족도 설문으로 포착하는 것이므로, 커뮤니티 공간 자체의 역할이 아니라 보육교사라는 외부 집단의 전문성 개발·교사 간 정보 공유라는 사회현상을 보여주는 창(WINDOW_MISC)에 해당한다.",True,0/1,run1:ROLE_WINDOW_MISC
ART002673722,온라인 교사공동체 경험이 교사전문성과 효능감에 미치는 영향,이한비(자곡초),2020,한국초등교육,kor,OK,ROLE_FIELD_SOCIALCAPITAL,,run1:없음,"has_community=True role_relevant=True env_relevant=False | 이 논문은 온라인 교사공동체를 지식공유와 사회적 지지를 매개로 교사 전문성·효능감을 형성하는 실천공동체로서의 '장'으로 조명하나, 회원제·운영·익명성 등 구조적 조건에 따른 차이나 비교를 다루지 않으므로 env_relevant는 false이다.","[ROLE] 본 연구는 온라인 교사공동체라는 공간 안에서 구성원 간 지식공유와 사회적 지지라는 관계적 자원이 형성되고, 그것이 교사 전문성·효능감에 미치는 효과를 구조방정식으로 검증하는 것이므로, 온라인 커뮤니티 자체의 상호작용 구조를 분석 대상으로 삼는 장(FIELD)으로서의 사회적 자본(SOCIALCAPITAL) 역할에 해당한다.",True,0/1,run1:ROLE_FIELD_SOCIALCAPITAL
ART002705051,온라인 커뮤니티 익명게시판에 나타난어머니들의 일상적 경험,이혜정(대원대학교),2021,어린이문학교육연구,kor,OK,ROLE_WINDOW_MISC,,run1:없음,"has_community=True role_relevant=True env_relevant=False | 이 논문은 온라인 커뮤니티 익명게시판에서 어머니들이 육아 정보를 공유하고 공동체를 형성하며 서로 돕는 과정을 분석 대상으로 삼아 커뮤니티 공간 자체의 사회적 역할(장)을 조명하나, 익명성은 데이터 수집 출처의 서술에 그쳐 구조적·환경적 조건의 차이·비교·변화 분석은 수행하지 않는다.","[ROLE] 본 연구는 바깥에 실체가 있는 '어머니' 집단의 일상적 양육 경험을 온라인 커뮤니티 익명게시판을 통해 들여다보는 창(WINDOW_MISC)으로 활용하며, 공유·공동체 형성·서로 돕기 등 관계적 측면이 언급되긴 하나 오프라인 면접으로도 동일한 결론이 성립할 수 있어 FIELD 계열은 미부여한다.",True,0/1,run1:ROLE_WINDOW_MISC
ART001048466,온라인 공간에서의 학습 상호작용 유형에 관한 연구,성경희(국립국악학교),2007,시민교육연구,kor,OK,ROLE_WINDOW_MISC,,run1:없음,"has_community=True role_relevant=True env_relevant=False | 이 논문은 경제교과 관련 온라인 커뮤니티를 분석 대상으로 삼아 교사와 학생의 상호작용 유형(ITOC)을 도출하는 것으로, 커뮤니티 자체를 교육적 상호작용이 발생하는 '장'으로 조명하나, 회원제·익명성·운영방침 등 구조적·환경적 조건을 다루지는 않는다.","[ROLE] 온라인 커뮤니티를 사회과(경제교과) 교육에서 교사와 학생 간 학습 상호작용이 일어나는 장으로 설정하고 그 유형(ITOC)을 도출하며, 궁극적으로 '교육적 상호작용'이라는 일반적 사회현상을 온라인 커뮤니티라는 창을 통해 관찰·분류하는 WINDOW_MISC 성격이 강하나, 상호작용 유형 자체는 공론장·사회자본 판별 기준에 부합하지 않는다.",True,0/1,run1:ROLE_WINDOW_MISC
ART002847711,청소년의 진로개발역량 잠재전이유형과 관련 변인 연구: 부산교육종단연구를 중심으로,김형란(부산대학교),2022,학습자중심교과교육연구,kor,ERR,,,run1:없음,"has_community=False role_relevant=False env_relevant=False | 이 논문은 부산 청소년의 진로개발역량 잠재집단과 전이패턴을 분석하는 연구이며, '온라인 커뮤니티를 이용한 정보수집 경험'은 상급학교 방문·입시설명회 등과 나란히 진로개발역량을 예측하는 독립변인 중 하나로만 등장할 뿐, 커뮤니티 자체의 구조·역할·환경이 분석 대상이 되지 않는다.","이 논문은 부산 청소년의 진로개발역량 잠재집단과 전이패턴을 분석하는 연구이며, '온라인 커뮤니티를 이용한 정보수집 경험'은 상급학교 방문·입시설명회 등과 나란히 진로개발역량을 예측하는 독립변인 중 하나로만 등장할 뿐, 커뮤니티 자체의 구조·역할·환경이 분석 대상이 되지 않는다.",True,1/1,run1:없음
ART002114598,유아교사를 위한 액션러닝 기반미디어교육 프로그램의 개발,권연정(경복대학교),2016,어린이미디어연구,kor,ERR,,,run1:없음,"has_community=False role_relevant=False env_relevant=False | 이 논문은 유아교사를 위한 액션러닝 기반 미디어교육 프로그램 개발·적용·평가가 주제이며, 온라인 커뮤니티는 오프라인 모임 횟수를 줄이기 위한 보완적 전달 수단으로 일회성 언급에 그쳐, 커뮤니티 자체의 상호작용·사회적 역할·구조적 조건이 분석 대상으로 삼아지지 않는다.","이 논문은 유아교사를 위한 액션러닝 기반 미디어교육 프로그램 개발·적용·평가가 주제이며, 온라인 커뮤니티는 오프라인 모임 횟수를 줄이기 위한 보완적 전달 수단으로 일회성 언급에 그쳐, 커뮤니티 자체의 상호작용·사회적 역할·구조적 조건이 분석 대상으로 삼아지지 않는다.",True,1/1,run1:없음
ART003054676,온라인 육아 커뮤니티의 ‘영어유치원’ 담론 분석 : 토픽모델링과 감성분석의 적용,정옥경(총신대학교),2024,교육문화연구,kor,OK,ROLE_WINDOW_MISC,,run1:없음,"has_community=True role_relevant=True env_relevant=False | 이 논문은 온라인 육아 커뮤니티에 나타난 영어유치원 담론의 토픽과 감성을 분석하여 영유아 부모의 조기 영어교육에 대한 불안과 경쟁심을 드러내는 창(ROLE_WINDOW)으로 커뮤니티를 활용하며, 커뮤니티의 구조적·환경적 조건(회원제, 익명성, 운영 방침 등)에 따른 차이나 비교는 다루지 않는다.","[ROLE] 온라인 육아 커뮤니티를 분석 대상으로 삼되, 그 안에서 드러나는 '영어유치원 선택에 대한 부모의 불안과 경쟁'이라는 외부 사회현상을 포착하는 창(WINDOW_MISC)으로 사용하며, 커뮤니티 공간 자체의 공론장성이나 이용자 간 관계적 자원 형성은 다루지 않는다.",True,0/1,run1:ROLE_WINDOW_MISC
ART002793774,팬데믹 온라인 병행 수업 시대 초·중·고 체험·동아리활동 운영 실태와 대안 탐색,이동원(경인교육대학교),2021,경인교육대학교 교육연구원 교육논총,kor,ERR,,,run1:없음,"has_community=False role_relevant=False env_relevant=False | 이 논문은 코로나19로 인한 학교 체험·동아리활동의 온라인 병행 운영 실태와 공동체성 회복을 다루며, 여기서 '온라인'은 교육 전달 방식(에듀테크 활용 수업)을 의미할 뿐, 공통 관심사를 가진 사용자가 지속적으로 상호작용하며 관계를 형성하는 디지털 공간으로서의 온라인 커뮤니티를 분석 대상으로 삼지 않는다.","이 논문은 코로나19로 인한 학교 체험·동아리활동의 온라인 병행 운영 실태와 공동체성 회복을 다루며, 여기서 '온라인'은 교육 전달 방식(에듀테크 활용 수업)을 의미할 뿐, 공통 관심사를 가진 사용자가 지속적으로 상호작용하며 관계를 형성하는 디지털 공간으로서의 온라인 커뮤니티를 분석 대상으로 삼지 않는다.",True,1/1,run1:없음
ART002812836,사회적 실재감 향상을 위한 한국어 교사의 수업 전략 연구 - 실시간 온라인 수업을 중심으로 -,한혜민(한국외국어대학교),2022,외국어교육연구,kor,ERR,,,run1:없음,"has_community=True role_relevant=False env_relevant=False | 이 논문은 '탐구공동체모형(CoI)'이라는 교육학적 모델 내 사회적 실재감을 온라인 한국어 교수·학습 환경에서 구현하기 위한 교사 전략을 FGI로 분석하는 것으로, 여기서 '공동체'는 교육 이론의 구성 개념이지 공통 관심사·목적에 기반한 사용자가 지속적 상호작용으로 정보를 공유하고 관계를 형성하는 디지털 공간으로서의 온라인 커뮤니티가 아니므로, 커뮤니티를 분석 대상으로 삼지 않는다.","이 논문은 '탐구공동체모형(CoI)'이라는 교육학적 모델 내 사회적 실재감을 온라인 한국어 교수·학습 환경에서 구현하기 위한 교사 전략을 FGI로 분석하는 것으로, 여기서 '공동체'는 교육 이론의 구성 개념이지 공통 관심사·목적에 기반한 사용자가 지속적 상호작용으로 정보를 공유하고 관계를 형성하는 디지털 공간으로서의 온라인 커뮤니티가 아니므로, 커뮤니티를 분석 대상으로 삼지 않는다.",True,1/1,run1:없음
ART002153851,공업계 특성화고 학생을 위한 피지컬 컴퓨팅 플랫폼 기반의 모형 거북선 개발 및 적용,김원웅(한국교원대학교),2016,대한공업교육학회지,kor,ERR,,,run1:없음,"has_community=False role_relevant=False env_relevant=False | 이 논문은 아두이노·앱 인벤터 기반의 모형 거북선 개발을 주제로 한 공업계열 특성화고 교육 연구로, 온라인 커뮤니티를 분석 대상이나 연구 도구로 삼고 있지 않다.","이 논문은 아두이노·앱 인벤터 기반의 모형 거북선 개발을 주제로 한 공업계열 특성화고 교육 연구로, 온라인 커뮤니티를 분석 대상이나 연구 도구로 삼고 있지 않다.",True,1/1,run1:없음
ART002862588,대학생의 대처유연성과 주도적 대처가 학업소진에 미치는 영향: 위계적 회귀분석을 중심으로,현승주(육군사관학교),2022,학습자중심교과교육연구,kor,ERR,,,run1:없음,"has_community=False role_relevant=False env_relevant=False | 본 연구는 대처유연성과 주도적 대처가 학업소진을 예측하는지 검증하는 심리학적 연구이며, 5개 대학교 온라인 커뮤니티는 설문 응답자 모집 통로로만 활용되었을 뿐 커뮤니티 자체를 분석 대상으로 삼지 않는다.","본 연구는 대처유연성과 주도적 대처가 학업소진을 예측하는지 검증하는 심리학적 연구이며, 5개 대학교 온라인 커뮤니티는 설문 응답자 모집 통로로만 활용되었을 뿐 커뮤니티 자체를 분석 대상으로 삼지 않는다.",True,1/1,run1:없음
ART001173269,지식정보사회와 청소년문화 제고찰: 청소년의 온라인 커뮤니티 참여화 지식 정보 습득을 중심으로,조혜영(한국청소년개발원),2006,교육인류학연구,kor,OK,ROLE_FIELD_SOCIALCAPITAL,,run1:없음,"has_community=True role_relevant=True env_relevant=False | 이 논문은 청소년이 관심분야 온라인 커뮤니티에 참여하여 지식을 습득·공유·확산하는 과정을 분석 대상으로 삼음으로써 커뮤니티를 지식 순환의 '장'으로 조명하나, 회원제·익명성·운영 방침 등 커뮤니티의 구조적·환경적 조건에 따른 차이나 변화를 다루지 않는다.","[ROLE] 본 연구는 청년이 커뮤니티 안에서 지식을 습득하고 구성원 간에 집단적·사회적으로 공유·확산하는 이용자 간 관계적 흐름을 분석하므로, 온라인 커뮤니티를 지식 공유의 장(ROLE_FIELD_SOCIALCAPITAL)으로 조명하는 데 중심이 놓인다.",True,0/1,run1:ROLE_FIELD_SOCIALCAPITAL
ART002625530,어머니의 태아기·영아기 육아 들여다보기,김초롱(고신대학교),2020,학습자중심교과교육연구,kor,ERR,,,run1:없음,"has_community=False role_relevant=False env_relevant=False | 이 논문은 유아기 자녀를 둔 어머니의 육아 경험을 심층 면담으로 분석하는 연구이며, '온라인 커뮤니티는 육아 상담소'는 10개 내용범주 중 하나로, 도서와 함께 어머니가 참고하는 정보 자원 중 하나로 잠깐 언급될 뿐 커뮤니티 자체를 분석 대상으로 삼지 않는다.","이 논문은 유아기 자녀를 둔 어머니의 육아 경험을 심층 면담으로 분석하는 연구이며, '온라인 커뮤니티는 육아 상담소'는 10개 내용범주 중 하나로, 도서와 함께 어머니가 참고하는 정보 자원 중 하나로 잠깐 언급될 뿐 커뮤니티 자체를 분석 대상으로 삼지 않는다.",True,1/1,run1:없음
ART002241210,4년제 일반대학 취업준비생의 취업스터디를 통한 경력개발에 대한 질적 연구,김민영(연세대학교),2017,進路敎育硏究,kor,ERR,,,run1:없음,"has_community=True role_relevant=False env_relevant=False | 온라인 취업 커뮤니티는 오프라인 취업스터디 모임으로 이어지는 모집·연결 통로로 언급될 뿐, 그 공간의 사회적 역할(창/장)이나 구조적·환경적 조건(회원제, 익명성, 운영 방침 등)이 분석 대상이 되지 않으므로 role·env 모두 해당하지 않는다.","온라인 취업 커뮤니티는 오프라인 취업스터디 모임으로 이어지는 모집·연결 통로로 언급될 뿐, 그 공간의 사회적 역할(창/장)이나 구조적·환경적 조건(회원제, 익명성, 운영 방침 등)이 분석 대상이 되지 않으므로 role·env 모두 해당하지 않는다.",True,1/1,run1:없음
ART003049522,강의 평가 텍스트 분석을 통한 수업 개선 방안 연구 : 대학생 온라인 커뮤니티의 강의 평가를 중심으로,박광길(강원대학교),2024,교양학 연구,kor,ERR,,,run1:없음,"has_community=True role_relevant=False env_relevant=False | 에브리타임은 강의 평가 텍스트를 수집하는 데이터 소스로만 활용되며, 커뮤니티 자체의 사회적 역할(창/장)이나 구조적·환경적 조건(회원제, 익명성, 운영 방침 등)이 분석 대상이나 비교 변수로 다루어지지 않으므로 role·env 모두 해당하지 않는다.","에브리타임은 강의 평가 텍스트를 수집하는 데이터 소스로만 활용되며, 커뮤니티 자체의 사회적 역할(창/장)이나 구조적·환경적 조건(회원제, 익명성, 운영 방침 등)이 분석 대상이나 비교 변수로 다루어지지 않으므로 role·env 모두 해당하지 않는다.",True,1/1,run1:없음
ART003123046,"국제화된 대학, 제한된 언어 다양성: 한국 대학 내 다중언어 경관에 대한 인식 연구",장인철(서울대학교),2024,The SNU Journal of Education Research,kor,ERR,,,run1:없음,"has_community=False role_relevant=False env_relevant=False | 이 논문은 대학 내 다중언어 경관과 학생들의 인식 분석이 연구 대상이며, 온라인 커뮤니티는 유학생이 다중언어 표지 필요성을 느끼지 못하는 이유 중 하나로 잠깐 언급된 도구적 자원에 불과하여 분석 대상 커뮤니티로 삼고 있지 않다.","이 논문은 대학 내 다중언어 경관과 학생들의 인식 분석이 연구 대상이며, 온라인 커뮤니티는 유학생이 다중언어 표지 필요성을 느끼지 못하는 이유 중 하나로 잠깐 언급된 도구적 자원에 불과하여 분석 대상 커뮤니티로 삼고 있지 않다.",True,1/1,run1:없음
ART002851134,중학교 교사의 개별화 교수전략 교육요구도 탐색,정성희(이화여자대학교),2022,한국교원교육연구,kor,ERR,,,run1:없음,"has_community=False role_relevant=False env_relevant=False | 온라인 커뮤니티는 설문조사 배부와 응답자 모집의 통로로만 활용되었으며, 그 자체를 분석 대상으로 삼지 않으므로 연구의 커뮤니티 존재 여부는 없다.","온라인 커뮤니티는 설문조사 배부와 응답자 모집의 통로로만 활용되었으며, 그 자체를 분석 대상으로 삼지 않으므로 연구의 커뮤니티 존재 여부는 없다.",True,1/1,run1:없음
ART002926726,20대 남성의 반페미니즘 의식 학습과 전환학습,김현민(한국교원대학교),2023,학습자중심교과교육연구,kor,OK,ROLE_WINDOW_GENDER,,run1:없음,"has_community=True role_relevant=True env_relevant=False | 이 논문은 20대 남성 반페미니즘 의식의 확산 과정에서 '온라인 커뮤니티 등을 통한 담화'를 집단적 전환학습의 매개로 지목하여, 커뮤니티를 반페미니즘 의식이 형성·유통되는 창(ROLE_WINDOW_MISC)으로 인식하나, 회원제·익명성·운영 방식 등 커뮤니티의 구조적·환경적 조건에 따른 차이·비교는 다루지 않는다.","[ROLE] 본 연구의 분석 대상은 20대 남성의 반페미니즘 의식이라는 젠더 갈등 현상이며, 온라인 커뮤니티는 그 의식이 확산되는 담화 채널 중 하나로 언급되는 데 그치므로, 온라인 커뮤니티는 외부에 실체가 있는 젠더 대립 현상을 보여주는 창(ROLE_WINDOW_GENDER)으로 기능한다.",True,0/1,run1:ROLE_WINDOW_GENDER
ART001068315,아바타가 학급 홈페이지 몰입 및 초등학생의 사이버 자아에 미치는 영향에 관한 연구,김성원(광남초등학교),2005,정보교육학회논문지,kor,ERR,,,run1:없음,"has_community=True role_relevant=True env_relevant=False | 이 논문은 학급 홈페이지를 교사·학생·부모 간 의사교환과 학습, 온라인 커뮤니티 연습의 '장'으로 규정하여 그 사회적 역할을 조명하나(ROLE), 분석 대상은 아바타라는 설계 요소가 몰입과 사이버 자아에 미치는 효과에 한정되어 회원제·운영방침·익명성 등 커뮤니티의 구조적·환경적 조건을 비교·검토하지는 않는다(ENV 불충분).","[ROLE] 이 논문은 학급 홈페이지라는 온라인 공간의 교육적 기능(몰입·사이버 자아 형성)을 분석하나, 공론장 검증이나 이용자 간 관계적 자원 형성의 논의가 없어 FIELD 계열 두 코드 모두 미부여이며, '초등학생의 사이버 자아 형성'이라는 외부 발달 심리 현상을 온라인 커뮤니티를 통해 관찰하는 WINDOW_MISC 성격이 가장 가까이나, 분석이 온라인 공간 자체의 기능에 깊이 묶여 있어 prob 0.35로 미부여에 그친다.",True,1/1,run1:없음
ART002021077,Online Communities and their Implementation in Language Education: Supporting Participation in Social Practice,MCNEILLEVI KEITH(숙명여자대학교),2015,외국어교육연구,kor,ERR,,,run1:없음,"has_community=True role_relevant=True env_relevant=False | 이 논문은 온라인 커뮤니티를 situated learning과 digital literacies 관점에서 언어 학습의 사회실천 공간(장)으로 조명하되, 회원제·익명성·운영방침 등 구조적·환경적 조건에 따른 차이·비교를 다루지 않고 교육적 활용 모델 제안에 초점을 두므로 role만 해당한다.","[ROLE] 본 연구는 온라인 커뮤니티의 다모달·상황학습적 특성을 기술하고 이를 언어교육 커리큘럼에 통합하는 모델을 제안하는 데 초점을 두며, 'participation as social practice'와 'community involvement'가 언급되지만 교육 맥락의 참여이지 신뢰·연대·네트워크 형성 자체를 분석 대상으로 삼지 않아 FIELD 계열에 미치지 못하며, 언어 학습이라는 외부 현상을 커뮤니티를 통해 보는 WINDOW_MIS로도 보이나 커뮤니티가 교육 도구로 직접 분석 대상이므로 어느 코드에도 0.5 이상 부여되지 않는다.",True,1/1,run1:없음
ART002476415,초등 사회과 지도서에 대한 현장 교사 인식 및 개선 방안,한춘희(부산교육대학교),2019,사회과수업연구,kor,ERR,,,run1:없음,"has_community=False role_relevant=False env_relevant=False | 이 논문은 초등 사회과 지도서 개선방안을 연구하는 것으로, '교사 온라인 커뮤니티'는 설문 결과에서 교사들이 수업 자료를 얻는 통로로 일회성 서술에 그칠 뿐, 커뮤니티 자체를 분석 대상으로 삼지 않는다.","이 논문은 초등 사회과 지도서 개선방안을 연구하는 것으로, '교사 온라인 커뮤니티'는 설문 결과에서 교사들이 수업 자료를 얻는 통로로 일회성 서술에 그칠 뿐, 커뮤니티 자체를 분석 대상으로 삼지 않는다.",True,1/1,run1:없음
ART002299243,IP Meister 프로그램의 교육 효과 분석 연구,이규녀(충남대학교),2017,한국기술교육학회지,kor,ERR,,,run1:없음,"has_community=False role_relevant=False env_relevant=False | 이 논문은 특성화고·마이스터고 IP Meister 프로그램의 교육 효과와 문제점을 분석하는 연구이며, '온라인 커뮤니티'는 개선 방안으로 제시된 네트워크 구축 도구로만 언급될 뿐, 연구의 분석 대상이나 조명 대상이 아니다.","이 논문은 특성화고·마이스터고 IP Meister 프로그램의 교육 효과와 문제점을 분석하는 연구이며, '온라인 커뮤니티'는 개선 방안으로 제시된 네트워크 구축 도구로만 언급될 뿐, 연구의 분석 대상이나 조명 대상이 아니다.",True,1/1,run1:없음
ART001463636,온라인 학습 공동체(OLC)를 활용한 실과 교수­학습 활동이 아동의 자아존중감에 미치는 영향,신기철(경의초등학교),2010,한국실과교육학회지,kor,ERR,,,run1:없음,"has_community=True role_relevant=False env_relevant=False | 이 논문은 온라인 학습 공동체를 교수-학습의 실험적 중재 도구로 사용하여 아동의 자아존중감 변화 효과를 검증하는 교육적 실험연구이며, 커뮤니티 자체의 사회적 역할이나 구조적·환경적 조건을 분석 대상이나 창으로 삼지 않으므로 role·env 모두 해당하지 않는다.","이 논문은 온라인 학습 공동체를 교수-학습의 실험적 중재 도구로 사용하여 아동의 자아존중감 변화 효과를 검증하는 교육적 실험연구이며, 커뮤니티 자체의 사회적 역할이나 구조적·환경적 조건을 분석 대상이나 창으로 삼지 않으므로 role·env 모두 해당하지 않는다.",True,1/1,run1:없음
ART003092595,영어유치원 선택요인 연구 : 텍스트 네트워크 분석,정옥경(총신대학교),2024,교육문화연구,kor,OK,ROLE_WINDOW_MISC,,run1:없음,"has_community=True role_relevant=True env_relevant=False | 이 논문은 온라인 육아 커뮤니티의 게시글을 수집하여 영유아 부모들의 영어유치원 선택요인을 분석하므로, 커뮤니티를 부모의 교육 선택이라는 외부 사회현상을 관찰하는 '창'으로 활용하나, 커뮤니티의 회원제·익명성·운영방침 등 구조적·환경적 조건을 분석하거나 비교하지 않으므로 env_relevant는 false이다.","[ROLE] 이 논문은 온라인 육아 커뮤니티를 데이터 소스로 활용하여 영유아 부모들의 영어유치원 선택요인이라는 외부 사회현상을 포착하는 창(WINDOW_MISC)으로 사용하며, 커뮤니티 공간 자체의 역할(공론장·사회적자본)을 분석 대상 삼지 않는다.",True,0/1,run1:ROLE_WINDOW_MISC
ART002914733,시각장애학생 교육을 위한 온라인 실천공동체 사례 탐색 및 국내 모델 개발,박진석(이화여자대학교 특수교육연구소),2022,시각장애연구,kor,OK,ROLE_FIELD_SOCIALCAPITAL,,run1:없음,"has_community=True role_relevant=True env_relevant=False | 이 논문은 시각장애교육 전문교사의 전문성 향상과 네트워크 형성을 위한 온라인 실천공동체를 분석·개발하는 것으로, 커뮤니티가 지식 공유와 협업의 '장'으로서의 사회적 역할을 분석 대상으로 삼으나, 회원제·익명성·운영 방침 등 구조적 환경 조건에 따른 차이·비교·변화를 다루지는 않는다.","[ROLE] 이 논문은 시각장애교육 온라인 실천공동체의 네트워크 형성·전문가 협업·자율적 참여 등 이용자 간 관계적 자원과 상호작용을 분석 및 개발 대상으로 삼으므로, 온라인 커뮤니티 공간 자체의 사회적 자본 형성을 조명하는 FIELD 계열(SOCIALCAPITAL)에 해당한다.",True,0/1,run1:ROLE_FIELD_SOCIALCAPITAL
ART002938692,초등 예비교사가 제작한 과학교육용 앱의 특징과 앱 제작 교육에 대한 초등교사의 생각,나지연(춘천교육대학교),2023,초등과학교육,kor,ERR,,,run1:없음,"has_community=True role_relevant=False env_relevant=False | 이 논문은 초등 예비교사가 제작한 교육용 앱의 특징과 초등교사의 생각을 분석하여 TPACK 교육에 시사점을 도출하는 연구로, 온라인 커뮤니티를 분석 대상으로 삼지 않으므로 커뮤니티 존재 여부가 성립하지 않는다.","이 논문은 초등 예비교사가 제작한 교육용 앱의 특징과 초등교사의 생각을 분석하여 TPACK 교육에 시사점을 도출하는 연구로, 온라인 커뮤니티를 분석 대상으로 삼지 않으므로 커뮤니티 존재 여부가 성립하지 않는다.",True,1/1,run1:없음
ART002689199,발명체험교육관의 심화 체험 발명교육 프로그램 개발과 활용 방안 연구,최유현(충남대학교),2021,실과교육연구,kor,ERR,,,run1:없음,"has_community=True role_relevant=False env_relevant=False | 이 논문은 발명체험교육관의 심화 체험 발명교육 프로그램 개발을 주제로 하며, 오프라인 교육 프로그램의 설계·활용 방안을 다루고 있어 온라인 커뮤니티를 분석 대상이나 연구 재료로 삼지 않는다.","이 논문은 발명체험교육관의 심화 체험 발명교육 프로그램 개발을 주제로 하며, 오프라인 교육 프로그램의 설계·활용 방안을 다루고 있어 온라인 커뮤니티를 분석 대상이나 연구 재료로 삼지 않는다.",True,1/1,run1:없음
ART002914262,"메타버스 직업 인식과 일반적 특성에 따른 진로준비행동, 진로유연성, 진로정체감의 차이: 온라인 커뮤니티 이용자 중심으로",박완성(삼육대학교),2022,직업교육연구,kor,ERR,,,run1:없음,"has_community=False role_relevant=False env_relevant=False | 이 논문은 메타버스 직업 인식과 진로 관련 변수를 분석하는 설문조사 연구이며, 온라인 커뮤니티는 단지 응답자 160명을 모집하는 통로로만 사용될 뿐 커뮤니티 자체의 구조·역할·환경을 분석 대상으로 삼지 않는다.","이 논문은 메타버스 직업 인식과 진로 관련 변수를 분석하는 설문조사 연구이며, 온라인 커뮤니티는 단지 응답자 160명을 모집하는 통로로만 사용될 뿐 커뮤니티 자체의 구조·역할·환경을 분석 대상으로 삼지 않는다.",True,1/1,run1:없음
ART003016994,소셜 빅데이터로 알아본 소아청소년과에 대한 인식,박유경(뉴욕주립대학교),2023,아동과 권리,kor,OK,ROLE_WINDOW_MISC,,run1:없음,"has_community=True role_relevant=True env_relevant=False | 이 논문은 소아청소년과에 대한 양육자의 인식을 발견하기 위해 온라인 커뮤니티 게시물을 텍스트마이닝 분석 대상으로 삼아, 커뮤니티를 외부 사회현상(의료 서비스 인식)을 읽어내는 '창'으로 활용하나, 블로그와 카페 간 토픽 차이를 서술하는 수준에 그쳐 커뮤니티의 구조적·환경적 조건을 비교·분석하지는 않는다.","[ROLE] 본 연구는 온라인 커뮤니티 게시물을 양육자의 소아청소년과 인식이라는 외부 사회현상을 파악하는 자료원으로만 활용하고 있으므로, 커뮤니티 공간 자체의 역할이 아닌 양육자 인식이라는 외부 현상을 보여주는 창(ROLE_WINDOW_MISC)으로 분류된다.",True,0/1,run1:ROLE_WINDOW_MISC
ART003018304,온라인 교사커뮤니티의 운영형태별 활용목적에 대하여 초등교사가 인식하는 중요도와 실행도 분석,이서교(고려대학교),2023,초등교육연구,kor,OK,ROLE_FIELD_SOCIALCAPITAL,,run1:없음,"has_community=True role_relevant=True env_relevant=True | 이 논문은 교사 대상 온라인 커뮤니티의 사회적 기능(친목, 자료공유, 연결망 형성)을 분석 대상으로 삼아 '장'으로서의 역할을 조명하고, 운영형태에 따라 교사의 인식과 요구가 유의하게 차이난다는 비교를 통해 구조적·환경적 조건(운영 방식)의 차이를 고려하고 있다.","[ROLE] 이 논문은 온라인 교사커뮤니티를 친목·자료공유·연결망 형성 등 이용자 간 관계적 자원(사회적 자본)이 형성·유통되는 공간으로 설정하고, 교사의 요구도·중요도·실행도를 통해 그 관계적 기능을 진단하므로, FIELD 계열 중 SOCIALCAPITAL에 해당한다. | [ENV] 본 연구는 온라인 교사커뮤니티의 활용 목적과 교사 요구도를 설문조사로 파악하는 인식·수요 분석에 그치며, 회원제·운영체계·생애주기·익명성 중 어느 하나를 구조적 변인으로 비교·분석하지 않으므로 4개 코드 모두 미부여로 판단한다.",True,0/1,run1:ROLE_FIELD_SOCIALCAPITAL
ART003154341,유아대상 영어학원에 자녀를 보내는 어머니의 경험 및 인식,김희진(이화여자대학교 유아교육과),2024,영유아교육: 이론과 실천,kor,ERR,,,run1:없음,"has_community=False role_relevant=False env_relevant=False | 이 논문은 유아대상 영어학원 선택의 이유와 어머니의 인식을 설문조사로 파악하는 것이 목적으로, 온라인 커뮤니티는 '정보를 얻는 통로'로서 한 문장에 언급될 뿐 분석 대상이나 연구 소재로 활용되지 않는다.","이 논문은 유아대상 영어학원 선택의 이유와 어머니의 인식을 설문조사로 파악하는 것이 목적으로, 온라인 커뮤니티는 '정보를 얻는 통로'로서 한 문장에 언급될 뿐 분석 대상이나 연구 소재로 활용되지 않는다.",True,1/1,run1:없음
ART003249695,인스타그램 관계망이 초등 교사의 교육 실천에 미치는 영향에 대한 행위자-네트워크 분석,신은하(전북대학교),2025,한국교원교육연구,kor,ERR,,,run1:없음,"has_community=False role_relevant=False env_relevant=False | 본 연구의 분석 대상은 인스타그램이라는 소셜 미디어 플랫폼에서 교사 인플루언서와 팔로워 간 행위자-네트워크 형성 과정이며, '온라인 커뮤니티 게시글과 댓글'은 뉴스 기사와 함께 보조 자료 수집의 일환으로만 언급되어 커뮤니티 자체가 분석 대상이 되지 않는다.","본 연구의 분석 대상은 인스타그램이라는 소셜 미디어 플랫폼에서 교사 인플루언서와 팔로워 간 행위자-네트워크 형성 과정이며, '온라인 커뮤니티 게시글과 댓글'은 뉴스 기사와 함께 보조 자료 수집의 일환으로만 언급되어 커뮤니티 자체가 분석 대상이 되지 않는다.",True,1/1,run1:없음
ART001066515,10대 학생들을 위한 온라인 학습 커뮤니티 설계 및 개발,조미헌(청주교육대학교 컴퓨터교육과),2007,정보교육학회논문지,kor,ERR,,,run1:없음,"has_community=True role_relevant=False env_relevant=False | 이 논문은 10대 학생을 위한 온라인 학습 커뮤니티를 설계·개발하는 것이 주 목적이며, 커뮤니티의 사회적 역할(창/장)을 분석 대상 삼거나 구조적·환경적 조건을 비교·변화하는 차원에서 조명하지 않고, 커뮤니티 자체를 산출물로 다루고 있으므로 role·env 모두 해당하지 않는다.","이 논문은 10대 학생을 위한 온라인 학습 커뮤니티를 설계·개발하는 것이 주 목적이며, 커뮤니티의 사회적 역할(창/장)을 분석 대상 삼거나 구조적·환경적 조건을 비교·변화하는 차원에서 조명하지 않고, 커뮤니티 자체를 산출물로 다루고 있으므로 role·env 모두 해당하지 않는다.",True,1/1,run1:없음
ART002561895,초등학교 어린이를 위한 성미디어 리터러시 교육 사례와 수업안: ‘마이팝스튜디오 모델’의 평가기준을 중심으로,고동연(명지대학교 미술사학과),2020,미술교육연구논총,kor,ERR,,,run1:없음,"has_community=True role_relevant=False env_relevant=False | 이 논문은 초등학생 대상 성평등 미디어 리터러시 수업 개발을 목적으로 하며, '온라인 커뮤니티에서 참여'는 디즈니 영화·TV 드라마·이모티콘과 나란히 언급된 교육 전략 개념 중 하나에 불과하고, 실제 특정 커뮤니티가 분석 대상이나 연구의 창·장·환경 조건으로 기능하지 않으므로 커뮤니티가 존재하지 않는다고 판단한다.","이 논문은 초등학생 대상 성평등 미디어 리터러시 수업 개발을 목적으로 하며, '온라인 커뮤니티에서 참여'는 디즈니 영화·TV 드라마·이모티콘과 나란히 언급된 교육 전략 개념 중 하나에 불과하고, 실제 특정 커뮤니티가 분석 대상이나 연구의 창·장·환경 조건으로 기능하지 않으므로 커뮤니티가 존재하지 않는다고 판단한다.",True,1/1,run1:없음
ART002319597,Humhub 소셜네트워크 소프트웨어를 사용한 온라인 학습 커뮤니티 구축 방안,박종대(배재대학교),2018,정보교육학회논문지,kor,ERR,,,run1:없음,"has_community=False role_relevant=False env_relevant=False | 이 논문은 Humhub 기반 온라인 학습 커뮤니티 사이트의 기술적 구축(그룹 생성, 질의응답 기능, 수식 입력 기능)을 주 목적으로 하는 시스템 개발 논문이며, 기존 온라인 커뮤니티의 사회적 역동·구조를 분석 대상으로 삼지 않으므로 커뮤니티 분석 대상이 성립하지 않는다.","이 논문은 Humhub 기반 온라인 학습 커뮤니티 사이트의 기술적 구축(그룹 생성, 질의응답 기능, 수식 입력 기능)을 주 목적으로 하는 시스템 개발 논문이며, 기존 온라인 커뮤니티의 사회적 역동·구조를 분석 대상으로 삼지 않으므로 커뮤니티 분석 대상이 성립하지 않는다.",True,1/1,run1:없음
ART003093799,‘엄마표 영어’담론 분석:토픽모델링과 감성분석의 적용,정옥경(총신대학교),2024,한국유아교육연구,kor,OK,ROLE_WINDOW_MISC,,run1:없음,"has_community=True role_relevant=True env_relevant=False | 이 논문은 온라인 육아 커뮤니티 내 게시글을 데이터로 삼아 엄마표 영어 담론의 토픽과 감성을 분석함으로써, 커뮤니티를 엄마표 영어라는 외부 사회현상을 보여주는 창(ROLE_WINDOW)으로 활용하나, 커뮤니티의 구조적·환경적 조건(회원제, 익명성, 운영 방식 등)을 비교하거나 변화 요인으로 고려하지는 않는다.","[ROLE] 이 논문은 온라인 육아 커뮤니티를 '엄마표 영어'라는 부모 교육 실천·담론 현상을 포착하는 데이터 소스로 활용하는 창(WINDOW_MISC)으로 기능하며, 커뮤니티 공간 자체의 공론장 기능이나 이용자 간 관계적 자원 형성을 분석 대상 삼지 않는다.",True,0/1,run1:ROLE_WINDOW_MISC
ART003158146,앱 인벤터를 활용한 문제해결학습 능력 향상 교육 프로그램 제안에 관한 연구,임소현(종덕 초등학교),2024,지능정보융합과 미래교육,kor,ERR,,,run1:없음,"has_community=True role_relevant=False env_relevant=False | 이 논문은 앱 인벤터와 피지컬 컴퓨팅 도구를 활용한 문제해결 학습 프로그램 고안이 주제이며, 온라인 커뮤니티를 분석 대상으로 삼지 않으므로 커뮤니티 존재 자체가 성립하지 않는다.","이 논문은 앱 인벤터와 피지컬 컴퓨팅 도구를 활용한 문제해결 학습 프로그램 고안이 주제이며, 온라인 커뮤니티를 분석 대상으로 삼지 않으므로 커뮤니티 존재 자체가 성립하지 않는다.",True,1/1,run1:없음
ART002847532,한글 문해 앱(App) 제작에 기반한 스마트폰 교육프로그램 개발과 활용 가능성 탐색,이안(경희대학교),2022,학습자중심교과교육연구,kor,ERR,,,run1:없음,"has_community=True role_relevant=False env_relevant=False | 이 논문은 한글 문해교육과 스마트폰 교육을 결합하기 위한 모바일 앱 제작 및 프로그램 개발을 다루며, 온라인 커뮤니티를 분석 대상이나 연구 재료로 삼지 않으므로 커뮤니티 관련 판단은 모두 해당하지 않는다.","이 논문은 한글 문해교육과 스마트폰 교육을 결합하기 위한 모바일 앱 제작 및 프로그램 개발을 다루며, 온라인 커뮤니티를 분석 대상이나 연구 재료로 삼지 않으므로 커뮤니티 관련 판단은 모두 해당하지 않는다.",True,1/1,run1:없음
ART002089973,구기종목 운동부의 지도를 위한 ‘무빙 데이터’ 어플리케이션 개발,김세민(공주대학교 박사과정),2015,2015년 하계 학술대회,kor,ERR,,,run1:없음,"has_community=False role_relevant=False env_relevant=False | 이 논문은 구기종목 운동부 지도자를 위한 무빙 데이터 앱 개발 연구로, 공통 관심사를 가진 사용자 간 상호작용·정보 공유·관계 형성을 전제하는 온라인 커뮤니티를 분석 대상이나 연구 소재로 삼지 않는다.","이 논문은 구기종목 운동부 지도자를 위한 무빙 데이터 앱 개발 연구로, 공통 관심사를 가진 사용자 간 상호작용·정보 공유·관계 형성을 전제하는 온라인 커뮤니티를 분석 대상이나 연구 소재로 삼지 않는다.",True,1/1,run1:없음
ART002089913,Fusion Tables 기반의 동료평가 앱 개발,유인환(대구교육대학교),2014,2014년 하계 학술대회,kor,ERR,,,run1:없음,"has_community=False role_relevant=False env_relevant=False | 이 논문은 동료평가를 지원하기 위한 모바일 앱 개발을 다루며, 공통 관심사나 목적을 가진 사용자가 지속적으로 상호작용하며 정보를 공유하고 관계를 형성하는 온라인 커뮤니티를 분석 대상으로 삼지 않으므로 커뮤니티가 존재하지 않는다.","이 논문은 동료평가를 지원하기 위한 모바일 앱 개발을 다루며, 공통 관심사나 목적을 가진 사용자가 지속적으로 상호작용하며 정보를 공유하고 관계를 형성하는 온라인 커뮤니티를 분석 대상으로 삼지 않으므로 커뮤니티가 존재하지 않는다.",True,1/1,run1:없음
ART003171557,공립학교 교사를 대상으로 한 MDI 타당화 연구,박성주(김천대학교),2024,아동교육,kor,ERR,,,run1:없음,"has_community=True role_relevant=False env_relevant=False | 이 논문은 교사 대상 정신건강 자가진단 척도(MDI)의 타당화 연구로, 온라인 커뮤니티를 분석 대상이나 연구 재료로 삼지 않으므로 커뮤니티 존재 여부를 인정할 수 없다.","이 논문은 교사 대상 정신건강 자가진단 척도(MDI)의 타당화 연구로, 온라인 커뮤니티를 분석 대상이나 연구 재료로 삼지 않으므로 커뮤니티 존재 여부를 인정할 수 없다.",True,1/1,run1:없음
ART003281591,한국어 교사 온라인 커뮤니티의 언어 지식 질문 유형 분석,임태운(남부대학교),2025,한국어 교육 연구,kor,OK,ROLE_WINDOW_MISC,,run1:없음,"has_community=True role_relevant=True env_relevant=False | 이 논문은 한국어 교사 커뮤니티의 질문을 분석하여 교사들의 언어 지식 결핍과 탐색 방식을 파악하는 '창'으로 커뮤니티를 활용하나, 커뮤니티의 구조적·환경적 조건(운영 방식, 익명성, 회원제 등)에 따른 차이나 변화를 분석하지 않는다.","[ROLE] 온라인 커뮤니티는 한국어 교사 집단의 언어 관련 교과내용지식 결핍과 그 탐색 방식을 관찰하는 창(Window)으로 기능하며, 결론은 교사 교육의 체계적 개선 필요성이라는 외부 사회현상으로 귀결되므로 ROLE_WINDOW_MISC만 부여된다.",True,0/1,run1:ROLE_WINDOW_MISC
ART003291385,초등교사 온라인 커뮤니티 담론을 통한 사회 교과서 인식 연구,김용민(부산교육대학교),2025,사회과교육,kor,OK,ROLE_WINDOW_MISC,,run1:없음,"has_community=True role_relevant=True env_relevant=False | 이 논문은 초등교사 온라인 커뮤니티에 나타난 교과서 담론을 분석하여 담론 지형을 규명하므로, 커뮤니티를 교사들의 집단적 의미 구성이 이루어지는 장(ROLE_FIELD)으로 조명하지만, 회원제·익명성·운영 방침 등 커뮤니티의 구조적·환경적 조건을 분석 대상에 두지 않으므로 env_relevant는 false이다.","[ROLE] 초등교사 온라인 커뮤니티는 교사 집단(외부 실체)의 교과서-교육과정 담론을 포착하는 창으로 기능하며, 결론은 교과서 정책·교육과정 설계에 대한 함의로 귀결되어 온라인 커뮤니티 공간 자체의 공론장·관계적 자원 역할이 아닌 외부 사회현상(교육 현장의 이상-실행 긴장)을 보여주는 WINDOW_MISC에 해당한다.",True,0/1,run1:ROLE_WINDOW_MISC
ART002691359,コミュニティメディアによる地域学習コミュニティの変化 ー日本のオンライン公民館,장지은(고려대학교),2021,한국일본교육학연구,kor,OK,ROLE_FIELD_SOCIALCAPITAL,,run1:없음,"has_community=True role_relevant=True env_relevant=False | 이 논문은 코로나禍 중 출현한 온라인公民館(온라인 커뮤니티)이 기존 교육매체·지역정보매체와 구별되는 새로운 학습과 공동체 형성을 가능하게 하는 '장'으로서의 사회적 역할을 분석 대상으로 삼고 있으나, 회원제·제재방식·익명성·생애주기 등 구조적·환경적 조건에 따른 차이·비교·변화를 분석하지는 않는다.","[ROLE] 본 연구는 코로나禍 중 지역 기반 온라인 커뮤니티(온라인公民館)가 학습 공동체로서 이용자 간 협력·교류·문화 활동을 어떻게 구성하는지 그 공간 내 상호작용과 공동체 형성 과정을 분석하므로, 장으로서의 사회자본 형성 역할에 가장 근접하나, 핵심 초점이 '학습'과 '놀이·탐구'의 창조에 있어 관계적 자원 자체의 검증보다는 학습 과정 서술에 치우친 것으로 판단된다.",True,0/1,run1:ROLE_FIELD_SOCIALCAPITAL
ART001175594,온라인 커뮤니티를 중심으로 살펴 본 사이버환경의 교육적 가능성,강경리(대진대학교),2006,중등교육연구,kor,OK,ROLE_WINDOW_MISC,,run1:없음,"has_community=True role_relevant=True env_relevant=False | 이 논문은 온라인 커뮤니티를 교사와 학생 간 상호작용·협동이 일어나는 교육적 '장'으로서 그 교육적 가능성을 분석 대상으로 삼고 있으나, 회원제·익명성·운영 방침 등 커뮤니티의 구조적·환경적 조건을 비교·분석하지는 않는다.","[ROLE] 본 연구는 온라인 커뮤니티를 연구 현장으로 삼아 '사이버 환경의 교육적 가능성'이라는 외부 사회현상(교육·IT 활용)을 보여주는 사례로 활용하므로 WINDOW_MISC에 부여하되, 커뮤니티 내부의 교사-학생 상호작용·협동이라는 관계적 서술이 있으나 신뢰·연대·네트워크 형성 자체를 분석 대상으로 삼지 않아 SOCIALCAPITAL은 미부여한다.",True,0/1,run1:ROLE_WINDOW_MISC
ART003003281,초등교사의 다문화 감수성과 다문화 교수역량의 관계에서 다문화 교수효능감의 매개효과,이공숙(전북대학교),2023,다문화교육연구,kor,ERR,,,run1:없음,"has_community=False role_relevant=False env_relevant=False | 초등교사 온라인 커뮤니티는 설문조사를 배포·수집하기 위한 모집 통로로만 활용되며, 커뮤니티 자체의 구조·역할·운영 조건이 분석 대상이 아니므로 커뮤니티 존재 여부를 부정한다.","초등교사 온라인 커뮤니티는 설문조사를 배포·수집하기 위한 모집 통로로만 활용되며, 커뮤니티 자체의 구조·역할·운영 조건이 분석 대상이 아니므로 커뮤니티 존재 여부를 부정한다.",True,1/1,run1:없음
ART003145021,상담자 발달수준과 동성애 혐오 간의 관계: 자기성찰의 조절효과,최현숙(한남대학교 상담학과),2024,학습자중심교과교육연구,kor,ERR,,,run1:없음,"has_community=False role_relevant=False env_relevant=False | 상담자 온라인 커뮤니티는 설문 응답자 모집 통로로만 언급될 뿐, 커뮤니티 자체의 구조·역할·환경이 분석 대상이 아니므로 커뮤니티 분석으로 볼 수 없다.","상담자 온라인 커뮤니티는 설문 응답자 모집 통로로만 언급될 뿐, 커뮤니티 자체의 구조·역할·환경이 분석 대상이 아니므로 커뮤니티 분석으로 볼 수 없다.",True,1/1,run1:없음
ART003261535,유아교사의 회복탄력성이 직무만족도에 미치는 영향: 협동적 조직문화의 매개효과,홍은비(시립노을어린이집),2025,홀리스틱융합교육연구,kor,ERR,,,run1:없음,"has_community=False role_relevant=False env_relevant=False | 유아교육 관련 온라인 커뮤니티는 설문 배포를 위한 모집 통로로만 사용되었으며, 커뮤니티 자체의 구조·역할·환경이 분석 대상이 되지 않으므로 커뮤니티 존재로 간주하지 않는다.","유아교육 관련 온라인 커뮤니티는 설문 배포를 위한 모집 통로로만 사용되었으며, 커뮤니티 자체의 구조·역할·환경이 분석 대상이 되지 않으므로 커뮤니티 존재로 간주하지 않는다.",True,1/1,run1:없음
ART003045271,대학생의 패션 유능감이 사회불안에 미치는 영향: 대인관계능력과 외모 불안의 매개효과를 중심으로,이애우(고려대학교 생활과학과),2023,한국가정과교육학회지,kor,ERR,,,run1:없음,"has_community=True role_relevant=False env_relevant=False | 이 논문에서 '온라인 커뮤니티'는 235명 대학생 설문조사를 배포하는 모집 통로로만 언급되며, 커뮤니티 자체의 구조·역할·운영 조건이 분석 대상이 되지 않으므로 연구 재료로서의 커뮤니티가 아닌 조사 도구로만 활용된 것이다.","이 논문에서 '온라인 커뮤니티'는 235명 대학생 설문조사를 배포하는 모집 통로로만 언급되며, 커뮤니티 자체의 구조·역할·운영 조건이 분석 대상이 되지 않으므로 연구 재료로서의 커뮤니티가 아닌 조사 도구로만 활용된 것이다.",True,1/1,run1:없음
ART003308671,인디스쿨에 나타난 초등교사의 정동 변화 분석: 교육이슈 게시판(2022.9.∼2025.6.)을 중심으로,양연동(한국교원대학교),2026,교육학연구,kor,OK,ROLE_WINDOW_MISC,,run1:없음,"has_community=True role_relevant=True env_relevant=False | 이 논문은 인디스쿨 교육이슈 게시판을 교사 정동 변화의 물질적 흔적으로 삼아 서이초 사건 전후 교직 사회의 집단적 정동을 추적하므로, 온라인 커뮤니티를 외부 사회적 현상(교직 위기·정동)을 읽는 창(ROLE)으로 활용하나, 커뮤니티의 구조적·환경적 조건 자체를 비교·변화 변수로 다루지 않는다.","[ROLE] 본 연구는 인디스쿨 커뮤니티 텍스트를 '정동적 실천의 물질적 흔적'으로 규정하여 서이초 사건 전후 교직 사회의 집단적 정동 궤적을 추적하는 것으로, 온라인 커뮤니티 자체의 역할이 아니라 법·제도적 모순에 대한 교사 집단의 정동적 반응이라는 외부 사회현상을 보여주는 창(WINDOW_MISC)으로 기능한다.",True,0/1,run1:ROLE_WINDOW_MISC
ART003237468,"고등학생의 진로활동이 진로성숙, 자기개념, 진학정보인식에 미치는 동시 및 지연효과",이지수(한국외국어대학교),2025,교육문화연구,kor,ERR,,,run1:없음,"has_community=True role_relevant=False env_relevant=False | 이 논문은 SELS2010 종단 패널 데이터의 진로활동 항목 중 하나로 '온라인 커뮤니티를 통한 정보 탐색(진로활동10)'을 측정변인으로 포함하고 있을 뿐, 특정 온라인 커뮤니티 자체를 분석 대상으로 삼지 않으며, 커뮤니티의 구조·운영·역할을 조명하지도 않으므로, 온라인 커뮤니티는 조사 문항의 한 항목에 불과하다.","이 논문은 SELS2010 종단 패널 데이터의 진로활동 항목 중 하나로 '온라인 커뮤니티를 통한 정보 탐색(진로활동10)'을 측정변인으로 포함하고 있을 뿐, 특정 온라인 커뮤니티 자체를 분석 대상으로 삼지 않으며, 커뮤니티의 구조·운영·역할을 조명하지도 않으므로, 온라인 커뮤니티는 조사 문항의 한 항목에 불과하다.",True,1/1,run1:없음
ART003213567,잠재계층성장분석을 활용한 특성화고 학생 진로성숙도 유형의 종단적 변화 및 영향요인 분석,김하정(국립부경대학교),2025,進路敎育硏究,kor,ERR,,,run1:없음,"has_community=False role_relevant=False env_relevant=False | 이 논문은 특성화고 학생의 진로성숙도 종단적 궤적을 분석하는 연구로서, '온라인 커뮤니티를 통한 진로진학 정보 수집 여부'는 다수의 예측변인 중 하나의 이분법적 공변량에 불과하며, 커뮤니티 자체의 구조·역할·환경을 분석 대상으로 삼지 않으므로 커뮤니티 존재 여부를 인정하기 어렵다.","이 논문은 특성화고 학생의 진로성숙도 종단적 궤적을 분석하는 연구로서, '온라인 커뮤니티를 통한 진로진학 정보 수집 여부'는 다수의 예측변인 중 하나의 이분법적 공변량에 불과하며, 커뮤니티 자체의 구조·역할·환경을 분석 대상으로 삼지 않으므로 커뮤니티 존재 여부를 인정하기 어렵다.",True,1/1,run1:없음
ART003037158,건강 장애 유아의 교육실태와 지원방안: 소아암과 희귀난치성 질환 환아의 어머니 및 원격 교육기관 관계자와 교사들의 사례를 중심으로,김성원(중앙대학교),2023,유아교육학논집,kor,ERR,,,run1:없음,"has_community=False role_relevant=False env_relevant=False | 이 논문은 건강 장애 유아의 교육실태와 지원방안을 연구 대상으로 삼고 있으며, 온라인 커뮤니티는 어머니들이 자녀교육 정보를 얻는 통로로 잠깐 언급될 뿐, 커뮤니티 자체의 구조·역할·운영 조건이 분석 대상이 되지 않는다.","이 논문은 건강 장애 유아의 교육실태와 지원방안을 연구 대상으로 삼고 있으며, 온라인 커뮤니티는 어머니들이 자녀교육 정보를 얻는 통로로 잠깐 언급될 뿐, 커뮤니티 자체의 구조·역할·운영 조건이 분석 대상이 되지 않는다.",True,1/1,run1:없음
ART003328248,과학탐구대회 지도 경험으로 살펴본 초등교사의 개방형 과학 탐구 전문성과 지원 요구,박지앵(부산대학교),2026,과학교육연구지,kor,ERR,,,run1:없음,"has_community=False role_relevant=False env_relevant=False | 초등교사 온라인 커뮤니티는 설문 조사를 배포하는 모집 통로로만 활용되었으며, 커뮤니티 자체의 구조·역할·운영 조건이 분석 대상이 되지 않으므로 연구 대상 커뮤니티로 볼 수 없다.","초등교사 온라인 커뮤니티는 설문 조사를 배포하는 모집 통로로만 활용되었으며, 커뮤니티 자체의 구조·역할·운영 조건이 분석 대상이 되지 않으므로 연구 대상 커뮤니티로 볼 수 없다.",True,1/1,run1:없음
ART003331914,연대에서 적대로: 서이초 연대의 탈정치화와 정동 전위를 중심으로,양연동(서울한서초등학교),2026,교육학연구,kor,OK,ROLE_WINDOW_MISC,,run1:없음,"has_community=True role_relevant=True env_relevant=False | 이 논문은 교사 연대의 정동적 역설을 해명하기 위해 온라인 커뮤니티 '인디스쿨'의 담론을 분석 자료로 삼되, 커뮤니티의 구조적·환경적 조건(회원제, 제재, 익명성, 생애주기 등)을 변수로 고려하지 않고, 커뮤니티 공간 내에서 펼쳐지는 정동-담론의 고착·도덕화·전위 메커니즘 자체를 분석 대상으로 삼아 '장'으로서의 커뮤니티를 조명한다.","[ROLE] 본 논문은 온라인 커뮤니티 '인디스쿨'을 데이터 소스로 삼되, 분석 대상은 교사 집단의 연대·분열·교권 운동이라는 커뮤니티 바깥에 실체가 있는 외부 사회현상이므로 WINDOW_MISC로 분류된다.",True,0/1,run1:ROLE_WINDOW_MISC
ART003290838,복학생들의 살아남기 : 사회적 시간표와 휴ㆍ복학의 문화적 의미,최승우(서울대학교),2025,교육문화연구,kor,ERR,,,run1:없음,"has_community=False role_relevant=False env_relevant=False | 이 논문의 분석 대상은 휴·복학 경험과 '사회적 시간표'라는 사회현상이며, 온라인 커뮤니티 에브리타임은 심층 인터뷰의 보조적 디지털 에스노그라피 자료로만 활용될 뿐 커뮤니티 자체의 역할이나 환경적 조건을 분석 대상 삼지 않는다.","이 논문의 분석 대상은 휴·복학 경험과 '사회적 시간표'라는 사회현상이며, 온라인 커뮤니티 에브리타임은 심층 인터뷰의 보조적 디지털 에스노그라피 자료로만 활용될 뿐 커뮤니티 자체의 역할이나 환경적 조건을 분석 대상 삼지 않는다.",True,1/1,run1:없음
ART001469879,튜터 지원을 위한 블렌디드 협동학습 시스템 개발,권진하(숭실대학교),2010,평생교육 · HRD연구,kor,ERR,,,run1:없음,"has_community=False role_relevant=False env_relevant=False | 이 논문은 교회학교 튜터의 협동학습을 위한 블렌디드 시스템을 개발하는 것을 목적으로 하며, 온라인 커뮤니티는 오프라인 소그룹 리허설과 병행하는 지원 도구로서 설계·개발되는 시스템의 한 구성 요소일 뿐, 커뮤니티 자체의 사회적 현상·역할·환경 조건을 분석 대상으로 삼지 않는다.","이 논문은 교회학교 튜터의 협동학습을 위한 블렌디드 시스템을 개발하는 것을 목적으로 하며, 온라인 커뮤니티는 오프라인 소그룹 리허설과 병행하는 지원 도구로서 설계·개발되는 시스템의 한 구성 요소일 뿐, 커뮤니티 자체의 사회적 현상·역할·환경 조건을 분석 대상으로 삼지 않는다.",True,1/1,run1:없음
ART002687831,장애대학생의 개인심리 변인에 따른 역량 영향,정소영(한국복지대학교),2021,교육연구논총,kor,ERR,,,run1:없음,"has_community=False role_relevant=False env_relevant=False | 온라인 커뮤니티는 설문 대상인 장애대학생을 모집하는 통로로만 언급될 뿐, 커뮤니티 자체의 구조·역할·환경이 분석 대상이 되지 않으므로 커뮤니티 분석으로 볼 수 없다.","온라인 커뮤니티는 설문 대상인 장애대학생을 모집하는 통로로만 언급될 뿐, 커뮤니티 자체의 구조·역할·환경이 분석 대상이 되지 않으므로 커뮤니티 분석으로 볼 수 없다.",True,1/1,run1:없음
ART003000129,‘루게릭 네트워크’온라인 환자공동체 참여경험: 근거이론 접근,고형준(강릉원주대학교),2023,열린교육연구,kor,OK,ROLE_FIELD_SOCIALCAPITAL,,run1:없음,"has_community=True role_relevant=True env_relevant=False | 이 논문은 루게릭병 환자와 보호자가 '루게릭 네트워크'라는 온라인 환자공동체에서 학습·정보교류·정서적 상호작용·상호원조·멘토링 등을 경험하는 과정을 탐색하며, 해당 커뮤니티가 자조집단·정보저장소·학습공동체 등 어떤 사회적 역할(場)을 수행하는지 분석 대상으로 삼고 있으나, 회원제·익명성·운영 방침·생애주기 등 구조적·환경적 조건에 따른 차이나 비교를 다루지 않아 env_relevant는 false이다.","[ROLE] 이 논문은 루게릭병 환자와 보호자가 참여하는 온라인 환자공동체 '루게릭 네트워크' 안에서 구성원 간 상호 원조·멘토 역할·정보교류·정서적 상호작용·공동체 유대감 형성 등 관계적 자원(신뢰·연대·네트워크)의 존재와 그 효과(심리회복·학습·적응)를 분석하므로, 온라인 커뮤니티 공간 자체의 사회자본 형성을 조명한 FIELD로서 SOCIALCAPITAL에 부여한다.",True,0/1,run1:ROLE_FIELD_SOCIALCAPITAL
ART003248047,영유아 미디어 사용에 대한 어머니의 관심사와 정보탐색: 온라인 육아 커뮤니티 텍스트마이닝 분석,장혜인(연세대학교),2025,어린이미디어연구,kor,OK,ROLE_WINDOW_MISC,,run1:없음,"has_community=True role_relevant=True env_relevant=False | 이 논문은 M 카페라는 온라인 육아 커뮤니티의 게시글을 데이터로 삼아 어머니들의 미디어 관련 관심사와 정보탐색 유형을 파악하는 데 초점을 두며, 커뮤니티는 외부 사회현상(영유아 미디어 사용에 대한 양육자의 불안·정보 수요)을 드러내는 창(ROLE_WINDOW)으로 기능하고, 커뮤니티의 구조적·환경적 조건에 따른 차이 분석은 포함되어 있지 않다.","[ROLE] 이 논문은 온라인 육아 커뮤니티를 영유아 미디어 사용에 대한 어머니의 양육 불안 및 정보탐색 유형을 드러내는 데이터 소스(창)로 활용하며, 커뮤니티 내 상호작용의 공론장 기능이나 이용자 간 관계적 자원 형성 자체가 분석 대상이 아니므로 WINDOW_MISC로 분류한다.",True,0/1,run1:ROLE_WINDOW_MISC
ART002555474,소셜 미디어를 통한 지속 가능한 평화 실현 방안,이기훈(춘천교육대학교 시민교육사업단),2020,초등도덕교육,kor,ERR,,,run1:없음,"has_community=False role_relevant=False env_relevant=False | 이 논문은 소셜 미디어라는 광의의 플랫폼 현상이 사회·세계 차원에서 지속 가능한 평화에 미치는 영향과 위험을 분석하는 것으로, 특정 온라인 커뮤니티를 분석 대상으로 삼지 않는다.","이 논문은 소셜 미디어라는 광의의 플랫폼 현상이 사회·세계 차원에서 지속 가능한 평화에 미치는 영향과 위험을 분석하는 것으로, 특정 온라인 커뮤니티를 분석 대상으로 삼지 않는다.",True,1/1,run1:없음
ART003330924,세대별 대학생의 디지털 시민성 인식과 실천 양상 비교 분석: Z세대와 중장년 성인학습자를 중심으로,박선미(숙명여자대학교),2026,한국교육,kor,ERR,,,run1:없음,"has_community=True role_relevant=False env_relevant=False | 이 논문은 세대별 디지털 시민성 인식을 심층 면담으로 비교하는 연구이며, '온라인 공동체의 규범을 관리하는 플랫폼 관리자'는 Z세대의 실천 양상 중 하나의 서술적 예시에 불과하여 온라인 커뮤니티를 분석 대상으로 삼지 않는다.","이 논문은 세대별 디지털 시민성 인식을 심층 면담으로 비교하는 연구이며, '온라인 공동체의 규범을 관리하는 플랫폼 관리자'는 Z세대의 실천 양상 중 하나의 서술적 예시에 불과하여 온라인 커뮤니티를 분석 대상으로 삼지 않는다.",True,1/1,run1:없음
ART003002180,Satisfied and Working Hard in Online Courses : The Impact of Achievement Goals Mediated by Classroom Sense of Community,조윤정(성신여자대학교),2023,한국교육학연구,kor,ERR,,,run1:없음,"has_community=False role_relevant=False env_relevant=False | 이 논문에서 'classroom sense of community'는 온라인 강의 환경 내 학습자의 심리적 소속감이라는 교육심리학적 변인으로 사용되며, 온라인 커뮤니티 자체의 구조·운영·사회적 역할을 분석 대상으로 삼지 않으므로 정의에 부합하는 온라인 커뮤니티가 연구 대상이 아니다.","이 논문에서 'classroom sense of community'는 온라인 강의 환경 내 학습자의 심리적 소속감이라는 교육심리학적 변인으로 사용되며, 온라인 커뮤니티 자체의 구조·운영·사회적 역할을 분석 대상으로 삼지 않으므로 정의에 부합하는 온라인 커뮤니티가 연구 대상이 아니다.",True,1/1,run1:없음
ART003343424,Sustainable Teacher Professional Development through Online Professional Learning Communities:  Cases from Bangladesh and Indonesia,황윤정(서울대학교),2026,비교교육연구,kor,ERR,,,run1:없음,"has_community=True role_relevant=True env_relevant=True | 이 논문은 방글라데시·인도 두 온라인 PLC 플랫폼을 비교하며 교원 전문성 발전이라는 사회적 기능(장, ROLE)을 분석하는 동시에, 제도적 참여 메커니즘·포괄성(inclusiveness)·협력적 학습 공간 등 커뮤니티의 구조적·환경적 조건(ENV)이 커뮤니티 기능에 미치는 영향을 비교·분석한다.","[ROLE] 본 연구는 온라인 PLC 공간 자체의 구조·역할(협업 공간, 교사 간 상호작용, 기관적 지원)을 분석 대상으로 삼아 장(FIELD) 계열에 가까이나, '협력·상호작용' 서술이 전문성 개발의 수단으로 다루어지고 신뢰·연대·네트워크 형성 자체가 분석 대상이 아니므로 SOCIALCAPITAL 기준에 미치지 못하며, 교사 전문성 개발이라는 외부 현상을 보여준다고 볼 수 있으나 온라인 플랫폼의 내부 역동에 초점을 두고 있어 WINDOW_MIS도 0.5 미만이다. | [ENV] 이 논문은 두 국가의 정부 지원 온라인 PLC 구조와 교원 전문성 지원 메커니즘을 비교·분석하나, 회원제 등급 차이에 따른 결과 비교, 커뮤니티 운영규칙(삭제·제재·투표 등)의 분석적 추적, 커뮤니티 자체의 생애주기 단계 변화, 익명성 수준 비교 중 어느 하나도 실제 분석 대상으로 다루지 않으므로 4개 ENV 코드 모두 미부여로 판단한다.",True,1/1,run1:없음
ART003331083,온라인 자폐 커뮤니티 사용자의 LLM 기반 대화형 에이전트(CA) 사용 경험 담론: Reddit 사용자를 중심으로,박채원(숭실대학교),2026,자폐성장애연구,kor,OK,ROLE_WINDOW_MISC,,run1:없음,"has_community=True role_relevant=True env_relevant=False | 이 논문은 Reddit의 온라인 자폐 커뮤니티를 데이터원으로 삼아, 자폐 사용자가 LLM 기반 대화형 에이전트를 어떻게 활용하며 그로 인해 사회적 관계·외로움 해소·신경다양성 존중 등의 경험을 형성하는지를 관찰하는 창(ROLE_WINDOW)으로 활용하고, 커뮤니티의 구조·운영 방침·익명성 등 환경적 조건은 전혀 다루지 않는다.","[ROLE] 이 논문은 온라인 자폐 커뮤니티를 데이터 소스로 삼아, 커뮤니티 바깥에 실체가 있는 '자폐(신경다양성) 집단이 LLM 기반 대화형 에이전트와 어떻게 상호작용하는가'라는 외부 사회현상을 관찰하는 창(WINDOW_MISC)으로 활용하고 있으며, 커뮤니티 공간 자체의 공론장·사회자본 역할을 분석하는 것이 아니다.",True,0/1,run1:ROLE_WINDOW_MISC
ART003285034,디지털 시대의 육아: 육아관련 오픈채팅방에서의 MZ세대 어머니들의 경험과 의미,박지수(University of Utah),2025,육아지원연구,kor,OK,ROLE_FIELD_SOCIALCAPITAL,,run1:없음,"has_community=True role_relevant=True env_relevant=False | 이 논문은 육아 관련 온라인 오픈채팅방 커뮤니티를 분석 대상으로 삼으며, 참여자 간 정서적 지지와 공동체적 유대를 형성하는 '장'으로 기능한다고 서술하여 온라인 커뮤니티의 사회적 역할을 조명하지만, 회원제·익명성·운영 방식 등의 구조적 환경 조건에 따른 차이나 비교를 분석하지는 않는다.","[ROLE] 본 연구는 육아 관련 오픈채팅 공간 안에서 어머니들 간 정서적 지지·관계 형성·공동체적 유대 등 이용자 간 관계적 자원의 생성 과정을 분석하여, 온라인 커뮤니티가 사회적 자본 형성의 '장'으로 기능함을 규명하는 FIELD 계열 연구이다.",True,0/1,run1:ROLE_FIELD_SOCIALCAPITAL
ART003196745,네트노그라피를 활용한 유아교육기관 재선택 고려요인 탐색,정옥경(총신대학교),2025,교육문화연구,kor,ERR,,,run1:없음,"has_community=False role_relevant=False env_relevant=False | 이 논문은 온라인 육아 커뮤니티를 네트노그래피 자료 수집 통로로만 활용하여 유아교육기관 재선택 요인을 분석하는 것으로, 커뮤니티 자체의 구조·역할·운영조건을 분석 대상으로 삼지 않으므로 연구의 재료에 그친다.","이 논문은 온라인 육아 커뮤니티를 네트노그래피 자료 수집 통로로만 활용하여 유아교육기관 재선택 요인을 분석하는 것으로, 커뮤니티 자체의 구조·역할·운영조건을 분석 대상으로 삼지 않으므로 연구의 재료에 그친다.",True,1/1,run1:없음
ART003323732,초등학생들의 온라인 게임 세계에 대한 이해와 시민교육적 시사점,이윤정(대흥초등학교),2026,시민교육연구,kor,ERR,,,run1:없음,"has_community=False role_relevant=False env_relevant=False | 이 논문은 초등학생들의 '온라인 게임 세계'를 스펙터클과 시민교육의 장으로서 탐구하는 것이 주 목적이며, 게임 내 인간관계나 폭력·혐오 재생산은 게임 수용 경험의 일부로 서술될 뿐, 공통 관심사를 가진 사용자가 지속적으로 상호작용하며 관계를 형성하는 온라인 커뮤니티 그 자체를 분석 대상으로 삼지 않는다.","이 논문은 초등학생들의 '온라인 게임 세계'를 스펙터클과 시민교육의 장으로서 탐구하는 것이 주 목적이며, 게임 내 인간관계나 폭력·혐오 재생산은 게임 수용 경험의 일부로 서술될 뿐, 공통 관심사를 가진 사용자가 지속적으로 상호작용하며 관계를 형성하는 온라인 커뮤니티 그 자체를 분석 대상으로 삼지 않는다.",True,1/1,run1:없음
ART001125717,온라인 환경에서의 정보특성이 구전효과에 미치는 영향에 관한 연구 : 소비자 제품지식의 조절효과를 중심으로,이은영(한국기술교육대학교),2005,광고학연구,kor,ERR,,,run1:없음,"has_community=True role_relevant=False env_relevant=False | 이 논문은 인터넷 게시판·온라인 커뮤니티를 온라인 구전(Word-of-Mouth)이 전파되는 매체로 설정하고 정보의 동의성·생생함·커뮤니티 상호작용·사용자 통제성이 구전 효과에 미치는 영향을 실증 분석하므로, 커뮤니티 자체의 사회적 역할(창·장)이나 구조적·환경적 조건(회원제, 익명성, 제재, 생애주기 등)에 따른 차이·비교를 분석 대상으로 삼지 않는다.","이 논문은 인터넷 게시판·온라인 커뮤니티를 온라인 구전(Word-of-Mouth)이 전파되는 매체로 설정하고 정보의 동의성·생생함·커뮤니티 상호작용·사용자 통제성이 구전 효과에 미치는 영향을 실증 분석하므로, 커뮤니티 자체의 사회적 역할(창·장)이나 구조적·환경적 조건(회원제, 익명성, 제재, 생애주기 등)에 따른 차이·비교를 분석 대상으로 삼지 않는다.",True,1/1,run1:없음
ART001616387,소셜네트워크서비스에 대한 이용과 충족 연구: 페이스북 이용을 중심으로,김유정(수원대학교),2011,"미디어, 젠더 & 문화",kor,ERR,,,run1:없음,"has_community=False role_relevant=False env_relevant=False | 이 논문은 페이스북이라는 SNS의 이용동기와 이용행태를 분석하는 것이지, 공통 관심사·목적에 기반한 온라인 커뮤니티를 분석 대상으로 삼지 않으며, '온라인 커뮤니티 가입 정도'는 사회관계적 요인 중 하나의 상관계수로서만 부차적으로 등장할 뿐 커뮤니티의 구조·역할·환경을 조명하지 않는다.","이 논문은 페이스북이라는 SNS의 이용동기와 이용행태를 분석하는 것이지, 공통 관심사·목적에 기반한 온라인 커뮤니티를 분석 대상으로 삼지 않으며, '온라인 커뮤니티 가입 정도'는 사회관계적 요인 중 하나의 상관계수로서만 부차적으로 등장할 뿐 커뮤니티의 구조·역할·환경을 조명하지 않는다.",True,1/1,run1:없음
ART001475599,"감성 공론장: 여성 커뮤니티, 느끼고 말하고 행하다",김예란(광운대학교),2010,언론과 사회,kor,OK,ROLE_FIELD_PUBLICSPHERE,,run1:없음,"has_community=True role_relevant=True env_relevant=False | 이 논문은 여성 온라인 커뮤니티를 '감성공론장'이라는 개념으로 재정의하여, 감정·정동의 생성·소통·공유를 매개로 사회적 참여와 정치적 변화의 잠재력을 분석하는 '장'(ROLE_FIELD_PUBLICSPHERE)으로 조명하지만, 회원제·익명성·운영 방침 등 커뮤니티의 구조적·환경적 조건을 비교·분석하지는 않는다.","[ROLE] 이 논문은 여성 온라인 커뮤니티 참여자의 심층 면담을 토대로 '감성공론장'이라는 개념을 제안하고, 그 공간이 감정·의견의 공유를 통해 공론장으로서의 가능성을 실제로 수행하는지 평가하는 데 초점을 두므로 FIELD 계열(특히 공론장)이 주된 역할이지만, 방법론이 개별 심층 면담이라는 점에서 확률은 0.7 수준으로 제한된다.",True,0/1,run1:ROLE_FIELD_PUBLICSPHERE
ART001657200,정치 정보에 대한 선택적 노출이 태도 극화에 미치는 효과 : 비정치적 온라인 커뮤니티 이용자들을 대상으로,노정규(고려대학교),2012,한국언론학보,kor,OK,ROLE_WINDOW_POLARIZE,,run1:없음,"has_community=True role_relevant=True env_relevant=False | 이 논문은 비정치적 온라인 커뮤니티를 정치 정보가 소통되는 대안적 '장'으로서 선택적 노출이 태도 극화에 미치는 영향을 분석하는 대상으로 삼되, 커뮤니티의 구조적·환경적 조건(회원제, 익명성, 운영 방침 등)을 변수로 비교하거나 그 차이에 따른 효과를 다루지는 않는다.","[ROLE] 비정치적 온라인 커뮤니티를 정치 정보의 대안적 공간으로 설정하되, 실제 분석 대상은 선택적 노출이 태도 극화(attitude polarization)를 매개하는 개인 수준의 심리·정치적 메커니즘이므로, 온라인 커뮤니티는 정치적 양극화 현상을 관측하는 창(ROLE_WINDOW_POLARIZE)으로 기능한다.",True,0/1,run1:ROLE_WINDOW_POLARIZE
ART002124866,전략적 여성혐오와 그 모순: 인터넷 커뮤니티 ‘일간베스트저장소’의 게시물 분석을 중심으로,엄진(이화여자대학교),2016,"미디어, 젠더 & 문화",kor,OK,ROLE_WINDOW_GENDER,,run1:없음,"has_community=True role_relevant=True env_relevant=False | 이 논문은 일베의 여성혐오 담론을 분석하여 한국 사회의 젠더 지배 구조와 신자유주의적 통치성이라는 외부 사회현상을 읽는 창(ROLE_WINDOW_POLARIZE)으로 온라인 커뮤니티를 활용하나, 커뮤니티의 회원제·익명성·운영 방침 등 구조적 환경 조건을 변수로 비교·분석하지는 않는다.","[ROLE] 본 연구는 일베라는 온라인 커뮤니티를 통해 한국 사회의 젠더 갈등·여성혐오 현상 자체를 분석 창으로 삼고 있으며, '일베 회원이 아니라고 부정하기만 하면 면죄부를 얻고 그 핵심적 사고방식은 유효하게 존재'한다는 서술은 혐오·젠더 갈등이 커뮤니티 밖의 더 넓은 사회현상임을 확인시켜 WINDOW_GENDER 판정을 지지한다.",True,0/1,run1:ROLE_WINDOW_GENDER
ART001942026,일베식 “욕”의 법적 규제에 대하여: 온라인상에서의 혐오 표현에 대한 개념적 고찰,김민정(한국외국어대학교),2014,언론과 법,kor,ERR,,,run1:없음,"has_community=False role_relevant=False env_relevant=False | 이 논문은 '일베 현상'을 대표 사례로 언급하되, 분석 대상은 혐오 표현의 법적 개념 정의와 국제조약·해외법령·판례에 기반한 규제 범위 논의이므로, 온라인 커뮤니티 자체를 구조·운영·역할의 관점에서 분석하는 대상이 아니다.","이 논문은 '일베 현상'을 대표 사례로 언급하되, 분석 대상은 혐오 표현의 법적 개념 정의와 국제조약·해외법령·판례에 기반한 규제 범위 논의이므로, 온라인 커뮤니티 자체를 구조·운영·역할의 관점에서 분석하는 대상이 아니다.",True,1/1,run1:없음
ART001154033,인터넷 상의 소비자 구전활동 동기에 대한 탐색적 연구,백승록(대홍기획),2005,한국광고홍보학보,kor,OK,ROLE_WINDOW_MISC,,run1:없음,"has_community=True role_relevant=True env_relevant=False | 이 논문은 온라인 커뮤니티를 주요 조사 대상으로 삼아 소비자 구전 동기를 유형화함으로써, 커뮤니티를 소비자 상호작용·정보 공유가 이루어지는 '장'으로서의 사회적 역할을 조명하지만, 회원제·익명성·운영 방침 등 구조적·환경적 조건에 따른 차이·비교·변화는 고려하지 않는다.","[ROLE] 이 논문은 소비자의 구전 동기 유형화(관계·정보·심리·적극)라는 일반적 소비자 행동 현상을 온라인 커뮤니티라는 데이터 수집 장소를 통해 탐구하는 것으로, 오프라인 면접·설문에서도 결론이 성립하는 WINDOW 계열이며, 그 외부 현상은 마케팅·소비자 행동에 해당하므로 ROLE_WINDOW_MISC로 분류된다.",True,0/1,run1:ROLE_WINDOW_MISC
ART002124848,‘좋아요’가 만드는 ‘싫어요’의 세계: 페이스북 ‘여성혐오’ 페이지 분석,김수아(서울대학교),2016,"미디어, 젠더 & 문화",kor,OK,"ROLE_WINDOW_GENDER, ROLE_WINDOW_HATE",,run1:없음,"has_community=True role_relevant=True env_relevant=False | 이 논문은 '여성혐오' 페이스북 페이지를 분석 대상으로 삼으나, 이를 통해 가부장제 회귀 시도와 젠더 관계의 위기라는 외부 사회현상을 읽는 창(ROLE_WINDOW)으로 활용하며, 좋아요·구독 등 플랫폼 기능은 담론 전략의 수단으로 서술될 뿐 구조적·환경적 조건에 따른 차이·비교·변화는 분석되지 않으므로 env_relevant는 false이다.","[ROLE] 본 논문은 '여성혐오' 페이스북 페이지를 분석 대상으로 삼되, 그 핵심 분석 대상은 온라인 커뮤니티 공간 자체가 아니라 커뮤니티를 매개로 확산·정상화되는 혐오 표현·정서 현상(ROLE_WINDOW_HATE)과 이를 둘러싼 젠더 관계·가부장제 회귀 담론(ROLE_WINDOW_GENDER)이므로, 커뮤니티는 외부 사회현상을 비추는 '창'으로 기능한다.",True,0/1,"run1:ROLE_WINDOW_GENDER,ROLE_WINDOW_HATE"
ART002854283,젠더갈등은 어떻게 우리 사회의 주요 담론이 되었는가?: 보수언론의 젠더갈등 기사 분석을 중심으로,홍지아(경희대학교),2022,"미디어, 젠더 & 문화",kor,OK,ROLE_WINDOW_GENDER,,run1:없음,"has_community=True role_relevant=True env_relevant=False | 이 논문은 보수 언론의 젠더갈등 담론을 분석하되, 온라인 남초 커뮤니티를 주요 발화자이자 담론 생산 공간으로 식별하며(ROLE_WINDOW_MISC, 사회의 젠더갈등을 보여주는 '창'), 다만 커뮤니티의 회원제·익명성·운영 방침 등 구조적·환경적 조건에 따른 차이나 변화를 다루지 않으므로 env_relevant는 false이다.","[ROLE] 본 논문은 보수 언론이 생산하는 젠더갈등 담론을 분석하는 것으로, 온라인 남성 커뮤니티는 '역차별 받는 20대 남성'과 '남성을 혐오하는 여성'의 대립이라는 젠더 갈등 현상을 중계·구체화하는 창(Window)으로 기능하며, 커뮤니티 공간 자체의 공론장·사회자본 역할은 분석 대상이 아니다.",True,0/1,run1:ROLE_WINDOW_GENDER
ART001012850,동아시아 문화정체성의 형성과 텔레비전의 소비: 배용준의 일본 팬 커뮤니티 가족 담론을 중심으로,양은경(충남대학교),2006,한국방송학보,kor,OK,ROLE_WINDOW_MISC,,run1:없음,"has_community=True role_relevant=True env_relevant=False | 이 논문은 일본 배용준 온라인 팬 커뮤니티를 분석 대상으로 삼아, 팬들의 집단적 정체성 구축과 가족담론 생산, 문화정치적 효과 등을 조명하므로 커뮤니티 자체의 사회적 역할을 '장'으로 분석하며, 그러나 커뮤니티의 구조적·환경적 조건(회원제, 익명성, 운영 방침 등)에 따른 차이나 변화를 다루지 않으므로 env는 해당하지 않는다.","[ROLE] 이 논문은 일본 배용준 팬 온라인 커뮤니티를 사례로 삼아 초국적 문화 흐름, 한일 역사 관계, 재일 한국인 문제, 국가주의적 개입 등 커뮤니티 바깥에 실체가 있는 외부 사회현상을 읽는 창(ROLE_WINDOW_MISC)으로 활용하며, 커뮤니티 내 집단적 연대감 형성도 부수적으로 언급하나 분석의 핵심 초점은 외부 문화정치적 현상 포착에 있으므로 FIELD 계열은 미부여한다.",True,0/1,run1:ROLE_WINDOW_MISC
ART002196505,케이팝(K-pop)의 한국 팬덤에 대한 연구: 해외 팬들에 대한 인식을 중심으로,베르비기에 마티유(한국외국어대학교 국제지역대학원 한국학과),2017,한국언론정보학보,kor,OK,ROLE_WINDOW_MISC,,run1:없음,"has_community=True role_relevant=True env_relevant=False | 이 논문은 한국 K팝 팬덤이 해외 팬을 어떻게 인식하는지를 트위터·온라인 커뮤니티 대화 자료를 통해 분석하며, 커뮤니티는 한류 확산 배경에서 민족적 우월감과 배제라는 문화정치를 보여주는 창(ROLE_WINDOW)으로 활용되지만, 플랫폼의 구조적·환경적 조건(회원제, 익명성, 운영 방침 등)에 따른 차이·비교·변화를 분석하지 않는다.","[ROLE] 이 논문은 한류 확산 맥락에서 한국 K-pop 팬덤이 민족적·문화적 경계를 통해 해외 팬을 인식하는 사회현상을 관찰하기 위해 온라인 커뮤니티를 창(WINDOW_MISC)으로 활용하며, 공간 자체의 공론장·사회자본 기능 분석은 아니다.",True,0/1,run1:ROLE_WINDOW_MISC
ART001277913,촛불문화제에 나타난 청소년의 사회참여 특성에 대한 연구,이창호(한국청소년정책연구원),2008,언론과학연구,kor,ERR,,,run1:없음,"has_community=False role_relevant=False env_relevant=False | 이 논문의 분석 대상은 촛불문화제라는 오프라인 사회참여이며, 인터넷 카페나 포털은 청소년이 정보를 얻고 공유한 매개 채널로 잠깐 언급될 뿐, 커뮤니티 자체의 구조·역할·운영 조건이 연구 재료로 활용되지 않는다.","이 논문의 분석 대상은 촛불문화제라는 오프라인 사회참여이며, 인터넷 카페나 포털은 청소년이 정보를 얻고 공유한 매개 채널로 잠깐 언급될 뿐, 커뮤니티 자체의 구조·역할·운영 조건이 연구 재료로 활용되지 않는다.",True,1/1,run1:없음
ART001013858,오프라인 모임을 통한 온라인 커뮤니티 애착에 관한 탐색적 연구,박성복(한양대학교),2006,언론과학연구,kor,OK,ROLE_FIELD_SOCIALCAPITAL,,run1:없음,"has_community=True role_relevant=True env_relevant=False | 이 논문은 온라인 커뮤니티가 가상 공간으로서 장소감과 커뮤니티 의식을 형성하고 유지하는 '장'의 사회적 역할을 분석 대상으로 삼되(ROLE_FIELD), 회원제·익명성·운영 방침 등 구조적·환경적 조건을 비교하거나 변이 요인으로 다루지 않으므로 env_relevant는 아니다.","[ROLE] 본 연구는 온라인 커뮤니티 공간 안에서 이용자 간 소속감·애착·사회적 상호작용 등 관계적 자원의 형성과 유지 효과를 분석하는 것으로, FIELD 계열 중 SOCIALCAPITAL에 해당하나, 공론장 검증이나 외부 사회현상 포착의 성격은 강하지 않다.",True,0/1,run1:ROLE_FIELD_SOCIALCAPITAL
ART001853215,온라인 공론장에서 토론이 합의와 대립에 이르게 하는 요인 분석: 개방형 공론장과 커뮤니티 공론장의 토론 숙의성 비교,박근영(이화여자대학교),2014,한국언론학보,kor,OK,ROLE_FIELD_PUBLICSPHERE,,run1:없음,"has_community=True role_relevant=True env_relevant=True | 이 논문은 온라인 커뮤니티를 숙의민주주의의 공론장(장)으로서의 사회적 역할을 분석 대상으로 삼고, 동시에 '개방형'과 '커뮤니티형'이라는 구조적 접근·목적 조건에 따른 유형 비교를 통해 그 차이가 합의·대립 양상에 미치는 영향을 검토하므로 역할과 환경 조명이 동시에 성립한다.","[ROLE] 이 논문은 온라인 공론장을 개방형·커뮤니티 유형으로 분류한 뒤 토론의 숙의성을 내용분석하여 공론장으로서의 역할(의견 형성·숙의·합의 가능성)이 실제로 얼마나 수행되는지를 검증·평가하므로, FIELD 계열의 공론장 코드에 부여된다. | [ENV] 개방형·커뮤니티 공론장이라는 구조 유형 비교가 핵심이나, 회원제·운영자 권한·생애주기·익명성 중 어느 하나를 두 이상 집단·시기 간 비교·분석의 대상으로 삼지 않아 4개 코드 모두 미부여다.",True,0/1,run1:ROLE_FIELD_PUBLICSPHERE
ART002723553,청년 세대의 분노와 혐오 표현의 탄생 : 온라인 커뮤니티 <에브리타임>의 ‘혐오-언어’표현 실태 분석을 중심으로,이종임(경희대학교),2021,방송과 커뮤니케이션,kor,OK,ROLE_WINDOW_HATE,,run1:없음,"has_community=True role_relevant=True env_relevant=False | 이 논문은 청년 세대의 분노와 혐오표현이라는 외부 사회현상을 관측하기 위해 에브리타임이라는 온라인 커뮤니티를 창(ROLE_WINDOW_POLARIZE)으로 활용하나, 커뮤니티의 회원제·익명성·운영방침 등 구조적·환경적 조건에 따른 차이·비교·변화를 분석하지 않으므로 env_relevant는 false이다.","[ROLE] 이 논문은 <에브리타임> 게시글을 통해 청년 세대의 분노가 '차별의 정당화' 이데올로기와 결합하여 혐오–언어로 표출·확산되는 현상을 포착하는 것으로, 온라인 커뮤니티는 그 자체의 공론장·관계 자원 기능보다는 청년 세대의 혐오표현이라는 외부 사회현상을 보여주는 창(window)으로 기능한다.",True,0/1,run1:ROLE_WINDOW_HATE
ART002268597,남성 중심 온라인 커뮤니티에서의 페미니즘 주제 토론 가능성: '역차별' 담론분석을 중심으로,김수아(서울대학교),2017,"미디어, 젠더 & 문화",kor,OK,ROLE_WINDOW_GENDER,,run1:없음,"has_community=True role_relevant=True env_relevant=False | 이 논문은 온라인 커뮤니티의 게시판 토론에서 성평등 논의가 남성 주체에 의해 성차별 부인 담론으로 귀결되는 과정을 분석하여, 온라인 커뮤니티를 성·권력 담론의 구조를 보여주는 창(ROLE_WINDOW)으로 조명하되, 익명성·운영방침·회원제 등 커뮤니티의 구조적·환경적 조건을 변수로 삼아 차이·비교·변화를 분석하지는 않으므로 env는 해당하지 않는다.","[ROLE] 이 논문은 온라인 커뮤니티를 장원으로, 페미니즘 대립·남성 약자 확증·역차별 담론 등 젠더 갈등 현상을 포착·분석하는 창(ROLE_WINDOW_GENDER)으로 사용하며, 커뮤니티 공간 자체의 공론장 기능이나 관계적 자원 형성을 검증하는 것은 아니다.",True,0/1,run1:ROLE_WINDOW_GENDER
ART002207373,온라인 커뮤니티와 혐오의 문화정치 : 일간베스트저장소와 메갈리아의 사례를 중심으로,장소연(한양대학교 미디어커뮤니케이션학과 석사),2017,한국소통학보,kor,OK,ROLE_WINDOW_HATE,,run1:없음,"has_community=True role_relevant=True env_relevant=False | 이 논문은 일간베스트저장소와 메갈리아를 사례로 삼아 신자유주의 체제 하에서 혐오 담론이 어떻게 생산·발화되는지를 분석하므로, 온라인 커뮤니티를 외부 사회현상(혐오 담론)을 드러내는 '창'으로 조명하나, 커뮤니티의 익명성·운영방침·생애주기 등 구조적·환경적 조건을 변수로 다루지 않는다.","[ROLE] 본 연구는 일베·메갈리아 등 온라인 커뮤니티를 전 지구적 '혐오 담론' 현상을 관찰하는 하나의 사례(창)로 설정하고, 신자유주의 체제 하 경제적·사회적 불안이 소수자 대상 혐오 발화로 전환·확산되는 과정을 분석하므로, ROLE_WINDOW_HATE가 부여된다.",True,0/1,run1:ROLE_WINDOW_HATE
ART001145606,온라인 커뮤니티 내의 커뮤니케이션에 관한 연구자아성향(Self-construal)에 따른 관계 중심으로,권상희(성균관대학교),2006,한국언론정보학보,kor,OK,ROLE_WINDOW_MISC,,run1:없음,"has_community=True role_relevant=True env_relevant=False | 이 논문은 온라인 커뮤니티를 자아성향과 커뮤니케이션 유형이 드러나는 '장'으로서 분석 대상으로 삼으나, 커뮤니티의 구조적·환경적 조건(익명성, 회원제, 운영 방침, 생애주기 등)에 따른 차이·비교는 다루지 않으므로 env_relevant는 false이다.","[ROLE] 온라인 커뮤니티는 자아성향(self-construal)이라는 커뮤니티 외부에 이미 존재하는 심리적 특성이 어떻게 드러나고 커뮤니케이션 유형과 관계를 맺는지를 관찰하는 매개 공간으로 활용되므로, 외부 심리·커뮤니케이션 현상을 보는 창(WINDOW_MISC)에 해당한다.",True,0/1,run1:ROLE_WINDOW_MISC
ART001250213,온라인 대인관계의 정서적 애착(emotional attachment)형성에 관한 연구: 온라인 커뮤니티의 번개모임의 영향력을 중심으로,박성복(한양대학교),2007,한국언론학보,kor,OK,ROLE_FIELD_SOCIALCAPITAL,,run1:없음,"has_community=True role_relevant=True env_relevant=False | 이 논문은 번개모임을 매개로 한 온라인-오프라인 커뮤니케이션 융합이 정서적 애착과 대인관계 형성에 미치는 영향을 분석함으로써, 온라인 커뮤니티를 관계 형성과 유지의 사회적 장(ROLE_FIELD)으로 조명하나, 회원제·운영 방침·익명성 등 커뮤니티의 구조적·환경적 조건을 비교·분석하지는 않는다.","[ROLE] 본 연구는 온라인 커뮤니티 공간 안에서 구성원 간 정서적 애착과 대인관계 형성·발전이 커뮤니티의 지속적 성장과 유지에 어떻게 기여하는지를 분석함으로써, 온라인 커뮤니티 자체의 관계적 자원(신뢰·연대·네트워크) 형성과 효과를 다룬 장(FIELD)으로서의 역할을 조명한다.",True,0/1,run1:ROLE_FIELD_SOCIALCAPITAL
ART001373686,"온라인 커뮤니티 속 오피니언 리더 집단 검증 : 이용 동기, 활동 정도, 대인관계 형성 과정의 비교 분석",최윤정(이화여자대학교),2009,한국언론학보,kor,OK,ROLE_FIELD_SOCIALCAPITAL,,run1:없음,"has_community=True role_relevant=True env_relevant=False | 이 논문은 온라인 커뮤니티 공간 내에서 오피니언 리더 집단이 존재하는지, 그리고 그 집단이 비-리더 집단과 이용 동기·활동량·대인관계 형성에서 어떻게 다른지를 분석함으로써 커뮤니티를 사회적 역할이 형성되는 '장'으로 조명하나, 회원제·익명성·운영 방침 등 커뮤니티의 구조적·환경적 조건을 비교·분석하지는 않는다.","[ROLE] 본 연구는 온라인 커뮤니티 공간 내에서 오피니언 리더 집단의 존재와 비리더 집단과의 차이를 이용 동기·활동량·대인관계 형성의 관점에서 비교·검증함으로써, 커뮤니티 안의 이용자 간 관계적 자원(사회관계 추구, 심도 있는 대인관계)의 형성과 구조를 분석하는 것으로, 장으로서의 사회적 자본 형성을 조명한다.",True,0/1,run1:ROLE_FIELD_SOCIALCAPITAL
ART001557144,사용자간 상호작용성(User-to-User Interactivity)의 측정을 위한 척도 개발과 검증:온라인 브랜드 커뮤니티를 대상으로,황장선(중앙대학교),2011,광고학연구,kor,ERR,,,run1:없음,"has_community=True role_relevant=False env_relevant=False | 이 논문은 온라인 커뮤니티의 핵심 구조적 개념인 '사용자간 상호작용성'을 측정하는 척도를 개발·검증하는 방법론 연구이므로 커뮤니티를 분석 대상으로 삼지만, 커뮤니티를 사회현상의 창이나 사회적 역할의 장으로 조명하지도 않고, 회원제·익명성·운영방침 등 환경적 조건에 따른 차이·비교도 다루지 않으므로 role·env 모두 해당하지 않는다.","이 논문은 온라인 커뮤니티의 핵심 구조적 개념인 '사용자간 상호작용성'을 측정하는 척도를 개발·검증하는 방법론 연구이므로 커뮤니티를 분석 대상으로 삼지만, 커뮤니티를 사회현상의 창이나 사회적 역할의 장으로 조명하지도 않고, 회원제·익명성·운영방침 등 환경적 조건에 따른 차이·비교도 다루지 않으므로 role·env 모두 해당하지 않는다.",True,1/1,run1:없음
ART001899500,온라인 여성호명 담론에 대한 질적 연구,황슬하(중앙대학교),2014,한국방송학보,kor,OK,"ROLE_WINDOW_GENDER, ROLE_WINDOW_HATE",,run1:없음,"has_community=True role_relevant=True env_relevant=False | 이 논문은 여성호명 담론이 형성·유통되는 '남성 온라인 커뮤니티'를 분석 대상으로 삼아, 온라인 공간을 여성을 끌어와 집단 처벌하는 '광장'이자 담론의 '장'으로 조명하지만, 회원제·익명성·운영 방침 등 커뮤니티의 구조적·환경적 조건을 비교·분석하지는 않는다.","[ROLE] 이 논문은 '개똥녀·된장녀' 등 여성호명 현상을 한국사회의 젠더 갈등 및 혐오 담론 확산이라는 외부 사회현상으로 포착하며, 온라인 커뮤니티는 그 현상이 표면화되는 창(window)으로 기능한다고 판단된다.",True,0/1,"run1:ROLE_WINDOW_GENDER,ROLE_WINDOW_HATE"
ART001296043,온라인 글쓰기에서의 자기 서사와 정체성 구성,김수아(서울대학교),2008,한국언론학보,kor,OK,ROLE_WINDOW_GENDER,,run1:없음,"has_community=True role_relevant=True env_relevant=False | 이 논문은 온라인 커뮤니티에서의 글쓰기가 여성의 정체성 구성과 저항적 실천을 가능하게 하는 '장'으로서의 사회적 역할을 분석하므로 role_relevant이나, 회원제·익명성·운영 방침 등 커뮤니티의 구조적·환경적 조건을 비교하거나 그 차이를 분석하지 않으므로 env_relevant는 아니다.","[ROLE] 이 논문은 온라인 커뮤니티의 글쓰기 실천을 분석 대상으로 삼되, 결과적으로 얻어지는 핵심 발견이 '여성의 억압 경험과 저항·정체성 구성'이라는 젠더 현상 자체이므로, 커뮤니티는 바깥에 실체가 있는 여성 집단의 정체성 정치와 저항을 비추는 창(WINDOW_GENDER)으로 기능한다.",True,0/1,run1:ROLE_WINDOW_GENDER
ART001209629,온라인 커뮤니티 활동과 커뮤니케이션 형태와 공동체 역할에 관한 연구 : 스포츠 커뮤니티를 중심으로,이재신(중앙대학교),2007,언론과학연구,kor,OK,ROLE_FIELD_SOCIALCAPITAL,,run1:없음,"has_community=True role_relevant=True env_relevant=False | 이 논문은 온라인 커뮤니티의 구성원 간 상호작용과 사회연결망 구조를 실증 분석하여 커뮤니티가 '열린 공통공간'으로서의 사회적 역할(장)을 조명하나, 운영자 대비 일반 회원 역할의 변화나 설립 초기 대비의 비교는 네트워크 분석의 부수적 발견에 그쳐 커뮤니티의 운영·제재 방식이나 생애주기 등 환경적 조건을 분석 변수로 의도적으로 고려하지 않는다.","[ROLE] 본 논문은 온라인 커뮤니티 안의 구성원 간 상호작용과 사회 연결망 구조를 실증 분석하여, 커뮤니티가 열린 공통공간으로서 회원 간 관계적 연결(상호 커뮤니케이션·참여·역할 분담)을 형성·유지하는 장으로서의 기능을 보여줌으로써, FIELD 계열 중 SOCIALCAPITAL에 해당한다.",True,0/1,run1:ROLE_FIELD_SOCIALCAPITAL
ART001512698,"온라인 PR 정보원의 유형 별 커뮤니케이션 효과: 메시지 평가, 구매 의도, 정보원 신뢰도를 중심으로",이상경(어린이집 안전공제회),2010,OOH광고학연구,kor,ERR,,,run1:없음,"has_community=True role_relevant=False env_relevant=False | 이 논문은 기업 PR 커뮤니케이션의 효과성을 검증하기 위해 기업 웹사이트, 개인 블로그, 온라인 커뮤니티, 뉴스 사이트라는 네 가지 정보원 유형을 비교하는 매체비교 연구로, 온라인 커뮤니티는 사회적 공간으로서의 역할이나 구조적·환경적 조건이 분석 대상이 아니라 단순한 정보 전달 채널(모집 통로)로서 한 변수로만 등장하므로 role·env 모두 해당되지 않는다.","이 논문은 기업 PR 커뮤니케이션의 효과성을 검증하기 위해 기업 웹사이트, 개인 블로그, 온라인 커뮤니티, 뉴스 사이트라는 네 가지 정보원 유형을 비교하는 매체비교 연구로, 온라인 커뮤니티는 사회적 공간으로서의 역할이나 구조적·환경적 조건이 분석 대상이 아니라 단순한 정보 전달 채널(모집 통로)로서 한 변수로만 등장하므로 role·env 모두 해당되지 않는다.",True,1/1,run1:없음
ART001457377,10대 청소년의 인터넷 이용동기와 온라인 커뮤니케이션 활동의 상관성 연구,설진아(한국방송통신대학교),2010,"미디어, 젠더 & 문화",kor,ERR,,,run1:없음,"has_community=False role_relevant=False env_relevant=False | 이 논문은 청소년의 인터넷 이용행태·동기·인식을 포괄적으로 조사하는 것으로, '온라인 커뮤니티'는 채팅·카페 등과 나란히 '다양한 온라인 커뮤니케이션 활동'의 한 예시로 언급될 뿐, 특정 커뮤니티의 구조·역할·운영 조건을 분석 대상으로 삼지 않는다.","이 논문은 청소년의 인터넷 이용행태·동기·인식을 포괄적으로 조사하는 것으로, '온라인 커뮤니티'는 채팅·카페 등과 나란히 '다양한 온라인 커뮤니케이션 활동'의 한 예시로 언급될 뿐, 특정 커뮤니티의 구조·역할·운영 조건을 분석 대상으로 삼지 않는다.",True,1/1,run1:없음
ART001250486,온라인 서포트 커뮤니티에서의 인지된 익명성: 계층적 개념구조와 공적인 자기노출에 미치는 영향,윤해진(인하대학교),2006,한국언론학보,kor,OK,,ENV_ONLINE_ANNONIMITY,run1:없음,"has_community=True role_relevant=True env_relevant=True | 이 논문은 온라인 서포트 커뮤니티를 회원 간 상호지지적 커뮤니케이션과 인간관계 형성이 이루어지는 장(ROLE_FIELD)으로 분석 대상으로 삼으면서, 익명방과 실명방이라는 익명성 수준 차이를 구조적 조건으로 설정하여 자기노출에 미치는 영향을 비교·검증하고 있으므로(ENV_COMMUNITY_GOVERNANCE), 역할과 환경 조명이 동시에 성립한다.","[ROLE] 이 논문은 온라인 서포트 커뮤니티의 구조적 특징(익명성)이 회원의 개인적 자기노출 행동에 미치는 영향을 사회정보처리이론으로 분석하는 것으로, 커뮤니티 공간 안의 상호작용을 다루지만 이용자 간 관계적 자원(신뢰·연대·네트워크)의 형성·효과를 분석 대상 삼지 않고 개인 수준의 커뮤니케이션 행위에 초점을 맞추어, FIELD 계열 어느 코드에도 0.5 미만에 그친다. | [ENV] 이 논문은 익명방과 실명방이라는 두 가지 익명성 조건을 실제로 대비하여 인지된 익명성 구조와 자기노출에 미치는 영향을 검증하므로 ENV_ONLINE_ANNONIMITY가 부여되며, 나머지 세 코드는 해당 조건에 맞는 비교·분석 근거가 없어 모두 미부여한다.",True,0/1,run1:ENV_ONLINE_ANNONIMITY
ART002477442,미투 운동 이후 한국 신문에 나타난 성별 갈등 보도 분석,김수아(서울대학교),2019,미디어와 인격권,kor,ERR,,,run1:없음,"has_community=False role_relevant=False env_relevant=False | 이 논문의 분석 대상은 미디어 보도 텍스트와 성별 갈등 담론이며, 메갈리아나 온라인 커뮤니티는 역차별·페미니즘 담론의 기원 지점으로서 맥락적 언급에 그칠 뿐, 커뮤니티 자체의 구조·역할·환경을 분석 대상으로 삼지 않는다.","이 논문의 분석 대상은 미디어 보도 텍스트와 성별 갈등 담론이며, 메갈리아나 온라인 커뮤니티는 역차별·페미니즘 담론의 기원 지점으로서 맥락적 언급에 그칠 뿐, 커뮤니티 자체의 구조·역할·환경을 분석 대상으로 삼지 않는다.",True,1/1,run1:없음
ART001366892,온라인 커뮤니티 이용을 통한 사회적 자본이에너지 절약 행동의도에 미치는 영향에 관한 연구,신경아(한양대학교),2009,한국광고홍보학보,kor,OK,ROLE_FIELD_SOCIALCAPITAL,,run1:없음,"has_community=True role_relevant=True env_relevant=False | 이 논문은 에너지 절약 이슈를 매개로 온라인 커뮤니티가 사회적 자본(규범·신뢰)을 형성하고 PR 도구로 기능하는 '장'의 역할을 분석 대상으로 삼고 있으나, 회원제·익명성·운영 방침 등 커뮤니티의 구조적·환경적 조건을 비교·분석하는 내용은 없다.","[ROLE] 본 연구는 온라인 커뮤니티 공간 내에서 이용자 간 신뢰·규범·집단 협력 등 관계적 자원(사회적 자본)의 형성 메커니즘을 이용 목적·빈도와 연계하여 검증하는 것이 핵심이므로 FIELD 계열 중 SOCIALCAPITAL에 부여하며, 에너지 절약 PR은 적용 맥락일 뿐 외부 현상을 보는 창으로 커뮤니티를 활용하는 것은 아니어서 WINDOW 계열은 모두 미부여한다.",True,0/1,run1:ROLE_FIELD_SOCIALCAPITAL
ART001533640,정치적 소통의 새로운 전망:20～30대 여성들의 온라인 정치커뮤니티를 중심으로,박창식(한겨레신문사 논설위원),2011,한국언론학보,kor,OK,ROLE_FIELD_PUBLICSPHERE,,run1:없음,"has_community=True role_relevant=True env_relevant=False | 이 논문은 20~30대 여성이 만든 온라인 정치커뮤니티의 소통 양식(놀이적 창작변형, 사담)이 대화 민주주의·감정의 민주주의를 촉진하는 '장'으로서의 커뮤니티 기능(ROLE_FIELD)을 분석하나, 회원제·익명성·운영 방침 등 구조적·환경적 조건에 따른 차이나 비교를 다루지 않는다.","[ROLE] 이 논문은 20~30대 여성이 만든 온라인 정치커뮤니티 내부의 소통 양식(놀이적 창작, 사담, 경계 허물기)을 문화주의적으로 분석하며 '대화 민주주의''감정의 민주주의' 가능성을 언급하나, 공론장 역할을 실제로 검증·평가하기보다 가능성으로만 내비치고 있어 FIELD 계열 코드 모두 0.5에 미치지 못하며, 성별 비교는 커뮤니티 내부 하위 이용자군 간 차이이므로 WINDOW 계열에도 해당하지 않는다.",True,0/1,run1:ROLE_FIELD_PUBLICSPHERE
ART002201497,한국 뮤지컬 마니아 관객 활동의 문화 정치적 함의: 온라인 커뮤니티 활동을 중심으로,박혜성(한국예술종합학교),2017,언론과 사회,kor,OK,ROLE_FIELD_SOCIALCAPITAL,,run1:없음,"has_community=True role_relevant=True env_relevant=False | 이 논문은 온라인 뮤지컬 마니아 커뮤니티를 팬덤의 문화정치적 함의를 읽는 창이자, 결속·협업·산업 견제라는 사회적 역할을 수행하는 장으로 조명하되, 익명성 언급은 일시적 연대라는 서술에 그쳐 구조적 조건에 따른 차이·비교·변화를 분석하지 않으므로 env_relevant는 false이다.","[ROLE] 이 논문은 온라인 뮤지컬 팬 커뮤니티 내에서 이용자 간 결속·협업·연대가 실제 사회적 유대로 전환되는지(관계적 자원의 존재·효과)를 분석하는 것으로, 커뮤니티 공간 안의 상호작용 구조를 조명하는 FIELD(사회자본) 판정이 주류이며, '혼자의 문화'라는 외부 사회현상과의 연결은 부차적 해석에 그쳐 WINDOW_MISC은 미부여다.",True,0/1,run1:ROLE_FIELD_SOCIALCAPITAL
ART002285710,온라인 루머 전파에서 사회적 동조의 역할,민혜민(이화여자대학교),2017,방송과 커뮤니케이션,kor,ERR,,,run1:없음,"has_community=True role_relevant=False env_relevant=False | 이 논문은 루머 전파 과정에 초점을 맞추고 온라인 커뮤니티를 정서적 친밀감·인지된 동질성이 형성되는 관계적 맥락(매개체)으로만 활용하며, 커뮤니티의 사회적 역할이나 구조적·운영적 조건을 분석 대상으로 삼지 않으므로 role·env 모두 해당하지 않는다.","이 논문은 루머 전파 과정에 초점을 맞추고 온라인 커뮤니티를 정서적 친밀감·인지된 동질성이 형성되는 관계적 맥락(매개체)으로만 활용하며, 커뮤니티의 사회적 역할이나 구조적·운영적 조건을 분석 대상으로 삼지 않으므로 role·env 모두 해당하지 않는다.",True,1/1,run1:없음
ART002196494,"공동체 미디어의 담론 흐름과 연구경향: 학술논문의 주제, 방법, 쟁점에 대한 메타분석을 중심으로",강진숙(중앙대학교),2017,한국언론정보학보,kor,ERR,,,run1:없음,"has_community=True role_relevant=True env_relevant=False | 이 논문은 공동체 미디어 연구의 학술담론 지형을 메타분석하는 것이지만, 그 중심 주제가 온라인 커뮤니티의 정치적 공론장·참여민주주의의 장으로서의 사회적 역할(ROLE_FIELD_PUBLICSPHERE)을 조명하는 것이며, 회원제·익명성·운영 방침 등 구조적·환경적 조건(ENV)의 비교나 차이는 다루지 않는다.","[ROLE] 본 연구는 2001–2016년 국내 언론·커뮤니케이션 학회 학술등재지 53편에 대한 메타분석으로, 온라인 커뮤니티 게시글이나 상호작용 자체를 분석하는 것이 아니라 '공동체 미디어'라는 학술담론의 주제·방법·쟁점 지형을 매핑하는 것이므로, 6개 ROLE 코드 중 어느 하나도 온라인 커뮤니티 공간의 실제 상호작용을 검증·평가하거나 외부 사회현상을 구체적으로 포착하는 분석을 수행하지 않는다.",True,1/1,run1:없음
ART002918019,온라인 커뮤니티 ‘당근마켓’ 사용에서 기인한 오프라인 관계의 선행요인과 결과요인,이해리(대전청년내일센터),2022,광고연구,kor,OK,ROLE_FIELD_SOCIALCAPITAL,,run1:없음,"has_community=True role_relevant=True env_relevant=False | 이 논문은 당근마켓이라는 온라인 커뮤니티의 기능적 특성과 이용 동기가 오프라인 관계 형성과 커뮤니티 충성도에 미치는 영향을 분석하여, 커뮤니티가 온라인-오프라인 관계를 매개하고 사회자본을 축적하는 '장'으로서의 사회적 역할을 조명하지만, 커뮤니티의 운영 방침이나 구조적·환경적 조건(회원제, 제재 방식, 익명성, 생애주기 등)에 따른 차이·비교를 분석하지 않는다.","[ROLE] 당근마켓 온라인 커뮤니티의 기능적 특성·이용 동기가 이용자 간 오프라인 관계와 결속형·연결형 사회자본을 형성하고 커뮤니티 충성도로 환원되는 과정을 실증적으로 규명하는 연구이므로, 커뮤니티 공간 안에서 이용자 간 관계적 자원(신뢰·연결)의 형성·효과를 다루는 FIELD_SOCIALCAPITAL에 해당한다.",True,0/1,run1:ROLE_FIELD_SOCIALCAPITAL
ART001792485,한국 온라인 팬픽의 인물 형상화 방식,한혜원(이화여자대학교),2013,한국방송학보,kor,ERR,,,run1:없음,"has_community=False role_relevant=False env_relevant=False | 이 논문은 온라인 팬픽 15편의 인물 형상화 방식을 텍스트 분석하는 연구로, 온라인 커뮤니티는 팬픽의 유통·소비 채널로 언급될 뿐 커뮤니티 공간 자체를 분석 대상으로 삼지 않는다.","이 논문은 온라인 팬픽 15편의 인물 형상화 방식을 텍스트 분석하는 연구로, 온라인 커뮤니티는 팬픽의 유통·소비 채널로 언급될 뿐 커뮤니티 공간 자체를 분석 대상으로 삼지 않는다.",True,1/1,run1:없음
ART001987148,신(新) ‘카더라통신’의 동기적 요인효과: 경향적 인터넷 루머 전파의도에 대한 문제해결상황이론과 계획행동이론의 통합모형,차유리(서울대학교),2015,한국언론학보,kor,ERR,,,run1:없음,"has_community=True role_relevant=False env_relevant=False | 이 논문은 온라인 커뮤니티 이용자를 조사 대상 삼아 인터넷 루머 전파의도에 관한 심리-동기적 통합모형을 검증하는 것으로, 커뮤니티는 루머가 유통되는 매개 플랫폼으로만 언급되며 그 자체의 사회적 역할이나 구조적·운영적 조건이 분석 대상이 되지 않는다.","이 논문은 온라인 커뮤니티 이용자를 조사 대상 삼아 인터넷 루머 전파의도에 관한 심리-동기적 통합모형을 검증하는 것으로, 커뮤니티는 루머가 유통되는 매개 플랫폼으로만 언급되며 그 자체의 사회적 역할이나 구조적·운영적 조건이 분석 대상이 되지 않는다.",True,1/1,run1:없음
ART001326749,온라인 커뮤니티를 매개로 한 아파트 공동체 형성에 관한 연구,홍성구(강원대학교),2009,언론과학연구,kor,OK,ROLE_FIELD_SOCIALCAPITAL,,run1:없음,"has_community=True role_relevant=True env_relevant=False | 이 논문은 아파트 온라인 커뮤니티(춘천뜨란채 카페)가 오프라인 공동체 활성화에 미치는 사회적 역할을 호혜성 개념으로 분석하여 온라인 커뮤니티라는 공간 자체를 '장'으로 조명하나, 회원제·익명성·운영 방침 등 구조적·환경적 조건을 변수로 삼아 차이·비교·변화를 추적하지는 않는다.","[ROLE] 이 논문은 아파트 온라인 커뮤니티라는 공간 안에서 이용자 간 호혜성·친밀성 교환·유대감 형성 등 관계적 자원의 형성 과정을 분석하므로, 온라인 커뮤니티는 사회적 자본을 형성·유지하는 '장'으로 기능하는 것으로 판정된다.",True,0/1,run1:ROLE_FIELD_SOCIALCAPITAL
ART001523213,온라인 커뮤니티의 사회적 지원이 청소년의 스트레스 감소에 미치는 영향: 커뮤니티 소속감과 자아탄력성의 매개효과 검증,손해영(연세대학교),2011,한국방송학보,kor,OK,ROLE_FIELD_SOCIALCAPITAL,,run1:없음,"has_community=True role_relevant=True env_relevant=False | 이 논문은 청소년의 온라인 커뮤니티 참여가 사회적 지원·소속감·자아탄력성을 매개로 스트레스 지각에 미치는 영향을 분석함으로써, 커뮤니티 공간이 사회지지와 소속감을 제공하는 '장'으로서의 역할을 조명하나, 익명성·회원제·운영 방침 등 구조적·환경적 조건의 차이나 비교를 다루지 않는다.","[ROLE] 본 연구는 온라인 커뮤니티 공간 안에서 이용자 간 사회적 지원과 커뮤니티 소속감이라는 관계적 자원이 청소년의 스트레스 지각에 미치는 효과를 매개변인(자아탄력성, 행동적 소속감)을 통해 검증함으로써, 온라인 커뮤니티가 청소년에게 관계적 자원(사회적 지지·소속감)을 제공하는 장으로서의 역할을 조명한다.",True,0/1,run1:ROLE_FIELD_SOCIALCAPITAL
ART001602439,"메시지 품질과 토론 연결망의 구조적 위치, 그리고 여론지도력: 서울시 ‘무상급식 논란’의 온라인 정치토론 사례 분석",김경모(연세대학교),2011,한국언론정보학보,kor,OK,ROLE_FIELD_PUBLICSPHERE,,run1:없음,"has_community=True role_relevant=True env_relevant=False | 이 논문은 서울시 무상급식 논란이 벌어진 온라인 커뮤니티의 토론 사례를 분석하여 메시지 품질·연결망 구조·여론지도력의 관계를 탐색함으로써, 온라인 커뮤니티를 여론이 형성되는 공론장의 장(ROLE_FIELD_PUBLICSPHERE)으로 조명하고 있으나, 회원제·운영 방식·익명성·생애주기 등 커뮤니티의 구조적·환경적 조건을 비교하거나 변인으로 다루지는 않는다.","[ROLE] 이 논문은 온라인 커뮤니티 내 토론에서 메시지 품질·연결망 구조·여론지도력의 상호작용을 분석하여 공론장으로서의 숙의·의견 형성 기능이 실제로 어떻게 작동하고(또는 고립된 숙의로 왜곡되는지)를 검증하는 FIELD 공공성 연구이므로, ROLE_FIELD_PUBLICSPHERE가 부여되고 WINDOW 계열은 모두 미부여된다.",True,0/1,run1:ROLE_FIELD_PUBLICSPHERE
ART002477326,디지털 시대의 온라인 공중 집단행동에 대한 집단 효능감의 역할: 청와대 국민청원 사이트 참여를 중심으로,박인호(성균관대학교),2019,PR연구,kor,OK,ROLE_FIELD_SOCIALCAPITAL,,run1:없음,"has_community=True role_relevant=True env_relevant=False | 이 논문은 청와대 국민청원 플랫폼을 온라인 공동체로 설정하여 집단정체성과 집단효능감 형성을 분석함으로써, 온라인 커뮤니티가 집단행동 참여를 가능케 하는 '장'의 사회적 역할을 조명하나(R), 회원제·익명성·운영방침 등 커뮤니티의 구조적·환경적 조건에 따른 차이 또는 변화를 분석하지는 않는다(E).","[ROLE] 본 연구는 청와대 국민청원이라는 온라인 커뮤니티 공간 안에서 이용자 간 집단 정체성·집단 효능감·참여 효능감이라는 관계적 자원이 어떻게 형성되고 집단행동 참여로 이어지는지 실증적으로 추적하는 것이므로, FIELD 계열 중 SOCIALCAPITAL이 부여되며, 공론장의 숙의·여론 대표성 검증이 아닌 이용자 간 연결과 집단적 효능감 형성에 초점을 두어 PUBLICSPHERE는 미부여된다.",True,0/1,run1:ROLE_FIELD_SOCIALCAPITAL
ART002663860,수동적 SNS 이용과 우울의 관계: 자기해석양식을 통한 상향비교의 조절된 매개효과,임혜린(고대안산병원 정신건강의학과 임상심리실),2020,"미디어, 젠더 & 문화",kor,ERR,,,run1:없음,"has_community=True role_relevant=False env_relevant=False | 이 논문은 수동적 SNS 이용, 상향비교, 우울, 자기해석양식 간의 심리적 관계를 검증하는 것으로, 온라인 커뮤니티는 설문 응답자 320명을 모집하는 통로로만 언급되며 커뮤니티 자체의 구조·역할·운영 조건이 분석 대상이 아니다.","이 논문은 수동적 SNS 이용, 상향비교, 우울, 자기해석양식 간의 심리적 관계를 검증하는 것으로, 온라인 커뮤니티는 설문 응답자 320명을 모집하는 통로로만 언급되며 커뮤니티 자체의 구조·역할·운영 조건이 분석 대상이 아니다.",True,1/1,run1:없음
ART001853206,누구와 소통하는가: 연결된 청소년의 공동체적 삶 역량 계발,양소은(서울대학교),2014,한국언론학보,kor,ERR,,,run1:없음,"has_community=False role_relevant=False env_relevant=False | 이 논문은 네트워크 미디어를 통한 소통 채널(온라인 친구 vs. 오프라인 친구)이 청소년의 공동체적 삶 역량에 미치는 영향을 연구하는 것으로, 특정 온라인 커뮤니티를 분석 대상으로 삼지 않으며 '온라인'은 소통 매체로서 언급될 뿐 커뮤니티 공간 자체의 역할이나 환경 조건이 분석 대상이 아니다.","이 논문은 네트워크 미디어를 통한 소통 채널(온라인 친구 vs. 오프라인 친구)이 청소년의 공동체적 삶 역량에 미치는 영향을 연구하는 것으로, 특정 온라인 커뮤니티를 분석 대상으로 삼지 않으며 '온라인'은 소통 매체로서 언급될 뿐 커뮤니티 공간 자체의 역할이나 환경 조건이 분석 대상이 아니다.",True,1/1,run1:없음
ART001520829,온라인 브랜드 커뮤니티의 시기별 구조적 관계에 대한 사회 네트워크 분석,도선재(중앙대학교),2011,광고학연구,kor,OK,ROLE_FIELD_SOCIALCAPITAL,ENV_COMMUNITY_LIFECYCLE,run1:없음,"has_community=True role_relevant=True env_relevant=True | 이 논문은 온라인 브랜드 커뮤니티(OBC) 자체의 구조적 관계와 상호작용을 분석 대상으로 삼아 커뮤니티라는 공간의 내부 동학을 조명(ROLE)하는 동시에, 생성 초기부터 약 1년 7개월에 걸친 5단계의 생애주기(ENV_LIFECYCLE)에 따른 구조적 변화(연결정도, 중심성, 집중도, 하위집단)를 사회 네트워크 분석으로 추적하여 커뮤니티의 환경적 조건에 따른 변화를 비교·분석한다.","[ROLE] 본 연구는 온라인 브랜드 커뮤니티(OBC) 내부에서 구성원 간 연결정도·중심성·집중도·하위집단 등 네트워크 구조가 시간의 흐름에 따라 어떻게 진화하는지를 SNA로 추적하므로, 공간 안 이용자 간 관계적 자원(네트워크)의 형성·구조 변화를 분석하는 장(SOCIALCAPITAL)에 해당한다. | [ENV] 본 연구는 단일 OBC가 생성 초기부터 약 1년 7개월에 걸쳐 5개 단계로 진화·소멸하는 구조적 변화 자체를 생애주기 추적의 핵심 분석 대상으로 삼고 있으므로 ENV_COMMUNITY_LIFECYCLE만 부여하고, 나머지 세 코드는 텍스트상 근거가 없어 미부여한다.",True,0/1,"run1:ENV_COMMUNITY_LIFECYCLE,ROLE_FIELD_SOCIALCAPITAL"
ART001904204,디시인사이드 ‘주군의 태양’ 갤러리 구성원 유형화를 통한 인터넷 팬 커뮤니티 권력관계 특성연구,권지현(동의대학교),2014,지역과 커뮤니케이션,kor,ERR,,,run1:없음,"has_community=True role_relevant=True env_relevant=False | 이 논문은 디시인사이드 '주군의 태양' 갤러리라는 팬 커뮤니티 공간 자체의 권력관계와 문화자본·아비투스·상징적 폭력 등 사회적 역학이 작동하는 '장'으로서의 역할을 분석 대상으로 삼으나, 커뮤니티의 운영·제재 방식(닉네임 언급 금지 등)은 단일 사례 내 서술에 그쳐 조건에 따른 차이·비교·변화를 추적하는 환경적 분석으로까지는 확장되지 않는다.","[ROLE] 본 논문은 디시인사이드 팬 갤러리라는 온라인 커뮤니티 공간 내부의 권력 분산 구조와 문화자본·아비투스를 분석하는 FIELD 성격이이나, 공론장 검증도 아니고 신뢰·연대·네트워크 등 관계적 자원(사회자본)을 직접 다루기보다는 부르디외적 권력·자본 분포에 초점을 두어 6개 코드 중 어느 하나도 0.5를 넘기지 못한다.",True,1/1,run1:없음
ART001997770,사이버 공간에서의 역사의 내전(內戰)화:<일간베스트저장소>의 5·18 언설을 중심으로,정수영(성균관대학교),2015,한국언론정보학보,kor,OK,"ROLE_WINDOW_HATE, ROLE_WINDOW_POLARIZE",,run1:없음,"has_community=True role_relevant=True env_relevant=False | 이 논문은 일베를 극우보수집단의 5·18 역사 재서술과 언설 확산을 관찰하는 창(ROLE_WINDOW)으로 활용하여, 온라인 커뮤니티 자체가 아닌 외부 사회현상인 극우 정치 담론과 역사 수정주의를 분석 대상으로 삼고 있으며, 커뮤니티의 구조적·환경적 조건(익명성, 운영 방침 등)을 비교·분석하지 않는다.","[ROLE] 이 논문은 일베를 극우보수집단이 5·18 광주민주화운동을 '내란·폭동'으로 재서술하고 폄하·조롱·적대·혐오의 언설을 확산하는 통로와 무대로서 분석하므로, 온라인 커뮤니티 공간 자체의 역할보다 바깥에 실체가 있는 극우보수집단의 정치적 양극화·혐오 확산 현상을 보여주는 창(WINDOW)으로 기능한다.",True,0/1,"run1:ROLE_WINDOW_HATE,ROLE_WINDOW_POLARIZE"
ART001908006,한국 보수 언론 및 온라인 커뮤니티의 이주노동자 재현과 갈등 은유 분석,채영길(한국외국어대학교),2014,한국언론학보,kor,OK,ROLE_WINDOW_HATE,,run1:없음,"has_community=True role_relevant=True env_relevant=False | 이 논문은 일간베스트의 이주노동자 게시판을 보수·극우 담론의 자료로 삼아 이주노동자에 대한 혐오·갈등 은유가 대중적으로 확산되는 현상을 보여주는 창(ROLE_WINDOW)으로 활용하나, 커뮤니티의 구조적·환경적 조건(익명성, 운영 방침, 회원제 등)을 분석 변수로 고려하지 않으므로 env_relevant는 false이다.","[ROLE] 본 연구는 극우 커뮤니티(일간베스트)를 보수 언론과 함께 이주노동자 혐오 담론이 한국 사회 전반으로 확산되는 경로 중 하나로 분석하므로, 온라인 커뮤니티는 외부에 실체가 있는 '혐오 표현·정서의 확산 현상'을 보여주는 창(WINDOW)에 해당하며, 공론장 검증이나 관계적 자원 분석은 이루어지지 않는다.",True,0/1,run1:ROLE_WINDOW_HATE
ART002886894,‘기레기 멸칭’에 내재된 언론비판 인식 분석: 주요 온라인 커뮤니티 내용분석을 중심으로,이상호(고려대학교),2022,한국언론정보학보,kor,OK,ROLE_WINDOW_MISC,,run1:없음,"has_community=True role_relevant=True env_relevant=False | 이 논문은 온라인 커뮤니티 게시판에서 생산·유통되는 '기레기' 담론을 분석하여 언론이용자들의 언론 신뢰도 문제의식을 드러내므로, 커뮤니티를 외부 사회현상(언론에 대한 대중 인식)을 보여주는 창(ROLE_WINDOW)으로 조명하나, 게시판의 운영 방식·익명성·회원 구조 등 환경적 조건에 따른 차이나 비교를 다루지 않으므로 env_relevant는 false이다.","[ROLE] 본 연구는 온라인 커뮤니티를 언론 신뢰·비판이라는 외부 사회현상을 포착하는 사례로 활용하는 창(WINDOW)에 해당하며, 해당 현상은 언론 이용자들의 언론 불신·비판(MISC)으로 귀결되나, ‘기레기’의 폭력적 외양이 언급됨에도 불구하고 혐오 확산 자체를 분석 대상 삼지 않고 언론 신뢰도 구성요소에 초점을 맞춘다.",True,0/1,run1:ROLE_WINDOW_MISC
ART002784511,<조선구마사> 역사 표현의 쟁점과 함의,주창윤(서울여자대학교),2021,커뮤니케이션 이론,kor,ERR,,,run1:없음,"has_community=False role_relevant=False env_relevant=False | 이 논문은 <조선구마사> 드라마의 역사 표현과 그 함의가 본래 분석 대상이며, 온라인 커뮤니티는 드라마가 쟁점화된 장소를 '일부 커뮤니티'라는 서술로 잠깐 언급할 뿐, 커뮤니티 자체의 구조·역할·환경을 분석 대상으로 삼지 않는다.","이 논문은 <조선구마사> 드라마의 역사 표현과 그 함의가 본래 분석 대상이며, 온라인 커뮤니티는 드라마가 쟁점화된 장소를 '일부 커뮤니티'라는 서술로 잠깐 언급할 뿐, 커뮤니티 자체의 구조·역할·환경을 분석 대상으로 삼지 않는다.",True,1/1,run1:없음
ART001928070,‘강북’ 청소년들의 일상생활 문화와 계급 정체성 형성에 대한 영상방법론적 연구,이상규(서울대학교),2014,한국언론정보학보,kor,ERR,,,run1:없음,"has_community=False role_relevant=False env_relevant=False | 온라인 커뮤니티는 강북 청소년의 문화실천(음악듣기, 취향 형성, 육체적 실천 등) 중 하나로 일괄 서술될 뿐, 특정 커뮤니티의 구조·역할·운영 조건을 분석 대상으로 삼지 않으므로 커뮤니티 분석 대상이 아니다.","온라인 커뮤니티는 강북 청소년의 문화실천(음악듣기, 취향 형성, 육체적 실천 등) 중 하나로 일괄 서술될 뿐, 특정 커뮤니티의 구조·역할·운영 조건을 분석 대상으로 삼지 않으므로 커뮤니티 분석 대상이 아니다.",True,1/1,run1:없음
ART002949920,온라인 커뮤니티 ‘에펨코리아’로 살펴본 ‘이대남 현상’,김선영(경남대학교),2023,한국언론정보학보,kor,OK,ROLE_WINDOW_GENDER,,run1:없음,"has_community=True role_relevant=True env_relevant=False | 이 논문은 에펨코리아 정치/시사 게시판의 게시글을 분석하여 '이대남 현상'이라는 외부 사회현상을 보여주는 창(ROLE_WINDOW)으로 온라인 커뮤니티를 활용하나, 커뮤니티의 회원제·익명성·운영 방침 등 구조적·환경적 조건에 따른 차이·비교·변화를 고려하지 않으므로 env_relevant는 false이다.","[ROLE] 이 논문은 에펨코리아의 정치/시사 게시판 담론을 텍스트 마이닝으로 분석하여 '이대남 현상'이라는 우리 사회의 젠더 갈등·반페미니즘 현상을 파악하는 창(WINDOW)으로 커뮤니티를 사용하므로, ROLE_WINDOW_GENDER가 부여되고, 정치적 진영 연결어(민주당·안티)가 부차적으로 등장하나 핵심은 페미니즘 대립이므로 POLARIZE는 미부여, 혐오는 명시적으로 구분되므로 미부여, 능력주의·공정성 논리는 젠더 갈등의 내부 메커니즘이므로 MISC도 미부여.",True,0/1,run1:ROLE_WINDOW_GENDER
ART002865675,여성 주체와 온라인 민족주의: <조선구마사> 방송 중단 운동을 중심으로,신정원(서울대학교),2022,언론정보연구,kor,OK,ROLE_WINDOW_MISC,,run1:없음,"has_community=True role_relevant=True env_relevant=False | 이 논문은 <조선구마사> 방송 중단 운동을 온라인 민족주의 운동으로 분석하면서, 더쿠·여성시대 등 여초 커뮤니티가 여성 네티즌의 주체적 정치 참여와 연대를 조직하는 '장'이자 기존 남성 중심 온라인 민족주의 담론과 대비되는 새로운 주체 구성을 보여주는 '창'으로 커뮤니티를 조명하나, 커뮤니티의 구조적·환경적 조건(회원제, 익명성, 운영 방침 등)을 변수로 삼아 차이를 비교·분석하지는 않는다.","[ROLE] 이 논문은 온라인 커뮤니티(여초 커뮤니티)를 '온라인 민족주의'라는 외부 문화·정치적 현상의 주체와 운동 방식을 포착하는 창(WINDOW_MISC)으로 활용하며, 혐오나 연대 등은 2차적 관찰에 그치고 공론장·사회자본 검증은 이루어지지 않는다.",True,0/1,run1:ROLE_WINDOW_MISC
ART002054350,"“내 그럴 줄 알았지!”: 인터넷루머 장르, 매체 · 대상 선호도에 따른 수용자 믿음및 전파의도",차유리(서울대학교),2015,한국방송학보,kor,ERR,,,run1:없음,"has_community=False role_relevant=False env_relevant=False | 이 논문은 인지일관성 접근으로 인터넷 루머의 '믿음'과 '전파의도'를 연구하며, '온라인 커뮤니티 이용자'는 단지 설문 응답자 모집단(N=400)으로서 등장할 뿐, 커뮤니티의 구조·상호작용·사회적 역할이 분석 대상이 되지 않으므로 커뮤니티 정의에 부합하지 않는다.","이 논문은 인지일관성 접근으로 인터넷 루머의 '믿음'과 '전파의도'를 연구하며, '온라인 커뮤니티 이용자'는 단지 설문 응답자 모집단(N=400)으로서 등장할 뿐, 커뮤니티의 구조·상호작용·사회적 역할이 분석 대상이 되지 않으므로 커뮤니티 정의에 부합하지 않는다.",True,1/1,run1:없음
ART001878027,한국의 저출산 현상에 대한 기혼 여성들의 인식 및 효과적인 커뮤니케이션 전략 연구,최지현(숙명여자대학교),2014,PR연구,kor,ERR,,,run1:없음,"has_community=True role_relevant=False env_relevant=False | 이 논문은 포커스 그룹 인터뷰를 통해 기혼여성의 출산 인식과 PR 커뮤니케이션 전략을 연구하며, 온라인 커뮤니티는 향후 캠페인 수단으로 언급될 뿐 분석 대상이 아니므로 커뮤니티의 역할이나 환경 조건이 조명되지 않는다.","이 논문은 포커스 그룹 인터뷰를 통해 기혼여성의 출산 인식과 PR 커뮤니케이션 전략을 연구하며, 온라인 커뮤니티는 향후 캠페인 수단으로 언급될 뿐 분석 대상이 아니므로 커뮤니티의 역할이나 환경 조건이 조명되지 않는다.",True,1/1,run1:없음
ART002022956,"좋은 루머, 나쁜 루머, 양가적 루머? - 인터넷 루머 전파기대 척도의 타당화",차유리(서울대학교),2015,언론정보연구,kor,ERR,,,run1:없음,"has_community=True role_relevant=False env_relevant=False | 이 논문은 온라인커뮤니티 이용자를 표본으로 삼아 인터넷 루머전파 기대의 심리 구성요인을 추출하는 것을 목적으로 하며, 커뮤니티를 창·장으로서 조명하지도 구조적·환경적 조건을 고려하지도 않고, 단지 조사 대상 모집단으로만 언급하고 있다.","이 논문은 온라인커뮤니티 이용자를 표본으로 삼아 인터넷 루머전파 기대의 심리 구성요인을 추출하는 것을 목적으로 하며, 커뮤니티를 창·장으로서 조명하지도 구조적·환경적 조건을 고려하지도 않고, 단지 조사 대상 모집단으로만 언급하고 있다.",True,1/1,run1:없음
ART001449054,온라인 브랜드 커뮤니티에서 불만 대응이 커뮤니티 선호도와 브랜드 충성도에 미치는 영향,김정현(중앙대학교),2010,PR연구,kor,OK,ROLE_WINDOW_MISC,,run1:없음,"has_community=True role_relevant=True env_relevant=False | 온라인 브랜드 커뮤니티를 브랜드 충성도를 형성하는 커뮤니케이션 창구로서 그 사회적 기능(장)을 분석하지만, 회원제·익명성·생애주기 등 커뮤니티의 구조적·환경적 조건을 비교·차이화하여 다루지 않고 불만 대응 만족도를 서비스 품질 변수로만 다루므로 env_relevant는 false이다.","[ROLE] 본 연구는 소비자 불만 처리와 브랜드 충성도라는 온라인 커뮤니티 외에도 존재하는 마케팅·소비자 관계 현상을 온라인 브랜드 커뮤니티라는 커뮤니케이션 창구를 통해 살펴보는 윈도우(ROLE_WINDOW_MISC) 성격이 강하며, 공론장 검증이나 이용자 간 관계적 자원(SOCIALCAPITAL) 분석과는 거리가 있다.",True,0/1,run1:ROLE_WINDOW_MISC
ART001119701,온라인 저널리즘의 정치적 동학:' '논객사이트'를 중심으로,장우영(대구가톨릭대학교),2005,언론과 사회,none,NO_ABSTRACT,,,,,초록 없음 (KOR_ABST/ENG_ABST 둘 다 없음),,,
ART002229719,미디어 멀티태스킹과 게이미피케이션을 통해 발현한 실시간 참여 민주주의 : 다이내믹 토픽 모델링(DTM)을 활용한 인터넷 게시판 분석,최선영(이화여자대학교),2017,한국방송학보,kor,OK,ROLE_FIELD_PUBLICSPHERE,,run1:없음,"has_community=True role_relevant=True env_relevant=False | 이 논문은 디시인사이드 주식갤러리를 2016년 청문회라는 외부 사회현상을 실시간으로 함께 소비하고 제보하며 참여민주주의를 수행하는 '장'으로 분석 대상으로 삼고 있으나, 게시판 게이미피케이션(개념글·댓글놀이·디시콘) 등 구조적 조건을 서술에 포함하되 그 유무·수준에 따른 차이·비교·변화를 분석하지는 않는다.","[ROLE] 탄핵 청문회의 실시간 생중계와 디시인사이드 주식갤러리의 게시·댓글 상호작용을 동시 분석하여, 게이미피케이션(개념글·디시콘·댓글놀이)과 미디어 멀티태스킹을 매개로 한 '유희적 참여 민주주의'가 실제로 작동하는지를 평가하는 것으로, 온라인 커뮤니티 공간 자체가 공론장으로서의 역할을 수행하는지를 검증하는 FIELD 계열 연구이다.",True,0/1,run1:ROLE_FIELD_PUBLICSPHERE
ART002716134,사회적 법익을 침해하는 허위조작정보 대응을 위한 시론적 논의 — 코로나19 관련 허위조작정보를 중심으로 —,정영주(한양대학교 언론정보대학원),2021,언론과 법,kor,ERR,,,run1:없음,"has_community=False role_relevant=False env_relevant=False | 이 논문은 코로나19 관련 허위조작정보의 규제 대응 방안을 연구하는 법·정책 논문이며, 온라인 커뮤니티는 허위정보의 유통 채널로서 한 문장 언급될 뿐, 커뮤니티 자체의 구조·상호작용·사회적 역할을 분석 대상으로 삼지 않는다.","이 논문은 코로나19 관련 허위조작정보의 규제 대응 방안을 연구하는 법·정책 논문이며, 온라인 커뮤니티는 허위정보의 유통 채널로서 한 문장 언급될 뿐, 커뮤니티 자체의 구조·상호작용·사회적 역할을 분석 대상으로 삼지 않는다.",True,1/1,run1:없음
ART001715215,온라인뉴스 확산행동 혹은 의견 게재행동에 참여하는 이용자 특성에 대한 연구,고영재(대한결핵협회),2012,PR연구,kor,ERR,,,run1:없음,"has_community=True role_relevant=False env_relevant=False | 이 논문은 블로그, 미니홈피, SNS, 디시인사이드, 카페·온라인 커뮤니티, 포털 등 다수 플랫폼을 횡단하며 뉴스 확산·의견 게재 행동의 이용자 특성(혁신성·마브니즘·효능감)과 동기를 비교하는 연구로, 온라인 커뮤니티는 분석 대상 플랫폼 중 하나로 언급되나 커뮤니티의 사회적 역할(창/장)이나 구조적·환경적 조건(회원제, 운영 방침, 익명성 등)을 조명하지 않으므로 role·env 모두 해당하지 않는다.","이 논문은 블로그, 미니홈피, SNS, 디시인사이드, 카페·온라인 커뮤니티, 포털 등 다수 플랫폼을 횡단하며 뉴스 확산·의견 게재 행동의 이용자 특성(혁신성·마브니즘·효능감)과 동기를 비교하는 연구로, 온라인 커뮤니티는 분석 대상 플랫폼 중 하나로 언급되나 커뮤니티의 사회적 역할(창/장)이나 구조적·환경적 조건(회원제, 운영 방침, 익명성 등)을 조명하지 않으므로 role·env 모두 해당하지 않는다.",True,1/1,run1:없음
ART001747144,능동적 이용자와 정보기술의 상호구성 전자게시판 이용자를 중심으로,조동원(중앙대학교),2013,언론과 사회,kor,ERR,,,run1:없음,"has_community=True role_relevant=True env_relevant=False | 1980년대 후반~1990년대 초반 전자게시판을 온라인 공동체 미디어로 설정하여 이용자 능동성이 집단적 문제해결과 참여문화·정보기술 민주화라는 사회적 역할을 수행하는 '장'으로서 분석하지만, 회원제·익명성·운영·제재 등 커뮤니티의 구조적·운영적 조건에 따른 차이나 변화를 변인으로 다루지 않는다.","[ROLE] 본 논문은 1980~90년대 전자게시판 이용자의 능동성(재설정·재매개)과 집단적 정보 공유·해킹 활동을 통해 온라인 공동체 미디어가 형성되는 과정과 정보기술 민주화를 추적하는 것으로, 분석 대상이 온라인 커뮤니티 공간 내부의 이용자 상호작용이므로 FIELD 계열에 가깝지만, 공론장 기능의 검증(숙의·여론 대표성 평가)도 이용자 간 관계적 자원(신뢰·연대·네트워크)의 존재·효과 분석도 아닌 '이용자 능동성'의 이론적 재구성·역사적 규명이 주 목적이므로 6개 코드 중 어느 하나에도 0.5를 넘기지 못한다.",True,1/1,run1:없음
ART001627852,소비자 주도형 브랜드 커뮤니티의 '맹목성' 연구 : 제품에 대한 위험지각이 브랜드 태도에 미치는 영향,조민정(인포마스터),2012,광고학연구,kor,OK,ROLE_WINDOW_MISC,,run1:없음,"has_community=True role_relevant=True env_relevant=False | 이 논문은 소비자 주도형 온라인 브랜드 PR 커뮤니티라는 공간 자체의 커뮤니케이션 효과와 브랜드 충성도·태도 형성에 대한 역할을 분석 대상으로 삼아 '장'으로서 조명하지만, 회원제·운영 방식·익명성 등 구조적·환경적 조건에 따른 차이·비교·변화를 분석하는 것은 아니므로 env_relevant는 false이다.","[ROLE] 이 논문은 온라인 브랜드 커뮤니티라는 공간을 매개로 소비자 위험지각·브랜드 충성도·PR 효과라는 마케팅·소비자 행동 현상을 규명하는 것이므로, 커뮤니티 자체의 공론장·사회적 자본 역할이 아니라 외부에 존재하는 브랜드 PR·소비자 태도 현상을 보여주는 창(WINDOW_MISC)으로 기능한다.",True,0/1,run1:ROLE_WINDOW_MISC
ART003173080,데칼코마니 저널리즘: 혐오와 편견의 대량 복제,이서현(제주대학교),2025,한국언론정보학보,kor,ERR,,,run1:없음,"has_community=True role_relevant=False env_relevant=False | 이 논문은 온라인 커뮤니티 게시글을 언론사가 원천 취재 없이 베끼는 데칼코마니 저널리즘 행위를 분석 대상으로 삼고 있으며, 온라인 커뮤니티 자체의 구조·운영·사회적 역할을 분석하지 않고 단지 정보 전달 통로·취재 원천으로만 언급하므로 커뮤니티가 연구의 분석 대상이 아닌 재료에 불과하다.","이 논문은 온라인 커뮤니티 게시글을 언론사가 원천 취재 없이 베끼는 데칼코마니 저널리즘 행위를 분석 대상으로 삼고 있으며, 온라인 커뮤니티 자체의 구조·운영·사회적 역할을 분석하지 않고 단지 정보 전달 통로·취재 원천으로만 언급하므로 커뮤니티가 연구의 분석 대상이 아닌 재료에 불과하다.",True,1/1,run1:없음
ART002245240,온라인 커뮤니티 맥락에서 브랜드 위기유형이 소비자의 지각된 위험 및 부정적 반응에 미치는 영향: 정보 생동감과 소비자 외향성의 조절효과를 중심으로,홍일유(중앙대학교),2017,광고학연구,kor,OK,ROLE_WINDOW_MISC,,run1:없음,"has_community=True role_relevant=True env_relevant=False | 이 논문은 브랜드 위기 유형에 따른 소비자 반응과 구전의도를 온라인 커뮤니티 맥락에서 분석함으로써, 커뮤니티를 부정적 정보가 확산되는 창(ROLE_WINDOW)으로 조명하나, 회원제·익명성·운영 방침 등 커뮤니티의 구조적·환경적 조건을 비교·고찰하지는 않는다.","[ROLE] 이 논문은 브랜드 위기 유형에 따른 소비자의 위험 지각·부정적 반응·구전 의도라는 마케팅 현상을 분석 대상으로 삼고, 온라인 커뮤니티는 그 구전이 확산되는 맥락(창)으로만 위치시키므로 WINDOW_MISC에 해당한다.",True,0/1,run1:ROLE_WINDOW_MISC
ART002335946,미디어의 구술성과 토론 주제의 돌출성이 사회적 시청의 수준에 미치는 영향: 2017년 TV 대선 토론에 대한 온라인 커뮤니티와 카카오톡 글 분석을 중심으로,최윤정(이화여자대학교),2018,한국방송학보,kor,OK,ROLE_WINDOW_MISC,,run1:없음,"has_community=True role_relevant=True env_relevant=False | 이 논문은 2017 TV 대선 토론에 대한 '사회적 시청' 현상을 관찰하기 위해 카카오톡과 문자성 강한 온라인 커뮤니티 두 매체를 비교 분석하며, 커뮤니티는 사회적 시청이라는 외부 현상을 관찰하는 창(ROLE_WINDOW)으로 기능하고, 매체의 구술성·문자성 차이는 언급되지만 회원제·익명성·운영·제재 등 커뮤니티의 구조적·환경적 조건에 따른 차이는 다루고 있지 않으므로 env_relevant는 false이다.","[ROLE] 본 연구는 '사회적 시청'이라는 미디어 소비 현상을 관찰하기 위해 온라인 커뮤니티와 카카오톡을 비교 플랫폼으로 사용하며, 커뮤니티 공간 자체의 공론장 기능이나 관계적 자원 형성이 아니라 TV 시청과 온라인 토론의 결합이라는 외부 사회현상을 보여주는 창(window)으로서의 역할을 주로 담당한다.",True,0/1,run1:ROLE_WINDOW_MISC
ART001175182,커뮤니티 개설자에 대한 인식정도와 이용자의 커뮤니티 의식의 관계에 관한 연구:기업 개설형 브랜드 커뮤니티를 중심으로,이규완(동아대학교),2006,언론과학연구,kor,ERR,,,run1:없음,"has_community=True role_relevant=True env_relevant=False | 이 논문은 기업이 개설·운영하는 온라인 브랜드 커뮤니티를 커뮤니티 의식형성과 유대감, 충성도가 형성되는 '장'으로 분석하지만, 개설자(기업/소비자) 구별을 연구 범위의 전제 정도로만 제시하고 운영·제재 방식이나 익명성 등 구조적 환경 조건의 차이·비교를 분석하지는 않으므로 env_relevant는 false다.","[ROLE] 온라인 브랜드 커뮤니티라는 공간 자체의 촉진요소·이용질과 커뮤니티 의식형성 간 관계를 다루되, 분석 단위가 이용자 간 관계가 아닌 개인 내면화된 인지도·태도에 머물러 SOCIALCAPITAL의 관계적 요건을 충족하지 못하며, 궁극적 목적이 기업의 브랜드 관리 전략에 있으므로 WINDOW_MISC 향이 있으나 커뮤니티 공간 내부 분석이 주를 이루어 확률이 0.5에 미치지 못한다.",True,1/1,run1:없음
ART001119546,온라인 사회연결망 자본이 지위열망에 미치는 영향:오프라인 사회연결망자본과의 비교를 중심으로,이철주(미국 위스콘신대학),2004,언론과 사회,none,NO_ABSTRACT,,,,,초록 없음 (KOR_ABST/ENG_ABST 둘 다 없음),,,
ART002743903,뉴스에서 의견으로: 온라인 커뮤니티에서 뉴스 공유의 특성,송보영(서울대학교),2021,한국방송학보,kor,OK,ROLE_FIELD_PUBLICSPHERE,,run1:없음,"has_community=True role_relevant=True env_relevant=False | 이 논문은 엠엘비파크·오늘의유머·일간베스트 세 온라인 커뮤니티에서 뉴스가 선택적으로 유입되고 참여자의 의견과 결합·반박되는 과정을 분석하여, 커뮤니티가 여론 형성의 창이자 공론적 교환의 장으로 기능하는지 조명하나, 회원제·익명성·운영 방침 등 구조적·환경적 조건에 따른 차이 비교는 다루지 않는다.","[ROLE] 논문의 핵심은 온라인 커뮤니티 공간 안에서 뉴스가 선택적으로 유입되고 이용자가 기사를 반박하며 자신의 의견을 형성하는 과정을 기술하는 것으로, 공론장의 의견 형성 기능에 가장 근접하나 하버마스적 숙의·대표성 여부에 대한 검증·평가까지 나아가지는 못해 ROLE_FIELD_PUBLICSPHERE의 경계선(0.5)에 위치하며, 관계망 분석은 정보 교환 구조를 다루되 신뢰·연대 등 관계적 자원을 직접 다루지 않아 SOCIALCAPITAL은 미부여된다.",True,0/1,run1:ROLE_FIELD_PUBLICSPHERE
ART002910918,한국에서의 무성애 지향에 대한 탐색적 연구: 온라인 커뮤니티 분석을 중심으로,조윤희(연세대학교),2022,"미디어, 젠더 & 문화",kor,OK,ROLE_WINDOW_MISC,,run1:없음,"has_community=True role_relevant=True env_relevant=False | 이 논문은 국내 무성애자 온라인 커뮤니티의 게시글과 댓글을 분석 대상으로 삼아 무성애 지향이 그려내는 삶의 경로를 탐색하며, 커뮤니티를 퀴어 정체성 형성 현상을 관찰하는 창(ROLE_WINDOW_MISC)으로 활용하나, 커뮤니티의 구조적·환경적 조건(익명성, 회원제, 운영 방침 등)에 따른 차이나 변화를 분석하지는 않는다.","[ROLE] 이 논문은 무성애 정체성 형성이라는 외부 사회현상(성소수자 정체성 구성, 유성애 규범에서의 이탈, 언어 탐색)을 분석 대상으로 삼고, 온라인 커뮤니티는 그 현상을 관찰하기 위한 자료 공급원(창)으로 기능하므로 ROLE_WINDOW_MISC에 해당한다.",True,0/1,run1:ROLE_WINDOW_MISC
ART002996424,젠더 갈등으로 대두된 기업 위기와 온라인 커뮤니티의 귀인 양상 Biterm Topic Model을 이용한 댓글 분석을 중심으로,양수민(중앙대학교 일반대학원 미디어커뮤니케이션학과),2023,커뮤니케이션 이론,kor,OK,ROLE_WINDOW_GENDER,,run1:없음,"has_community=True role_relevant=True env_relevant=False | 남초·여초 커뮤니티의 댓글을 13,319건 수집하여 토픽 모델링과 책임귀인 분석을 수행함으로써, 온라인 커뮤니티를 젠더 갈등과 기업 위기라는 외부 사회현상을 보여주는 창이자 집단 정체성이 재확인·강화되는 장으로 조명하나, 회원제·제재·익명성 등 커뮤니티의 구조적·운영적 조건에 따른 차이 비교는 다루지 않는다.","[ROLE] 이 논문은 2021년 GS25 남성혐오 논란이라는 외부 사회현상(젠더 갈등)을 남초·여초 온라인 커뮤니티라는 창으로 포착하여, 집단 정체성에 따른 주제·귀인 분화와 배타적 담론 형성을 분석함으로써, 온라인 커뮤니티가 존재하지 않아도 성립하는 젠더 갈등 현상을 관찰하는 WINDOW_GENDER로 분류된다.",True,0/1,run1:ROLE_WINDOW_GENDER
ART002854281,연결된 잔혹성: 혐오와 재미 사이의 길고양이 학대와 ‘인터넷 놀이 문화’ 공모 범죄,이진(Curtin University),2022,"미디어, 젠더 & 문화",kor,OK,ROLE_WINDOW_GENDER,,run1:없음,"has_community=True role_relevant=True env_relevant=True | 이 논문은 동물 학대 콘텐츠가 '인터넷 놀이-범죄 문화'로 자리 잡는 과정을 온라인 커뮤니티를 매개로 분석하며, 이를 양성평등·남성성 위기라는 사회적 현상을 드러내는 창으로 동시에 온라인 공간 자체가 공모 범죄를 조직화·대중화하는 장으로 조명하고(ROLE), 그 과정에서 익명성과 연결성이라는 온라인 환경의 구조적 조건이 참여 유도와 범죄성 희석에 어떻게 작동하는지를 분석하고 있으므로(ENV), 두 축 모두 해당한다.","[ROLE] 본 논문은 온라인 커뮤니티·유튜브·오픈채팅방에서 유통되는 동물 학대 콘텐츠 소비 문화를 분석하면서도, 이를 궁극적으로 양성평등 움직임에 따른 남성성 위기·여성혐오-남성지배담론이라는 바깥의 젠더 갈등 현상을 보여주는 창(WINDOW_GENDER)으로 포착하며, 온라인 공간의 익명성·연결성이라는 매개 기제가 이 현상을 어떻게 '놀이-범죄 문화'로 대중화하는지를 함께 기술한다. | [ENV] 논문은 익명성을 동물학대 콘텐츠가 조직화·대중화되는 구조적 조건으로 서술하나, 완전·부분·실명 등 익명성 수준 간 비교 분석을 수행하지 않으므로 4개 코드 모두 미부여로 판단한다.",True,0/1,run1:ROLE_WINDOW_GENDER
ART001904428,Exploring the Use of Online Channels for Disseminating HIV/AIDS Knowledge The Diffusion of the “Hug AIDS” Online Campaign among Online Users,신경아(한양대학교),2014,PR연구,kor,ERR,,,run1:없음,"has_community=False role_relevant=False env_relevant=False | 이 논문은 AIDS 예방 캠페인 'Hug AIDS'의 확산 과정을 다양한 온라인 커뮤니케이션 채널(배너 광고, 온라인 메신저, 공개 웹사이트, 온라인 커뮤니티 등)을 통해 분석하는 연구로, 온라인 커뮤니티는 캠페인 정보의 전달 통로로서 여러 매체 중 하나로만 언급될 뿐, 커뮤니티 자체의 사회적 역할이나 구조적·환경적 조건이 분석 대상이 아니다.","이 논문은 AIDS 예방 캠페인 'Hug AIDS'의 확산 과정을 다양한 온라인 커뮤니케이션 채널(배너 광고, 온라인 메신저, 공개 웹사이트, 온라인 커뮤니티 등)을 통해 분석하는 연구로, 온라인 커뮤니티는 캠페인 정보의 전달 통로로서 여러 매체 중 하나로만 언급될 뿐, 커뮤니티 자체의 사회적 역할이나 구조적·환경적 조건이 분석 대상이 아니다.",True,1/1,run1:없음
ART002934966,메타버스 내 옥외광고(In-Metaverse OOH) 도입에 대한 전문가 인식 연구,김지은(숙명여자대학교),2023,광고PR실학연구,kor,ERR,,,run1:없음,"has_community=False role_relevant=False env_relevant=False | 이 논문은 메타버스 플랫폼을 광고 인벤토리와 운영 솔루션의 관점에서만 다루며, 공통 관심사를 가진 사용자가 지속적으로 상호작용하고 관계를 형성하는 온라인 커뮤니티를 분석 대상으로 삼지 않으므로 커뮤니티 존재 여부가 성립하지 않는다.","이 논문은 메타버스 플랫폼을 광고 인벤토리와 운영 솔루션의 관점에서만 다루며, 공통 관심사를 가진 사용자가 지속적으로 상호작용하고 관계를 형성하는 온라인 커뮤니티를 분석 대상으로 삼지 않으므로 커뮤니티 존재 여부가 성립하지 않는다.",True,1/1,run1:없음
ART002957307,프라이버시권 침해보도의 저널리즘적 특성과 언론에 의한 프라이버시권 침해관행 연구 — 프라이버시권 침해관련 언론중재위원회 시정권고사례 분석을 중심으로 —,김주용(언론중재위원회),2023,언론과 법,kor,ERR,,,run1:없음,"has_community=False role_relevant=False env_relevant=False | 이 논문은 언론의 프라이버시권 침해 양상과 저널리즘적 특성을 분석하는 연구이며, 온라인 커뮤니티는 소셜미디어·온라인 동영상 플랫폼과 나란히 취재 '출처'로서 한 문단 정도 언급될 뿐, 커뮤니티 자체의 구조·역할·운영 방침이 분석 대상이 되지 않는다.","이 논문은 언론의 프라이버시권 침해 양상과 저널리즘적 특성을 분석하는 연구이며, 온라인 커뮤니티는 소셜미디어·온라인 동영상 플랫폼과 나란히 취재 '출처'로서 한 문단 정도 언급될 뿐, 커뮤니티 자체의 구조·역할·운영 방침이 분석 대상이 되지 않는다.",True,1/1,run1:없음
ART001940297,"여성 온라인 커뮤니티 이용동기와 효과에 관한 탐색적 연구: 20대 여성 대학(원)생 이용자의 지속적 커뮤니티 이용의도, 페미니즘 성향을 중심으로",이정기(한양대학교),2014,미디어와 공연예술 연구,kor,ERR,,,run1:없음,"has_community=True role_relevant=True env_relevant=False | 이 논문은 20대 여성 대학(원)생의 온라인 여성 커뮤니티 이용이 페미니즘 성향과 정치참여에 미치는 효과를 분석하여 커뮤니티를 정치적 의식 형성과 참여를 촉진하는 장(ROLE_FIELD)으로 조명하나, 커뮤니티의 구조적·환경적 조건(회원제, 익명성, 운영 방침 등)을 비교하거나 그 차이를 다루지 않으므로 env_relevant는 false이다.","[ROLE] 본 연구는 20대 여성의 온라인 여성 커뮤니티 이용이 양성평등 인식·정치적 협약 등 개인적 정치 태도에 미치는 효과를 행동강화 이론 틀에서 측정하는 것으로, 커뮤니티 공간 안의 상호작용이 공론장 기능을 실제로 수행하는지 검증·평가하는 질적 분석이 아닌 개인 수준 심리 변인 간 인과를 다루므로 FIELD 계열은 미부여되며, 젠더가 핵심 주제이나 젠더 갈등·페미니즘 대립이라는 외부 현상을 포착하는 WINDOW_GENDER로도 보기 어렵고, 6개 코드 모두 0.5 미만이므로 어느 코드도 부여하지 않는다.",True,1/1,run1:없음
ART002633117,"새로운 관계성 형성의 장으로서의 인터넷 커뮤니티에 대한 연구 : 그룹 정체성, 멤버 유대감, 커뮤니티 활동시간을 중심으로한 현장실험",김효숙(숭실대학교),2020,광고연구,kor,OK,ROLE_FIELD_SOCIALCAPITAL,,run1:없음,"has_community=True role_relevant=True env_relevant=True | 이 논문은 온라인 커뮤니티의 포맷·알고리즘 설계(그룹 활동 중심 vs. 멤버 교류 중심)라는 구조적 조건을 비교하여 그것이 그룹 정체성·멤버 유대감·참여 시간에 미치는 차이를 분석함으로써, 커뮤니티라는 공간 자체의 사회적 역할(장)을 조명하면서도 그 구조적·환경적 조건(ENV)에 따른 변화와 비전을 함께 고려한다.","[ROLE] 이 논문은 온라인 커뮤니티의 포맷·알고리즘이 그룹 정체성과 멤버 간 유대감이라는 관계적 자원을 어떻게 형성하는지를 실험적으로 검증하는 것으로, 커뮤니티 공간 안의 이용자 간 관계 형성을 분석 대상으로 삼는 장(FIELD)으로서의 사회자본(SOCIALCAPITAL) 역할에 해당한다. | [ENV] 이 논문은 웹사이트 포맷·알고리즘(그룹 활동 vs. 멤버 교류 중심)이 그룹 정체성과 유대감에 미치는 영향을 실험적으로 검증하는 것이지, 회원제 등급 차이, 삭제·제재·중재 등 운영체계, 커뮤니티 자체의 성장·쇠퇴 단계, 익명성 수준 비교라는 4개 ENV 코드의 판별 질문에 답하는 비교·변화 분석을 포함하지 않으므로 전 코드 미부여.",True,0/1,run1:ROLE_FIELD_SOCIALCAPITAL
ART002045297,커뮤니케이션 욕구: 개념화와 측정척도 개발,김충현(서강대학교),2015,한국언론학보,kor,ERR,,,run1:없음,"has_community=False role_relevant=False env_relevant=False | 이 논문은 인간의 커뮤니케이션 욕구를 개념화하고 측정척도를 개발·검증하는 연구이며, '온라인 커뮤니티 몰입'은 대인관계 조화·사회적 지지 인식과 함께 척도의 예측 타당도를 입증하기 위한 종속변수 중 하나로만 언급될 뿐, 특정 온라인 커뮤니티를 분석 대상으로 삼거나 그 구조·역할을 조명하지 않는다.","이 논문은 인간의 커뮤니케이션 욕구를 개념화하고 측정척도를 개발·검증하는 연구이며, '온라인 커뮤니티 몰입'은 대인관계 조화·사회적 지지 인식과 함께 척도의 예측 타당도를 입증하기 위한 종속변수 중 하나로만 언급될 뿐, 특정 온라인 커뮤니티를 분석 대상으로 삼거나 그 구조·역할을 조명하지 않는다.",True,1/1,run1:없음
ART002024304,소셜 VS. 온라인 브랜드 커뮤니티 비교연구,김주란(전주대학교),2015,광고PR실학연구,kor,OK,ROLE_WINDOW_MISC,,run1:없음,"has_community=True role_relevant=True env_relevant=False | 본 연구는 소셜미디어 기반 브랜드 커뮤니티와 온라인 브랜드 커뮤니티를 비교하여 광고가치·상호작용성·구매의도 등을 실증 분석함으로써, 커뮤니티라는 공간 자체가 브랜드 커뮤니케이션과 소비자 태도 형성에 기여하는 사회적 역할(장)을 분석 대상으로 삼고 있으나, 회원제·익명성·운영 방침·생애주기 등 커뮤니티의 구조적·환경적 조건을 비교 변인으로 다루지는 않는다.","[ROLE] 본 연구는 온라인 브랜드 커뮤니티를 브랜드 커뮤니케이션·광고 효과라는 외부 마케팅 현상을 실증적으로 규명하는 사례(창)로 활용하며, 커뮤니티 내부의 상호작용성·광고가치·구매의도 관계를 분석하되 공론장 검증이나 이용자 간 관계적 자원(사회적 자본)을 분석 대상 삼지 않으므로 WINDOW_MISC에 가장 가깝다.",True,0/1,run1:ROLE_WINDOW_MISC
ART001257307,언론사 닷컴 이용자의 사이트 재방문 유도요인 분석: 대학생 집단을 중심으로,안재현(청운대학교),2007,한국언론학보,kor,ERR,,,run1:없음,"has_community=False role_relevant=False env_relevant=False | 이 논문은 언론사 웹사이트의 생존 전략과 재방문율에 영향을 미치는 5C(contents, community, communication, commerce, customization) 요인을 회귀분석한 것으로, '커뮤니티'는 온라인 커뮤니티 자체를 분석 대상으로 삼은 것이 아니라 웹사이트 기능·비즈니스 요인 중 한 변수로만 등장하므로, 정의에 해당하는 온라인 커뮤니티를 연구의 분석 대상으로 삼지 않는다.","이 논문은 언론사 웹사이트의 생존 전략과 재방문율에 영향을 미치는 5C(contents, community, communication, commerce, customization) 요인을 회귀분석한 것으로, '커뮤니티'는 온라인 커뮤니티 자체를 분석 대상으로 삼은 것이 아니라 웹사이트 기능·비즈니스 요인 중 한 변수로만 등장하므로, 정의에 해당하는 온라인 커뮤니티를 연구의 분석 대상으로 삼지 않는다.",True,1/1,run1:없음
ART002187031,실시간 가상시청공동체의 행동 특성: 온라인커뮤니티 디시인사이드 ‘별에서 온 그대’ 게시판 분석을 중심으로,김시은(한국경제),2016,정치커뮤니케이션연구,kor,OK,ROLE_FIELD_SOCIALCAPITAL,,run1:없음,"has_community=True role_relevant=True env_relevant=True | 이 논문은 특정 드라마 게시판에서 형성·해체되는 '실시간 가상시청공동체'를 분석 대상으로 삼아 온라인 커뮤니티를 새로운 미디어 소비의 '장'으로 조명하고(role_relevant), 방송 단계별 형성·쇠퇴와 PC/모바일 접속 방식에 따른 소통 행태 차이 등 커뮤니티의 생애주기 및 플랫폼 구조적 조건을 비교 분석함으로써(env_relevant) 환경 조건의 영향도 고찰한다.","[ROLE] 본 연구는 온라인 커뮤니티 게시판 내에서 형성·해체되는 '실시간 가상시청공동체'의 이용자 간 감정적 지지와 연결 과정을 핵심 분석 대상으로 삼으므로, 온라인 커뮤니티 공간 안에서 이용자 간 관계적 자원(감정 지지·임의적 구성·동질감)이 형성·해체되는 현상을 다룬 FIELD 계열(ROLE_FIELD_SOCIALCAPITAL)에 해당하며, 배경으로 가족→개인 미디어 전환이라는 외부 현상이 언급되나 분석의 초점은 커뮤니티 내부의 상호작용에 있으므로 WINDOW 계열은 미부여. | [ENV] 가상시청공동체의 일시적 형성·해체(이합집산)를 서술하고 있으나, 커뮤니티 자체의 생애주기 단계 변화가 대규모 탈퇴·쇠락 같은 결과로 이어지는 과정을 추적·분석하지 않으므로 ENV_COMMUNITY_LIFECYCLE은 미부여이며, 나머지 세 코드도 해당 근거를 찾을 수 없어 전부 미부여로 판단한다.",True,0/1,run1:ROLE_FIELD_SOCIALCAPITAL
ART002352600,인터넷 팬 커뮤니티에서 갈등은어떤 의미가 있는가?,권지현(동의대학교),2018,지역과 커뮤니케이션,kor,ERR,,,run1:없음,"has_community=True role_relevant=True env_relevant=False | 이 논문은 디시인사이드 '해외연예' 갤러리라는 온라인 팬 커뮤니티를 갈등이 발생하고 관리되는 '장'으로 분석하면서도, 회원제·제재·익명성·생애주기 등 구조적·환경적 조건에 따른 차이·비교·변화를 다루지 않으므로 role만 해당되고 env는 해당되지 않는다.","[ROLE] 이 논문은 디시인사이드 '해외연예' 갤러리라는 온라인 팬 커뮤니티 공간 내부에서 중국 대중문화 콘텐츠 팬 이탈이라는 사건의 갈등관리 방식과 그 효과(참여 독려, 공동체 유지)를 분석하는 것으로, 공간 내 상호작용 자체를 다루는 FIELD 계열에 가깝지만, 주요 분석 축이 갈등관리 이론이고 참여·공동체 유지가 2차 결과에 그쳐 SOCIALCAPITAL까지 부여하기에는 부족하며, 외부 사회현상을 보여주는 WINDOW도 아니다.",True,1/1,run1:없음
ART003210135,포퓰리즘 시대의 청년 정치: 온라인 커뮤니티 담론이 구성하는 청년 정치인의 ‘자격’,김선기(국립부경대학교 글로벌차이나연구소),2025,한국언론정보학보,kor,OK,ROLE_WINDOW_POLARIZE,,run1:없음,"has_community=True role_relevant=True env_relevant=False | 이 논문은 클리앙이라는 온라인 커뮤니티의 게시글을 분석하여 포퓰리즘과 청년 정치의 관계를 살펴보기 위해 커뮤니티를 외부 정치·사회 현상(포퓰리즘, 청년 정치인 자격 구성)을 드러내는 창(ROLE_WINDOW_MISC)으로 활용하며, 커뮤니티의 구조적·환경적 조건 자체를 비교하거나 분석하지는 않으므로 env_relevant는 false이다.","[ROLE] 본 연구는 클리앙 커뮤니티를 데이터 소스로 활용하되, 분석 대상은 커뮤니티 내부의 상호작용 구조가 아니라 포퓰리즘이 청년 정치인의 정당 내 대표성과 진영 간 갈등을 어떻게 제약하는가라는 외부 정치 현상이므로, 온라인 커뮤니티는 정치적 양극화·진영 갈등을 포착하는 창(ROLE_WINDOW_POLARIZE)으로 기능한다.",True,0/1,run1:ROLE_WINDOW_POLARIZE
ART003231870,‘제주 비계 삼겹살’ 보도에 나타난 저널리즘 행위,이서현(제주대학교),2025,한국언론정보학보,kor,ERR,,,run1:없음,"has_community=False role_relevant=False env_relevant=False | 이 논문은 '제주 비계 삼겹살' 이슈에 대한 저널리즘 행위와 보도 행태를 분석하는 것으로, 온라인 커뮤니티는 이슈의 기원 지점(게시글이 뉴스 의제의 출발점이었다)으로 잠깐 언급될 뿐, 커뮤니티 그 자체의 구조·운영·상호작용을 연구 대상으로 삼지 않는다.","이 논문은 '제주 비계 삼겹살' 이슈에 대한 저널리즘 행위와 보도 행태를 분석하는 것으로, 온라인 커뮤니티는 이슈의 기원 지점(게시글이 뉴스 의제의 출발점이었다)으로 잠깐 언급될 뿐, 커뮤니티 그 자체의 구조·운영·상호작용을 연구 대상으로 삼지 않는다.",True,1/1,run1:없음
ART001940368,온라인 커뮤니티는 토론 난제(難題)에서도 대안적인가?: ‘개성공단 사태’에 대한 종이신문의 보도양상 및 프레임과의 비교를 중심으로,김동윤(대구대학교),2014,미디어와 공연예술 연구,kor,OK,ROLE_FIELD_PUBLICSPHERE,,run1:없음,"has_community=True role_relevant=True env_relevant=False | 이 논문은 다음 아고라 커뮤니티의 개성공단 사태 토론을 종이신문 보도와 비교하여 대안적 미디어로서의 기능과 내용적 다양성을 분석함으로써, 온라인 커뮤니티 공간 자체의 사회적 역할(대안미디어로서의 '장')을 조명하나, 커뮤니티의 운영 방침·회원제·익명성 등 구조적 환경 조건을 변수로 삼아 차이·비교를 수행하지는 않는다.","[ROLE] 이 논문은 '다음 아고라' 온라인 커뮤니티의 토론이 종이신문 대비 대안적 프레임과 내용적 다양성을 제공하는지 양적·질적 내용분석으로 검증함으로써, 커뮤니티 공간 자체가 대안적 공론장으로서의 역할을 실제로 수행하는지(ROLE_FIELD_PUBLICSPHERE)를 평가하는 장(FIELD) 연구에 해당한다.",True,0/1,run1:ROLE_FIELD_PUBLICSPHERE
ART002935498,혼틈당선: 윤석열과 보수 재집권 분투 : <Under the Cover of Chaos>를 통해 본 제20대 대통령 선거 국면 분석,이종명(강원대학교 미디어커뮤니케이션학과),2023,한국언론학보,kor,ERR,,,run1:없음,"has_community=False role_relevant=False env_relevant=False | 이 논문은 20대 대선 담론의 국면분석을 주체로 하며, '온라인 커뮤니티의 화답'은 독자 투고를 대체하는 수용자 화답의 매체로서 괄호 안에 잠깐 언급될 뿐, 커뮤니티 자체를 분석 대상이나 연구 재료로 삼지 않는다.","이 논문은 20대 대선 담론의 국면분석을 주체로 하며, '온라인 커뮤니티의 화답'은 독자 투고를 대체하는 수용자 화답의 매체로서 괄호 안에 잠깐 언급될 뿐, 커뮤니티 자체를 분석 대상이나 연구 재료로 삼지 않는다.",True,1/1,run1:없음
ART003094007,"네이버에서 ‘사장님’ 이미지 검색해 보라, 사용자 선호는 어디에 있나?: 성애화된 이미지의 생산, 유통 그리고 소비",윤호영(이화여자대학교 커뮤니케이션·미디어학부),2024,"미디어, 젠더 & 문화",kor,ERR,,,run1:없음,"has_community=True role_relevant=False env_relevant=False | 이 논문은 네이버 이미지 검색 알고리즘의 태그 기반 큐레이션과 성애화 이미지의 생산-유통-소비 구조를 분석 대상으로 삼으며, 온라인 커뮤니티는 언론·블로그와 나란히 콘텐츠 발생 '출처'의 하나로만 언급될 뿐, 커뮤니티 자체를 창·장으로 조명하지도 그 구조적·환경적 조건을 비교·분석하지도 않는다.","이 논문은 네이버 이미지 검색 알고리즘의 태그 기반 큐레이션과 성애화 이미지의 생산-유통-소비 구조를 분석 대상으로 삼으며, 온라인 커뮤니티는 언론·블로그와 나란히 콘텐츠 발생 '출처'의 하나로만 언급될 뿐, 커뮤니티 자체를 창·장으로 조명하지도 그 구조적·환경적 조건을 비교·분석하지도 않는다.",True,1/1,run1:없음
ART002226341,부정 보도 메시지가 소비자 태도에 미치는 영향에 관한 연구: 온라인 브랜드 커뮤니티 가입여부에 따른 조절효과,이영우(경희대학교),2017,광고학연구,kor,OK,ROLE_WINDOW_MISC,ENV_COMMUNITY_SUBSCRIPTION,run1:없음,"has_community=True role_relevant=True env_relevant=True | 이 논문은 온라인 브랜드 커뮤니티의 가입 여부가 부정적·긍정적 메시지가 소비자 태도에 미치는 영향에 조절 변수로 작용하는지를 실험으로 규명하며, 커뮤니티 공간이 구성원의 태도 형성에 미치는 사회적 역할(장)을 분석하는 한편, 회원/비회원이라는 구조적 조건(회원제 유무)에 따른 태도 차이를 비교·대조하므로(env_relevant) 둘 다 해당한다.","[ROLE] 본 연구의 핵심 인과 관계는 '부정적 메시지→소비자 태도'이며, 온라인 브랜드 커뮤니티 가입 여부는 이를 조절하는 변인으로 사용되므로, 커뮤니티 공간 자체의 내부 역학이 아니라 외부의 소비자 태도·브랜드 반응이라는 사회현상을 관측하는 창(Window)으로서 기능한다. | [ENV] 본 연구는 온라인 브랜드 커뮤니티의 가입/미가입 이라는 회원제 유무를 독립변수로 두고 소비자 태도 영향도의 차이를 2×2 실험으로 비교·검증하므로 ENV_COMMUNITY_SUBSCRIPTION이 명확히 부여되며, 운영체제·생애주기·익명성 측면에서는 어떠한 비교·분석 근거도 존재하지 않아 나머지 세 코드는 모두 미부여이다.",True,0/1,"run1:ENV_COMMUNITY_SUBSCRIPTION,ROLE_WINDOW_MISC"
ART002201501,1980년대 한국의 인터넷 기술 도입과 개방·공유·참여의 디지털문화 형성,조동원(성공회대학교),2017,언론과 사회,kor,ERR,,,run1:없음,"has_community=True role_relevant=False env_relevant=False | 이 논문은 1980년대부터 한국 디지털문화(개방·공유·참여)의 기원을 기술사·문화사적으로 추적하는 것으로, '온라인 공동체'는 해킹·게임·자유소프트웨어·웹 등과 나란히 초기 이용자가 탐색한 여러 이용 방식 중 하나로 일과적으로 언급될 뿐, 특정 온라인 커뮤니티를 분석 대상이나 역할·환경 조명의 대상으로 삼지 않는다.","이 논문은 1980년대부터 한국 디지털문화(개방·공유·참여)의 기원을 기술사·문화사적으로 추적하는 것으로, '온라인 공동체'는 해킹·게임·자유소프트웨어·웹 등과 나란히 초기 이용자가 탐색한 여러 이용 방식 중 하나로 일과적으로 언급될 뿐, 특정 온라인 커뮤니티를 분석 대상이나 역할·환경 조명의 대상으로 삼지 않는다.",True,1/1,run1:없음
ART002831995,광고산업을 왜 육성해야 하는가?: 광고산업과 KOBACO 방송통신광고 진흥사업의 경제파급효과를 중심으로,박종구(한국방송광고진흥공사),2022,광고학연구,kor,ERR,,,run1:없음,"has_community=True role_relevant=False env_relevant=False | 이 논문은 광고산업의 경제파급효과를 산업연관분석으로 산출하여 산업진흥 정책의 정당성을 도출하는 산업경제학 연구로, 온라인 커뮤니티를 분석 대상이나 연구 재료로 삼지 않으므로 커뮤니티 존재 여부를 인정하되 역할·환경 조명 모두 해당하지 않는다.","이 논문은 광고산업의 경제파급효과를 산업연관분석으로 산출하여 산업진흥 정책의 정당성을 도출하는 산업경제학 연구로, 온라인 커뮤니티를 분석 대상이나 연구 재료로 삼지 않으므로 커뮤니티 존재 여부를 인정하되 역할·환경 조명 모두 해당하지 않는다.",True,1/1,run1:없음
ART003037292,경륜(競輪) 베팅서비스 활성화를 위한 경륜 고객 대상 질적 연구 : 페르소나 기법을 중심으로,김진세(국민체육진흥공단),2023,서비스마케팅저널,kor,ERR,,,run1:없음,"has_community=True role_relevant=False env_relevant=False | 이 논문은 경륜/경마/경정 베팅 서비스의 고객 행태와 페르소나 유형화를 연구하는 것으로, 베팅 고객을 분석 대상으로 삼고 있지만 온라인 커뮤니티의 상호작용·정보공유·관계형성 구조를 분석 대상으로 삼지 않으므로 커뮤니티 존재 여부는 해당되지 않는다.","이 논문은 경륜/경마/경정 베팅 서비스의 고객 행태와 페르소나 유형화를 연구하는 것으로, 베팅 고객을 분석 대상으로 삼고 있지만 온라인 커뮤니티의 상호작용·정보공유·관계형성 구조를 분석 대상으로 삼지 않으므로 커뮤니티 존재 여부는 해당되지 않는다.",True,1/1,run1:없음
ART003248198,동덕여대 학생은 어떻게 ‘폭도’가 되는가: 언론의 보도 프레임 생산과 댓글의 젠더화된 소비 분석,김채미(서울대학교),2025,"미디어, 젠더 & 문화",kor,ERR,,,run1:없음,"has_community=False role_relevant=False env_relevant=False | 이 논문은 동덕여대 공학전환 반대 시위의 보도 프레임 생산·유통·소비를 분석하는 것으로, 온라인 커뮤니티는 보수 언론이 시위를 '폭동'으로 규정한 취재원 중 하나로 언급될 뿐 연구의 분석 대상이 되지 않는다.","이 논문은 동덕여대 공학전환 반대 시위의 보도 프레임 생산·유통·소비를 분석하는 것으로, 온라인 커뮤니티는 보수 언론이 시위를 '폭동'으로 규정한 취재원 중 하나로 언급될 뿐 연구의 분석 대상이 되지 않는다.",True,1/1,run1:없음
ART002801957,무용의 미디어 플랫폼 활용에 대한 비판적 고찰: 대중화 전략을 중심으로,임수진(성균관대학교 트랜스미디어연구소),2018,트랜스-,kor,OK,ROLE_WINDOW_MISC,,run1:없음,"has_community=True role_relevant=True env_relevant=False | 이 논문은 무용의 대중화라는 외부 사회현상을 이해하기 위해 온라인 커뮤니티 플랫폼을 매개체로 삼아 창작자·수용자 간 상호작용을 분석하므로 커뮤니티를 담론의 창(ROLE_WINDOW)으로 활용하지만, 플랫폼의 소유·통제 구조를 매체의 성격(Mass vs. Popular Culture) 분류 기준으로만 서술할 뿐 회원제·운영·제재·익명성 등 커뮤니티의 구조적·환경적 조건을 비교·분석하지 않으므로 env_relevant는 false이다.","[ROLE] 이 논문은 무용의 대중화라는 외부 사회현상을 방송매체와 온라인 커뮤니티 플랫폼을 매개로 비교·고찰하므로, 커뮤니티는 그 현상을 보여주는 창(WINDOW_MISC)으로 기능하며, 공론장 검증이나 이용자 간 관계적 자원 형성을 분석 대상 삼지 않는다.",True,0/1,run1:ROLE_WINDOW_MISC
ART001593482,온라인 메트로 커뮤니케이션: 서울 메트로 사례를 중심으로,문성준(인하대학교),2011,한국방송학보,kor,ERR,,,run1:없음,"has_community=False role_relevant=False env_relevant=False | 이 논문은 서울 메트로의 온라인 홍보 효과 측정을 목적으로 하며, '메트로 온라인 커뮤니티'는 블로그·배너·네이버 지식인 등과 나란히 열거된 홍보 채널 중 하나에 불과하여, 사용자 간 지속적 상호작용과 관계 형성을 전제한 온라인 커뮤니티를 분석 대상으로 삼지 않는다.","이 논문은 서울 메트로의 온라인 홍보 효과 측정을 목적으로 하며, '메트로 온라인 커뮤니티'는 블로그·배너·네이버 지식인 등과 나란히 열거된 홍보 채널 중 하나에 불과하여, 사용자 간 지속적 상호작용과 관계 형성을 전제한 온라인 커뮤니티를 분석 대상으로 삼지 않는다.",True,1/1,run1:없음
ART002808081,재난 상황에서 형성된 온라인 공동체의 사회적 자본과 협치 거버넌스: '우리의 무대를 지켜주세요(Wumuji)' 사례를 중심으로,표시영(이화여자대학교 커뮤니케이션/미디어 연구소),2022,한국방송학보,kor,OK,ROLE_FIELD_SOCIALCAPITAL,,run1:없음,"has_community=True role_relevant=True env_relevant=False | 이 논문은 팬데믹 중 자생적으로 형성된 온라인 공동체 '우무지'의 사회적 자본과 협치 거버넌스를 분석 대상으로 삼아, 커뮤니티가 민관 협력과 정책 변화의 매개라는 사회적 역할을 조명(ROLE: 장)하나, 애자일 운영방식이나 수평적 네트워크 구조를 서술하되 다른 커뮤니티 구조와의 비교·차이·변화를 제시하지는 않으므로 ENV 해당은 성립하지 않는다.","[ROLE] 본 연구는 팬데믹으로 위축된 공연계를 돕기 위해 자생적으로 형성된 온라인 공동체 '우무지' 내부에서 형성된 신뢰·호혜성·수평적 네트워크 등 사회적 자본과 협치 거버넌스의 양태를 분석하므로, 온라인 커뮤니티 공간 내부의 관계적 자원 형성을 연구하는 FIELD 계열(특히 SOCIALCAPITAL)에 해당하며, 외부 사회현상(공연계 위기)을 보여주는 창으로 활용되기는 하나 분석 대상은 커뮤니티 그 자체의 내부 구조이므로 WINDOW 계열은 미부여된다.",True,0/1,run1:ROLE_FIELD_SOCIALCAPITAL
ART003244341,온라인 커뮤니티의 22대 총선 담론에서혐오 표현에 관한 연구: K-MHaS 기반 딥러닝 혐오표현 분류 모형을 중심으로,이현우(한국언론진흥재단 미디어연구센터 선임연구위원),2025,언론과학연구,kor,OK,ROLE_WINDOW_HATE,,run1:없음,"has_community=True role_relevant=True env_relevant=True | 이 논문은 6개 온라인 커뮤니티의 선거 담론을 혐오 표현 양상을 읽는 창이자 공론장이 변질되는 장으로 분석하는 동시에, 플랫폼 간 익명성 수준·운영 정책·커뮤니티 문화 차이에 따른 혐오 표현 비율의 차이를 비교하여 환경적 조건(ENV)이 담론에 미치는 영향을 함께 조명한다.","[ROLE] 본 연구는 제22대 총선 기간 온라인 커뮤니티에서 나타나는 혐오 표현의 확산 양상을 측정·분석하는 것으로, 정치적 양극화라는 외부 사회현상이 온라인 커뮤니티라는 매개에서 혐오 표현으로 표출되는 과정을 포착하는 WINDOW_HATE에 해당한다. | [ENV] 6개 커뮤니티 간 혐오 표현 비율 차이를 비교하였으나, 운영 정책·익명성 수준은 결론부에서 여러 인자 중 하나로 일괄 서술할 뿐, 삭제·제재 기준이나 익명성 등급을 독립 변수로 분리하여 결과 차이를 분석하지 않으므로 4개 코드 모두 미부여로 판단한다.",True,0/1,run1:ROLE_WINDOW_HATE
ART003190087,갈등은 일대일 정치대화 네트워크 형성에 어떠한 영향을 미치는가: 뽐뿌의 정치자유게시판을 중심으로,주호준(경희대학교),2025,한국방송학보,kor,OK,ROLE_FIELD_PUBLICSPHERE,,run1:없음,"has_community=True role_relevant=True env_relevant=False | 이 논문은 뽐뿌 정치자유게시판이라는 동질적 이념 성향 커뮤니티에서 갈등적 정치대화가 발생하는지 네트워크 분석으로 검증함으로써, 온라인 커뮤니티를 정치커뮤니케이션의 '장'으로 조명하나, 커뮤니티의 회원제·익명성·운영 방침 등 구조적·환경적 조건을 변수로 삼아 차이·비교·변화를 분석하지는 않는다.","[ROLE] 본 연구는 뽐뿌 정치자유게시판이라는 온라인 토론공간 내부에서 이용자 간 정치대화 관계의 구조와 갈등·참여도 조절효과를 QAP 회귀분석으로 검증하므로, 공론장으로서의 정치대화 기능(ROLE_FIELD_PUBLICSPHERE)을 주로 조명하되, 이용자 간 대화 관계 강도라는 측면에서 사회자본적 요소가 일부 포착되나 신뢰·연대 중심이 아니므로 FIELD 계열에 편중된다.",True,0/1,run1:ROLE_FIELD_PUBLICSPHERE
ART003280608,‘되기’와 ‘정동’의 관점에서 본 여성 만성질환자의 온라인 커뮤니티 이용 경험,김은진(부산대학교),2025,"미디어, 젠더 & 문화",kor,OK,ROLE_FIELD_SOCIALCAPITAL,,run1:없음,"has_community=True role_relevant=True env_relevant=False | 이 논문은 여성 만성질환 환우 커뮤니티를 정보·감정·지지 교환과 연대·주체화를 수행하는 '장'으로서 분석하지만, 회원제·익명성·운영제재 등 커뮤니티의 구조적·환경적 조건이 결과에 미치는 차이를 비교·분석하지는 않는다.","[ROLE] 본 연구는 환우 커뮤니티라는 공간 안에서 이용자 간 연대·공감·상호부조 등 관계적 자원(에우노이아, 정동적 공명, 연대의 힘)의 형성·효과를 분석하는 것이므로 FIELD 계열 중 SOCIALCAPITAL이 부여되며, 공론장 검증이나 외부 사회현상 포착은 논문의 초점이 아니어서 WINDOW 계열은 미부여된다.",True,0/1,run1:ROLE_FIELD_SOCIALCAPITAL
ART003326730,온라인 커뮤니티 ‘에브리타임’을 이용하는 대학생의 소통 경험: 포커스그룹인터뷰(FGI) 연구,김지희(서울대학교 언론정보연구소),2026,한국언론정보학보,kor,ERR,,,run1:없음,"has_community=True role_relevant=True env_relevant=False | 이 논문은 에브리타임이라는 대학생 온라인 커뮤니티를 대학생의 정보 추구·소통 양상을 보여주는 '창'이자 혐오표현·서열화 등 문제를 내포한 소통 '장'으로 조명하나, 회원제·제재 방식·익명성 등 구조적·운영적 조건에 따른 차이·비교를 분석하지는 않으므로 env_relevant는 false이다.","[ROLE] 본 연구는 에브리타임이라는 온라인 커뮤니티 공간 자체가 대학생의 정보·소통 장으로서 어떻게 기능하는지(체념적 이용, 양가적 인식, 성별별 경험 차이)를 분석하므로 FIELD 계열에 가깝지만, 공론장 기능의 숙의·여론 대표성을 검증하지도(ROLE_FIELD_PUBLICSPHERE) 이용자 간 신뢰·연대·네트워크의 관계적 자원 형상을 다루지도(ROLE_FIELD_SOCIALCAPITAL) 않아 0.5 미만에 머물며, 혐오 표현·성별 차이는 공간 내 문제점의 부수적 기술에 그쳐 WINDOW 계열 코드에도 미부여된다.",True,1/1,run1:없음
ART003249234,중립댓글은 중립인가?: 20·30대 온라인 커뮤니티 이용자의 성별갈등을 중심으로,이윤종(서강대학교),2025,한국방송학보,kor,OK,"ROLE_WINDOW_GENDER, ROLE_WINDOW_POLARIZE",,run1:없음,"has_community=True role_relevant=True env_relevant=False | 이 논문은 남초·여초 커뮤니티의 중립댓글 행동을 분석하여 온라인 양극화라는 외부 사회현상을 살펴보는 창(ROLE_WINDOW)으로 커뮤니티를 활용하나, 커뮤니티의 운영방침·제재·익명성 등 구조적·환경적 조건을 변수로 삼아 차이·비교를 수행하지 않으므로 env_relevant는 false이다.","[ROLE] 온라인 커뮤니티를 통해 젠더 정체성과 성별일치 여부가 중립댓글 작성에 미치는 영향을 분석함으로써, 온라인 양극화와 젠더 기반 진영 갈등이라는 외부 사회현상을 포착하는 창(WINDOW)으로 기능하고 있다.",True,0/1,"run1:ROLE_WINDOW_GENDER,ROLE_WINDOW_POLARIZE"
ART003274068,디지털 정치부족주의와 미디어의 행위성: 12.3 비상계엄과 탄핵정국에서 미디어는 어떻게 행위하는가,박선희(조선대학교),2025,한국언론정보학보,kor,OK,ROLE_WINDOW_POLARIZE,,run1:없음,"has_community=True role_relevant=True env_relevant=False | 이 논문은 12·3 비상계엄·탄핵 과정에서 극우 온라인 커뮤니티를 극우 유튜브·언론·SNS 등과 나란히 미디어 행위자 네트워크의 한 노드로 포함하여, 극우 정치부족주의와 양극화라는 외부 정치사회 현상을 보여주는 창(ROLE_WINDOW_POLARIZE)으로 조명하나, 커뮤니티 내부의 구조·운영 조건(회원제, 익명성, 제재 방식 등)에 따른 차이·비교는 다루지 않으므로 env_relevant는 false이다.","[ROLE] 이 논문은 12·3 비상계엄·탄핵을 둘러싼 극우 정치부족주의와 정치적 양극화라는 외부 사회현상을 극우 온라인 커뮤니티를 포함한 다매체 네트워크로 포착하는 창(WINDOW_POLARIZE)으로 사용하며, 커뮤니티 공간 내부의 공론장 기능이나 사회적 자본 형장이 분석 대상이 아닌 FIELD 계열은 부여되지 않는다.",True,0/1,run1:ROLE_WINDOW_POLARIZE
ART003320510,지역일간지와 전국일간지의 ‘제주 바가지’ 보도 맥락 탐색,이서현(제주대학교),2026,정치커뮤니케이션연구,kor,ERR,,,run1:없음,"has_community=False role_relevant=False env_relevant=False | 이 논문의 분석 대상은 지역·전국 일간지의 보도 특성이지 온라인 커뮤니티가 아니며, 결론 부분에서 '온라인 커뮤니티에서 반복적으로 공유되는 바가지 사례'가 확산 경로의 하나로 잠깐 언급될 뿐 커뮤니티 자체를 분석하거나 그 구조·역할을 조명하지 않는다.","이 논문의 분석 대상은 지역·전국 일간지의 보도 특성이지 온라인 커뮤니티가 아니며, 결론 부분에서 '온라인 커뮤니티에서 반복적으로 공유되는 바가지 사례'가 확산 경로의 하나로 잠깐 언급될 뿐 커뮤니티 자체를 분석하거나 그 구조·역할을 조명하지 않는다.",True,1/1,run1:없음
ART003084169,양방향 대칭적 커뮤니케이션 모델 관점의 유튜브 홍보 콘텐츠와 소비자 반응 간 상호 관계성 분석 : 홈퍼니싱 기업을 중심으로,김현정(디지털산업정책연구소),2024,광고PR실학연구,kor,ERR,,,run1:없음,"has_community=False role_relevant=False env_relevant=False | 이 연구의 분석 대상은 오늘의집·한샘의 유튜브 홍보 영상 키워드와 소비자 댓글의 양방향 커뮤니케이션 관계이며, '온라인 커뮤니티'는 결론에서 오늘의집의 메시지 전략을 수식하는 라벨로만 등장할 뿐, 공통 관심사를 가진 사용자 간 지속적 상호작용과 관계 형성을 연구 대상으로 삼지 않는다.","이 연구의 분석 대상은 오늘의집·한샘의 유튜브 홍보 영상 키워드와 소비자 댓글의 양방향 커뮤니케이션 관계이며, '온라인 커뮤니티'는 결론에서 오늘의집의 메시지 전략을 수식하는 라벨로만 등장할 뿐, 공통 관심사를 가진 사용자 간 지속적 상호작용과 관계 형성을 연구 대상으로 삼지 않는다.",True,1/1,run1:없음
ART003190032,OTT 플랫폼에서 형성된 온라인 취향공동체와 디지털 컨버전스 컬처 OTT 플랫폼 ‘왓챠’의 취향공동체 ‘왓착즙’ 사례를 중심으로,박지윤(전남대학교 미디어커뮤니케이션학과),2025,언론과학연구,kor,OK,ROLE_FIELD_SOCIALCAPITAL,,run1:없음,"has_community=True role_relevant=True env_relevant=False | 이 논문은 OTT 플랫폼 왓챠파티에서 형성된 온라인 취향공동체 '왓착즙'을 연구 대상으로 삼아, 사회적 고립 완화·정서적 유대 강화·문화 생산·사회적 참여의 실천의 장(ROLE_FIELD)으로서의 기능과 신부족·디지털 컨버전스 컬처의 특성을 분석하되, 내부 규칙이나 플랫폼 구조를 차이를 산출하는 환경 조건으로 비교·분석하지는 않는다.","[ROLE] 본 연구는 OTT 플랫폼 내에서 형성된 취향공동체 '왓착즙'이라는 온라인 커뮤니티 공간 자체를 분석 대상으로 삼아, 이용자 간 상호 지지·정서적 유대·공동체 지속 가능성 등 관계적 자원의 형성과 효과를 규명하는 것이므로 FIELD 계열 중 SOCIALCAPITAL에 부여되고, 공론장 검증보다는 사회적 참여·문화 생산이라는 넓은 실천의 장으로 서술되어 PUBLICSPHERE는 미부여하며, 외부 사회현상을 보여주는 창으로의 활용은 부차적이라 WINDOW 계열 모두 미부여된다.",True,0/1,run1:ROLE_FIELD_SOCIALCAPITAL
ART001399324,왜 우리는 타인들과 함께 행동하는가: 목표지향행동과 집단정체감,이규현(한남대학교),2009,소비문화연구,kor,ERR,,,run1:없음,"has_community=False role_relevant=False env_relevant=False | 이 논문은 가족·친구·동료 등 소집단에서의 소비자 공동 행동 의도를 계획된 행동 이론과 집단 정체감으로 분석하는 마케팅 연구이며, '온라인공동체·브랜드공동체'는 결론부에 후속 연구 방향으로서만 언급될 뿐 실제 분석 대상이 아니다.","이 논문은 가족·친구·동료 등 소집단에서의 소비자 공동 행동 의도를 계획된 행동 이론과 집단 정체감으로 분석하는 마케팅 연구이며, '온라인공동체·브랜드공동체'는 결론부에 후속 연구 방향으로서만 언급될 뿐 실제 분석 대상이 아니다.",True,1/1,run1:없음
ART001940200,사회적 익명성이 온라인 커뮤니티 구성원의 공동체 신뢰도와 인식에 미치는 영향: 인지된 동질성(perceived homophily)과 공감경험(empathy)을 중심으로,윤수진(한양대),2014,사이버커뮤니케이션학보,kor,OK,ROLE_FIELD_SOCIALCAPITAL,ENV_ONLINE_ANNONIMITY,run1:없음,"has_community=True role_relevant=True env_relevant=True | 이 논문은 온라인 커뮤니티의 사회적 익명성 수준(ENV)이라는 환경적 조건이 구성원의 공동체 동질성, 공감경험, 신뢰도에 미치는 영향을 분석함으로써, 익명성이라는 구조적 조건에 따른 커뮤니티의 관계 유지·결속 기능(ROLE)의 차이를 조명한다.","[ROLE] 이 논문은 온라인 커뮤니티라는 공간 자체의 구조적 속성인 '사회적 익명성'이 구성원 간 신뢰·동질성·공감·커뮤니티 의식 등 관계적 자원(사회적 자본)의 형성에 미치는 인과 경로를 실증적으로 검증하므로, FIELD 계열 중 SOCIALCAPITAL이 부여된다. | [ENV] 본 연구는 온라인 커뮤니티의 사회적 익명성 '정도'가 공동체 동질성·공감경험·신뢰도에 미치는 인과적 영향을 실증적으로 분석함으로써, 익명성 수준을 단순 서술이 아닌 독립 변수로 놓고 그 효과를 검증하고 있으므로 ENV_ONLINE_ANNONIMITY에 부여하되, 나머지 세 코드는 관련 근거가 전무하여 미부여한다.",True,0/1,"run1:ENV_ONLINE_ANNONIMITY,ROLE_FIELD_SOCIALCAPITAL"
ART001481586,사이버 커뮤니티에서 유형별 사회자본이 정치적 의견표명과 호응에 미치는 효과: 광우병 촛불집회 사례를 중심으로,전영아(한국지역정보개발원),2010,사이버커뮤니케이션학보,kor,OK,ROLE_FIELD_SOCIALCAPITAL,,run1:없음,"has_community=True role_relevant=True env_relevant=False | 이 논문은 'R'과 'I' 두 온라인 커뮤니티 내 회원의 사회자본 유형이 정치적 호응도에 미치는 효과를 분석함으로써, 커뮤니티를 정치·사회적 상호작용이 이루어지는 '장'으로 조명하나, 회원제·익명성·운영 방침 등 구조적·환경적 조건에 따른 차이 비교는 다루지 않는다.","[ROLE] 본 연구는 광우병 촛불집회를 테스트 케이스로 삼되, 분석의 핵심은 온라인 커뮤니티 내부에서 이용자 간 형성되는 사회자본의 유형(도구적/완성적 × 강한/약한)과 그 정치적 호응도 효과이므로, 커뮤니티 공간 안의 관계적 자원(SOCIALCAPITAL)을 장으로서 조명하는 FIELD 판정이 성립한다.",True,0/1,run1:ROLE_FIELD_SOCIALCAPITAL
ART001025608,고령층의 온라인 공동체 활동에 관한 연구 : 남성과 여성 간에 차이를 중심으로,구자순(한양대학교),2005,사이버커뮤니케이션학보,none,NO_ABSTRACT,,,,,초록 없음 (KOR_ABST/ENG_ABST 둘 다 없음),,,
ART001401701,청소년의 온라인 게임 이용효과에 미치는 영향요인 분석,조영기(동국대학교),2009,사이버커뮤니케이션학보,kor,ERR,,,run1:없음,"has_community=False role_relevant=False env_relevant=False | 이 논문의 연구 대상은 중학생 남성의 온라인 게임 이용 효과(교육, 사회성, 중독, 폭력성)이며, '온라인 커뮤니티 의식'은 캐릭터 동일시·자기효능감·부모관계 등과 나란히 언급된 설문 변수 중 하나에 불과하여, 온라인 커뮤니티를 분석 대상이나 창·장의 연구 대상으로 삼지 않는다.","이 논문의 연구 대상은 중학생 남성의 온라인 게임 이용 효과(교육, 사회성, 중독, 폭력성)이며, '온라인 커뮤니티 의식'은 캐릭터 동일시·자기효능감·부모관계 등과 나란히 언급된 설문 변수 중 하나에 불과하여, 온라인 커뮤니티를 분석 대상이나 창·장의 연구 대상으로 삼지 않는다.",True,1/1,run1:없음
ART001042706,온라인 쇼핑몰 서비스품질 측정도구 개발에 관한 연구,한장희(전남대학교),2006,소비문화연구,kor,ERR,,,run1:없음,"has_community=False role_relevant=False env_relevant=False | 이 논문은 온라인 쇼핑몰의 서비스품질 측정도구 개발이 주 대상이며, '온라인 커뮤니티 활동'은 고객간 상호작용을 지칭하는 서비스품질 하위차원 항목으로만 언급될 뿐, 공통 관심사를 가진 사용자가 지속적으로 상호작용하며 관계를 형성하는 디지털 공간으로서의 온라인 커뮤니티를 분석 대상으로 삼지 않는다.","이 논문은 온라인 쇼핑몰의 서비스품질 측정도구 개발이 주 대상이며, '온라인 커뮤니티 활동'은 고객간 상호작용을 지칭하는 서비스품질 하위차원 항목으로만 언급될 뿐, 공통 관심사를 가진 사용자가 지속적으로 상호작용하며 관계를 형성하는 디지털 공간으로서의 온라인 커뮤니티를 분석 대상으로 삼지 않는다.",True,1/1,run1:없음
ART002697651,지역기반 온라인 육아 커뮤니티 이용이 커뮤니티에서의 공동체의식과 만족도에 미치는 영향: 사회자본과 정서적 특성의 상호작용 효과,김윤경(연세대학교 언론정보학부),2021,사이버커뮤니케이션학보,kor,OK,ROLE_FIELD_SOCIALCAPITAL,,run1:없음,"has_community=True role_relevant=True env_relevant=False | 이 논문은 온라인 육아 커뮤니티라는 공간 자체에서 개인의 주제 이용이 공동체의식과 만족도에 미치는 영향을 사회자본·정서적 지지·공감과의 상호작용 효과로 분석함으로써 커뮤니티의 사회적 역할(장)을 조명하지만, 회원제·익명성·운영 방침 등 구조적·환경적 조건의 차이를 비교하거나 분석하지는 않는다.","[ROLE] 이 논문은 온라인 육아 커뮤니티라는 공간 안에서 이용자 간 신뢰·정서적 지지·공감 등 관계적 자원(사회자본)의 존재와 강도가 공동체의식·만족도에 미치는 효과를 검증하는 것이므로, 커뮤니티 공간 자체의 관계적 기능(장)으로서 SOCIALCAPITAL에 해당하며, 외부 사회현상을 보여주는 창은 아니다.",True,0/1,run1:ROLE_FIELD_SOCIALCAPITAL
ART001050588,미니홈피 커뮤니티의 사회문화적 특징 : 대학생 이용자의 사례를 중심으로,윤명희(부산대학교),2007,사이버커뮤니케이션학보,kor,OK,ROLE_FIELD_SOCIALCAPITAL,,run1:없음,"has_community=True role_relevant=True env_relevant=False | 이 논문은 미니홈피 커뮤니티의 인적 구성·상호작용·이용문화·사회적 인식을 분석 대상으로 삼아 한국 사회의 개인지향성과 관계지향성이 혼재된 커뮤니티 문화의 이중성을 규명하므로, 커뮤니티 자체의 사회적 특징을 '장'으로 조명하나(ROLE), 회원제·익명성·운영 방침 등 구조적·환경적 조건에 따른 차이 비교나 변화를 분석하지는 않는다.","[ROLE] 본 연구는 미니홈피 커뮤니티 안의 인적 구성·상호작용·관계지향성 등 이용자 간 관계적 측면을 분석하여, 온라인 커뮤니티 공간 자체의 사회문화적 특성을 규명하는 장(FIELD)으로서의 역할을 보여주며, 그중 관계적 자원·연결의 측면이 가장 부합하는 SOCIALCAPITAL에 부여한다.",True,0/1,run1:ROLE_FIELD_SOCIALCAPITAL
ART001779031,비정치적 온라인 커뮤니티에서의 정치적 의견표현,박영득(한국외국어대학교),2013,사이버커뮤니케이션학보,kor,ERR,,,run1:없음,"has_community=True role_relevant=True env_relevant=False | 이 논문은 비정치적 온라인 커뮤니티라는 공간에서 정치적 의견표현 행위가 나타나는 과정을 분석하므로, 온라인 커뮤니티를 정치행위가 발생하는 '장(ROLE_FIELD)'으로 조명하나, 회원제·익명성·운영방침 등 구조적·환경적 조건을 변인으로 다루지는 않는다.","[ROLE] 본 연구는 비정치적 온라인 커뮤니티 내에서의 정치적 의견표현 행위를 침묵의 나선이론(고립의 공포, 의사소통 효능감, 비관용 경험)으로 설명하는 변인 탐색에 초점을 맞추고 있으며, 온라인 커뮤니티 내 행태 자체를 분석 대상으로 삼아 FIELD 성격을 띠지만, 공론장의 의견 형성·숙의·여론 대표성을 검증·평가하기보다 개인 수준의 표현/침묵 결정 요인을 설명하는 데 그쳐 ROLE_FIELD_PUBLICSPHERE 부여 기준에 미달하고, WINDOW 계열로도 외부 사회현상 포착이 아닌 커뮤니티 내 행위 분석이므로 6개 코드 모두 미부여.",True,1/1,run1:없음
ART002700188,텍스트 마이닝 기법을 활용한 게임소비자 인식에 관한 연구: 온라인커뮤니티 리뷰(Reddit)를 중심으로,김우혁(인천대학교),2021,소비문화연구,kor,OK,ROLE_WINDOW_MISC,,run1:없음,"has_community=True role_relevant=True env_relevant=False | 이 논문은 Reddit이라는 온라인 커뮤니티를 게임 소비자 인식을 파악하는 창(ROLE_WINDOW_MISC)으로 활용하여 텍스트 마이닝을 수행하나, 커뮤니티의 구조적·환경적 조건(회원제, 익명성, 운영 방침 등)에 따른 차이·비교·변화를 다루지 않으므로 env_relevant는 false이다.","[ROLE] 이 논문은 Reddit이라는 온라인 커뮤니티를 데이터 소스로 삼아 게임 산업의 소비자 인식·감정·관심사를 채굴하는 것이므로, 커뮤니티 공간 안의 상호작용이나 공론장·사회자본 기능 분석이 아니라 외부에 실체 있는 '게임소비자 인식' 현상을 보여주는 창(WINDOW_MISC)으로 온라인 커뮤니티를 활용한다.",True,0/1,run1:ROLE_WINDOW_MISC
ART002961335,"익명과 이슬람혐오: 온라인 커뮤니티에 담긴 대학생의 인종적 이해, 편견, 그리고 혐오",이소훈(경북대학교),2023,현대사회와 다문화,kor,OK,ROLE_WINDOW_HATE,,run1:없음,"has_community=True role_relevant=True env_relevant=False | 이 논문은 에브리타임이라는 익명 온라인 플랫폼에서 진행된 이슬람혐오 담론을 분석하여 청년세대의 복합적 차별 의식을 이해하는 창으로 삼고, 동시에 그 공간을 분쟁정치의 현장(장)으로 규정하나, 익명성은 플랫폼의 특성으로 서술될 뿐 그 조건에 따른 담론의 차이·비교·변화를 분석하지는 않는다.","[ROLE] 이 논문은 에브리타임이라는 익명 커뮤니티에서 발화된 이슬람혐오 담론의 유형과 청년의 인종주의적 의미 만들기를 분석함으로써, 온라인 커뮤니티를 혐오 표현·정서 확산이라는 외부 사회현상을 보여주는 창으로 활용하고 있으므로 ROLE_WINDOW_HATE가 부여된다.",True,0/1,run1:ROLE_WINDOW_HATE
ART001890261,온라인 팬 커뮤니티 특성이 팬 커뮤니티 멤버들의 행동적 변화에 미치는 영향: 소녀시대 팬클럽을 중심으로,정수연(세종대학교),2014,소비문화연구,kor,OK,ROLE_FIELD_SOCIALCAPITAL,,run1:없음,"has_community=True role_relevant=True env_relevant=False | 이 논문은 소녀시대 온라인 팬 커뮤니티의 친밀성·유희성·상호작용성·집중성이 팬덤 일체감, 신뢰, 행동적 변화에 미치는 구조적 영향을 실증 분석하여, 커뮤니티가 집단적 정서와 행동을 구성하는 '장'의 사회적 역할을 조명하나(ROLE), 회원제·익명성·운영 방침 등 구조적·환경적 조건을 비교하거나 그 변화에 따른 차이를 다루지는 않으므로 ENV는 해당하지 않는다.","[ROLE] 이 논문은 소녀시대 온라인 팬 커뮤니티라는 공간 안에서 친밀성·유희성·상호작용성·집중성이라는 커뮤니티 특성 요인이 회원 간 팬덤 일체감(연대)과 신뢰 등 관계적 자원(사회자본)의 형성 및 행동적 변화에 미치는 구조적 영향을 실증적으로 검증함으로써, 커뮤니티를 장(FIELD)으로서의 사회자본 형성 매개로 분석한다.",True,0/1,run1:ROLE_FIELD_SOCIALCAPITAL
ART001311842,블로그의 사회이론적 탐색: ‘커뮤니티’의 시각에서,윤명희(서강대학교),2008,사이버커뮤니케이션학보,kor,ERR,,,run1:없음,"has_community=True role_relevant=True env_relevant=False | 이 논문은 블로그를 개인지향적 상호작용의 커뮤니티로서 사회이론적으로 개념화(새로운 사회성·탈전통화·리좀 커뮤니티)하여 커뮤니티 공간 자체의 사회적 성격과 역할을 분석 대상(장)으로 삼으나, 회원제·익명성·운영 방침 등 구조적·환경적 조건의 차이에 따른 비교나 변화를 다루지는 않는다.","[ROLE] 본 연구는 블로그라는 온라인 커뮤니티 공간 자체의 사회이론적 성격(개인지향적 상호작용·관계성)을 카스텔·벡·들뢰즈 이론을 통해 개념화하는 이론적 연구로서, 커뮤니티 공간 자체를 분석 대상으로 삼아 FIELD 계열에 속하나, 공론장 기능의 검증이나 이용자 간 관계적 자원의 구체적 효과를 다루지 않으므로 두 FIELD 코드 모두 0.5 미만이며, 외부 사회현상을 보여주는 창으로서의 역할도 아니므로 WINDOW 코드 역시 미부여된다.",True,1/1,run1:없음
ART001691334,온라인 여성 커뮤니티에서의 이용자 간 상호작용과 사회연결망에 관한 연구,이세진(국민대학교),2012,사회과학연구,kor,OK,ROLE_FIELD_SOCIALCAPITAL,,run1:없음,"has_community=True role_relevant=True env_relevant=False | 이 논문은 이지데이·마이클럽이라는 여성 온라인 커뮤니티를 여성 정체성과 여성주의 담론이 형성·유통되는 '장'으로서 분석하며, 두 커뮤니티 간 사회연결망 구조 차이(집중화 vs 분산)를 비교하지만, 회원제·운영·제재 방식·익명성·생애주기 등 커뮤니티의 구조적·환경적 운영 조건 자체를 비교 대상으로 삼지는 않는다.","[ROLE] 본 연구는 두 여성 온라인 커뮤니티의 사회연결망 구조(구성원 간 상호작용 규모, 네트워크 집중·분산)와 상호작용 깊이를 분석함으로써 커뮤니티 공간 안에서 이용자 간 관계적 자원의 형성과 구조를 규명하는 것으로, 장으로서의 사회자본 역할에 해당한다.",True,0/1,run1:ROLE_FIELD_SOCIALCAPITAL
ART001936278,5･18역사 왜곡에 대한 고찰- 『역사로서의 5･18』에 대한 분석을 중심으로 -,김희송(전남대학교),2014,민주주의와 인권,kor,ERR,,,run1:없음,"has_community=False role_relevant=False env_relevant=False | 이 논문은 『역사로서의 5·18』이라는 책의 논리적 모순과 역사 왜곡 담론을 분석 대상으로 삼고 있으며, '일간베스트' 등 인터넷 사이트는 해당 책이 각광받은 맥락으로만 잠깐 언급될 뿐, 온라인 커뮤니티 자체를 분석 대상으로 삼지 않는다.","이 논문은 『역사로서의 5·18』이라는 책의 논리적 모순과 역사 왜곡 담론을 분석 대상으로 삼고 있으며, '일간베스트' 등 인터넷 사이트는 해당 책이 각광받은 맥락으로만 잠깐 언급될 뿐, 온라인 커뮤니티 자체를 분석 대상으로 삼지 않는다.",True,1/1,run1:없음
ART001704385,문학 커뮤니티의 집합적 창작(collective creation) 과정에 대한 생태계적 모형 연구: 온라인 커뮤니티 문장(Munjang)을 중심으로,장용호(서강대학교),2012,사이버커뮤니케이션학보,kor,OK,ROLE_FIELD_SOCIALCAPITAL,ENV_COMMUNITY_GOVERNANCE,run1:없음,"has_community=True role_relevant=True env_relevant=True | 이 논문은 온라인 문학 커뮤니티 '문장'을 창조적 공유지로 삼아 그 사회적 역할(장)을 분석하는 동시에, 위계적·개방적 하이브리드 거버넌스, 상호호혜적 상호작용, 심사위원/작가/애호가 등 회원 구성과 운영 구조라는 환경적 조건을 IAD 프레임워크로 조명하므로 role과 env가 동시에 해당한다.","[ROLE] 문장(Munjang) 온라인 문학 커뮤니티가 강한 연대·상호호혜적 상호작용·암묵적 지식 공유를 통해 하이브리드적 창조적 공유지로 기능하는 내적 구조와 이용자 간 관계적 자원 형성을 분석하므로, 장으로서의 사회적 자본(ROLE_FIELD_SOCIALCAPITAL) 역할이 부여되며, 외부 사회현상을 보여주는 창이나 공론장 검증은 핵심 대상이 아니다. | [ENV] 문장 커뮤니티의 위계적·개방적 하이브리드 운영 구조와 심사위원 중심의 평가 체계를 Ostrom IAD 프레임워크로 분석하여 공유지 비극 회피 메커니즘으로 다루므로 ENV_COMMUNITY_GOVERNANCE를 부여하나, 회원제·생애주기·익명성 차이는 분석 대상이 되지 않는다.",True,0/1,"run1:ENV_COMMUNITY_GOVERNANCE,ROLE_FIELD_SOCIALCAPITAL"
ART001647169,성격특성과 지각된 신념이 온라인 브랜드 커뮤니티의 지속사용의도에 미치는 영향,신종국(부산대학교),2012,소비문화연구,kor,OK,ROLE_WINDOW_MISC,,run1:없음,"has_community=True role_relevant=True env_relevant=False | 온라인 브랜드 커뮤니티를 소비자-브랜드 간 관계 유지의 '장'으로서 그 사회적 역할을 분석 대상으로 삼으나, 회원제·운영 방침·익명성 등 커뮤니티의 구조적·환경적 조건을 변수로 삼아 차이·비교·변화를 고찰하지는 않는다.","[ROLE] 본 연구는 온라인 브랜드 커뮤니티라는 공간을 분석의 대상이 아닌 개별 소비자의 지속사용 행동·성격 특성을 살피는 맥락(Setting)으로만 활용하므로, 커뮤니티 공간 자체의 공론장·사회자본 역할(FIELD)이 아닌 외부 사회현상인 소비자 행동·브랜드 충성도를 포착하는 창(WINDOW_MISC)으로 분류된다.",True,0/1,run1:ROLE_WINDOW_MISC
ART000952992,온라인 커뮤니티 애피커시에 영향을 미치는 요인에 관한 요인,서문식(부산대학교),2004,소비문화연구,kor,OK,ROLE_FIELD_SOCIALCAPITAL,,run1:없음,"has_community=True role_relevant=True env_relevant=False | 이 논문은 온라인 커뮤니티를 집단 애피커시를 생성하고 커뮤니티 유효성(공동구매 태도, 긍정적 구전, 몰입 등)을 실현하는 사회적 장(ROLE_FIELD)으로 조명하며, 익명성은 서론적 동기 부여로 언급될 뿐 비교·변화 분석의 변수로 다루지지 않으므로 환경 조건의 체계적 고려(ENV)는 없다.","[ROLE] 본 연구는 온라인 커뮤니티 공간 안에서 이용자 간 관계적 자원(동일시, 사회적 지원, 상호작용)이 집단 애피커시를 매개로 공동구매 태도·긍정적 구전·공동생산의도·몰입 등 커뮤니티 유효성에 미치는 영향을 검증하는 것이므로, 장으로서의 사회자본 형성·효과를 분석하는 ROLE_FIELD_SOCIALCAPITAL에 부여된다.",True,0/1,run1:ROLE_FIELD_SOCIALCAPITAL
ART002151275,온라인 커뮤니티 이용자와 SNS 이용자의 구분요인: 기질성 요인과 활동성 요인을 중심으로,황주성(서울과학기술대학교),2016,정보통신정책연구,kor,OK,ROLE_WINDOW_MISC,,run1:없음,"has_community=True role_relevant=True env_relevant=False | 이 논문은 2000년대 중반 이후 온라인 커뮤니티에서 SNS로의 패러다임 전환이 개인과 사회에 미치는 함의를 분석하며, 온라인 커뮤니티의 사회적 가치와 온-오프라인 사회관계의 관련성을 연구 대상으로 삼아 커뮤니티 공간을 '장'으로 조명하나, 회원제·익명성·운영 방침 등 커뮤니티의 구조적·환경적 조건 자체를 분석하지는 않는다.","[ROLE] 본 연구는 온라인 커뮤니티 공간 내부의 상호작용이나 구조를 분석하는 것이 아니라, 소셜미디어 패러다임 전환이라는 외부 사회현상 속에서 '온라인 커뮤니티 이용자'와 'SNS 이용자'를 구분하는 개인 기질·활동 요인을 설문 데이터로 비교하므로, 커뮤니티는 패러다임 전환과 개인 미디어 이용 양식이라는 외부 현상을 포착하는 창(ROLE_WINDOW_MISC)으로 기능한다.",True,0/1,run1:ROLE_WINDOW_MISC
ART002604036,온라인 커뮤니티 참가자의 유형과 구분요인에 관한 연구: 개인적 특성 요인을 중심으로,황주성(서울과학기술대학교),2020,사이버커뮤니케이션학보,kor,ERR,,,run1:없음,"has_community=True role_relevant=True env_relevant=False | 이 논문은 온라인 커뮤니티 참가자를 활동 유형(읽기, 댓글, 스크랩, 쓰기)으로 4개 집단으로 구분하고 자존감·성격·인지욕구 등 개인 특성을 분석하는 데 커뮤니티를 참여자 유형과 개인 특성을 파악하는 창(ROLE_WINDOW_MISC)으로 활용하지만, 회원제·익명성·운영방침 등 커뮤니티의 구조적·환경적 조건을 비교·분석하지는 않는다.","[ROLE] 온라인 커뮤니티 참가자의 참여 활동 유형(잠복·내부열성·외부전파·적극활동)에 따른 집단 구분과 개인 특성의 관계를 실증 분석하는 것으로, 커뮤니티 공간 내 참여 구조를 다루는 장(FIELD)에 해당하나 공론장 기능 검증이나 이용자 간 관계적 자원(신뢰·연대·네트워크)의 형성에 대한 분석은 없으며, 외부 사회현상을 보여주는 창(WINDOW)으로서의 활용도 아니다.",True,1/1,run1:없음
ART001998734,인터넷 팬 커뮤니티의 규율권력이 어떻게 행사되는가?: 디시인사이드 '주군의 태양' 갤러리의 사례를 중심으로,권지현(동의대학교),2015,사이버커뮤니케이션학보,kor,OK,,ENV_COMMUNITY_GOVERNANCE,run1:없음,"has_community=True role_relevant=True env_relevant=True | 이 논문은 디시인사이드 '주군의 태양' 갤러리라는 팬 커뮤니티를 규율권력과 진리 구성이 작동하는 '장'으로 분석(ROLE)하는 동시에, '고나리'라는 제재 장치와 '친목·셀털·찻내' 행위 규제 등 커뮤니티 내부의 운영·제재 방식을 핵심 분석 요소로 삼아(ENV, 운영·제재 방식) 그 조건에 따른 주체화 과정과 권력 역동을 규명한다.","[ROLE] 본 논문은 디시인사이드 팬 커뮤니티 내부의 규율권력과 위계·규범을 푸코적 틀로 분석하지만, 이는 공론장 기능(SOCIALCAPITAL의 관계적 자원 형성)도, 외부 사회현상을 보여주는 창도 아닌 '권력·통치' 자체를 다루므로 6개 코드 중 어느 하나에도 0.5를 넘기지 못한다. | [ENV] 본 연구는 디시인사이드 '주군의 태양' 갤러리 내부의 규율권력 기제(고나리, 감시·처벌, 행위 규제, 정당화 지식)를 분석의 핵심 대상으로 삼아 커뮤니티 운영체계를 실질적으로 환원하므로 ENV_COMMUNITY_GOVERNANCE만 부여하고, 회원제·생애주기·익명성 조건에 대한 비교 분석은 존재하지 않아 나머지 3개 코드는 미부여한다.",True,0/1,run1:ENV_COMMUNITY_GOVERNANCE
ART003080328,온라인 커뮤니티 에브리타임을 통해 들여다본 지방대학생들의 불평등과 공정성 담론: 문재인 정부 시기를 중심으로,전아람(전북대학교 사회학과 대학원),2024,사회과학연구,kor,OK,"ROLE_WINDOW_GENDER, ROLE_WINDOW_HATE",,run1:없음,"has_community=True role_relevant=True env_relevant=False | 이 논문은 A대학 에브리타임이라는 온라인 커뮤니티의 게시글을 분석하여 지방대학생의 공정·평등·젠더 인식을 파악하므로 커뮤니티를 외부 사회현상을 보여주는 창(ROLE_WINDOW)으로 활용하나, 커뮤니티의 운영 구조·익명성·회원제 등 환경적 조건에 따른 차이를 체계적으로 비교·분석하지는 않으므로 env_relevant는 false이다.","[ROLE] 지방대학생이라는 외부 집단의 젠더 갈등·페미니즘 대립 담론을 에브리타임 커뮤니티 텍스트로 포착하는 WINDOW 분석으로, 공론장 기능 검증이나 사회자본 형성 평가가 아니라 젠더 갈등(주) 및 혐오 표현 확산(부)이라는 외부 사회현상을 온라인 커뮤니티를 통해 드러내는 데 초점이 있다.",True,0/1,"run1:ROLE_WINDOW_GENDER,ROLE_WINDOW_HATE"
ART002067524,해외직접구매에 있어서 소비자 갈등에 관한 근거이론적 분석,이진명(인하대학교),2015,소비문화연구,kor,OK,ROLE_WINDOW_MISC,,run1:없음,"has_community=True role_relevant=True env_relevant=False | 이 논문은 해외직접구매 소비자의 내적 갈등을 분석 대상으로 삼되, 온라인 커뮤니티 게시글을 핵심 자료원으로 삼아 소비자 갈등의 양상·원인·결과를 관찰하는 '창'으로 커뮤니티를 활용하나, 커뮤니티의 구조·운영 방침·익명성 등 환경적 조건을 고려하지 않는다.","[ROLE] 이 논문은 해외직접구매 과정에서 소비자가 경험하는 내적갈등이라는 외부 사회현상을 분석 대상으로 삼고, 온라인 커뮤니티 게시글을 단순한 '자료원'으로만 활용하므로, 커뮤니티 공간 자체의 역할이 아닌 바깥의 소비자 갈등 현상을 보여주는 창(ROLE_WINDOW_MISC)으로 판정된다.",True,0/1,run1:ROLE_WINDOW_MISC
ART002701104,Wenger의 실천공동체(CoP)에 비추어 본 온라인 부모교육 커뮤니티에서 발생하는 학습과정 사례 연구,서주현(한양대학교),2021,열린부모교육연구,kor,ERR,,,run1:없음,"has_community=False role_relevant=False env_relevant=False | 이 논문에서 '온라인 부모교육 프로그램'은 D유치원 학부모 모임의 학습 콘텐츠 전달 수단일 뿐이며, 실질적인 상호작용·관계 형성·정보 공유의 장은 오프라인 모임과 실제 생활 맥락이므로, 정의에 따른 '디지털 공간'으로서의 온라인 커뮤니티를 분석 대상으로 삼지 않는다.","이 논문에서 '온라인 부모교육 프로그램'은 D유치원 학부모 모임의 학습 콘텐츠 전달 수단일 뿐이며, 실질적인 상호작용·관계 형성·정보 공유의 장은 오프라인 모임과 실제 생활 맥락이므로, 정의에 따른 '디지털 공간'으로서의 온라인 커뮤니티를 분석 대상으로 삼지 않는다.",True,1/1,run1:없음
ART001704380,사이버공간 상호작용을 통한 ‘자랑’의 의미 형성: 디시 인사이드의 자랑거리 갤러리에 대한 사례 연구,노명우(아주대학교),2012,사이버커뮤니케이션학보,kor,OK,ROLE_WINDOW_MISC,,run1:없음,"has_community=True role_relevant=True env_relevant=False | 이 논문은 디시인사이드 자랑갤에서 자랑 행위의 의미 형성 과정을 상호작용(포스팅-조회-댓글)을 통해 분석함으로써, 온라인 커뮤니티를 사회적 상호작용이 일어나는 '장'으로 조명하나, 익명성 등 구조적·환경적 조건을 비교·변화 분석하는 데는 그치지 않고 단지 맥락적 전제로 서술에 그친다.","[ROLE] 이 논문은 온라인 커뮤니티(자랑갤)를 분석 대상으로 삼되, 그 안에서 드러나는 '자랑 대상의 유형 변화'라는 외부 사회현상(사회적 가치관·성취 기준의 이동)을 포착하는 창(WINDOW_MISC)으로 활용하며, 유사 공동체 형성 언급은 부차적 결과에 그쳐 SOCIALCAPITAL 부여 기준에는 미달한다.",True,0/1,run1:ROLE_WINDOW_MISC
ART002605854,소비자들의 구매 직전 망설임에 관한 연구: 근거이론적 분석,황정빈(고려대학교),2020,소비문화연구,kor,ERR,,,run1:없음,"has_community=True role_relevant=False env_relevant=False | 이 논문은 구매직전 망설임이라는 소비자 행동 현상을 분석 대상으로 삼고 있으며, 온라인 커뮤니티는 망설임의 원인을 파악하고 해소 경로를 추적하기 위한 자료 수집 통로(게시글 수집)와 소비자가 의견을 구하는 채널 정도로 기능할 뿐, 커뮤니티 자체의 사회적 역할이나 구조적·환경적 조건이 분석 대상이 아니다.","이 논문은 구매직전 망설임이라는 소비자 행동 현상을 분석 대상으로 삼고 있으며, 온라인 커뮤니티는 망설임의 원인을 파악하고 해소 경로를 추적하기 위한 자료 수집 통로(게시글 수집)와 소비자가 의견을 구하는 채널 정도로 기능할 뿐, 커뮤니티 자체의 사회적 역할이나 구조적·환경적 조건이 분석 대상이 아니다.",True,1/1,run1:없음
ART002887929,‘일베’를 어떻게 인지할 것인가,이길호,2014,시민과 세계,none,NO_ABSTRACT,,,,,초록 없음 (KOR_ABST/ENG_ABST 둘 다 없음),,,
ART001162142,온라인 커뮤니티 애피커시와 공동구매 태도와의관계에서 커뮤니티 유형의 조절효과,김유경(부산대학교),2005,소비문화연구,kor,OK,ROLE_FIELD_SOCIALCAPITAL,,run1:없음,"has_community=True role_relevant=True env_relevant=True | 이 논문은 온라인 커뮤니티의 애피커시(참여)가 커뮤니티 애호도·공동구매 태도에 미치는 영향을 분석하여 커뮤니티를 공동구매와 관계 형성을 위한 '장'으로 조명(ROLE)하고, 동시에 가입동기에 따른 관계지향형·과업지향형 커뮤니티 유형을 조절변수로 설정하여 구조적 조건에 따른 차이·비교를 검증(ENV)한다.","[ROLE] 본 논문은 온라인 커뮤니티 공간 내 상호작용(개인화·반응성·인사이트 상호작용성, 커뮤니티 명성, 변혁적 리더십)이 집단 애피커시를 매개로 커뮤니티 애호도와 공동구매 행동이라는 관계적·집단적 결과를 생산하는 메커니즘을 분석함으로써, 커뮤니티 공간 안에서의 이용자 간 연결과 집단적 행동을 다루는 장(FIELD)으로서의 역할을 조명하나, 공론장 검증이나 외부 사회현상 포착과는 무관하다. | [ENV] 이 논문은 온라인 커뮤니티 애피커시의 통계적 영향요인(상호작용성, 명성, 변혁적 리더십)과 결과요인(애호도, 공동구매 태도·의도)을 검증하는 구조모형 연구로서, 회원제·운영체계·생애주기·익명성 중 어느 하나에 대해 두 이상의 사례·집단·시기를 놓고 차이·비교·변화를 분석하지 않으므로 4개 코드 모두 미부여이다.",True,0/1,run1:ROLE_FIELD_SOCIALCAPITAL
ART001887730,초등 교사의 국어과 교사용 지도서 사용 실태 연구,김지은(서울교육대학교),2014,한국초등교육,kor,ERR,,,run1:없음,"has_community=True role_relevant=False env_relevant=False | 이 논문은 초등 국어과 교사용 지도서의 사용 실태를 조사하는 것이 연구 주제이며, 교사 온라인 커뮤니티는 수업 자료(이미지, 동영상, 평가·활동 자료)를 얻는 통로로 서술될 뿐, 커뮤니티 자체의 구조·역할·환경이 분석 대상이 아니므로 운영 수단·모집 통로 정도로만 언급된 경우이다.","이 논문은 초등 국어과 교사용 지도서의 사용 실태를 조사하는 것이 연구 주제이며, 교사 온라인 커뮤니티는 수업 자료(이미지, 동영상, 평가·활동 자료)를 얻는 통로로 서술될 뿐, 커뮤니티 자체의 구조·역할·환경이 분석 대상이 아니므로 운영 수단·모집 통로 정도로만 언급된 경우이다.",True,1/1,run1:없음
ART002093498,네이버 밴드와 기존 매체 이용의 상호관계에 관한 연구,이용재(동국대학교),2016,정보통신정책연구,kor,ERR,,,run1:없음,"has_community=True role_relevant=False env_relevant=False | 이 논문은 네이버 밴드라는 폐쇄형 SNS의 이용 동기를 이용과 충족 이론으로 밝히고 다른 플랫폼 이용과의 상관관계를 실증 분석하는 미디어 이용 연구로, 온라인 커뮤니티를 사회현상을 비추는 창이나 공간의 사회적 역할을 분석하는 장으로 조명하지도, 회원제·폐쇄성 등 구조적 환경 조건이 커뮤니티 역동에 미치는 차이를 분석하지도 않는다.","이 논문은 네이버 밴드라는 폐쇄형 SNS의 이용 동기를 이용과 충족 이론으로 밝히고 다른 플랫폼 이용과의 상관관계를 실증 분석하는 미디어 이용 연구로, 온라인 커뮤니티를 사회현상을 비추는 창이나 공간의 사회적 역할을 분석하는 장으로 조명하지도, 회원제·폐쇄성 등 구조적 환경 조건이 커뮤니티 역동에 미치는 차이를 분석하지도 않는다.",True,1/1,run1:없음
ART001982731,역사인식의 세대차와 시대차 - 5･18 민주항쟁의 사례 -,허석재(목포대학교),2015,민주주의와 인권,kor,ERR,,,run1:없음,"has_community=False role_relevant=False env_relevant=False | 이 논문은 5·18 민주항쟁에 대한 세대 간 인식 변화를 설문조사 데이터로 분석하는 연구이며, 일베는 폄훼 사례로 잠깐 언급될 뿐 온라인 커뮤니티를 분석 대상이나 연구 재료로 삼지 않는다.","이 논문은 5·18 민주항쟁에 대한 세대 간 인식 변화를 설문조사 데이터로 분석하는 연구이며, 일베는 폄훼 사례로 잠깐 언급될 뿐 온라인 커뮤니티를 분석 대상이나 연구 재료로 삼지 않는다.",True,1/1,run1:없음
ART002716835,기자들의 온라인 서비스 목적별 이용도 분석: 취재보도 원칙의 중요도 인식 및 디지털 기술의 인지된 유용성이 미치는 영향,신민재(인하대학교),2021,사회과학연구,kor,ERR,,,run1:없음,"has_community=False role_relevant=False env_relevant=False | 이 논문은 기자들의 온라인 서비스 이용 목적과 이용도를 분석하는 것으로, 온라인 커뮤니티·카페는 검색·메신저·SNS와 나란히 언급되는 다수의 서비스 중 하나에 불과하며, 커뮤니티 자체의 구조·역할·운영 조건이 분석 대상이 되지 않는다.","이 논문은 기자들의 온라인 서비스 이용 목적과 이용도를 분석하는 것으로, 온라인 커뮤니티·카페는 검색·메신저·SNS와 나란히 언급되는 다수의 서비스 중 하나에 불과하며, 커뮤니티 자체의 구조·역할·운영 조건이 분석 대상이 되지 않는다.",True,1/1,run1:없음
ART002269350,개인중심계획 촉진자 훈련(Person-centered planning facilitator training) 프로그램 개념 모델 기초 연구,김은하(강남대학교),2017,지적장애연구,kor,ERR,,,run1:없음,"has_community=False role_relevant=False env_relevant=False | 이 논문은 PCP 촉진자 훈련 프로그램의 개념적 모델을 연구 목적으로 하며, 온라인 커뮤니티는 면대면 교육·영상·웹비나와 나란히 언급된 보조적 전달 수단으로만 등장할 뿐, 분석 대상이 되는 온라인 커뮤니티가 존재하지 않는다.","이 논문은 PCP 촉진자 훈련 프로그램의 개념적 모델을 연구 목적으로 하며, 온라인 커뮤니티는 면대면 교육·영상·웹비나와 나란히 언급된 보조적 전달 수단으로만 등장할 뿐, 분석 대상이 되는 온라인 커뮤니티가 존재하지 않는다.",True,1/1,run1:없음
ART002833145,페미니즘 관점에서 본 20-30대 여성의 주식 담론: 온라인 여성 커뮤니티 사례를 중심으로,김수정(충남대학교),2022,사회과학연구,kor,OK,ROLE_WINDOW_GENDER,,run1:없음,"has_community=True role_relevant=True env_relevant=False | 이 논문은 청년여성 커뮤니티 게시판을 주식담론이 생산·경합되는 페미니스트 문화정치의 '장'으로 조명하되, 커뮤니티의 구조적·환경적 조건(회원제, 익명성, 운영 방침 등)에 따른 차이·비교는 다루지 않는다.","[ROLE] 이 논문은 청년여성 커뮤니티 게시판을 데이터 소스로 활용하여, 주식투자 열풍이라는 외부 사회현상 속에서 청년 여성이 젠더 불평등 구조를 매개로 주식담론을 구성하는 과정을 페미니즘 관점에서 분석하는 것이므로, 온라인 커뮤니티는 바깥에 실체가 있는 '청년 여성' 집단의 젠더담론을 보여주는 창(WINDOW_GENDER)으로서 기능한다.",True,0/1,run1:ROLE_WINDOW_GENDER
ART002016590,온라인 커뮤니티 이용자의 네트워크 지위와 욕설 사용의 관계: <일간베스트>를 중심으로,이범준(충남대학교),2015,사회과학연구,kor,OK,ROLE_FIELD_SOCIALCAPITAL,,run1:없음,"has_community=True role_relevant=True env_relevant=False | 이 논문은 일간 베스트 커뮤니티 내에서 욕설 사용 수준에 따른 네트워크 중심성 차이를 분석하여 커뮤니티라는 공간의 내부 소통 구조와 위계(장)를 조명하나, 욕설 허용 문화는 해석 시 배경 맥락으로 언급될 뿐 운영 방침·제재 방식 등 환경적 조건을 변인으로 삼아 차이·비교·변화를 체계적으로 분석하지는 않는다.","[ROLE] 본 논문은 일간 베스트 커뮤니티 내부에서 욕설 사용량이 이용자들의 네트워크 중심성(내향·외향·매개·위세 중심성)과 주변화·소통 상호성에 미치는 영향을 분석함으로써, 온라인 커뮤니티 공간 안에서 이용자 간 관계적 자원(연결성·중심성)의 형성·배제 구조를 다루는 FIELD 계열의 SOCIALCAPITAL 역할로 분류된다.",True,0/1,run1:ROLE_FIELD_SOCIALCAPITAL
ART002658936,"다인종 재미한인들의 온라인 커뮤니티 활동: ""하프코리안닷컴(HalfKorean.com)” 페이스북 그룹을 중심으로",배진숙(건국대학교 모빌리티인문학 연구원),2020,디아스포라연구,kor,OK,ROLE_WINDOW_MISC,,run1:없음,"has_community=True role_relevant=True env_relevant=False | 이 논문은 북미 기반 다인종 한인들의 온라인 커뮤니티(하프코리안닷컴 등)가 정체성 강화·정보 공유·네트워크 형성이라는 사회적 역할을 수행하는 '장'으로서 분석 대상이므로 role_relevant이지만, 회원제·익명성·운영방침 등 구조적·환경적 조건의 차이·비교·변화를 다루지 않으므로 env_relevant는 false이다.","[ROLE] 이 논문은 온라인 커뮤니티 형성과 유지 요인을 표면적으로 다루지만, 궁극적인 분석 대상은 온라인 커뮤니티 바깥에 실체로 존재하는 '다인종·다문화 재미 한인'이라는 디아스포라 집단의 정체성 경험과 공동체 문제이므로, 커뮤니티는 그 집단을 들여다보는 창(ROLE_WINDOW_MISC)으로 기능하며, 이용자 간 네트워크·공감이라는 관계적 측면이 부차적으로 언급되나 분석의 핵심 초점은 아니다.",True,0/1,run1:ROLE_WINDOW_MISC
ART001826076,중국 온라인 커뮤니티에서의 규율 기제 :‘톈야셔취(天涯社區)’를 중심으로,최은진(국민대학교),2013,한국동북아논총,kor,OK,,ENV_COMMUNITY_GOVERNANCE,run1:없음,"has_community=True role_relevant=True env_relevant=True | 톈야를 정치적 비판과 친목 강화의 공론장(장)으로 조명하는 동시에, 공동체적(수평적)·권위적(수직적) 규율 기제라는 운영·제재 방식이 이용자 활동을 어떻게 형식하고 배제하는지를 분석하여 환경적 조건을 함께 고려한다.","[ROLE] 톈야 커뮤니티 내부의 공동체적·권위적 규율 기제를 분석하는 논문으로, 이용자 간 친목·수평적 상호작용(사회자본 측면)과 그 기제가 궁극적으로 국가 안정이라는 외부 기능에 종속된다는 결론(정부·통치 현상)이 함께 등장하나, 공론장 기능 검증이나 특정 WINDOW 현상의 포착이 주된 분석 대상이 아니어서 6개 코드 모두 미부여로 판단된다. | [ENV] 톈야 커뮤니티의 수평적·수직적 규율 기제를 분석의 핵심 축으로 삼아 운영체계와 이용자 활동의 경계 설정·배제 기능을 다룸으로써 ENV_COMMUNITY_GOVERNANCE가 부여되고, 나머지 세 코드는 텍스트에 근거가 없어 미부여된다.",True,0/1,run1:ENV_COMMUNITY_GOVERNANCE
ART002923336,자치경찰제 도입이 시민의 치안서비스 만족도에 미치는 영향,문준섭(가톨릭관동대학교),2022,한국범죄정보연구,kor,ERR,,,run1:없음,"has_community=False role_relevant=False env_relevant=False | 이 논문은 자치경찰제 도입 후 지역 경찰 서비스와 주민 만족도를 실증적으로 분석하는 것으로, '온라인 커뮤니티'는 경찰-주민 소통 채널의 수준을 나타내는 회귀모형의 선행변수(독립변수)로만 등장하며, 커뮤니티 자체의 구조·역할·환경을 분석 대상으로 삼지 않는다.","이 논문은 자치경찰제 도입 후 지역 경찰 서비스와 주민 만족도를 실증적으로 분석하는 것으로, '온라인 커뮤니티'는 경찰-주민 소통 채널의 수준을 나타내는 회귀모형의 선행변수(독립변수)로만 등장하며, 커뮤니티 자체의 구조·역할·환경을 분석 대상으로 삼지 않는다.",True,1/1,run1:없음
ART003215754,KcBERT와 KcELECTRA Soft Voting 기반 감성 분석 모델을 활용한 국내 온라인 커뮤니티 정치 편향 연구,김준형(성균관대학교),2025,정보통신정책연구,kor,OK,ROLE_WINDOW_POLARIZE,,run1:없음,"has_community=True role_relevant=True env_relevant=False | 이 논문은 주요 온라인 커뮤니티의 정치적 편향성과 양극화를 분석 대상으로 삼아 커뮤니티가 정치 참여와 여론 형성의 '장'으로서 기능하는지 조명하나, 익명성과 동질성은 편향의 배경 설명으로만 언급되고 커뮤니티 간 구조적·환경적 조건의 차이나 비교가 분석되지 않으므로 env_relevant는 false이다.","[ROLE] 본 연구는 주요 온라인 커뮤니티의 정치 성향을 대규모 데이터로 측정하여 커뮤니티별 정치적 편향과 양극화 현상을 포착하는 것으로, 온라인 커뮤니티는 정치적 양극화라는 외부 사회현상을 드러내는 창(WINDOW_POLARIZE)으로 기능한다.",True,0/1,run1:ROLE_WINDOW_POLARIZE
ART003080400,대학입시와 관련한 청소년의 혐오표현 사용에 관한 연구,민웅기(서울대학교 사회학과),2024,사회과학연구,kor,OK,ROLE_WINDOW_HATE,,run1:없음,"has_community=True role_relevant=True env_relevant=False | 이 논문은 대학입시 온라인 커뮤니티 '오르비'를 연구 대상으로 삼아 청소년기의 경쟁 문화와 혐오표현 축적이라는 외부 사회현상을 보여주는 창(ROLE_WINDOW)으로 활용하지만, 커뮤니티의 회원제·제재·익명성 등 구조적·환경적 조건에 따른 차이·비교·변화를 다루지 않으므로 env_relevant는 false이다.","[ROLE] 이 논문은 대학입시 온라인 커뮤니티(오르비)를 창으로 삼아, 온라인 공간에 국한되지 않는 청소년기의 경쟁 문화·능력주의 기반 혐오표현 확산이라는 외부 사회현상을 포착하는 WINDOW_HATE 분석에 가장 부합하며, 경쟁 문화·교육 불평등이라는 배경 현상(MISC)은 보조적 맥락으로만 등장한다.",True,0/1,run1:ROLE_WINDOW_HATE
ART003185258,토픽모델링을 활용한 생성형 AI 의제 분석: 뉴스 기사와 온라인 커뮤니티 게시글을 중심으로,이각명(성균관대학교 미디어커뮤니케이션학과),2025,사이버커뮤니케이션학보,kor,ERR,,,run1:없음,"has_community=True role_relevant=False env_relevant=False | 이 논문은 에펨코리아 게시글 562건을 뉴스 5개사 기사와 함께 수집하여 토픽모델링으로 의제설정 효과를 비교하는 데 그치고, 커뮤니티 자체의 구조·운영 조건을 고려하지도, 커뮤니티를 창 또는 장으로 조명하지도 않으므로 역할·환경 조명 모두 해당하지 않는다.","이 논문은 에펨코리아 게시글 562건을 뉴스 5개사 기사와 함께 수집하여 토픽모델링으로 의제설정 효과를 비교하는 데 그치고, 커뮤니티 자체의 구조·운영 조건을 고려하지도, 커뮤니티를 창 또는 장으로 조명하지도 않으므로 역할·환경 조명 모두 해당하지 않는다.",True,1/1,run1:없음
ART002063893,Tier2 방법에 따른 온실가스 인벤토리 불확실성 평가: 철강산업을 중심으로,장효미(서울시립대학교),2015,사회과학연구,kor,ERR,,,run1:없음,"has_community=True role_relevant=False env_relevant=False | 이 논문은 철강산업부문의 온실가스 배출량 불확실성을 전문가 판단과 몬테카를로 시뮬레이션으로 평가하는 기술적 연구로, 온라인 커뮤니티와 어떠한 관련도 없다.","이 논문은 철강산업부문의 온실가스 배출량 불확실성을 전문가 판단과 몬테카를로 시뮬레이션으로 평가하는 기술적 연구로, 온라인 커뮤니티와 어떠한 관련도 없다.",True,1/1,run1:없음
ART003234843,온라인 커뮤니티는 젠더갈등을 심화시키는가?: 온라인 커뮤니티 이용과 성별의 상호작용이 젠더 정책 태도에 미치는 영향 분석,최경호(경희대학교),2025,사회과학연구,kor,OK,ROLE_WINDOW_GENDER,,run1:없음,"has_community=True role_relevant=True env_relevant=False | 이 논문은 온라인 커뮤니티 이용 정도를 독립변수로 젠더갈등 심화와의 관계를 실증 분석함으로써, 온라인 커뮤니티가 젠더 갈등을 재생산·심화하는 사회적 장(ROLE_FIELD)으로서의 역할을 조명하고 있으나, 커뮤니티의 구조적·환경적 조건(회원제, 익명성, 운영 방침 등)은 다루지 않는다.","[ROLE] 본 연구는 전국 유권자 조사의 회귀분석으로 '온라인 커뮤니티 이용 정도'를 독립변수로 투입하여 젠더갈등 심화라는 외부 사회현상을 실증적으로 포착하므로, 온라인 커뮤니티는 커뮤니티 내 상호작용·구조를 분석하는 장(FIELD)이 아니라 젠더 갈등 현상을 읽는 창(WINDOW_GENDER)으로 기능한다.",True,0/1,run1:ROLE_WINDOW_GENDER
ART002934330,재미한인의 다원화와 디지털 디아스포라: 다인종 한인 자녀를 둔 부모의 온라인 커뮤니티 활동,배진숙(건국대학교 모빌리티인문학 연구원),2023,현대사회와 다문화,kor,OK,ROLE_FIELD_SOCIALCAPITAL,,run1:없음,"has_community=True role_relevant=True env_relevant=False | 이 논문은 다인종 한인 자녀를 둔 부모의 페이스북 그룹을 분석 대상으로 삼아, 해당 커뮤니티가 한인 디아스포라 간 사회적 관계 형성·문화정체성 유지·인종 차별 토로와 대처의 '장'으로 기능하는지를 조명하므로 role_relevant이 true이나, 회원제·운영·제재·익명성·생애주기 등 구조적·환경적 조건을 근거로 차이·비교·변화를 분석하지 않으므로 env_relevant는 false이다.","[ROLE] 본 연구는 다인종 한인 자녀 부모 페이스북 그룹이라는 온라인 커뮤니티의 형성·유지 요인과 그 안에서 벌어지는 정보 교류·정서적 지지·네트워크 활성화라는 관계적 자원 형성을 핵심 분석 대상으로 삼으므로, 온라인 커뮤니티를 사회적 관계 형성의 '장(FIELD)으로서의 사회자본'으로 조명한다.",True,0/1,run1:ROLE_FIELD_SOCIALCAPITAL
ART002254179,온라인 브랜드 커뮤니티의 수명주기(CLC)에서 관계의 의미와 행태에 대한 현상학적 고찰,도선재(중앙대학교),2017,사회과학연구,kor,OK,ROLE_FIELD_SOCIALCAPITAL,ENV_COMMUNITY_LIFECYCLE,run1:없음,"has_community=True role_relevant=True env_relevant=True | 이 논문은 온라인 브랜드 커뮤니티라는 공간 자체의 관계적 진화를 분석 대상으로 삼아(장, ROLE_FIELD), 커뮤니티의 생성·성장·성숙·쇠퇴·소멸이라는 생애주기(ENV_COMMUNITY_LIFECYCLE)를 5단계로 규명하고 각 단계별 관계의 의미와 행태를 비교하므로, 역할과 환경 둘 다 해당한다.","[ROLE] 이 논문은 온라인 브랜드 커뮤니티라는 공간 안에서 구성원 간 관계가 생성·성장·소멸하는 5단계 생명주기를 분석함으로써, 커뮤니티 내 이용자 간 연결의 존재·강도·효과를 다루는 장(FIELD)으로서의 사회적 자본 형성·해체 과정을 규명한다. | [ENV] 본 연구는 온라인 브랜드 커뮤니티의 생성·발전·소멸 전 시기를 5단계(초반기·성장기·성숙기·쇠퇴기·소멸기)로 분할하여 커뮤니티 자체의 생애주기를 추적하므로 ENV_COMMUNITY_LIFECYCLE만 부여되며, 회원제·운영체계·익명성 차원은 분석 대상에서 배제된다.",True,0/1,"run1:ENV_COMMUNITY_LIFECYCLE,ROLE_FIELD_SOCIALCAPITAL"
ART003248717,한국형 정치적 극단주의의 테러리즘 진화 가능성,권오국(경찰대학 치안정책연구소),2025,한국동북아논총,kor,ERR,,,run1:없음,"has_community=False role_relevant=False env_relevant=False | 이 논문은 자생적 극단주의·테러리즘의 배양 원리를 '정치적 기회-동기-수단' 3차원 통합 모델로 규명하는 이론·개념 논문으로, '온라인 커뮤니티를 통한 집단 정체성 추구'를 동기 요인 중 하나로 잠깐 언급할 뿐, 특정 커뮤니티를 분석 대상이나 연구 자료로 삼지 않으므로 온라인 커뮤니티를 분석 대상으로 삼지 않는다.","이 논문은 자생적 극단주의·테러리즘의 배양 원리를 '정치적 기회-동기-수단' 3차원 통합 모델로 규명하는 이론·개념 논문으로, '온라인 커뮤니티를 통한 집단 정체성 추구'를 동기 요인 중 하나로 잠깐 언급할 뿐, 특정 커뮤니티를 분석 대상이나 연구 자료로 삼지 않으므로 온라인 커뮤니티를 분석 대상으로 삼지 않는다.",True,1/1,run1:없음
ART003352752,이주민의 ‘관계적 시민권’과 지역적 삶,이용승(대구대학교),2026,시민과 세계,kor,ERR,,,run1:없음,"has_community=False role_relevant=False env_relevant=False | 이 논문은 관계적 시민권 개념을 통해 이주민의 일상적 시민됨을 분석하는 연구이며, '온라인 커뮤니티'는 비자·휴대전화 본인인증·통번역·비공식 노동 네트워크 등과 나란히 결합망의 한 구성 요소로 일회적으로 언급될 뿐, 커뮤니티 자체를 분석 대상으로 삼거나 그 구조·역할을 탐구하지 않는다.","이 논문은 관계적 시민권 개념을 통해 이주민의 일상적 시민됨을 분석하는 연구이며, '온라인 커뮤니티'는 비자·휴대전화 본인인증·통번역·비공식 노동 네트워크 등과 나란히 결합망의 한 구성 요소로 일회적으로 언급될 뿐, 커뮤니티 자체를 분석 대상으로 삼거나 그 구조·역할을 탐구하지 않는다.",True,1/1,run1:없음
ART002980035,예측할 수 없는 여정 속 우회로 찾기: COVID-19 팬데믹 시기에 학부모로 전이한 맞벌이 부모의 경험에 관한 질적연구,정인혜(연세대학교),2023,가족과 문화,kor,ERR,,,run1:없음,"has_community=False role_relevant=False env_relevant=False | 온라인 커뮤니티는 참여자 모집 수단(눈덩이 표집을 위한 연구 소개문 게시)으로만 활용되었으며, 커뮤니티 내 상호작용·구조·역할을 분석 대상으로 삼지 않으므로 커뮤니티 존재 여부가 성립하지 않는다.","온라인 커뮤니티는 참여자 모집 수단(눈덩이 표집을 위한 연구 소개문 게시)으로만 활용되었으며, 커뮤니티 내 상호작용·구조·역할을 분석 대상으로 삼지 않으므로 커뮤니티 존재 여부가 성립하지 않는다.",True,1/1,run1:없음
ART002724978,Logging in for Medical Transnationalism: Transnational Health Information Seeking among Korean Immigrant Women,장서현(성균관대학교),2021,디아스포라연구,kor,OK,ROLE_WINDOW_MISC,,run1:없음,"has_community=True role_relevant=True env_relevant=False | 이 논문은 미국 거주 한국 여성 이민자의 초국가적 건강 정보 탐색 행위를 MissyUSA.com이라는 민족 온라인 커뮤니티의 게시글을 분석 대상으로 삼아 연구하므로 커뮤니티가 존재하며, 해당 커뮤니티를 이민자의 건강 정보 탐색이라는 외부 사회현상을 관찰하는 '창'으로 활용하나, 커뮤니티의 구조적·환경적 조건(회원제, 익명성, 운영 방침 등)을 비교·분석하지는 않는다.","[ROLE] 이 논문은 미국 거주 한국인 여성 이민자의 초국가적 건강정보 탐색(medical transnationalism)이라는 외부 사회현상을 관찰하는 창으로 MissyUSA.com을 활용하며, 커뮤니티 공간 자체의 공론장·사회자본 역할을 분석하지 않으므로 WINDOW_MISC에 부여한다.",True,0/1,run1:ROLE_WINDOW_MISC
ART001667086,새로운 사회운동 방식을 통한 집단기억의 형성과 유지: 스누라이프에서의 태그달기,한신갑(서울대학교),2012,기억과 전망,kor,OK,ROLE_FIELD_SOCIALCAPITAL,,run1:없음,"has_community=True role_relevant=True env_relevant=False | 이 논문은 스누라이프 커뮤니티 내에서 '태그달기'가 사회운동으로 형성·확산되는 과정을 분석하여 온라인 커뮤니티가 집단적 기억 재생산과 공론적 행동의 '장'으로서 기능하는지 조명하지만, 커뮤니티의 구조적·운영적 조건(회원제, 제재 방식, 익명성 등)을 비교하거나 그 조건에 따른 차이를 분석하지 않으므로 env_relevant는 false이다.","[ROLE] 본 논문은 스누라이프 커뮤니티 내에서 이용자 간 자발적 참여와 집단적 기억 재생산을 매개로 '태그달기'라는 사회운동이 형성되는 과정 자체를 분석하는 것으로, 온라인 커뮤니티 공간 안에서 이용자 간 연결·자생적 조직화·집단 참여라는 관계적 측면을 다루고 있으므로 FIELD 계열, 특히 SOCIALCAPITAL에 부합하나, 엄밀한 하버마스적 공론장 검증이나 외부 사회현상 창으로는 부족하다.",True,0/1,run1:ROLE_FIELD_SOCIALCAPITAL
ART003048867,팬데믹 속 자녀돌봄과 온라인 양육담론의 역동성: 코로나19 3년의 온라인 육아 커뮤니티 분석,도유록(울산대학교 생활과학연구소),2024,한국가족관계학회지,kor,OK,"ROLE_FIELD_SOCIALCAPITAL, ROLE_WINDOW_MISC",,run1:없음,"has_community=True role_relevant=True env_relevant=False | 이 논문은 코로나19 기간 온라인 육아 커뮤니티 'M' 카페의 게시글을 동적토픽모델링으로 분석하여 커뮤니티가 협력적 지식 생산과 정서적 유대 형성의 사회적 장(ROLE_FIELD)으로 기능하는 양상을 조명하나, 회원제·운영·제재·익명성·생애주기 등 구조적·환경적 조건을 비교·분석하지는 않으므로 env_relevant는 false이다.","[ROLE] 본 연구는 코로나19 기간 육아 커뮤니티를 통해 자녀돌봄·백신 담론이라는 외부 사회현상을 보여주는 창(Window_Misc) 역할과, 동시에 커뮤니티 내 공동체적 지식 생산과 정서적 유대감이라는 이용자 간 관계적 자원 형성을 분석하는 장(Field_SocialCapital) 역할을 동시에 수행한다.",True,0/1,"run1:ROLE_FIELD_SOCIALCAPITAL,ROLE_WINDOW_MISC"
ART003088806,코로나의 글로벌 거버넌스에 관한 주부의 국가들 간 위계질서의식 - 백신도입문제를 중심으로-,노정화,2024,글로벌 거버넌스와 문화,kor,OK,ROLE_WINDOW_MISC,,run1:없음,"has_community=True role_relevant=True env_relevant=False | 이 논문은 코로나 시기 온라인 주부 커뮤니티 '맘스홀릭베이비'의 담론을 분석 대상으로 삼아 주부들의 글로벌 거버넌스에 관한 국가 간 위계질서의식을 파악하므로 커뮤니티가 존재하며(창), 그러나 커뮤니티의 구조적·환경적 조건(회원제, 익명성, 운영 방식 등)에 따른 차이나 비교는 다루지 않으므로 env_relevant는 false이다.","[ROLE] 이 논문은 온라인 주부 커뮤니티를 데이터 소스로 삼아, 커뮤니티 외부에 실체가 있는 '주부' 집단이 코로나 시기 글로벌 거버넌스를 어떻게 주관적·위계적으로 인식하는지(국가 간 위계질서의식, 서양/동양 백신 선호·거부)를 보여주는 창(WINDOW_MISC)으로 활용한다.",True,0/1,run1:ROLE_WINDOW_MISC
ART001773360,정교화 가능성 모델을 이용한 온라인 여행 커뮤니티 구성원의 관광정보탐색행동과 이용동기별 차이분석,정남호(경희대학교),2013,관광학연구,kor,OK,ROLE_WINDOW_MISC,,run1:없음,"has_community=True role_relevant=True env_relevant=False | 이 논문은 온라인 여행 커뮤니티를 정보 검색과 참여가 일어나는 공간(장)으로서 ELM의 중앙·주변 경로가 회원의 인식(기술성, 즐거움)과 행동 의도에 미치는 영향을 분석하므로 ROLE에 해당하나, 회원제·익명성·운영방침 등 구조적·환경적 조건을 비교·고려하지 않으므로 ENV는 해당하지 않는다.","[ROLE] 이 논문은 ELM(신뢰도·논증 품질)이라는 일반적 정보처리 모델을 온라인 여행 커뮤니티라는 설정에서 검증하는 것으로, 커뮤니티 공간 자체의 사회적 역할(공론장·사회자본)이 아니라 커뮤니티를 여행 정보 탐색·소비자 행동이라는 외부 사회현상을 관찰하는 창으로 활용하는 WINDOW_MISC에 해당한다.",True,0/1,run1:ROLE_WINDOW_MISC
ART002319802,"온라인 관광 커뮤니티 특성이 정보 유용성, 긍정적 감정, 지속적 이용의도에 미치는 영향: 정교화 가능성 모델을 중심으로",하동희(세종대학교),2018,관광연구,kor,OK,ROLE_WINDOW_MISC,,run1:없음,"has_community=True role_relevant=True env_relevant=False | 이 논문은 온라인 관광 커뮤니티를 정보 공유와 지속적 이용의도 형성을 담당하는 장(ROLE_FIELD)으로 분석하지만, 회원제·제재 방식·생애주기·익명성 등 커뮤니티의 구조적·환경적 조건을 비교·고찰하지 않으므로 env_relevant는 false이다.","[ROLE] 이 논문은 온라인 관광 커뮤니티를 정보 품질·신뢰성·전문성·인기성 등 정보 속성이 이용 유용성과 지속적 이용의도에 미치는 영향을 검증하는 정보행동 연구의 자료원으로 활용하므로, 커뮤니티 공간 자체의 역할이 아니라 커뮤니티를 통하는 바깥의 정보 소비·의사결정 현상을 보여주는 창(ROLE_WINDOW_MISC)으로 기능한다.",True,0/1,run1:ROLE_WINDOW_MISC
ART002446014,"고객참여가 브랜드몰입, 브랜드신뢰, 고객만족에 미치는 영향",김주희(세종대학교),2019,관광연구저널,kor,ERR,,,run1:없음,"has_community=False role_relevant=False env_relevant=False | 이 논문은 항공사 기내서비스에서 고객참여와 브랜드몰입·신뢰·만족의 인과관계를 검증하는 서비스마케팅 연구이며, 온라인 커뮤니티는 설문조사를 배포하는 편의표본추출 통로로만 활용되었을 뿐, 커뮤니티 자체를 분석 대상이나 연구 주제로 삼지 않으므로 커뮤니티 존재 여부를 인정할 수 없다.","이 논문은 항공사 기내서비스에서 고객참여와 브랜드몰입·신뢰·만족의 인과관계를 검증하는 서비스마케팅 연구이며, 온라인 커뮤니티는 설문조사를 배포하는 편의표본추출 통로로만 활용되었을 뿐, 커뮤니티 자체를 분석 대상이나 연구 주제로 삼지 않으므로 커뮤니티 존재 여부를 인정할 수 없다.",True,1/1,run1:없음
ART001857653,온라인 여행커뮤니티 정보특성이 사용자의 수용과 확산에 미치는 영향,최동석(경희대학교 관광레져산업학과),2014,관광연구저널,kor,OK,ROLE_WINDOW_MISC,,run1:없음,"has_community=True role_relevant=True env_relevant=False | 이 논문은 온라인 여행커뮤니티 내에서 공유되는 정보의 특성이 여행 목적지 선정·상품 구매·정보 확산에 미치는 영향을 분석함으로써, 커뮤니티를 정보 수용과 의사결정이 이루어지는 '장(ROLE_FIELD)'으로 조명하나, 회원제·운영 방침·익명성 등 구조적·환경적 조건의 차이·비교·변화를 다하지 않는다.","[ROLE] 온라인 여행커뮤니티는 여행 소비자의 정보 처리 및 구매 결정이라는 외부 사회현상을 관찰하기 위한 자료 공간(창)으로 활용되며, 정보의 생생함·상호작용·기술적 특성 등 커뮤니티 내부 요인이 소비자 행동에 미치는 영향을 분석하는 것이므로 WINDOW_MISC에 해당한다.",True,0/1,run1:ROLE_WINDOW_MISC
ART001692240,온라인 여행 커뮤니티의 특성에 따른 소비자의 신뢰와 충성도가 구매결정에 미치는 영향,조인철(대구가톨릭대학교),2012,관광연구,kor,OK,ROLE_FIELD_SOCIALCAPITAL,,run1:없음,"has_community=True role_relevant=True env_relevant=False | 이 논문은 온라인 여행커뮤니티가 소비자의 신뢰와 구매행동에 미치는 영향이라는 사회적 역할을 분석 대상으로 삼아 '장'으로 조명하나, 회원제·익명성·운영 방침 등 구조적·환경적 조건을 비교·차별화하는 논의는 초록상 확인되지 않는다.","[ROLE] 본 연구는 온라인 여행 커뮤니티라는 공간 그 자체의 특성이 이용자 간 신뢰(관계적 자원) 형성에 어떻게 영향을 미치는지를 분석 대상으로 삼고 있으므로, 공론장·혐오·양극화·젠더 등 WINDOW 계열은 배제되고, 장으로서의 사회자본 형성(ROLE_FIELD_SOCIALCAPITAL)이 핵심 역할로 부여된다.",True,0/1,run1:ROLE_FIELD_SOCIALCAPITAL
ART001747918,온라인 여행 커뮤니티에서 이용자 관여도의 매개적 효과 연구,박상철(협성대학교),2013,호텔경영학연구,kor,OK,ROLE_WINDOW_MISC,,run1:없음,"has_community=True role_relevant=True env_relevant=False | 이 논문은 온라인 여행 커뮤니티를 관광정보의 공유·의사결정 지원이라는 사회적 역할을 수행하는 '장'으로 삼아 이용자 관여도의 매개 효과를 분석하나, 회원제·익명성·운영 방침 등 커뮤니티의 구조적·환경적 조건은 고려하지 않는다.","[ROLE] 이 논문은 온라인 여행 커뮤니티를 관광 소비자의 정보 이용행동과 설득 과정(ELM·관여도)을 실증하는 창(ROLE_WINDOW_MISC)으로 활용하며, 커뮤니티 공간 자체의 공론장 기능이나 관계적 자원 형성이 아닌 관광 의사결정이라는 외부 사회현상을 조명한다.",True,0/1,run1:ROLE_WINDOW_MISC
ART001716006,국내관광 의사결정과 소셜미디어의 관계성 규명 - 내용분석을 중심으로 -,서정호(Michigan State University),2012,관광학연구,kor,ERR,,,run1:없음,"has_community=False role_relevant=False env_relevant=False | 이 논문은 관광 정보 검색과 여행 결정 간 관계를 분석하는 것으로, '온라인 커뮤니티 사이트'는 블로그·SNS·미디어 공유·협업 프로젝트와 나란히 5가지 소셜미디어 유형 중 하나로 나열될 뿐, 특정 커뮤니티의 상호작용·구조·역할을 분석 대상으로 삼지 않으므로 온라인 커뮤니티가 연구의 대상이나 재료가 되지 않는다.","이 논문은 관광 정보 검색과 여행 결정 간 관계를 분석하는 것으로, '온라인 커뮤니티 사이트'는 블로그·SNS·미디어 공유·협업 프로젝트와 나란히 5가지 소셜미디어 유형 중 하나로 나열될 뿐, 특정 커뮤니티의 상호작용·구조·역할을 분석 대상으로 삼지 않으므로 온라인 커뮤니티가 연구의 대상이나 재료가 되지 않는다.",True,1/1,run1:없음
ART001729876,소셜 미디어에서 참여혜택과 온라인 정체성을 통한 여행정보 공유에 관한 연구,정남호(경희대학교),2012,관광연구,kor,OK,ROLE_WINDOW_MISC,,run1:없음,"has_community=True role_relevant=True env_relevant=False | 이 논문은 온라인 여행 커뮤니티를 여행정보 공유의 '장'으로 삼아 정체성·참여·공유 의도 간 인과 구조를 분석하지만, 커뮤니티의 회원제·제재·익명성·생애주기 등 구조적·환경적 조건을 비교·검토하지 않으므로 env는 false이다.","[ROLE] 본 연구는 온라인 여행 커뮤니티(블로그, 까페)를 여행정보 공유 행동의 동기와 메커니즘(사회적·기능적 혜택→온라인 정체성·커뮤니티 참여→공유 의도)을 관측하는 창(Window)으로 활용하며, 여행정보 공유라는 외부 사회현상을 온라인 커뮤니티 공간 안에서 추적하는 WINDOW_MISC에 해당한다.",True,0/1,run1:ROLE_WINDOW_MISC
ART001680670,패밀리 레스토랑 온라인 커뮤니티 특성이 충성도와 구매의도에 미치는 영향,김기영(경기대학교),2012,관광연구저널,kor,OK,ROLE_WINDOW_MISC,,run1:없음,"has_community=True role_relevant=True env_relevant=False | 이 논문은 가족레스토랑 온라인 커뮤니티의 기능(평판, 사회적 실존감, 즐거움, 정보 제공)이 사용자 충성도와 구매의도에 미치는 인과관계를 분석하여 커뮤니티 공간이 충성도와 구매를 촉진하는 '장'으로서의 사회적 역할을 조명하나, 회원제·익명성·운영·제재 방식 등 구조적·환경적 조건에 따른 차이·비교를 다루지 않는다.","[ROLE] 이 논문은 가족 식당 온라인 커뮤니티의 기능(reputation, socially real existence, enjoyment, information offering)이 고객 충성도와 구매 의도에 미치는 영향을 검증하는 마케팅·소비자 행동 연구로, 온라인 커뮤니티 공간 자체의 공론장·사회자본 역할이 아니라 온라인 커뮤니티와 무관하게 존재하는 식당 업권의 소비자 구매 행동이라는 외부 사회현상을 온라인 커뮤니티라는 매개를 통해 살펴보는 창(WINDOW_MISC)에 해당한다.",True,0/1,run1:ROLE_WINDOW_MISC
ART001786552,온라인 여행커뮤니티 이용동기와 플로우(flow) 경험 및 지속적 이용의도에 관한 연구 - 전문 여행커뮤니티 ‘태사랑’을 대상으로 -,허지현(경기대학교),2013,관광연구,kor,ERR,,,run1:없음,"has_community=True role_relevant=False env_relevant=False | 이 논문은 온라인 여행커뮤니티(태사랑)를 연구의 설문 대상·이용 맥락으로 활용하되, 분석의 초점은 개인 이용자의 이용동기·플로우 경험·지속적 이용의도라는 심리·행동 변인에 있으며, 커뮤니티의 사회적 역할(창 또는 장)을 분석 대상으로 삼지도 않고 회원제·운영 방침·생애주기 등 구조적·환경적 조건을 비교·검토하지도 않으므로 role·env 모두 해당하지 않는다.","이 논문은 온라인 여행커뮤니티(태사랑)를 연구의 설문 대상·이용 맥락으로 활용하되, 분석의 초점은 개인 이용자의 이용동기·플로우 경험·지속적 이용의도라는 심리·행동 변인에 있으며, 커뮤니티의 사회적 역할(창 또는 장)을 분석 대상으로 삼지도 않고 회원제·운영 방침·생애주기 등 구조적·환경적 조건을 비교·검토하지도 않으므로 role·env 모두 해당하지 않는다.",True,1/1,run1:없음
ART002631239,"유학생 라이프스타일이 관광지선택속성과 행동의도, 만족도에 미치는 영향",정총화(전주대학교 관광외식서비스연구소),2020,Tourism Research,kor,ERR,,,run1:없음,"has_community=False role_relevant=False env_relevant=False | 이 논문은 유학생의 라이프스타일이 관광지 선택·행동의도·만족도에 미치는 영향을 분석하는 관광·소비 연구이며, 온라인 커뮤니티는 결론부의 홍보 채널 제안 정도로만 언급될 뿐 분석 대상이 되지 않는다.","이 논문은 유학생의 라이프스타일이 관광지 선택·행동의도·만족도에 미치는 영향을 분석하는 관광·소비 연구이며, 온라인 커뮤니티는 결론부의 홍보 채널 제안 정도로만 언급될 뿐 분석 대상이 되지 않는다.",True,1/1,run1:없음
ART002883873,관광지 만족도를 평가하는 관광지 선택속성에 관한 연구: 텍스트 마이닝과 퍼지셋 질적비교분석의 활용,박지원(세종대학교),2022,관광학연구,kor,ERR,,,run1:없음,"has_community=True role_relevant=False env_relevant=False | 본 연구는 온라인 커뮤니티(트리플래도어)를 관광지 만족도 분석의 리뷰 텍스트 데이터 수집 통로로만 활용하며, 커뮤니티의 사회적 역할(창/장)이나 구조적·환경적 조건(회원제, 익명성, 운영 방침 등)을 분석 대상으로 삼지 않으므로 role·env 모두 해당하지 않는다.","본 연구는 온라인 커뮤니티(트리플래도어)를 관광지 만족도 분석의 리뷰 텍스트 데이터 수집 통로로만 활용하며, 커뮤니티의 사회적 역할(창/장)이나 구조적·환경적 조건(회원제, 익명성, 운영 방침 등)을 분석 대상으로 삼지 않으므로 role·env 모두 해당하지 않는다.",True,1/1,run1:없음
ART002194032,"한류 콘텐츠 관여수준에 따른 온라인 커뮤니티 참여, 브랜드 사랑, 방문 의도 간 구조적 관계 - 태권도 커뮤니티를 사례로 -",최진성(한양대학교),2017,관광학연구,kor,ERR,,,run1:없음,"has_community=True role_relevant=False env_relevant=False | 온라인 태권도 커뮤니티는 설문 대상자를 모집하는 통로로서만 활용되며, 커뮤니티 자체의 사회적 역할(창/장)이나 구조적·환경적 조건(회원제, 익명성, 운영 방침 등)에 따른 차이·비교·변화는 분석되지 않는다.","온라인 태권도 커뮤니티는 설문 대상자를 모집하는 통로로서만 활용되며, 커뮤니티 자체의 사회적 역할(창/장)이나 구조적·환경적 조건(회원제, 익명성, 운영 방침 등)에 따른 차이·비교·변화는 분석되지 않는다.",True,1/1,run1:없음
ART001487946,외식기업의 온라인 커뮤니티 특성과 전환행동 성과 연구,김기영(경기대학교),2010,관광연구저널,kor,OK,ROLE_WINDOW_MISC,,run1:없음,"has_community=True role_relevant=True env_relevant=False | 이 논문은 음식 서비스 산업 온라인 커뮤니티의 특성(사회적·경제적 니즈)이 고객 집중도와 전환 행동에 미치는 영향을 분석하며, 커뮤니티를 고객 집중과 전환이 발생하는 '장'으로 조명하나, 회원제·익명성·운영·제재 등 구조적·환경적 조건을 비교하거나 그 차이에 따른 변화를 분석하지는 않는다.","[ROLE] 본 연구는 외식산업 온라인 커뮤니티의 사회적·경제적 특성이 고객 집중도(concentration)와 전환 행동(switching behavior)에 미치는 영향을 분석하는 것으로, 커뮤니티 자체의 공론장·관계적 자원 기능보다는 외식산업 고객의 충성도·전환이라는 외부 상권 현상을 보여주는 채널로 커뮤니티를 활용하므로 WINDOW_MISC에 부여한다.",True,0/1,run1:ROLE_WINDOW_MISC
ART002269867,온라인 여행 커뮤니티의 유용성과 의사사회적 상호작용이 이용자의 관광만족과 재방문의도에 미치는 영향: 커뮤니티 참여도의 조절효과를 중심으로,최수영(부산대학교),2017,관광연구,kor,OK,ROLE_FIELD_SOCIALCAPITAL,,run1:없음,"has_community=True role_relevant=True env_relevant=False | 이 논문은 온라인 여행 커뮤니티가 정보 획득원천이자 연대·친분을 형성하는 가상공간으로서의 역할(기능적 유용성, 의사사회적 관계)을 분석 대상으로 삼아 커뮤니티 자체의 사회적 기능을 '장'으로 조명하나, 커뮤니티 참여도는 사용자 행동 변수일 뿐 회원제·운영 방침·익명성 등 구조적·환경적 조건에 따른 차이·비교를 다루지 않으므로 env_relevant는 false이다.","[ROLE] 온라인 여행 커뮤니티가 이용자 간 의사사회적 관계·연대감 형성을 통해 관광만족에 미치는 영향을 분석하므로 커뮤니티 공간 내 이용자 간 관계적 자원(장) 측면이 일부 포착되나, 주된 초점은 정보 획득·기능적 유용성 등 커뮤니티의 서비스적 기능에 있으므로 SOCIALCAPITAL은 경계 확률(0.55)에 그치고, 관광만족이라는 외부 현상을 창으로 본 MISC 가능성도 배제하지 못한다.",True,0/1,run1:ROLE_FIELD_SOCIALCAPITAL
ART002703643,숙박예약 플랫폼 서비스특징과 고객충성도 간의 구조적 관계에 관한 연구: 중저가호텔 예약을 중심으로,박태수(몽골국제대학교),2020,관광연구,kor,ERR,,,run1:없음,"has_community=True role_relevant=False env_relevant=False | 이 논문은 숙박예약 플랫폼(OTA)의 편재접속성·상황인식성·상호작용성이라는 기능적 속성과 플랫폼·호텔브랜드 신뢰, 고객충성도 간 구조적 관계를 분석하는 경영·소비자행동 연구로, 공통 관심사를 가진 사용자 간 지속적 상호작용과 관계 형성을 전제로 한 온라인 커뮤니티를 분석 대상으로 삼지 않으므로 커뮤니티 존재 여부가 부정되며, 역할·환경 조명 여부도 모두 부정된다.","이 논문은 숙박예약 플랫폼(OTA)의 편재접속성·상황인식성·상호작용성이라는 기능적 속성과 플랫폼·호텔브랜드 신뢰, 고객충성도 간 구조적 관계를 분석하는 경영·소비자행동 연구로, 공통 관심사를 가진 사용자 간 지속적 상호작용과 관계 형성을 전제로 한 온라인 커뮤니티를 분석 대상으로 삼지 않으므로 커뮤니티 존재 여부가 부정되며, 역할·환경 조명 여부도 모두 부정된다.",True,1/1,run1:없음
ART001704330,온라인 여행커뮤니티 특성이 커뮤니티의존도와 구매의도에 미치는 영향 연구,오석규(인천재능대학교),2012,관광경영연구,kor,ERR,,,run1:없음,"has_community=True role_relevant=False env_relevant=False | 이 논문은 온라인 커뮤니티의 상호작용·신뢰성·콘텐츠·관심이라는 특성이 커뮤니티 의존성과 구매 의도에 미치는 영향을 분석하는 소비자 행동 연구로, 커뮤니티를 공론장·사회적 역할의 '창'이나 '장'으로 조명하지도, 회원제·제재·익명성·생애주기 등 구조적·환경적 조건을 비교·분석하지도 않으며, 단지 구매 의도에 영향을 주는 신뢰·정보 소스로서의 변수로만 활용한다.","이 논문은 온라인 커뮤니티의 상호작용·신뢰성·콘텐츠·관심이라는 특성이 커뮤니티 의존성과 구매 의도에 미치는 영향을 분석하는 소비자 행동 연구로, 커뮤니티를 공론장·사회적 역할의 '창'이나 '장'으로 조명하지도, 회원제·제재·익명성·생애주기 등 구조적·환경적 조건을 비교·분석하지도 않으며, 단지 구매 의도에 영향을 주는 신뢰·정보 소스로서의 변수로만 활용한다.",True,1/1,run1:없음
ART002348857,"온라인 여행 커뮤니티의 신뢰, 구성원의 준사회적 상호작용, 조언수용 및 여행만족간의 관계",김희진(부산대학교),2018,관광경영연구,kor,OK,ROLE_FIELD_SOCIALCAPITAL,,run1:없음,"has_community=True role_relevant=True env_relevant=False | 이 논문은 온라인 여행 커뮤니티 내 신뢰·준사회적 상호작용·권고 수용 의도·여행 만족도 간 구조적 관계를 실증 분석함으로써, 커뮤니티가 정보 공유와 관계 형성이 이루어지는 '장'으로 기능하는 방식을 조명하나, 회원제·익명성·운영 방침 등 구조적·환경적 조건을 비교·분석하지는 않는다.","[ROLE] 온라인 여행 커뮤니티 내의 신뢰와 준사회적 상호작용이 조언 추종 의도 및 여행 만족도에 미치는 영향을 검증하는 연구로, 커뮤니티 공간 안에서 형성되는 관계적 자원(신뢰·감정적 유대)의 존재와 효과를 분석 대상에 두어 FIELD 계열의 SOCIALCAPITAL에 해당한다.",True,0/1,run1:ROLE_FIELD_SOCIALCAPITAL
ART001908190,패밀리레스토랑의 업체별 브랜드 개성과 원천의 관계 연구 - 아웃백 빕스를 중심으로 -,김유진(경희대학교),2014,외식경영연구,kor,ERR,,,run1:없음,"has_community=False role_relevant=False env_relevant=False | 이 논문은 패밀리 레스토랑 브랜드 개성과 그 원천의 영향관계를 실증 분석하는 마케팅 연구로서, '온라인 커뮤니티'는 브랜드 개성 원천 중 하나로 순위 목록에 언급될 뿐 커뮤니티 자체를 분석 대상으로 삼지 않으므로 커뮤니티 존재 여부를 충족하지 않는다.","이 논문은 패밀리 레스토랑 브랜드 개성과 그 원천의 영향관계를 실증 분석하는 마케팅 연구로서, '온라인 커뮤니티'는 브랜드 개성 원천 중 하나로 순위 목록에 언급될 뿐 커뮤니티 자체를 분석 대상으로 삼지 않으므로 커뮤니티 존재 여부를 충족하지 않는다.",True,1/1,run1:없음
ART001371596,"여행상품에 대한 온라인 여행동호회원의 지각된 가치, 만족, 몰입에 관한 연구",김성혁(세종대학교),2009,관광레저연구,kor,ERR,,,run1:없음,"has_community=True role_relevant=True env_relevant=False | 이 논문은 온라인 여행 커뮤니티의 여행 상품(품질·가격·위원회 신뢰)이 지각 가치, 커뮤니티 만족, 충성도에 미치는 영향을 설문으로 분석하여, 커뮤니티 공간이 회원 간 만족과 충성을 형성하는 '장'으로서의 사회적 역할을 분석 대상으로 삼지만, 회원제·운영 방침·생애주기·익명성 등 구조적·환경적 조건을 비교·변화하는 관점에서는 다루지 않는다.","[ROLE] 본 연구는 온라인 여행 커뮤니티가 제공하는 여행 상품(품질·가격·커뮤니티 신뢰)이 인식 가치→만족도→몰입도에 미치는 영향을 검증하는 소비자 만족 모델로, 커뮤니티 공간 자체를 분석 대상으로 삼되 공론장 검증이나 이용자 간 관계적 자원(사회자본) 형성을 직접 다루지 않으므로 6개 코드 모두 미부여에 가깝다.",True,1/1,run1:없음
ART002088809,온라인 커뮤니티 특성이 여가관여 및 온라인 커뮤니티 만족에 미치는 영향: 생활육아커뮤니티 ‘송파맘카페’를 중심으로,배소영(경희대학교),2016,관광레저연구,kor,ERR,,,run1:없음,"has_community=True role_relevant=True env_relevant=False | 이 논문은 '송파맘'이라는 어머니 대상 온라인 커뮤니티의 구조적 특징(관심, 신뢰, 콘텐츠)이 여가 참여와 커뮤니티 만족도에 미치는 영향을 분석하며, 커뮤니티를 여가 활동의 '장'으로 조명하나, 회원제·운영 방침·익명성 등 환경적 조건 자체의 차이를 비교·변화시키는 것은 아니므로 env_relevant는 false이다.","[ROLE] 본 연구는 어머니 온라인 커뮤니티 '송파맘'이라는 공간 자체의 특징(관심, 신뢰, 콘텐츠)이 이용자들의 여가 참여와 만족도에 미치는 영향을 분석하는 것으로, 커뮤니티 공간 안에서의 개인적 여가·만족 경험에 초점을 두며 공론장 기능이나 이용자 간 관계적 자원 형성을 중심 분석 대상으로 삼지 않아 6개 코드 모두 미부여.",True,1/1,run1:없음
ART002477059,"워킹맘의 온라인 여가로서의 온라인 커뮤니티 이용과 사회적 지지, 일-가족 전이, 그리고 삶의 질 간의 구조적 영향관계 연구",배소영(경희대학교),2019,호텔경영학연구,kor,OK,ROLE_FIELD_SOCIALCAPITAL,,run1:없음,"has_community=True role_relevant=True env_relevant=False | 이 논문은 워킹맘이 생활육아 온라인 커뮤니티를 사회적 여가와 사회적 지지를 얻는 '장'으로서 기능하는지, 그리고 그 이용이 일-가족 전이와 삶의 질에 미치는 구조적 영향관계를 규명하는 데 초점을 두어 커뮤니티의 사회적 역할(ROLE)을 조명하나, 회원제·운영방침·익명성 등 커뮤니티의 구조적·환경적 조건을 비교·분석하지는 않는다.","[ROLE] 본 논문은 워킹맘이 생활육아 온라인 커뮤니티를 통해 사회적 지지를 얻고 일-가족 전이 및 삶의 질이 향상되는 구조적 경로를 규명함으로써, 커뮤니티 공간 안에서 이용자 간 관계적 자원(사회적 지지·감정적 지지)이 형성되고 그 효과가 실현되는 장으로서의 역할을 분석한다.",True,0/1,run1:ROLE_FIELD_SOCIALCAPITAL
ART002200186,여행 중 온라인 여행 커뮤니티에서의 지식공유: 온라인 커뮤니티 참여와 공유지식 품질이 관광만족에 미치는 영향,최수형(부산대학교),2017,호텔경영학연구,kor,ERR,,,run1:없음,"has_community=True role_relevant=True env_relevant=False | 이 논문은 온라인 여행 커뮤니티를 지식 공유와 교류가 이루어지는 '장'으로 삼아, 커뮤니티 내 공유 지식의 품질과 참여도가 이용자 태도 및 관광 만족도에 미치는 영향을 분석하지만, 커뮤니티의 구조적·환경적 조건(회원제, 운영 방식, 익명성 등)에 따른 차이·비교를 다루지 않는다.","[ROLE] 이 논문은 온라인 여행 커뮤니티를 정보 교환·지식 공유 공간으로서 그 유용성과 만족도를 실증적으로 검정하는 데 초점을 두며, 이용자 간 참여·공유가 언급되지만 그 관계적 효과 자체보다 커뮤니티의 서비스적 유용성과 관광만족 예측에 주력하여 6개 ROLE 코드 어느 하나도 0.5를 넘지 않는다.",True,1/1,run1:없음
ART001141215,온라인 공동체 구성원이 지각하는 기능이 공동체와 오프라인 모임에 대한 태도에 미치는 영향,황영현(동아대학교),2005,관광레저연구,eng,OK,ROLE_FIELD_SOCIALCAPITAL,,run1:없음,"has_community=True role_relevant=True env_relevant=False | 이 논문은 온라인 커뮤니티의 정보·소통·관계·환상·즐거움 5가지 기능이 구성원의 커뮤니티 태도와 오프라인 모임 태도에 미치는 영향을 분석함으로써, 커뮤니티라는 공간 자체가 수행하는 사회적 기능과 역할(ROLE_FIELD)을 분석 대상으로 삼고 있으나, 회원제·익명성·운영 방침 등 구조적·환경적 조건에 따른 차이나 비교를 다루지 않으므로 env_relevant는 false이다.","[ROLE] 본 연구는 온라인 커뮤니티 자체의 5개 하위 기능(정보·소통·관계·환상·즐거움)이 회원의 커뮤니티 태도와 오프라인 모임 태도에 미치는 영향을 사회·심리적 욕구 충족의 매개로 분석하며, 특히 '관계' 기능과 '사회적 욕구' 충족이 이용자 간 연결의 효과로 해석될 수 있어 FIELD 계열 중 SOCIALCAPITAL이 부분적으로 부여되나, 공론장·양극화·젠더·혐오 등 WINDOW 계열 코드에는 해당하지 않는다.",True,0/1,run1:ROLE_FIELD_SOCIALCAPITAL
ART001528195,고령 문화․관광 포털에 관한 탐색적 연구,최기탁(숙명여자대학교),2011,관광연구,kor,ERR,,,run1:없음,"has_community=True role_relevant=False env_relevant=False | 이 논문은 고령자를 위한 문화·관광 인터넷 포털 구축의 기본 요소를 분석하는 것이 목적이며, '온라인 커뮤니티'는 고령자가 향후 참여할 수 있는 활동의 하나로 일회성 언급에 그쳐, 특정 커뮤니티를 분석 대상으로 삼거나 그 구조·역할을 조명하지 않는다.","이 논문은 고령자를 위한 문화·관광 인터넷 포털 구축의 기본 요소를 분석하는 것이 목적이며, '온라인 커뮤니티'는 고령자가 향후 참여할 수 있는 활동의 하나로 일회성 언급에 그쳐, 특정 커뮤니티를 분석 대상으로 삼거나 그 구조·역할을 조명하지 않는다.",True,1/1,run1:없음
ART002798415,실버세대의 건강식 메뉴추구성향이 지각된 가치와 외식 소비행동에 미치는 영향 : 심리적 안녕감을 조절효과로,황희영(강원관광대학교),2021,외식경영연구,kor,ERR,,,run1:없음,"has_community=False role_relevant=False env_relevant=False | 이 논문은 실버세대의 건강식 메뉴 추구성향과 외식 소비행동의 관계를 다루며, 온라인 커뮤니티는 결론부에 '외식 산업체가 신경 써야 할 부분'으로 일회성 언급될 뿐 분석 대상이 아니므로 커뮤니티가 존재하지 않는다.","이 논문은 실버세대의 건강식 메뉴 추구성향과 외식 소비행동의 관계를 다루며, 온라인 커뮤니티는 결론부에 '외식 산업체가 신경 써야 할 부분'으로 일회성 언급될 뿐 분석 대상이 아니므로 커뮤니티가 존재하지 않는다.",True,1/1,run1:없음
ART002297291,온라인 여행 커뮤니티의 신뢰 구성요인이 지식의 질 및 지식 제공 의도에 미치는 영향,이유안(부산대학교),2017,관광경영연구,kor,OK,ROLE_FIELD_SOCIALCAPITAL,,run1:없음,"has_community=True role_relevant=True env_relevant=False | 이 논문은 온라인 여행 커뮤니티를 신뢰와 지식 나눔이 발생하는 '장'(ROLE_FIELD)으로 설정하여 지식 기여 의도에 미치는 영향을 분석하지만, 회원제·익명성·운영 방침 등 커뮤니티의 구조적·환경적 조건에 따른 차이나 비교를 다루지 않으므로 env_relevant는 false이다.","[ROLE] 온라인 여행 커뮤니티 내에서 이용자 간 신뢰(정직·선의·전문성)가 지식 품질과 지식 기여 의도에 미치는 영향을 실증적으로 검증함으로써, 커뮤니티 공간 안에서 형성되는 관계적 자원(신뢰)과 그 효과를 분석하는 SOCIALCAPITAL에 해당한다.",True,0/1,run1:ROLE_FIELD_SOCIALCAPITAL
ART002945067,부산광역시 관광산업 탄소배출량 산정에 관한 연구: 지역 관광위성계정을 활용한 하향식 방법론을 중심으로,홍순기(한양대학교),2023,관광학연구,kor,ERR,,,run1:없음,"has_community=True role_relevant=False env_relevant=False | 이 논문은 부산시 관광산업의 탄소배출량 산정과 탄소중립 정책 수립을 다루며, 온라인 커뮤니티를 분석 대상이나 연구 재료로 삼지 않으므로 커뮤니티 존재 여부가 성립하지 않는다.","이 논문은 부산시 관광산업의 탄소배출량 산정과 탄소중립 정책 수립을 다루며, 온라인 커뮤니티를 분석 대상이나 연구 재료로 삼지 않으므로 커뮤니티 존재 여부가 성립하지 않는다.",True,1/1,run1:없음
ART002701101,여성 고객들의 커피 온라인 커뮤니티 특성이 관계지속의도에 미치는 영향: 고객만족의 매개효과 중심으로,김계영(백석문화대학교),2021,Tourism Research,kor,ERR,,,run1:없음,"has_community=True role_relevant=True env_relevant=False | 이 논문은 커피 원두 구매를 목적으로 한 여성 고객의 온라인 커뮤니티를 분석 대상으로 삼아, 커뮤니티의 정보제공·사용편리·상호작용 특성이 고객만족과 관계지속의도에 미치는 영향을 실증적으로 규명함으로써 커뮤니티를 정보 공유와 관계 형성의 '장'으로 조명하나, 회원제·익명성·운영 방침·생애주기 등 구조적·환경적 조건에 따른 차이나 비교를 다루지 않는다.","[ROLE] 본 연구는 커피 원두 구매를 위한 온라인 커뮤니티 공간 자체의 특성(정보제공·사용편리·상호작용)이 고객만족과 관계지속의도에 미치는 영향을 실증적으로 분석하나, 그 관계의 당사자가 주로 이용자 간이라기보다 고객-기업 간 상업적 유대에 초점이 있어 FIELD_SOCIALCAPITAL의 '이용자 간 연결' 기준을 충족하지 못하며, 공론장·양극화·젠더·혐오 등 WINDOW·FIELD 계열 어느 코드도 0.5에 미치지 못한다.",True,1/1,run1:없음
ART002741978,항공사 객실승무원의 직장인 온라인 커뮤니티 참여혜택이 감정적 애착 및 후속행동에 미치는 효과 분석,고주희(부산대학교),2021,호텔경영학연구,kor,OK,ROLE_FIELD_SOCIALCAPITAL,,run1:없음,"has_community=True role_relevant=True env_relevant=False | 이 논문은 항공사 객실승무원의 직장인 온라인 커뮤니티 참여가 감정적 애착과 호혜적 행동에 미치는 영향을 분석하여, 커뮤니티 공간 자체의 사회적 역할(장)을 조명하나, 회원제·익명성·운영 방식 등 구조적·환경적 조건에 따른 차이나 비교를 다루지 않는다.","[ROLE] 이 논문은 직장인 온라인 커뮤니티 공간 안에서 이용자 간 사회적 혜택·감정적 애착·호혜적 행동 등 관계적 자원의 형성 효과를 분석하는 것이므로 FIELD 계열의 SOCIALCAPITAL에 부여되며, 공론장 기능이나 외부 사회현상 포착은 해당하지 않는다.",True,0/1,run1:ROLE_FIELD_SOCIALCAPITAL
ART002617025,The Effect of Online Travel Community Members’ Well-being Perception Via Their Benefits on Word of Mouth,Karimova Meerim(부산대학교),2020,동북아관광연구,kor,ERR,,,run1:없음,"has_community=True role_relevant=True env_relevant=False | 이 논문은 온라인 여행 커뮤니티 내 회원들의 참여 혜택(정보 품질, 오락, 사회적 관계 형성)이 안녕감지 및 구전행동에 미치는 영향을 분석하므로, 커뮤니티가 정보를 공유하고 관계를 형성하는 '장'으로서의 기능을 조명하나, 회원제·익명성·운영 방침 등의 구조적·환경적 조건을 비교하거나 그 차이를 다루지 않으므로 환경 조명은 해당하지 않는다.","[ROLE] 본 연구는 온라인 여행 커뮤니티 내 참여 혜택(정보 품질·오락·사회관계 구축)이 개인의 웰빙 인식과 구전 의도에 미치는 영향을 분석하는 것으로, 커뮤니티 공간 안의 상호작용을 다루되 공론장 검증이나 관계적 자원(사회자본)의 심층 분석이 아니라 개인 수준의 혜택-웰빙-구전 인과 경로에 초점을 두어 6개 코드 중 어느 하나도 0.5를 넘기지 못한다.",True,1/1,run1:없음
ART002257779,온라인 블로그 커뮤니티 특성이 관계몰입 및 행동의도에 미치는 영향: 외식업체정보 이용자를 대상으로,하동희(세종대학교),2017,외식경영연구,kor,OK,ROLE_WINDOW_MISC,,run1:없음,"has_community=True role_relevant=True env_relevant=False | 이 논문은 외식소비자의 관계몰입과 행동의도에 미치는 온라인 블로그 커뮤니티의 영향을 분석하여, 커뮤니티를 소비자가 정보를 공유하며 몰입하는 '장'으로 조명하지만, 분석 대상이 정보의 신뢰성·제공성·생생함 등 콘텐츠 특성에 한정되어 회원제·운영·제재·익명성·생애주기 등 커뮤니티의 구조적·환경적 조건을 다루지 않는다.","[ROLE] 이 논문은 외식소비자의 행동의도와 외식업체 온라인 마케팅 효과를 분석하기 위해 블로그 커뮤니티를 매개 채널로 활용하는 마케팅 연구이므로, 커뮤니티 공간 자체의 사회적 역할이 아닌 외부 현상(소비자 행동·마케팅)을 보여주는 창(ROLE_WINDOW_MISC)으로 분류된다.",True,0/1,run1:ROLE_WINDOW_MISC
ART001782808,와인 관여도에 따른 와인 레이블 정보 속성의 중요도에 관한 연구 - 온라인 와인 동호회를 중심으로 -,최경성(세종대학교),2013,외식경영연구,kor,ERR,,,run1:없음,"has_community=True role_relevant=False env_relevant=False | 온라인 와인 동호회는 설문 배포·회수 통로로만 활용되었고, 커뮤니티의 창/장으로서의 역할이나 구조적·환경적 조건이 분석 대상이 되지 않으므로 role·env 모두 해당하지 않는다.","온라인 와인 동호회는 설문 배포·회수 통로로만 활용되었고, 커뮤니티의 창/장으로서의 역할이나 구조적·환경적 조건이 분석 대상이 되지 않으므로 role·env 모두 해당하지 않는다.",True,1/1,run1:없음
ART002427656,자원봉사관광의 진정성에 관한 귀납적 연구,김예지(세종대학교),2019,관광학연구,kor,ERR,,,run1:없음,"has_community=True role_relevant=False env_relevant=False | 이 논문은 자원봉사관광의 진정성을 분석 대상으로 삼고, 온라인 커뮤니티는 단지 관광객 경험 데이터의 수집 채널로만 활용되며, 커뮤니티 자체의 사회적 역할이나 구조적·환경적 조건에 대한 분석은 전무하다.","이 논문은 자원봉사관광의 진정성을 분석 대상으로 삼고, 온라인 커뮤니티는 단지 관광객 경험 데이터의 수집 채널로만 활용되며, 커뮤니티 자체의 사회적 역할이나 구조적·환경적 조건에 대한 분석은 전무하다.",True,1/1,run1:없음
ART002668660,온라인 커뮤니티 가치가 여행자 태도에 미치는 효과 분석,장진주(부산대학교),2020,Tourism Research,kor,OK,ROLE_FIELD_SOCIALCAPITAL,,run1:없음,"has_community=True role_relevant=True env_relevant=False | 이 논문은 여행자를 연결하는 온라인 여행 커뮤니티를 정보적·사회적 가치 제공과 만족·홍보 유발이라는 사회적 역할을 수행하는 '장'으로 조명하나, 회원제·익명성·운영 방침 등 구조적·환경적 조건에 따른 차이나 비교를 분석하지 않으므로 env_relevant는 false이다.","[ROLE] 본 연구는 여행 커뮤니티라는 공간 자체의 정보적·사회적 가치가 이용자 태도와 만족에 미치는 영향을 실증적으로 검증하는 것으로, 특히 '커뮤니티 이용자들 간의 사회적 가치 확장'을 다루어 이용자 간 관계적 자원(사회자본) 형성과 그 효과를 분석 대상으로 삼고 있으므로 FIELD 계열 중 SOCIALCAPITAL에 부여한다.",True,0/1,run1:ROLE_FIELD_SOCIALCAPITAL
ART002632050,여행자의 온라인 커뮤니티 이용 동기가 만족도 및 조언수용에 미치는 영향: 여행횟수의 조절효과와 함께,유예경(부산대학교),2020,관광연구,kor,ERR,,,run1:없음,"has_community=True role_relevant=True env_relevant=False | 이 논문은 여행자가 온라인 커뮤니티를 정보탐색·엔터테인먼트·관계구축의 공간으로 활용하는 기능적 역할을 분석하여 여행만족도와 조언수용에 미치는 영향을 검정하므로, 커뮤니티의 사회적 역할(장)을 조명하나, 회원제·익명성·운영방침 등 구조적 환경 조건을 변수로 삼아 차이를 비교·분석하지는 않으므로 env_relevant는 false이다.","[ROLE] 본 연구는 온라인 커뮤니티 이용 동기(정보탐색·엔터테인먼트·관계구축)가 여행 만족도와 조언 수용에 미치는 효과를 구조방정식으로 검증하는 소비자 만족 연구로, '관계구축'이 이용자 간 연결에 간접적으로 닿지만 사회적 자본의 형성·효과를 개념적으로 분석하지 않고 단순 설문 변수로 다루며, 공론장·양극화·젠더·혐오 등 6개 코드 어느 하나에도 부합하는 근거가 없어 모두 미부여.",True,1/1,run1:없음
ART002766129,The effect of participation benefits on online travel community members' behavioral change: the moderating effect of extraversion,정창윤(부산대학교),2021,호텔관광연구,kor,OK,ROLE_FIELD_SOCIALCAPITAL,,run1:없음,"has_community=True role_relevant=True env_relevant=False | 이 논문은 여행 온라인 커뮤니티라는 공간 자체가 참여이익을 인지하고 태도를 형성하며 지식공유와 오프라인 관계 형성을 촉진하는 사회적 '장'으로서의 역할을 분석 대상으로 삼고 있으나, 회원제·운영방침·익명성 등 커뮤니티의 구조적·환경적 조건을 고려하지는 않는다.","[ROLE] 온라인 여행 커뮤니티 내 참여 혜택→태도→지식 공유 및 오프라인 관계 형성 willingness라는 이용자 간 관계적 자원(참여·공유·관계)의 형성·효과를 실증적으로 검증하므로, FIELD 계열 중 SOCIALCAPITAL에 부여하고 WINDOW 계열은 배제한다.",True,0/1,run1:ROLE_FIELD_SOCIALCAPITAL
ART002957593,가상현실 기반의 한식 교육콘텐츠 개발을 위한 메뉴 연구,김성아(우송대학교 외식조리학부),2023,외식경영연구,kor,ERR,,,run1:없음,"has_community=True role_relevant=False env_relevant=False | 이 논문은 VR기반 한식교육 콘텐츠 개발을 목적으로 내외국인 설문조사를 수행한 것이며, '온라인 커뮤니티'는 한식교육 경험 장소라는 설문 항목 중 하나로 단순히 언급된 채널에 불과하여, 커뮤니티 자체를 분석 대상이나 연구 재료로 활용하지 않는다.","이 논문은 VR기반 한식교육 콘텐츠 개발을 목적으로 내외국인 설문조사를 수행한 것이며, '온라인 커뮤니티'는 한식교육 경험 장소라는 설문 항목 중 하나로 단순히 언급된 채널에 불과하여, 커뮤니티 자체를 분석 대상이나 연구 재료로 활용하지 않는다.",True,1/1,run1:없음
ART003350225,대만 외래 관광객 선택 속성 및 감정 반응 연구: 대만 온라인 커뮤니티 리뷰 정보를 중심으로,조동석(경성대학교 호텔관광외식경영학부),2026,산업혁신연구,kor,ERR,,,run1:없음,"has_community=False role_relevant=False env_relevant=False | 이 논문은 대만 PTT 온라인 커뮤니티를 관광 데이터 수집의 통로로만 활용하며, 커뮤니티 자체의 역할·구조·운영 방식을 분석 대상 삼지 않으므로 커뮤니티 분석 대상이 아니다.","이 논문은 대만 PTT 온라인 커뮤니티를 관광 데이터 수집의 통로로만 활용하며, 커뮤니티 자체의 역할·구조·운영 방식을 분석 대상 삼지 않으므로 커뮤니티 분석 대상이 아니다.",True,1/1,run1:없음
ART003084844,온라인 여행 커뮤니티 이용자의 커뮤니티 만족 향상을 위한 준사회적 관계 탐색: 정보 품질의 조절효과,김연미(부산대학교 관광컨벤션학과),2024,관광진흥연구,kor,OK,ROLE_FIELD_SOCIALCAPITAL,,run1:없음,"has_community=True role_relevant=True env_relevant=False | 이 논문은 온라인 여행 커뮤니티를 준사회적 관계가 형성되고 커뮤니티 만족·홍보 활동이 일어나는 '장'으로 분석 대상에 두어(ROLE_FIELD), 그러나 회원제·익명성·운영제재·생애주기 등 환경적 조건에 따른 차이·비교를 다루지 않고 준사회적 관계 요인과 정보 품질의 조절 효과만을 구조방정식으로 검정하므로 env_relevant는 false이다.","[ROLE] 본 연구는 온라인 여행 커뮤니티라는 공간 안에서 이용자 간 준사회적 관계(가까움·유사성·매력성)의 형성 과정과 그것이 커뮤니티 만족·프로모션으로 이어지는 구조를 실증적으로 검정하므로, 커뮤니티 공간 내 이용자 간 관계적 자원의 존재·효과를 다리는 장(ROLE_FIELD_SOCIALCAPITAL)으로 분류된다.",True,0/1,run1:ROLE_FIELD_SOCIALCAPITAL
ART001809488,"관광산업에서 온라인커뮤니티특성, 신뢰, 충성도, 구매의도 간의 관계 분석",강대경(광주대학교),2013,호텔관광연구,kor,OK,ROLE_FIELD_SOCIALCAPITAL,,run1:없음,"has_community=True role_relevant=True env_relevant=False | 이 논문은 온라인 커뮤니티 내 특성(community characteristics)이 신뢰·충성도·구매의도에 미치는 영향을 분석하여 커뮤니티를 소비자 관계가 형성되는 '장'으로 조명하나, 회원제·제재·익명성 등 구체적 구조적 조건을 비교·대조하는 환경적 분석은 제시하지 않는다.","[ROLE] 이 논문은 온라인 커뮤니티의 특성(공간 자체)이 이용자 간 신뢰·충성도라는 관계적 자원의 형성과 구매 의도에 미치는 인과적 효과를 실증적으로 검증하는 것으로, 온라인 커뮤니티 공간 안에서 관계적 자원(신뢰·충성도)의 존재·강도·효과를 분석하는 장(FIELD)으로서의 사회자본 역할을 주로 조명한다.",True,0/1,run1:ROLE_FIELD_SOCIALCAPITAL
ART002693809,덜 알려진 숨은 명소(Second city)에 대한 정보탐색 연구: 베트남 퐁냐케방국립공원을 대상으로,최은영(경희대학교),2021,관광연구저널,kor,ERR,,,run1:없음,"has_community=True role_relevant=False env_relevant=False | 이 논문은 Lonely Planet Forum의 게시글을 데이터 소스로 수집하여 여행자의 정보탐색 내용을 LDA 토픽모델링으로 분석하는 데 그치며, 커뮤니티 자체를 창이나 장으로 조명하지도, 회원제·익명성·운영방침 등 환경적 조건을 고려하지도 않으므로 커뮤니티는 순수한 자료 수집 통로로만 활용된다.","이 논문은 Lonely Planet Forum의 게시글을 데이터 소스로 수집하여 여행자의 정보탐색 내용을 LDA 토픽모델링으로 분석하는 데 그치며, 커뮤니티 자체를 창이나 장으로 조명하지도, 회원제·익명성·운영방침 등 환경적 조건을 고려하지도 않으므로 커뮤니티는 순수한 자료 수집 통로로만 활용된다.",True,1/1,run1:없음
ART002818019,가족여행 정보원으로서 온라인 육아 커뮤니티 이용에 대한 탐색적 연구: 이용과 충족 이론을 중심으로,이한아름(경희대학교),2022,관광레저연구,kor,ERR,,,run1:없음,"has_community=True role_relevant=True env_relevant=False | 이 논문은 가족여행 의사결정에서 온라인 부모 커뮤니티가 정보원으로서 수행하는 사회적 역할(정보 제공, 여행 욕구 자극, 목적지 이미지 영향)을 분석 대상으로 삼아 '장'으로 조명하지만, 비상업성·스크리닝 정보·동질성 등 구조적 조건을 서술하되 이를 다른 조건과 비교하거나 그 변동에 따른 차이를 분석하지는 않는다.","[ROLE] 본 논문은 온라인 육아 커뮤니티를 가족 여행 정보원으로 그 자체의 기능(정보 공유·사용·만족)을 분석 대상으로 삼고 있으나, 공론장 검증이나 이용자 간 관계적 자원(신뢰·연대·네트워크) 형성·효과를 분석 대상에 두고 있지 않아 FIELD 계열 2개 코드 모두 미부여되며, 커뮤니티를 외부 사회현상을 보는 창으로 쓰는 WINDOW 계열 4개 코드도 해당하지 않는다.",True,1/1,run1:없음
ART002407174,메갈리아의 두 딸들: 익명성 수준에 따른 온라인 커뮤니티의 정체성 분화,송준모(연세대학교),2018,한국사회학,kor,OK,,"ENV_COMMUNITY_LIFECYCLE, ENV_ONLINE_ANNONIMITY",run1:없음,"has_community=True role_relevant=True env_relevant=True | 이 논문은 메갈리아 커뮤니티를 사회적 정체성이 형성·분화되는 공론장의 장(ROLE)으로 조명하는 동시에, 익명성 수준(완전익명/부분익명)과 커뮤니티 생애주기(형성·쇠퇴)라는 구조적·환경적 조건이 담론 내용과 정체성 갈등에 미치는 차이를 체계적으로 비교 분석하므로(ENV), 역할과 환경이 동시에 해당한다.","[ROLE] 본 연구는 메갈리아라는 온라인 커뮤니티 공간 내에서 익명성 수준에 따라 정체성이 분화되고 내부 갈등이 전개되는 과정, 나아가 구성원 이탈과 커뮤니티 쇠택이라는 관계적 동학을 분석하므로 장(FIELD) 계열에 가까우나, 핵심 분석 축이 '정체성 형성·담론 분화'에 두어 공론장 검증이나 사회자본(신뢰·연대·네트워크)의 형성·효과를 직접 다루지 않으므로 FIELD 두 코드 모두 0.5 미만이 되며, 젠더·혐오 현상은 커뮤니티 내부 구조와 상호작용의 매개로 등장할 뿐 외부 사회현상을 보여주는 창(WINDOW)으로서의 분석은 아니므로 WINDOW 계열도 미부여이다. | [ENV] 본 연구는 메갈리아 커뮤니티의 2015–2016년 생애 전 과정을 추적하며 성소수자 논쟁에 따른 대거 이탈·쇠퇴를 분석(ENV_COMMUNITY_LIFECYCLE), 동시에 완전익명과 부분익명 두 수준을 실질적으로 비교하여 담론 분화와 정체성 형성에 미치는 차이를 규명(ENV_ONLINE_ANNONIMITY)하므로 이 두 코드를 부여하되, 회원제·운영체계에 대한 분석은 없으므로 나머지 두 코드는 미부여한다.",True,0/1,"run1:ENV_COMMUNITY_LIFECYCLE,ENV_ONLINE_ANNONIMITY"
ART001166156,네트워크 시대의 인터넷 정치참여1)- 탄핵정국 디시인사이드 정치토론 게시판을 중심으로-,송경재(경희대학교),2005,담론201,kor,OK,ROLE_FIELD_PUBLICSPHERE,,run1:없음,"has_community=True role_relevant=True env_relevant=False | 이 논문은 2004년 탄핵정국 중 디시인사이드 정치토론 게시판을 사례로 삼아 인터넷 네트워크가 정치참여에 미치는 영향을 분석하며, 온라인 커뮤니티를 정치참여가 이루어지는 '장'으로서의 역할을 조명하나, 회원제·익명성·운영 방침 등 커뮤니티의 구조적·환경적 조건에 따른 차이나 변화를 다루지는 않는다.","[ROLE] 본 논문은 2004년 탄핵정국을 맥락으로 삼되, 디시인사이드 정치토론 게시판이라는 온라인 커뮤니티 공간 자체가 정치참여를 활성화·다변화하고 민주주의 학습장으로 기능하는 공론장적 역할(ROLE_FIELD_PUBLICSPHERE)을 분석 대상으로 삼고 있으므로 FIELD 계열로 분류된다.",True,0/1,run1:ROLE_FIELD_PUBLICSPHERE
ART002290790,인터넷 반다문화 담론의 우익 포퓰리즘과 배제의 정치,전의령(전북대학교),2017,경제와 사회,kor,ERR,,,run1:없음,"has_community=False role_relevant=False env_relevant=False | 이 논문은 반다문화 담론의 포퓰리즘적 성격과 신자유주의적 배제 논리를 분석 대상으로 삼고 있으며, '일베'나 '태극기'는 해당 담론이 유통되는 매개·비교 대상 정도로만 언급될 뿐, 커뮤니티 자체의 구조·운영·역할을 분석 대상으로 삼지 않는다.","이 논문은 반다문화 담론의 포퓰리즘적 성격과 신자유주의적 배제 논리를 분석 대상으로 삼고 있으며, '일베'나 '태극기'는 해당 담론이 유통되는 매개·비교 대상 정도로만 언급될 뿐, 커뮤니티 자체의 구조·운영·역할을 분석 대상으로 삼지 않는다.",True,1/1,run1:없음
ART001837782,온라인 커뮤니티의 사회적 자본과 제도 – 디시인사이드 바람의 화원/바람의 나라 갤러리를 중심으로,이헌아(서강대학교),2013,정보사회와 미디어,kor,OK,ROLE_FIELD_SOCIALCAPITAL,,run1:없음,"has_community=True role_relevant=True env_relevant=False | 이 논문은 온라인 커뮤니티를 사회적 자본이 작동하고 제도가 재생산되는 '장'으로 조명하되, 회원제·익명성·운영 방침 등 환경적 조건에 따른 차이 비교가 아닌 퍼트남의 사회적 자본 개념을 온라인 커뮤니티에 적용하는 이론적·실증적 분석에 초점을 두므로 role만 해당한다.","[ROLE] 본 논문은 온라인 커뮤니티 공간 내부에서 퍼트남의 사회적 자본 개념을 적용하여 제도 재생산의 성패를 실증적으로 검증하므로, 커뮤니티 공간 자체의 관계적 자원 형성을 분석 대상으로 하는 FIELD 계열의 ROLE_FIELD_SOCIALCAPITAL이 부여되며, 바깥 사회현상을 보여주는 WINDOW 계열은 해당하지 않는다.",True,0/1,run1:ROLE_FIELD_SOCIALCAPITAL
ART002545922,세월호 ‘노란 리본’과 일베의 ‘폭식 투쟁’: 공감과 혐오의 전형성과 그 비전형적 생활세계,강태수(중앙대학교),2019,문화와 사회,kor,ERR,,,run1:없음,"has_community=True role_relevant=False env_relevant=False | 일베 사용자를 심층면접 참여자 집단 중 하나로 포함하여 세월호에 대한 공감·혐오의 의식 구조를 비교 연구하지만, 온라인 커뮤니티 자체의 사회적 역할(창/장)이나 구조적·환경적 조건(회원제, 익명성, 운영 방침 등)을 분석 대상으로 삼지 않으며, 커뮤니티는 단순한 모집 통로에 불과하다.","일베 사용자를 심층면접 참여자 집단 중 하나로 포함하여 세월호에 대한 공감·혐오의 의식 구조를 비교 연구하지만, 온라인 커뮤니티 자체의 사회적 역할(창/장)이나 구조적·환경적 조건(회원제, 익명성, 운영 방침 등)을 분석 대상으로 삼지 않으며, 커뮤니티는 단순한 모집 통로에 불과하다.",True,1/1,run1:없음
ART002236690,극우주의의 프레임과 감정 정치: 언어네트워크방법론을 통한 일베커뮤니티 분석,석승혜(강원대학교),2017,한국사회,kor,OK,"ROLE_WINDOW_HATE, ROLE_WINDOW_POLARIZE",,run1:ROLE_WINDOW_GENDER,"has_community=True role_relevant=True env_relevant=False | 이 논문은 일베 커뮤니티의 게시물을 분석하여 극우 집단의 도덕 프레임 생산과 감정 동원 과정을 연구함으로써, 온라인 커뮤니티를 사회적 혐오와 분열이 재생산되는 '장'으로 조명하나, 익명성·회원제·운영 방침 등 구조적·환경적 조건을 변수로 삼아 비교·분석하지는 않는다.","[ROLE] 이 논문은 일베라는 극우 집단의 혐오·분노 확산, 좌우 이념 대립 프레임, 남녀 대결 구도를 온라인 커뮤니티 게시물을 통해 포착하는 창(WINDOW)으로 활용하며, 특히 타자에 대한 혐오 감정 확산을 주된 분석 대상으로 삼고 극우화·양극화·젠더 갈등을 부차적으로 포착한다.",True,0/1,"run1:ROLE_WINDOW_HATE,ROLE_WINDOW_POLARIZE"
ART002261721,인터넷 커뮤니티 활동이 윤리적 소비 참여에 미치는 영향: 온라인 사회자본과 공감 경험의 역할을 중심으로,김재우(전북대학교),2017,정보사회와 미디어,kor,OK,ROLE_FIELD_SOCIALCAPITAL,,run1:없음,"has_community=True role_relevant=True env_relevant=False | 이 논문은 20-30대 청년층의 인터넷 커뮤니티 참여가 사회자본과 공감을 매개로 윤리적 소비 의향을 촉진하는 경로를 분석하며, 커뮤니티를 시민적 참여를 촉진하는 공동체적 '장'으로서의 사회적 역할을 조명하나, 커뮤니티의 구조적·환경적 조건(회원제, 익명성, 운영 방침 등)을 비교하거나 그 차이에 따른 영향을 다루지는 않는다.","[ROLE] 본 연구는 온라인 커뮤니티 내 상호작용(자기표현·타인 글 반응)이 결속적·교량적 사회자본과 온라인 공감을 형성하고, 이것이 윤리적 소비 참여 의향으로 이어지는 경로를 경로분석으로 규명함으로써, 커뮤니티 공간 안에서 이용자 간 관계적 자원(사회자본)이 어떻게 생성·매개되는지를 분석하는 FIELD-SOCIALCAPITAL 연구이다.",True,0/1,run1:ROLE_FIELD_SOCIALCAPITAL
ART002765517,모성의 의료화: 맘카페의 모유수유 담론을 중심으로,왕혜숙(홍익대학교),2021,사회사상과 문화,kor,OK,ROLE_WINDOW_MISC,,run1:없음,"has_community=True role_relevant=True env_relevant=False | 이 논문은 맘카페라는 온라인 커뮤니티를 어머니들이 독자적인 경험과 지식을 표현·공유하는 용어를 생산하는 '장'으로서의 사회적 역할을 분석 대상으로 삼고 있으나, 회원제·익명성·운영방침 등 커뮤니티의 구조적·환경적 조건에 따른 차이나 비교는 다루지 않는다.","[ROLE] 이 논문은 맘카페를 분석 대상으로 삼되, 궁극적으로 '모성의 의료화'라는 외부 사회현상을 포착·확장하는 창(WINDOW_MISC)으로 커뮤니티를 활용하며, 커뮤니티 내부의 지식 생산·공유를 부차적으로 언급하되 이용자 간 관계적 자원 형성을 직접 다루지는 않는다.",True,0/1,run1:ROLE_WINDOW_MISC
ART001880870,온라인 커뮤니티의 상호작용 의례: 자전거 커뮤니티 사례를 중심으로,심보선(경희사이버대학교),2014,문화와 사회,kor,OK,ROLE_FIELD_SOCIALCAPITAL,,run1:없음,"has_community=True role_relevant=True env_relevant=False | 이 논문은 온라인 자전거 커뮤니티를 공통 관심사를 중심으로 유대와 정서적 에너지를 형성하는 결사(장)로서 분석하므로 role_relevant는 true이나, 회원제·익명성·운영·제재 방식 등 구조적·환경적 조건에 따른 차이·비교를 다루지 않으므로 env_relevant는 false이다.","[ROLE] 온라인 자전거 커뮤니티가 콜린스의 상호작용 의례 이론으로 분석되는 결사로서, 구성원 간 유대·정서적 에너지·협력적 위례 회복 등 관계적 자원의 형성·유지·위기 극복이 핵심 분석 대상이므로 FIELD 계열 중 SOCIALCAPITAL이 부여되고, 공론장 기능이나 외부 사회현상 포착은 논문의 초점이 아니므로 나머지 코드는 미부여한다.",True,0/1,run1:ROLE_FIELD_SOCIALCAPITAL
ART002793557,젠더 게임 해부하기: 정치적 부족주의에 입각한 반동의 정치에 대한 비판,윤지영(창원대학교),2021,문화와 사회,kor,OK,ROLE_WINDOW_GENDER,,run1:없음,"has_community=True role_relevant=True env_relevant=False | 이 논문은 2030 남성들의 정치적 결집과 젠더 게임을 분석하기 위해 온라인 커뮤니티를 그 정치적 부족주의가 가동되는 '장'으로서 조명하지만(ROLE), 커뮤니티 자체의 구조적·운영적 조건(회원제, 익명성, 제재 방식 등)을 변수로 비교·분석하지는 않는다(ENV).","[ROLE] 이 논문은 온라인 커뮤니티를 통해 2030 남성 중심의 젠더 갈등·반여성주의 백래시라는 사회적 현상을 포착하는 '창'으로 활용하며, 핵심 분석 대상이 커뮤니티 공간 자체의 공론장·사회적자본 기능 평가가 아닌 젠더 대립과 혐오 확산이라는 외부 사회현상임이므로 ROLE_WINDOW_GENDER를 부여한다.",True,0/1,run1:ROLE_WINDOW_GENDER
ART002700245,청년 불안정 노동자의 자본주의 미시세계: 물류센터와 편의점의 노동체험 서사에 대한 질적 내용분석,김우식(전국금속노동조합 노동연구원),2021,한국사회정책,kor,OK,ROLE_WINDOW_MISC,,run1:없음,"has_community=True role_relevant=True env_relevant=False | 이 논문은 청년 불안정 노동자들이 참여하는 온라인 커뮤니티에 게시된 노동체험 서사를 분석 대상으로 삼아, 이를 통해 노동통제 체제와 계급적 정체성이라는 외부 사회현상을 파악하는 '창'으로 커뮤니티를 활용하나, 커뮤니티의 구조적·환경적 조건(회원제, 익명성, 운영 방침 등)을 비교·분석하지는 않는다.","[ROLE] 본 논문은 온라인 커뮤니티에 게시된 청년 불안정 노동자의 서사를 자료로 삼되, 분석 대상은 온라인 공간이 아닌 노동현장의 통제 체제·계급의식·노동자 연대라는 외부 사회현상이므로, 커뮤니티는 그 집단을 관측하는 창(WINDOW_MISC)으로 기능한다.",True,0/1,run1:ROLE_WINDOW_MISC
ART002911793,비대면 상황에서의 온라인 커뮤니티 활동이 삶 만족도에 미치는 영향: 코로나19 이전(2017년)과 이후(2021년) 비교를 중심으로,최미연(한양대학교 광고홍보학과),2022,정보사회와 미디어,kor,OK,ROLE_FIELD_SOCIALCAPITAL,,run1:없음,"has_community=True role_relevant=True env_relevant=False | 이 논문은 한국미디어패널 데이터를 통해 온라인 커뮤니티 활동이 사회적 자본과 삶의 만족도에 미치는 영향을 비대면·대면 시기별로 비교 분석하므로, 커뮤니티를 사회적 관계 형성과 자본 축적의 '장'으로서 조명하나, 회원제·익명성·운영 방침 등 커뮤니티의 구조적·환경적 조건 자체에 따른 차이나 비교를 다루지는 않는다.","[ROLE] 본 연구는 온라인 커뮤니티 내 결속적 활동이 이용자 간 인적 네트워크·사회자본을 형성하고 삶의 만족도에 정적 영향을 미친다는 점을 실증적으로 검증하는 것이므로, 온라인 커뮤니티 공간 안에서 이용자 간 관계적 자원의 형성·효과를 다루는 장(FIELD)으로서의 사회적 자본 역할에 해당한다.",True,0/1,run1:ROLE_FIELD_SOCIALCAPITAL
ART002929752,뉴노멀 시대에 한국교회의 변화와 전망: 온라인 공동체를 중심으로,정재영(실천신학대학원대학교),2023,종교와 사회,kor,ERR,,,run1:없음,"has_community=False role_relevant=False env_relevant=False | 이 논문은 코로나 이후 한국 개신교의 예배 형식 전환과 소그룹 기반 신앙공동체 유지에 대한 신학적·목회적 성찰이지, 특정 온라인 커뮤니티 플랫폼의 구조·상호작용·사회적 역할을 분석 대상으로 삼는 연구가 아니므로 온라인 커뮤니티를 연구 대상으로 삼지 않는다.","이 논문은 코로나 이후 한국 개신교의 예배 형식 전환과 소그룹 기반 신앙공동체 유지에 대한 신학적·목회적 성찰이지, 특정 온라인 커뮤니티 플랫폼의 구조·상호작용·사회적 역할을 분석 대상으로 삼는 연구가 아니므로 온라인 커뮤니티를 연구 대상으로 삼지 않는다.",True,1/1,run1:없음
ART002996782,온라인 커뮤니티 활동이 신뢰반경에 미치는 양면적 효과,김경준((재) 인천연구원),2023,한국사회학,kor,OK,ROLE_FIELD_SOCIALCAPITAL,ENV_ONLINE_ANNONIMITY,run1:ENV_COMMUNITY_SUBSCRIPTION,"has_community=True role_relevant=True env_relevant=True | 이 논문은 온라인 커뮤니티 활동이 신뢰반경에 미치는 양면적 효과를 분석하여 커뮤니티를 신뢰 형성의 '장'으로 조명(role)하는 동시에, 회원제·비회원제 구분과 익명성 수준이 그 효과의 정도를 조절하는지 검증함으로써 커뮤니티의 구조적·환경적 조건을 핵심 변인으로 삼고 있다(env).","[ROLE] 이 논문은 온라인 커뮤니티 활동이 신뢰반경(관계적 자원)에 미치는 양면적 효과를 익명성·회원제 변수로 검증함으로써, 커뮤니티 공간 내부의 상호작용이 이용자 간·낯선 타인에 대한 신뢰라는 관계적 자원을 형성·변형하는 장(FIELD)으로서의 역할을 분석하고 있다. | [ENV] 본 논문은 회원제·비회원제 커뮤니티 간 신뢰반경 효과의 차이를 조절변수로 검증하고(ENV_COMMUNITY_SUBSCRIPTION), 익명성 수준을 매개·조절 변수로 투입하여 양면적 효과의 정도를 비교 분석하므로(ENV_ONLINE_ANNONIMITY) 두 코드를 부여하나, 운영체계(GOVERNANCE)나 커뮤니티 자체의 생애주기(LIFECYCLE)를 분석 대상으로 삼지 않아 나머지 두 코드는 미부여한다.",True,0/1,"run1:ENV_ONLINE_ANNONIMITY,ROLE_FIELD_SOCIALCAPITAL"
ART002953605,한국사회의 젠더갈등과 감정동학: 2022년 대선 여성가족부 폐지 담론을 중심으로,이혜수(강원대학교 사회통합연구센터),2023,지역사회학(Korean Regional Sociology),kor,OK,ROLE_WINDOW_GENDER,,run1:없음,"has_community=True role_relevant=True env_relevant=False | 이 논문은 20-30대 여성 온라인 커뮤니티 '더쿠'에서 젠더갈등이 감정동학으로 치닫는 과정을 빅터 터너의 사회적 드라마 모델로 분석하며, 커뮤니티를 갈등이 재생산·정체성이 재구성되는 '장'(ROLE_FIELD)이자 한국사회의 젠더갈등 지형을 보여주는 '창'(ROLE_WINDOW)으로 조명하나, 커뮤니티의 회원제·익명성·운영 방침 등 구조적·환경적 조건을 비교·분석하지는 않는다.","[ROLE] 한국사회의 젠더갈등이라는 외부 사회현상을 20-30대 여성 온라인 커뮤니티(더쿠)를 통해 관찰하는 것이 주된 연구 목적이며, 커뮤니티 내 사회적 드라마·정체성 재구성 분석도 궁극적으로 젠더갈등 감정동학의 매개로서 기능하므로 WINDOW_GENDER로 분류한다.",True,0/1,run1:ROLE_WINDOW_GENDER
ART003200203,혐오와 혐오가 만날 때: 온라인 커뮤니티에 나타난 정치 혐오 및 사회 혐오 키워드의 결합에 대한 분석,정유라(중앙대학교),2025,정보사회와 미디어,kor,OK,"ROLE_WINDOW_HATE, ROLE_WINDOW_POLARIZE",,run1:없음,"has_community=True role_relevant=True env_relevant=False | 이 논문은 11개 온라인 커뮤니티의 혐오 키워드 게시글을 수집·분석하여 정치적 양극화와 사회적 갈등이 커뮤니티 공간에서 어떻게 증폭·교차하는지 보여주므로, 온라인 커뮤니티를 혐오·양극화라는 외부 사회현상을 보여주는 창(또는 그 현상이 작동하는 장)으로 조명하나, 커뮤니티의 익명성·회원제·운영방침 등 구조적 환경 조건의 차이를 비교·분석하지는 않는다.","[ROLE] 이 논문은 11개 온라인 커뮤니티의 혐오 키워드 데이터를 수집·분석하여 정치적 양극화·젠더·세대·민족 등 여러 혐오 축이 어떻게 교차·결합하는지 밝힘으로써, 온라인 커뮤니티를 사회 전반에 퍼져 있는 혐오 표현 확산 현상(주로 정치적 양극화와 연계된 혐오)을 포착하는 창으로 활용한다.",True,0/1,"run1:ROLE_WINDOW_HATE,ROLE_WINDOW_POLARIZE"
ART003197419,미술계 온라인 커뮤니티 연구: “네오룩 아카이브(2000-2024)”의 텍스트마이닝 분석,배홍철(서울시립대학교 도시사회연구센터),2025,문화와 사회,kor,OK,"ROLE_FIELD_PUBLICSPHERE, ROLE_WINDOW_MISC",,run1:없음,"has_community=True role_relevant=True env_relevant=False | 이 논문은 미술계 온라인 커뮤니티 네오룩의 24년 아카이브를 토픽 모델링으로 분석하여 동시대 미술계 지형을 탐색하는 창이자, 다양한 주체가 교차하는 공론장과 협력망이라는 사회적 역할을 조명하므로 role_relevant이 참이나, 회원제·운영 방식·익명성·생애주기 등 구조적·환경적 조건을 비교·분석하지 않으므로 env_relevant은 거짓이다.","[ROLE] 본 연구는 네오룩 커뮤니티를 동시대 미술계의 장르·주제 지형(회화 확장, 사진 약세, 개인 서사 확대 등)을 읽는 창(WINDOW_MISC)으로 주로 활용하되, 분석 결과로 커뮤니티 자체가 다양한 주체가 교차하는 공론장·협력망의 역할을 한다는 관찰(ROLE_FIELD_PUBLICSPHERE)을 부수적으로 제시하여 WINDOW와 FIELD가 공존하는 양상을 보인다.",True,0/1,"run1:ROLE_FIELD_PUBLICSPHERE,ROLE_WINDOW_MISC"
ART002887473,한국 결혼식 문화 속에서 개인과 가족의 인상 관리와 감정 수행성 체계: 온라인 커뮤니티 사례를 중심으로,서경원(전북대학교),2022,사회사상과 문화,kor,ERR,,,run1:없음,"has_community=True role_relevant=False env_relevant=False | 이 논문은 한국 결혼식 문화에서 하객 역할 대행을 오프라인 인상 관리·감정 수행성의 관점에서 고찰하며, 온라인 커뮤니티를 분석 대상이나 연구 재료로 삼지 않으므로 커뮤니티 존재 자체가 성립하지 않는다.","이 논문은 한국 결혼식 문화에서 하객 역할 대행을 오프라인 인상 관리·감정 수행성의 관점에서 고찰하며, 온라인 커뮤니티를 분석 대상이나 연구 재료로 삼지 않으므로 커뮤니티 존재 자체가 성립하지 않는다.",True,1/1,run1:없음
ART003345453,플랫폼 식별가능성과 논란 담론의 감성: 디시인사이드 케이팝 아이돌 갤러리 분석,조성권(성균관대학교),2026,한국사회학,kor,OK,ROLE_FIELD_PUBLICSPHERE,ENV_ONLINE_ANNONIMITY,run1:없음,"has_community=True role_relevant=True env_relevant=True | 이 논문은 디시인사이드의 K-pop 갤러리를 디지털 공론장(ROLE_FIELD_PUBLICSPHERE)으로서의 사회적 역할로 조명하면서, 동시에 고정닉/유동닉이라는 익명성·식별가능성 수준(ENV_ANONYMITY)이라는 구조적 조건에 따른 감성 톤의 차이를 실증적으로 비교·분석하여 환경 요인의 영향을 함께 고찰한다.","[ROLE] 디시인사이드의 고정닉·유동닉 참여 구조가 논란 담론의 감성 톤에 미치는 효과를 분석하며 '디지털 공론장에서 담론이 사회적 차원으로 조직되는 틀'을 제시하므로, 온라인 커뮤니티 공간 내부의 참여 구조가 공론장 기능에 어떻게 관여하는지를 다루는 FIELD 계열(공론장)에 한정된다. | [ENV] 이 논문은 디시인사이드 내 고정닉(고 식별가능성)과 유동닉(저 식별가능성) 두 익명성 조건을 직접 비교하여 감성 톤 차이를 실증적으로 확인하므로 ENV_ONLINE_ANNONIMITY가 부여되며, 나머지 세 코드는 회원제·운영체계·생애주기에 대한 비교 분석이 없으므로 미부여한다.",True,0/1,"run1:ENV_ONLINE_ANNONIMITY,ROLE_FIELD_PUBLICSPHERE"
ART003283340,북한 인식과 온라인 통일 담론의 구조: ‘통일은 싫다면서 북한을 중국이나 다른 나라에 넘길 거냐?’ 발화에 대한 커뮤니티 댓글 분석,장동관(서울대학교),2025,현대북한연구,kor,OK,ROLE_WINDOW_MISC,,run1:없음,"has_community=True role_relevant=True env_relevant=True | 이 논문은 5개 온라인 커뮤니티의 댓글을 분석하여 남한의 북한·통일 인식을 읽는 '창'이자 통일담론이 조직되는 '장'으로 커뮤니티를 조명(role)하면서, 커뮤니티별 에코 챔버와 토론 규범 차이를 비교하여 구조적·환경적 조건이 담론 독성에 미치는 영향을 검토(env)한다.","[ROLE] 이 논문은 5개 온라인 커뮤니티의 댓글을 데이터원으로 삼아 남한의 북한·통일 인식이라는 외부 사회현상의 담론 구조(개발-민족-안보 프레임, 경제·정체성·주권 프레임 등)를 규명하는 것이 주된 목적이라 WINDOW_MISC가 주코드이나, 커뮤니티별 에코 챔버·토론 규범·독성 완충 경로 등 공간 내 공론적 기능에 대한 서술이 있어 FIELD_PUBLICSPHERE의 가능성도 일부(0.35) 남는다. | [ENV] 본 연구는 5개 커뮤니티의 통일 관련 댓글을 텍스트로 삼아 담론 프레임·독성·수사 전략을 분석하는 비판적 담론 분석이므로, 커뮤니티의 회원제·운영체계·생애주기·익명성 등 환경적·구조적 조건 자체를 비교·분석하는 근거가 없어 4개 코드 모두 미부여.",True,0/1,run1:ROLE_WINDOW_MISC
ART003293670,윤리적 매개자로서 셀러브리티와 팬덤의 감정 정치: 갓생 세대의 장원영 소비하기,석승혜(강원대학교 사회통합연구센터),2025,문화와 사회,kor,ERR,,,run1:없음,"has_community=True role_relevant=True env_relevant=False | 이 논문은 갓생 세대의 장원영 소비를 통해 윤리적 주체화·감정정치·신자유주의적 통치성을 분석하기 위해 더쿠·디시인사이드·네이트판 등 온라인 커뮤니티의 게시글을 담론 분석 대상으로 삼아, 팬덤의 윤리적 실천과 감정정치를 보여주는 창(ROLE_WINDOW_MISC)으로 활용하나, 커뮤니티의 구조적·환경적 조건(회원제, 익명성, 운영 방침, 생애주기 등)에 따른 차이·비교·변화를 다루지는 않는다.","[ROLE] 논문은 팬덤을 '신자유주의적 통치성이 심화되는 장'으로 명시적으로 규정하여 커뮤니티 내 감정정치·위계·규범 형성을 분석하나, 이는 공론장 검증이나 이용자 간 관계적 자원(신뢰·연대·네트워크) 분석보다는 윤리적 주체화·통치성이라는 외부 사회현상(신자유주의)을 커뮤니티 공간에서 구체화하는 데 초점이 맞춰져 있어, FIELD 두 코드와 WINDOW_MISC 모두 임계점에 도달하지 못한다.",True,1/1,run1:없음
ART003209387,게시글의 높은 추천 수는 커뮤니티 내 여론을 의미하는가?: 에펨코리아(FMkorea)의 게시글에 참여한 이용자 다양성과 추천 수의 관계,문기홍(연세대학교),2025,한국사회학,kor,OK,ROLE_FIELD_PUBLICSPHERE,ENV_COMMUNITY_GOVERNANCE,run1:없음,"has_community=True role_relevant=True env_relevant=True | 이 논문은 에펨코리아의 추천·비추천 투표 체계라는 운영 방침(ENV)이 사용자 집단의 균등한 참여와 논쟁 주도에 따라 어떻게 작동하는지를 분석하면서, 동시에 온라인 커뮤니티가 포괄적 여론을 형성하는 공론장으로서의 사회적 역할과 한계(ROLE)를 함께 조명한다.","[ROLE] 이 논문은 에펨코리아 추천·비추천 투표 체계가 커뮤니티 내 다양한 사용자 집단의 의견을 포괄적으로 대변하는지 NLP 기반 정량 분석으로 검증함으로써, 온라인 커뮤니티 공간 자체가 공론장으로서의 역할을 실제로 얼마나 수행하는지 평가하는 FIELD 계열 연구로, ROLE_FIELD_PUBLICSPHERE가 부여된다. | [ENV] 추천·비추천 투표 체계를 커뮤니티 운영 메커니즘으로 설정하고 6개 사용자 집단의 참여 패턴과 투표수 간 관계를 비교·분석하므로 ENV_COMMUNITY_GOVERNANCE가 부여되며, 나머지 세 코드는 해당 조건에 대한 비교·변화 분석이 없어 미부여된다.",True,0/1,"run1:ENV_COMMUNITY_GOVERNANCE,ROLE_FIELD_PUBLICSPHERE"
ART003344551,청년 담론의 정동 회로 분석: 상처 입은 남성성의 보편화 과정,권김현영(성공회대학교),2026,경제와 사회,kor,ERR,,,run1:없음,"has_community=False role_relevant=False env_relevant=False | 이 논문은 '청년 고통 담론'과 '청년 보수화 담론'을 젠더 관점에서 비판적으로 분석하는 정치·사상 연구이며, '잉여·일베 담론'은 20여 년간 전개된 담론 사의 한 역사적 참고점으로 언급될 뿐 온라인 커뮤니티 자체를 분석 대상으로 삼지 않는다.","이 논문은 '청년 고통 담론'과 '청년 보수화 담론'을 젠더 관점에서 비판적으로 분석하는 정치·사상 연구이며, '잉여·일베 담론'은 20여 년간 전개된 담론 사의 한 역사적 참고점으로 언급될 뿐 온라인 커뮤니티 자체를 분석 대상으로 삼지 않는다.",True,1/1,run1:없음
ART001931662,"베버의 합리화, 인터넷 공간에서 어떻게 볼 것인가?",박창호(숭실대학교),2014,사회이론,kor,ERR,,,run1:없음,"has_community=False role_relevant=False env_relevant=False | 이 논문은 베버의 합리성 개념을 '인터넷에서의 인간행위'라는 매우 추상적·일반적 활동에 이론적으로 적용하는 것이지, 공통 관심사를 가진 사용자들이 상호작용하는 특정 온라인 커뮤니티를 분석 대상으로 삼지 않으므로 커뮤니티 존재 여부를 충족하지 못한다.","이 논문은 베버의 합리성 개념을 '인터넷에서의 인간행위'라는 매우 추상적·일반적 활동에 이론적으로 적용하는 것이지, 공통 관심사를 가진 사용자들이 상호작용하는 특정 온라인 커뮤니티를 분석 대상으로 삼지 않으므로 커뮤니티 존재 여부를 충족하지 못한다.",True,1/1,run1:없음
ART003293674,펨코의 바깥을 탐색하기 위한 시론: 이준석-청년남성-온라인커뮤니티 결합의 균열을 상상하기,김선기(국립부경대학교 글로벌차이나연구소),2025,문화와 사회,kor,OK,ROLE_WINDOW_POLARIZE,,run1:없음,"has_community=True role_relevant=True env_relevant=False | 이 논문은 '펨코'라는 세 주체 결합체 내 온라인 커뮤니티를 청년 남성 보수화·극우화라는 외부 사회현상을 가시화하는 '창'으로 조명하되, 커뮤니티의 구조·운영 조건(회원제, 익명성, 제재 방식 등)에 따른 차이나 변화를 분석하지 않으므로 role만 해당하고 env는 해당하지 않는다.","[ROLE] 이 논문은 온라인 커뮤니티를 '이준석–청년남성' 삼각 결합의 한 절로 위치시켜 청년 남성의 보수화·극우화라는 정치적 양극화 현상을 비판적으로 재검토하는 개념적 문헌고찰이므로, 커뮤니티 공간 자체의 공론장 기능이나 관계적 자본을 분석하는 장(FIELD)이 아니라, 외부 정치-이념 대립 현상을 비추는 창(WINDOW_POLARIZE)으로 기능한다.",True,0/1,run1:ROLE_WINDOW_POLARIZE
ART003198934,신상 털기 의향에 대한 개인 요인과 환경 요인의 조절 효과 분석,김유진(고려대학교 사회학과),2025,한국범죄학,kor,OK,ROLE_WINDOW_MISC,,run1:없음,"has_community=True role_relevant=True env_relevant=True | 이 논문은 신상 털기 의향을 연구 대상으로 삼되, 온라인 커뮤니티를 범죄유발적 환경과 내적 처벌의 확실성이라는 구조적·환경적 조건(ENV_COMMUNITY_GOVERNANCE)이 작동하는 '장'(ROLE_FIELD_PUBLICSPHERE)으로서 분석하고 있어, 역할과 환경 조명 모두 해당한다.","[ROLE] 이 논문은 신상 털기(온라인 자경)라는 외부 사회현상을 범죄일반이론·억제이론으로 검증하기 위해 온라인 커뮤니티를 그 현상이 발현되는 맥락(창)으로 설정하므로, WINDOW_MISC에 해당한다. | [ENV] 본 연구는 신상 털기 의향에 범죄일반이론·억제이론을 적용한 설문조사로서, '처벌의 확실성'이 언급되나 이는 억제이론의 인지 변수일 뿐 커뮤니티 운영체계의 구조적 분석이 아니며, 회원제·생애주기·익명성 비교도 전혀 다루지 않아 4개 ENV 코드 모두 미부여로 판단한다.",True,0/1,run1:ROLE_WINDOW_MISC
ART001462583,사용확산모형을 적용한 소비자의 온라인 소셜 네트워크 활용에 대한 연구,나종연(서울대학교),2010,소비자학연구,kor,OK,ROLE_WINDOW_MISC,,run1:없음,"has_community=True role_relevant=True env_relevant=False | 이 논문은 지식공유서비스·블로그 등 온라인 소셜 네트워크를 소비자가 정보를 생산·확산·획득하는 '소비자간 정보 교환의 장'으로 규정하고 활용 유형과 피라미드 구조를 분석하므로 커뮤니티의 사회적 역할(장)을 조명하지만, 회원제·익명성·운영 방침 등 커뮤니티의 구조적·환경적 조건을 비교·고찰하지는 않는다.","[ROLE] 본 연구의 핵심 분석 대상은 온라인 소셜 네트워크 공간 자체의 사회·정치적 역할이 아니라, 온라인을 매개로 소비자가 정보를 생산·확산·획득하는 소비자 정보 행동(외부 사회현상)의 구조와 유형을 실증적으로 파악하는 것이므로, 온라인 커뮤니티는 소비자 정보 확산 현상을 관찰하는 창(WINDOW_MISC)으로 기능한다.",True,0/1,run1:ROLE_WINDOW_MISC
ART001677056,멀티채널 환경에서 소비자는 어떻게 정보를 탐색하는가?: 선호하는 정보원천에 따른 소비자 유형화와 관련 요인,최아영(서울대학교),2012,소비자학연구,kor,ERR,,,run1:없음,"has_community=False role_relevant=False env_relevant=False | 이 논문은 소비자의 정보탐색행동을 연구 대상으로 삼으며, 온라인 커뮤니티는 블로그·SNS·온라인쇼핑몰·오프라인 매장 등과 나란히 '정보채널'의 하나로 서술될 뿐, 커뮤니티 내부의 상호작용·구조·역할을 분석 대상으로 삼지 않으므로 온라인 커뮤니티를 분석 대상으로 삼지 않는다.","이 논문은 소비자의 정보탐색행동을 연구 대상으로 삼으며, 온라인 커뮤니티는 블로그·SNS·온라인쇼핑몰·오프라인 매장 등과 나란히 '정보채널'의 하나로 서술될 뿐, 커뮤니티 내부의 상호작용·구조·역할을 분석 대상으로 삼지 않으므로 온라인 커뮤니티를 분석 대상으로 삼지 않는다.",True,1/1,run1:없음
ART002047193,텍스트 마이닝을 이용한 온라인 해외직접구매에 대한 소비자 반응 분석,이진명(서울대학교),2015,소비자학연구,kor,ERR,,,run1:없음,"has_community=True role_relevant=False env_relevant=False | 이 논문은 온라인 커뮤니티 게시글을 텍스트 마이닝의 데이터 소스로만 수집·활용할 뿐, 커뮤니티 자체의 사회적 역할이나 구조적·환경적 조건을 분석 대상으로 삼지 않으므로, 커뮤니티는 연구의 재료로만 언급된 것이다.","이 논문은 온라인 커뮤니티 게시글을 텍스트 마이닝의 데이터 소스로만 수집·활용할 뿐, 커뮤니티 자체의 사회적 역할이나 구조적·환경적 조건을 분석 대상으로 삼지 않으므로, 커뮤니티는 연구의 재료로만 언급된 것이다.",True,1/1,run1:없음
ART002603053,소비자 간 거래 플랫폼에서의 신뢰의 구성과 형성요인,이보한(서울대학교 생활과학연구소),2020,소비자학연구,kor,ERR,,,run1:없음,"has_community=False role_relevant=False env_relevant=False | 이 논문은 소비자 간 거래 플랫폼에서 신뢰의 구성과 형성 요인을 연구하는 것으로, 온라인 커뮤니티는 질적 자료 수집 통로로만 언급될 뿐 커뮤니티 자체의 구조·역할·환경 조건을 분석 대상으로 삼지 않는다.","이 논문은 소비자 간 거래 플랫폼에서 신뢰의 구성과 형성 요인을 연구하는 것으로, 온라인 커뮤니티는 질적 자료 수집 통로로만 언급될 뿐 커뮤니티 자체의 구조·역할·환경 조건을 분석 대상으로 삼지 않는다.",True,1/1,run1:없음
ART000868270,온라인 커뮤니티를 통한 거래수행의도에 영향을 미치는 요인에 관한 연구,강명수(서울대학교),2003,소비자학연구,kor,OK,ROLE_FIELD_SOCIALCAPITAL,,run1:없음,"has_community=True role_relevant=True env_relevant=False | 이 논문은 온라인 커뮤니티를 B2C 전자상거래를 촉진하는 장(ROLE_FIELD_COMMERCE)으로서의 사회적 역할을 분석 대상으로 삼고, 커뮤니티 내 동류의식·의례·전통·규범·몰입 등의 요인이 거래수행의도에 미치는 영향을 실증적으로 확인하나, 회원제 유무·익명성·운영 방침 등 구조적·환경적 조건 간 차이·비교·변화를 다루지는 않는다.","[ROLE] 본 연구는 온라인 커뮤니티 공간 안의 동류의식·규범·몰입·off-site 커뮤니케이션 등 이용자 간 관계적 자원(사회자본)이 거래수행의도에 미치는 영향을 분석함으로써, 커뮤니티를 경제적 거래를 중개하는 장(FIELD)으로서의 사회자본 기능에 초점을 두고 있다.",True,0/1,run1:ROLE_FIELD_SOCIALCAPITAL
ART001462571,온라인 소비자행동 연구의 현황과 과제,박철(고려대학교),2010,소비자학연구,kor,ERR,,,run1:없음,"has_community=False role_relevant=False env_relevant=False | 이 논문은 2000–2009년 온라인 소비자행동 연구 125편의 문헌고찰로서, '온라인 커뮤니티'는 소비행동 연구 주제 분류의 한 항목으로만 열거될 뿐, 특정 커뮤니티의 상호작용·구조·운영 방식을 분석 대상으로 삼지 않으므로 커뮤니티 존재 여부를 인정할 수 없다.","이 논문은 2000–2009년 온라인 소비자행동 연구 125편의 문헌고찰로서, '온라인 커뮤니티'는 소비행동 연구 주제 분류의 한 항목으로만 열거될 뿐, 특정 커뮤니티의 상호작용·구조·운영 방식을 분석 대상으로 삼지 않으므로 커뮤니티 존재 여부를 인정할 수 없다.",True,1/1,run1:없음
ART001204301,온라인 게임 커뮤니티 동일시가 플로우와 e-애호도에 미치는 영향,김성호(경남과학기술대학교),2007,산업경제연구,kor,OK,ROLE_FIELD_SOCIALCAPITAL,,run1:없음,"has_community=True role_relevant=True env_relevant=False | 이 논문은 온라인 게임 커뮤니티 내 커뮤니티 동일시와 플로우가 다차원 애호도에 미치는 영향을 분석하며, 커뮤니티가 사용자의 정체성 형성 및 태도 변화에 기여하는 사회적 역할(장)을 조명하나, 회원제 유무·익명성·운영 방침 등 구조적·환경적 조건을 비교하거나 변인으로 다루지는 않는다.","[ROLE] 온라인 게임 커뮤니티 내 '커뮤니티 의식(멤버쉽·감정적 공유·필요충족)'이 '커뮤니티 동일시'를 거쳐 '플로우→애호도'로 이어지는 경로가 이용자 간 관계적 자원(소속·공유)의 형성과 그 효과를 다루고 있어 SOCIALCAPITAL이 부여되나, 궁극적 종속변수가 게임에 대한 개인적 애호도이므로 관계적 자원 그 자체의 분석이라기보다 심리적 매개과정으로 읽히며, 외부 사회현상을 보여주는 창보다는 커뮤니티 공간 내부 역동에 초점이 맞춰져 WINDOW 계열은 미부여한다.",True,0/1,run1:ROLE_FIELD_SOCIALCAPITAL
ART001333816,온라인커뮤니티 사이트에서 하위네트워크의 특성이 정보의 초기 확산에 미치는 영향에 관한 연구,옥경영(MIT CIPD),2009,소비자학연구,kor,OK,ROLE_FIELD_SOCIALCAPITAL,,run1:없음,"has_community=True role_relevant=True env_relevant=False | 이 논문은 온라인 커뮤니티 네트워크의 하위네트워크 구조 특성(중앙성, 경로길이, 군집계수)이 정보 초기 확산에 미치는 영향을 분석함으로써, 커뮤니티를 정보 확산의 '장'(ROLE_FIELD)으로 조명하나, 네트워크 위상적 특성은 ENV에서 요구하는 회원제·운영제재·익명성·생애주기 등 운영 방침 차원의 구조적·환경적 조건에 해당하지 않으므로 env_relevant는 false이다.","[ROLE] 이 논문은 온라인 커뮤니티 내 하위네트워크의 구조적 특성(경로길이, 군집계수, 매개중앙성, 인접중앙성)이 정보 확산의 크기와 속도에 미치는 영향을 분석함으로써, 이용자 간 연결의 존재·강도·효과라는 관계적 자원(네트워크)을 장(FIELD)으로서 조명한다.",True,0/1,run1:ROLE_FIELD_SOCIALCAPITAL
ART001411514,"브랜드 커뮤니티의 지원 서비스가 커뮤니티 강화요인, 커뮤니티 충성도 및 기업브랜드 충성도에 미치는 영향: 온라인 음악 브랜드 커뮤니티를 중심으로",김정구(성균관대학교),2009,소비자학연구,kor,OK,ROLE_FIELD_SOCIALCAPITAL,,run1:없음,"has_community=True role_relevant=True env_relevant=False | 이 논문은 온라인 음악 커뮤니티를 소비자와 브랜드를 연결하는 충성도 형성의 '장'으로 삼아 커뮤니티 강화요인을 경유한 브랜드 충성도 경로(ROLE_FIELD)를 실증 분석하나, 회원제·익명성·생애주기 등 커뮤니티의 구조적·환경적 조건에 따른 차이·비교·변화를 다루지 않으므로 env_relevant는 false이다.","[ROLE] 이 논문은 온라인 음악 커뮤니티 공간 안에서 이용자 간 동류의식·관계 서비스·의례와 전통 등 관계적 자원(커뮤니티 강화요인)의 형성 기제와 그 효과가 커뮤니티 충성도 및 브랜드 충성도에 미치는 인과 경로가 분석 대상이므로, FIELD 계열 중 SOCIALCAPITAL이 부여된다.",True,0/1,run1:ROLE_FIELD_SOCIALCAPITAL
ART002209363,일본의 미세먼지 대책과 미세먼지 저감을 위한 한중일 협력,이수철(메이죠대학),2017,자원환경경제연구,kor,ERR,,,run1:없음,"has_community=True role_relevant=False env_relevant=False | 이 논문은 동아시아 미세먼지 오염의 인벤토리 정비와 한중일 간 대기환경 정책 협력을 다루는 환경정책 연구로, 온라인 커뮤니티를 분석 대상이나 연구 소재로 삼고 있지 않으므로 커뮤니티 존재 자체가 성립하지 않는다.","이 논문은 동아시아 미세먼지 오염의 인벤토리 정비와 한중일 간 대기환경 정책 협력을 다루는 환경정책 연구로, 온라인 커뮤니티를 분석 대상이나 연구 소재로 삼고 있지 않으므로 커뮤니티 존재 자체가 성립하지 않는다.",True,1/1,run1:없음
ART002463177,에어비앤비에 대한 소비자의 긍정적·부정적 인식: 온라인커뮤니티 게시글 내용에 대한 텍스트분석을 중심으로,윤동원(성균관대학교 소비자가족학과 석사),2019,소비자학연구,kor,ERR,,,run1:없음,"has_community=True role_relevant=False env_relevant=False | 이 논문은 에어비앤비 소비자의 긍정·부정 인식을 텍스트마이닝으로 분석하는 것이 주 대상이며, 온라인 커뮤니티는 단순히 게시글 수집 통로로만 활용되어 커뮤니티 자체의 역할이나 환경적 조건이 분석되지 않는다.","이 논문은 에어비앤비 소비자의 긍정·부정 인식을 텍스트마이닝으로 분석하는 것이 주 대상이며, 온라인 커뮤니티는 단순히 게시글 수집 통로로만 활용되어 커뮤니티 자체의 역할이나 환경적 조건이 분석되지 않는다.",True,1/1,run1:없음
ART001512954,온라인 커뮤니티 내 다방향적 의사소통의 영향에 대한 연구: 게시자 전형성의 조절효과를 중심으로,임훈(서울시립대학교),2010,소비자학연구,kor,OK,ROLE_WINDOW_MISC,,run1:없음,"has_community=True role_relevant=True env_relevant=False | 이 논문은 외부 위협 상황에서 온라인 커뮤니티 내 다방향적 의사소통 과정에서 사회정체성(게시자 전형성, 댓글 성향)이 커뮤니티·브랜드 평가와 집단 자긍심·수치심에 미치는 영향을 실험함으로써, 커뮤니티를 정체성 형성·집단 평가가 이루어지는 '장'으로 조명하나, 열성·신입 회원 구별은 사회정체성 이론의 변인으로 운용될 뿐 커뮤니티의 운영 방침·구조적 조건을 비교·분석하는 것은 아니므로 env_relevant는 false이다.","[ROLE] 본 연구는 가상의 온라인 커뮤니티를 실험 배경으로 삼아, 커뮤니티 브랜드에 대한 외부 위협 상황에서 사회정체성 이론(게시자 전형성 × 댓글 성향)이 소비자 태도와 집단 자긍심·수치심에 미치는 영향을 검정하는 마케팅 커뮤니케이션 연구이므로, 온라인 커뮤니티 공간 자체의 공론장·사회적 자본 역할이 아니라 '소비자의 브랜드 위협 반응'이라는 외부 사회현상을 커뮤니티 설정 속에 재현하여 분석하는 WINDOW_MISC에 해당한다.",True,0/1,run1:ROLE_WINDOW_MISC
ART001677127,온라인 커뮤니티 행동의 의례화(Ritualization) 모델: 선행요인과 결과요인,박철(고려대학교),2012,소비자학연구,kor,OK,ROLE_WINDOW_MISC,,run1:없음,"has_community=True role_relevant=True env_relevant=False | 이 논문은 온라인 커뮤니티를 의례화와 신성한 소비가 구성되는 '장'으로 삼아, 공유된 규범과 감정적 유대감을 매개로 소비 행위 의례화 과정의 역할을 분석하므로 role_relevant이며, 다만 커뮤니티의 구조적·환경적 조건(회원제, 익명성, 제재 방식, 생애주기 등)에 따른 차이·비교를 다루지 않으므로 env_relevant는 아니다.","[ROLE] 본 논문은 의례이론을 소비행동에 적용하여 온라인 커뮤니티를 매개로 한 의례화→감정적 유대감→신성한 소비의 경로를 검증하는 것으로, 온라인 커뮤니티는 소비자 행동·의례화라는 외부 사회현상을 관찰하는 창(WINDOW_MISC)으로 기능하며, 감정적 유대감·상호 의존이 등장하되 소비자행동 모델의 매개변수로 다루어질 뿐 관계적 자원 형성 자체가 분석 대상이 되지는 못한다.",True,0/1,run1:ROLE_WINDOW_MISC
ART002121271,온라인 커뮤니티에서 나타난 건강정보 전파 분석에 관한 연구: 공적/사적 의료 지식에 미치는 커뮤니티 내 연결망,곽진아(한국과학기술원),2016,통계연구,kor,OK,"ROLE_FIELD_PUBLICSPHERE, ROLE_FIELD_SOCIALCAPITAL",,run1:없음,"has_community=True role_relevant=True env_relevant=False | 이 논문은 한국 온라인 커뮤니티 내에서 보건/의료 이슈가 탐지되고 여론이 형성되는 과정을 분석하여, 커뮤니티를 공론장(ROLE_FIELD_PUBLICSPHERE)으로 조명하나, 회원제·익명성·운영 방침 등 커뮤니티의 구조적·환경적 조건을 비교·분석하지 않으므로 ENV에 해당하지 않는다.","[ROLE] 본 연구는 보건·의료 이슈를 내용으로 삼되, 커뮤니티 내 이용자 간 네트워크 구조와 사회적 위세가 언급 확산과 여론 형성에 미치는 효과를 정량적으로 측정함으로써, 커뮤니티 공간 자체가 공론장 및 관계적 자원(사회자본)의 장으로서 기능하는지를 분석하는 FIELD 계열에 해당한다.",True,0/1,"run1:ROLE_FIELD_PUBLICSPHERE,ROLE_FIELD_SOCIALCAPITAL"
ART002977329,전기차에 대한 소비자 인식 연구: 구조적 토픽모델(STM)을 중심으로,선정은(성균관대학교),2023,소비자학연구,kor,ERR,,,run1:없음,"has_community=False role_relevant=False env_relevant=False | 본 연구의 분석 대상은 전기차에 대한 소비자 인식이며, 온라인 커뮤니티 게시글은 STM 토픽모델링을 위한 텍스트 데이터 수집 통로(재료)로만 활용될 뿐, 커뮤니티 자체의 구조·역할·환경이 분석 대상이 아니다.","본 연구의 분석 대상은 전기차에 대한 소비자 인식이며, 온라인 커뮤니티 게시글은 STM 토픽모델링을 위한 텍스트 데이터 수집 통로(재료)로만 활용될 뿐, 커뮤니티 자체의 구조·역할·환경이 분석 대상이 아니다.",True,1/1,run1:없음
ART001167066,로지스틱 회귀분석을 이용한 제품구매군 판별에 영향을 미치는 커뮤니티 요인에 관한 연구,김주안(서남대학교),2005,산업경제연구,kor,OK,ROLE_WINDOW_MISC,,run1:없음,"has_community=True role_relevant=True env_relevant=False | 이 논문은 온라인 커뮤니티 내 상호작용·정보품질·흥미·회원참여 등 커뮤니티 내부 요인이 제품 구매 의도에 미치는 효과를 분석함으로써, 커뮤니티를 소비자의 의사결정을 매개하는 사회적 '장'으로 조명하나, 회원제 유무·익명성·운영 방침 등 커뮤니티의 구조적·환경적 조건을 비교·검토하지는 않는다.","[ROLE] 이 논문은 온라인 커뮤니티의 상호작용·정보품질·참여 등 이용 요인이 제품 구매 의도라는 외부 소비자 행동 현상을 판별하는 데 어떤 역할을 하는지를 실증적으로 검증하므로, 커뮤니티는 소비자 구매 행동이라는 바깥 현상을 보여주는 창(ROLE_WINDOW_MISC)으로 기능한다.",True,0/1,run1:ROLE_WINDOW_MISC
ART002099177,Tier 1과 2 수준을 복합한 에너지부문 온실가스 인벤토리의 불확도 평가,전봉걸(서울시립대학교),2016,에너지경제연구,kor,ERR,,,run1:없음,"has_community=True role_relevant=False env_relevant=False | 이 논문은 온실가스 배출량 불확도 추정법(Tier 1·Tier 2 복합)을 발전·철강·비금속광물 산업 부문에 적용하는 환경과학 연구로, 온라인 커뮤니티를 분석 대상이나 연구 재료로 삼지 않으므로 커뮤니티 존재 여부가 성립하지 않는다.","이 논문은 온실가스 배출량 불확도 추정법(Tier 1·Tier 2 복합)을 발전·철강·비금속광물 산업 부문에 적용하는 환경과학 연구로, 온라인 커뮤니티를 분석 대상이나 연구 재료로 삼지 않으므로 커뮤니티 존재 여부가 성립하지 않는다.",True,1/1,run1:없음
ART001503684,국민계정과 온실가스 배출:한국의 NAMEA-air 편제,김종호(한국환경정책평가연구원),2010,자원환경경제연구,kor,ERR,,,run1:없음,"has_community=True role_relevant=False env_relevant=False | 이 논문은 온실가스 배출량 측정과 NAMEA-air 편제, 기후정책모형 구축 등 환경경제·기후정책 분석에 전념하고 있으며, 온라인 커뮤니티를 분석 대상이나 연구 재료로 삼지 않으므로 커뮤니티 존재 여부가 해당하지 않는다.","이 논문은 온실가스 배출량 측정과 NAMEA-air 편제, 기후정책모형 구축 등 환경경제·기후정책 분석에 전념하고 있으며, 온라인 커뮤니티를 분석 대상이나 연구 재료로 삼지 않으므로 커뮤니티 존재 여부가 해당하지 않는다.",True,1/1,run1:없음
ART003125082,수능 킬러문항 배제에 대한 감성분석: 교육 소비자로서의 학부모 댓글을 통한 정책 반응 평가,김수현(전남대학교 경제학부),2024,소비자정책교육연구,kor,ERR,,,run1:없음,"has_community=True role_relevant=False env_relevant=False | 네이버 교육 관련 카페의 댓글을 감성분류(불안/안도)에 쓰이는 데이터 수집 통로로만 활용하며, 커뮤니티의 공론장 역할이나 구조·운영 조건에 대한 분석이 전무하다.","네이버 교육 관련 카페의 댓글을 감성분류(불안/안도)에 쓰이는 데이터 수집 통로로만 활용하며, 커뮤니티의 공론장 역할이나 구조·운영 조건에 대한 분석이 전무하다.",True,1/1,run1:없음
ART003071772,월별 자료를 이용한 선도적인 에너지 분야 온실가스 배출량 산정,민선영(중앙대학교 경제학과),2024,에너지경제연구,kor,ERR,,,run1:없음,"has_community=False role_relevant=False env_relevant=False | 이 논문은 에너지 분야의 월별 온실가스 배출량 통계 산정 방법을 제안하는 환경·통계 연구로, 온라인 커뮤니티를 분석 대상이나 연구 재료로 활용하지 않는다.","이 논문은 에너지 분야의 월별 온실가스 배출량 통계 산정 방법을 제안하는 환경·통계 연구로, 온라인 커뮤니티를 분석 대상이나 연구 재료로 활용하지 않는다.",True,1/1,run1:없음
ART003063796,탄소감축 정책의 경제적 영향: 거시계량모형에 기반한 배출권가격 변동 효과 분석,이제훈(연세대학교 경제학부;NEXT group),2024,자원환경경제연구,kor,ERR,,,run1:없음,"has_community=True role_relevant=False env_relevant=False | 이 논문은 배출권거래제의 거시경제 파급효과를 연립방정식 모형으로 분석하는 기후정책 연구로, 온라인 커뮤니티를 분석 대상이나 연구 재료로 삼고 있지 않으므로 커뮤니티 존재 여부를 인정할 수 없다.","이 논문은 배출권거래제의 거시경제 파급효과를 연립방정식 모형으로 분석하는 기후정책 연구로, 온라인 커뮤니티를 분석 대상이나 연구 재료로 삼고 있지 않으므로 커뮤니티 존재 여부를 인정할 수 없다.",True,1/1,run1:없음
ART001885604,에너지분야 온실가스 인벤토리의 불확도에 관한 연구: Tier 1 에러전파방법을 이용한 추정,황인창(암스테르담 자유대학),2014,자원환경경제연구,kor,ERR,,,run1:없음,"has_community=True role_relevant=False env_relevant=False | 이 논문은 IPCC 기준에 따른 한국 에너지분야 온실가스 배출량의 불확도 추정을 다루는 환경정책 연구로, 온라인 커뮤니티를 분석 대상이나 연구 재료로 삼지 않으므로 커뮤니티 존재 여부에 해당하지 않는다.","이 논문은 IPCC 기준에 따른 한국 에너지분야 온실가스 배출량의 불확도 추정을 다루는 환경정책 연구로, 온라인 커뮤니티를 분석 대상이나 연구 재료로 삼지 않으므로 커뮤니티 존재 여부에 해당하지 않는다.",True,1/1,run1:없음
ART002795513,유럽연합의 북극 지역 메탄 감축을 위한 정책 방향과 정책상의 발전 제고 요인,정혁(한국외국어대학교),2021,EU학 연구,kor,ERR,,,run1:없음,"has_community=True role_relevant=False env_relevant=False | 이 논문은 유럽연합의 북극 지역 메탄 감축 정책과 기후변화 대응을 다루는 환경·정책 연구로서, 온라인 커뮤니티를 분석 대상이나 연구 재료로 활용하지 않으므로 커뮤니티 존재 여부를 인정할 수 없다.","이 논문은 유럽연합의 북극 지역 메탄 감축 정책과 기후변화 대응을 다루는 환경·정책 연구로서, 온라인 커뮤니티를 분석 대상이나 연구 재료로 활용하지 않으므로 커뮤니티 존재 여부를 인정할 수 없다.",True,1/1,run1:없음
ART001214038,"온라인 커뮤니티 명성, 사회적 실재감, 상호작용성, 즐거움이 성과형성에 미치는 영향 연구 : 신뢰와 몰입을 매개로",문영주(우송대학교),2008,e-비즈니스연구,kor,OK,ROLE_FIELD_SOCIALCAPITAL,,run1:없음,"has_community=True role_relevant=True env_relevant=False | 이 논문은 온라인 커뮤니티를 정보공유·관계형성·고객 충성도 확보의 '장'으로 그 사회적 기능을 분석 대상으로 삼고 있으나, 회원제·제재·익명성·생애주기 등 구조적·환경적 조건에 따른 차이·비교는 다루지 않으므로 env_relevant는 false이다.","[ROLE] 이 논문은 온라인 커뮤니티 공간 안에서 이용자 간(고객-고객, 고객-기업) 유대관계 형성과 신뢰·몰입이 커뮤니티 성과에 미치는 매개 효과를 실증적으로 검증하는 것으로, 커뮤니티 내부의 관계적 자원(신뢰·연대·네트워크)의 존재와 효과를 분석 대상으로 삼아 SOCIALCAPITAL에 해당한다.",True,0/1,run1:ROLE_FIELD_SOCIALCAPITAL
ART001506483,온라인 게임 커뮤니티의 상호작용이 자기표현욕구와 게임 참여의도에 미치는 영향,박승배(서울과학기술대학교),2010,e-비즈니스연구,kor,ERR,,,run1:없음,"has_community=True role_relevant=True env_relevant=False | 이 논문은 MMORPG를 '온라인 게임 커뮤니티'로 규정하고, 그 공간 안에서 디자인·사용·커뮤니티 상호작용이 자기표현욕구와 참여의도에 미치는 영향을 분석함으로써, 커뮤니티를 자기표현과 사회정체성 형성을 위한 '장'으로 조명하나, 회원제·익명성·운영방침 등 환경적 조건에 따른 차이나 비교를 다루지 않는다.","[ROLE] 이 논문은 MMORPG라는 온라인 게임 커뮤니티 공간 자체를 분석 대상으로 삼아 아바타를 통한 자기표현과 커뮤니티 상호작용이 개인 참여의도에 미치는 영향을 사회정체성이론으로 설명하는 것이므로 FIELD 계열에 가깝지만, 핵심 변인이 개인 내면화된 자기표현욕구와 정체성 형성이며 이용자 간 관계적 자원의 형성·효과를 직접 다루지 않아 SOCIALCAPITAL의 배제 기준에 해당하고, WINDOW 계열 외부 현상 포착도 아니어서 6개 코드 모두 0.5 미만이 된다.",True,1/1,run1:없음
ART001759445,사회적 자본의 효과에 관한 네트워크적 접근: Bonding vs. Bridging,윤성준(경기대학교),2013,e-비즈니스연구,kor,ERR,,,run1:없음,"has_community=True role_relevant=False env_relevant=False | 본 연구는 사회적 자본(가교형·결속형)과 심리적 웰빙이 소비자의 SNS 참여에 미치는 영향을 규명하는 것이 목적이며, 온라인 공동체는 분석 대상이 아니라 행동이 발생하는 맥락적 변수로만 등장할 뿐, 커뮤니티의 사회적 역할(창·장)이나 구조적·환경적 조건(회원제, 익명성, 운영 방침 등)에 따른 차이·비교가 전혀 다루어지지 않는다.","본 연구는 사회적 자본(가교형·결속형)과 심리적 웰빙이 소비자의 SNS 참여에 미치는 영향을 규명하는 것이 목적이며, 온라인 공동체는 분석 대상이 아니라 행동이 발생하는 맥락적 변수로만 등장할 뿐, 커뮤니티의 사회적 역할(창·장)이나 구조적·환경적 조건(회원제, 익명성, 운영 방침 등)에 따른 차이·비교가 전혀 다루어지지 않는다.",True,1/1,run1:없음
ART002674338,"전시컨벤션 온라인 리뷰 특성이 관람객 태도, 만족 및 구전행동에 미치는 영향",윤선영(경기대학교),2020,무역전시연구,kor,ERR,,,run1:없음,"has_community=False role_relevant=False env_relevant=False | 이 논문은 전시컨벤션 분야에서 온라인 리뷰 정보의 전파력과 관람객 태도·만족·구전행동에 미치는 영향을 실증분석하는 것이 목적이며, '온라인 커뮤니티'는 정책 시사점 부분에서 소셜 미디어·포털 사이트와 나란히 마케팅 채널의 하나로 일회성 언급될 뿐, 커뮤니티의 구조·역할·운영 방침이 분석 대상이 되지 않는다.","이 논문은 전시컨벤션 분야에서 온라인 리뷰 정보의 전파력과 관람객 태도·만족·구전행동에 미치는 영향을 실증분석하는 것이 목적이며, '온라인 커뮤니티'는 정책 시사점 부분에서 소셜 미디어·포털 사이트와 나란히 마케팅 채널의 하나로 일회성 언급될 뿐, 커뮤니티의 구조·역할·운영 방침이 분석 대상이 되지 않는다.",True,1/1,run1:없음
ART002164412,Big Data as a Solution to Shrinking the Shadow Econom,남명기(한국정보화진흥원 K-ICT 빅데이터센터),2016,e-비즈니스연구,kor,ERR,,,run1:없음,"has_community=False role_relevant=False env_relevant=False | 이 논문은 한국의 지하경제를 축소하기 위한 빅데이터 기반 정책을 제안하는 것으로, 온라인 커뮤니티는 세무 기피 정보 공유 등 비정형 데이터를 추출할 소스로 잠깐 언급될 뿐, 커뮤니티 자체의 구조·역할·환경을 분석 대상으로 삼지 않는다.","이 논문은 한국의 지하경제를 축소하기 위한 빅데이터 기반 정책을 제안하는 것으로, 온라인 커뮤니티는 세무 기피 정보 공유 등 비정형 데이터를 추출할 소스로 잠깐 언급될 뿐, 커뮤니티 자체의 구조·역할·환경을 분석 대상으로 삼지 않는다.",True,1/1,run1:없음
ART003043453,"온라인 커뮤니티 행동의 결정요인에 관한 연구: 사회적 자본, 정보소유감 및 자기노출의 역할을 중심으로",김희연(경기대학교),2023,무역연구,kor,OK,ROLE_FIELD_SOCIALCAPITAL,,run1:없음,"has_community=True role_relevant=True env_relevant=False | 이 논문은 온라인 커뮤니티 활동을 유지하는 사회적 자본·정보 소유·자기개설·주관적 안녕·신뢰 등 심리·사회적 메커니즘을 분석하여 커뮤니티를 사회적 상호작용과 활동이 일어나는 '장'으로 조명하지만, 회원제·운영·제재·익명성·생애주기 등 구조적·환경적 조건에 따른 차이·비교를 다루지는 않는다.","[ROLE] 본 연구는 온라인 커뮤니티 내부에서 사회자본(신뢰·연대·네트워크)이 이용자 간 연결의 존재·강도·효과로서 커뮤니티 활동에 미치는 인과적 경로를 구조방정식으로 검증하는 것이므로, 온라인 커뮤니티 공간 안의 관계적 자원 형성을 분석 대상으로 삼는 FIELD_SOCIALCAPITAL에 해당한다.",True,0/1,run1:ROLE_FIELD_SOCIALCAPITAL
ART002399227,참여유형에 따른 온라인 커뮤니티 태도 형성과정보확산 활동에 미치는 영향,경종수(선문대학교),2018,e-비즈니스연구,kor,ERR,,,run1:없음,"has_community=True role_relevant=True env_relevant=False | 이 논문은 온라인 커뮤니티를 참여유형에 따른 태도 형성·정보 확산·구전 활동이 이루어지는 '장'으로 조명하되, 회원제·익명성·운영 방침·생애주기 등 구조적·환경적 조건을 비교·분석하지 않으므로 role만 해당된다.","[ROLE] 본 연구는 온라인 커뮤니티 내 참여유형(정보 탐색·관계 형성·의견 교환·정서적 유대)→태도 형성→정보 확산·구전이라는 인과 사슬을 다루며, 관계 형성·공동체 의식 등 관계적 측면이 언급되나 사회자본의 형성·효과를 독립적으로 검증·평가하는 데까지 이르지 않으므로 FIELD 계열 모두 미부여이며, 외부 사회현상을 보여주는 창도 아니므로 WINDOW 계열도 미부여된다.",True,1/1,run1:없음
ART002987934,온라인 커뮤니티를 통한 항공사 객실승무원의 준사회적 상호작용 탐색,남아현(부산대학교),2023,e-비즈니스연구,kor,OK,ROLE_FIELD_SOCIALCAPITAL,,run1:없음,"has_community=True role_relevant=True env_relevant=False | 이 논문은 직장인 온라인 커뮤니티 블라인드的情绪적 지지와 스트레스 해소의 '장'으로서 사회역학적 역할(PSI 형성→조직몰입·시민행동→고객지향성)을 분석 대상으로 삼되, 익명성·회원제·운영방침 등 커뮤니티의 구조적·환경적 조건을 변수로 비교·분석하지는 않는다.","[ROLE] 본 연구는 블라인드라는 온라인 커뮤니티 내에서 형성되는 준사회적 상호작용(PSI)이 감정 소진·스트레스 해소라는 관계적 자원으로 기능하여 승무원의 조직몰입·조직시민행동·고객지향성에 효과를 미치는지 분석하므로, 커뮤니티 공간 안에서 이용자 간(또는 이용자와 커뮤니티 간) 연결의 존재와 효과를 다루는 SOCIALCAPITAL에 해당한다.",True,0/1,run1:ROLE_FIELD_SOCIALCAPITAL
ART002061051,스마트 러닝을 활용한 창의적 영어 글쓰기 교실의 성과에 관한 연구,김민정(서울과학기술대학교 어학교육원),2015,e-비즈니스연구,kor,ERR,,,run1:없음,"has_community=False role_relevant=False env_relevant=False | 이 논문은 영어 글쓰기 수업에서 스마트 러닝(혼합형 학습)의 교육적 효과—언어인식 확장, 비판적 사고, 창의성—를 실험·검증하는 연구로, 온라인 커뮤니티는 반응일기·문학일기를 공유하는 수업 도구의 매개체로만 등장하며, 커뮤니티 자체의 구조·역할·운영 조건을 분석 대상으로 삼지 않는다.","이 논문은 영어 글쓰기 수업에서 스마트 러닝(혼합형 학습)의 교육적 효과—언어인식 확장, 비판적 사고, 창의성—를 실험·검증하는 연구로, 온라인 커뮤니티는 반응일기·문학일기를 공유하는 수업 도구의 매개체로만 등장하며, 커뮤니티 자체의 구조·역할·운영 조건을 분석 대상으로 삼지 않는다.",True,1/1,run1:없음
ART001593418,온라인 쇼핑몰 시장의 커뮤니티 충성도와 구매의도에 관한 연구,이정호(조선대학교),2011,e-비즈니스연구,kor,ERR,,,run1:없음,"has_community=True role_relevant=False env_relevant=False | 이 논문은 온라인 쇼핑몰의 마케팅 전략을 다루며 고객커뮤니티·취미 기반 온라인 모임을 마케팅 통로·유인 수단으로 언급할 뿐, 커뮤니티의 사회적 역할(창/장)이나 구조적·환경적 조건(회원제, 익명성, 운영 방침 등)을 분석 대상으로 삼지 않으므로 role·env 모두 해당하지 않는다.","이 논문은 온라인 쇼핑몰의 마케팅 전략을 다루며 고객커뮤니티·취미 기반 온라인 모임을 마케팅 통로·유인 수단으로 언급할 뿐, 커뮤니티의 사회적 역할(창/장)이나 구조적·환경적 조건(회원제, 익명성, 운영 방침 등)을 분석 대상으로 삼지 않으므로 role·env 모두 해당하지 않는다.",True,1/1,run1:없음
ART001235718,자기조직화지도와 사례기반추론을 결합한 추천 모형: 온라인 커뮤니티 추천 시스템의 사례,이형용(한성대학교),2008,e-비즈니스연구,kor,ERR,,,run1:없음,"has_community=False role_relevant=False env_relevant=False | 이 논문은 기술수용모형과 사례기반추론, 자기조직화지도를 결합한 추천모형의 개발과 온라인 설문조사를 통한 검증이 목적이며, 공통 관심사를 가진 사용자 간의 지속적 상호작용 디지털 공간인 온라인 커뮤니티를 분석 대상으로 삼지 않는다.","이 논문은 기술수용모형과 사례기반추론, 자기조직화지도를 결합한 추천모형의 개발과 온라인 설문조사를 통한 검증이 목적이며, 공통 관심사를 가진 사용자 간의 지속적 상호작용 디지털 공간인 온라인 커뮤니티를 분석 대상으로 삼지 않는다.",True,1/1,run1:없음
ART001774859,How Consumer's Satisfaction with Online Brand Communities Influences Brand Relationship Quality and Loyalty?,"Jang, Gang(제주대학교)",2013,유통경영학회지,kor,ERR,,,run1:없음,"has_community=True role_relevant=True env_relevant=False | 이 논문은 온라인 브랜드 커뮤니티가 브랜드 관계 품질을 구축하고 브랜드 충성도를 높이는 마케팅 도구로서의 사회적 역할(장)을 조명하나, 회원제·익명성·운영 방침 등 커뮤니티의 구조적·환경적 조건에 따른 차이나 비교를 다루지 않는다.","[ROLE] 논문은 온라인 브랜드 커뮤니티라는 공간 내부에서 만족→브랜드 신뢰·관계 품질→브랜드 충성도로 이어지는 인과 구조를 검증하므로 FIELD 계열에 가깝지만, 여기서의 '신뢰·관계'가 이용자 간 관계가 아니라 이용자-브랜드 간 관계이므로 ROLE_FIELD_SOCIALCAPITAL의 '이용자 간 연결' 요건을 충족하지 못하여, 6개 코드 모두 미부여.",True,1/1,run1:없음
ART002364621,글로벌 전자상거래 시장에서 브랜드 팬페이지의 활용가능성에 관한 연구,강인원(경희대학교),2018,통상정보연구,kor,ERR,,,run1:없음,"has_community=False role_relevant=False env_relevant=False | 이 논문은 '브랜드 팬페이지'를 '온라인 커뮤니티'와 구분하여 전자상거래 마케팅 커뮤니케이션 채널로만 분석하며, 팬페이지 동일시·참여 동기·브랜드 애착 등 소비자 행동 관점에서만 다루므로, 정의에 해당되는 온라인 커뮤니티를 분석 대상으로 삼지 않는다.","이 논문은 '브랜드 팬페이지'를 '온라인 커뮤니티'와 구분하여 전자상거래 마케팅 커뮤니케이션 채널로만 분석하며, 팬페이지 동일시·참여 동기·브랜드 애착 등 소비자 행동 관점에서만 다루므로, 정의에 해당되는 온라인 커뮤니티를 분석 대상으로 삼지 않는다.",True,1/1,run1:없음
ART002987906,온라인 커뮤니티 활동에서 지식공유 회피에 영향을 미치는 요인에 관한 연구,최정섭(한성대학교),2023,e-비즈니스연구,kor,OK,ROLE_WINDOW_MISC,,run1:없음,"has_community=True role_relevant=True env_relevant=False | 이 논문은 온라인 커뮤니티를 지식 공유·공유 회피가 발생하는 '장'으로서의 사회적 역할을 분석 대상으로 삼고 있으나, 친목 커뮤니티와 다른 유형 간 비교는 부차적 발견에 그쳐 커뮤니티의 구조적·운영적 환경 조건을 핵심 분석 변수로 삼지 않는다.","[ROLE] 이 논문은 합리적 행위이론을 적용해 온라인 커뮤니티 내 '지식공유회피'라는 개인적 행동을 분석하며, 지식 독점·공유 회피는 온라인 커뮤니티가 없어도 조직·직장 등 어디에나 존재하는 사회현상이므로 커뮤니티는 그 행동을 관찰하는 창(Window)으로 기능한다.",True,0/1,run1:ROLE_WINDOW_MISC
ART003235866,플랫폼 기반 교권 보호 대응체계의 기술-법 융합 모형 연구: 디지털 교육환경에서의 정책 적용 가능성 분석,노성(전라북도교육청),2025,e-비즈니스연구,kor,ERR,,,run1:없음,"has_community=False role_relevant=False env_relevant=False | 이 논문은 SNS·온라인 커뮤니티·실시간 평가 시스템을 교사 비방·허위정보 유포의 매개 채널로 나열할 뿐, 커뮤니티 자체의 구조·상호작용·운영 방침을 분석 대상으로 삼지 않으며, 연구의 핵심은 기술-법 융합 기반 교권 보호 플랫폼 구축이므로 온라인 커뮤니티가 정의에 부합하는 분석 대상이 되지 않는다.","이 논문은 SNS·온라인 커뮤니티·실시간 평가 시스템을 교사 비방·허위정보 유포의 매개 채널로 나열할 뿐, 커뮤니티 자체의 구조·상호작용·운영 방침을 분석 대상으로 삼지 않으며, 연구의 핵심은 기술-법 융합 기반 교권 보호 플랫폼 구축이므로 온라인 커뮤니티가 정의에 부합하는 분석 대상이 되지 않는다.",True,1/1,run1:없음
ART001175317,웹사이트 지작특성의 이용자 중요도 비교연구,형성우(전북대학교),2006,e-비즈니스연구,kor,ERR,,,run1:없음,"has_community=False role_relevant=False env_relevant=False | 이 논문은 웹사이트 유형 10종(포털, 게임, 뉴스, 커뮤니티 등) 간 선택 기준의 차이를 비교하는 일반적 웹사이트 이용 연구로서, '커뮤니티'는 분류 카테고리 중 하나로만 나열되고 특정 온라인 커뮤니티의 상호작용·정보 공유·관계 형성을 분석 대상 삼지 않는다.","이 논문은 웹사이트 유형 10종(포털, 게임, 뉴스, 커뮤니티 등) 간 선택 기준의 차이를 비교하는 일반적 웹사이트 이용 연구로서, '커뮤니티'는 분류 카테고리 중 하나로만 나열되고 특정 온라인 커뮤니티의 상호작용·정보 공유·관계 형성을 분석 대상 삼지 않는다.",True,1/1,run1:없음
ART002063793,사이버공간에서의 표현의 자유와 반사회적 혐오표현의 규제,이상경(서울시립대학교),2015,헌법학연구,kor,ERR,,,run1:없음,"has_community=False role_relevant=False env_relevant=False | 이 논문은 혐오표현의 법적 규제와 비사법적 구제 방안을 헌법 제21조 표현의 자유와 차별시정기구 관점에서 논의하는 법정책 연구이며, '일베'는 혐오가 범람하는 사회 현상의 예시 중 하나로 잠깐 거론될 뿐, 온라인 커뮤니티 자체를 분석 대상이나 연구 재료로 삼지 않는다.","이 논문은 혐오표현의 법적 규제와 비사법적 구제 방안을 헌법 제21조 표현의 자유와 차별시정기구 관점에서 논의하는 법정책 연구이며, '일베'는 혐오가 범람하는 사회 현상의 예시 중 하나로 잠깐 거론될 뿐, 온라인 커뮤니티 자체를 분석 대상이나 연구 재료로 삼지 않는다.",True,1/1,run1:없음
ART002300983,온라인 혐오표현 등 혐오표현의 새로운 양상에 관한 연구,이상경(서울시립대학교),2017,헌법재판연구,kor,ERR,,,run1:없음,"has_community=False role_relevant=False env_relevant=False | 이 논문은 헌법상 표현의 자유와 온라인 혐오표현의 법적 한계를 다루는 헌법·법률 연구이며, '일베' 등 온라인 커뮤니티는 혐오표현이 발생하는 사례로 언급될 뿐 커뮤니티 자체의 구조·역할·환경을 분석 대상으로 삼지 않는다.","이 논문은 헌법상 표현의 자유와 온라인 혐오표현의 법적 한계를 다루는 헌법·법률 연구이며, '일베' 등 온라인 커뮤니티는 혐오표현이 발생하는 사례로 언급될 뿐 커뮤니티 자체의 구조·역할·환경을 분석 대상으로 삼지 않는다.",True,1/1,run1:없음
ART000956264,인터넷 온라인게임행위의 법리분석 - MMORPG를 중심으로 -,정해상(위덕대학교),2005,법조,kor,ERR,,,run1:없음,"has_community=True role_relevant=False env_relevant=False | MMORPG라는 온라인 커뮤니티 공간이 언급되지만, 이 글은 해당 커뮤니티의 사회적 역할이나 구조·환경적 조건에 따른 차이·변화를 분석하는 것이 아니라, 가상사회에 현실 법리를 적용할 수 있는지의 법철학적 논의를 전개하고 있어, 커뮤니티는 그저 예시적 소재로만 등장할 뿐 역할이나 환경 조명의 대상이 아니다.","MMORPG라는 온라인 커뮤니티 공간이 언급되지만, 이 글은 해당 커뮤니티의 사회적 역할이나 구조·환경적 조건에 따른 차이·변화를 분석하는 것이 아니라, 가상사회에 현실 법리를 적용할 수 있는지의 법철학적 논의를 전개하고 있어, 커뮤니티는 그저 예시적 소재로만 등장할 뿐 역할이나 환경 조명의 대상이 아니다.",True,1/1,run1:없음
ART002253716,신기후변화체제(파리협정)의 평가와 그 대응,김홍균(한양대학교),2017,환경법연구,kor,ERR,,,run1:없음,"has_community=True role_relevant=False env_relevant=False | 이 논문은 파리협정과 신기후변화체제의 출범 및 한국의 온실가스 감축 의무를 다루는 국제환경정책 분석으로, 온라인 커뮤니티를 분석 대상이나 연구 맥락으로 삼고 있지 않으므로 커뮤니티 존재 여부가 성립되지 않는다.","이 논문은 파리협정과 신기후변화체제의 출범 및 한국의 온실가스 감축 의무를 다루는 국제환경정책 분석으로, 온라인 커뮤니티를 분석 대상이나 연구 맥락으로 삼고 있지 않으므로 커뮤니티 존재 여부가 성립되지 않는다.",True,1/1,run1:없음
ART002446228,최근의 양성갈등 상황과 양성평등 관점에서 본 디지털 성범죄,이윤정(강원대학교),2019,강원법학,kor,ERR,,,run1:없음,"has_community=False role_relevant=False env_relevant=False | 이 논문은 메갈리아·워마드를 양성갈등 현상의 맥락으로 잠시 언급할 뿐, 실제 분석 대상은 디지털 성범죄의 형사법적 대응과 양성갈등의 사회·정치적 원인이며, 온라인 커뮤니티 자체를 연구 재료로 삼지 않으므로 커뮤니티 존재 여부를 인정할 수 없다.","이 논문은 메갈리아·워마드를 양성갈등 현상의 맥락으로 잠시 언급할 뿐, 실제 분석 대상은 디지털 성범죄의 형사법적 대응과 양성갈등의 사회·정치적 원인이며, 온라인 커뮤니티 자체를 연구 재료로 삼지 않으므로 커뮤니티 존재 여부를 인정할 수 없다.",True,1/1,run1:없음
ART002692848,식민주의의 견지에서 본 2000년 여성국제법정: 일본군 성노예제라는 ‘전시 성폭력’,양현아(서울대학교),2021,민주법학,kor,ERR,,,run1:없음,"has_community=True role_relevant=False env_relevant=False | 이 논문은 2000년 일본군성노예전범 여성국제법정의 유산을 계승하여 식민주의적 시각에서 일본군 성노예제의 법 논리를 재구성하는 국제법·역사정의를 다루며, 온라인 커뮤니티나 디지털 공간이 분석 대상이나 연구 재료로 등장하지 않는다.","이 논문은 2000년 일본군성노예전범 여성국제법정의 유산을 계승하여 식민주의적 시각에서 일본군 성노예제의 법 논리를 재구성하는 국제법·역사정의를 다루며, 온라인 커뮤니티나 디지털 공간이 분석 대상이나 연구 재료로 등장하지 않는다.",True,1/1,run1:없음
ART001960087,세월호 사건을 계기로 본 헌법학의 과제,김종서(배재대학교 법학부 교수),2015,저스티스,kor,ERR,,,run1:없음,"has_community=False role_relevant=False env_relevant=False | 이 논문은 세월호 침몰 사건을 전제로 한 헌법 이론 및 실천적 과제(국가책임, 특별법 제정 논란, 국민주권론 재해석, 헌법 개정 등)를 다루며, '일베'는 극우세력의 준동이라는 정치적 현상 중 하나로 일괄 언급될 뿐 온라인 커뮤니티를 분석 대상이나 연구 재료로 삼지 않는다.","이 논문은 세월호 침몰 사건을 전제로 한 헌법 이론 및 실천적 과제(국가책임, 특별법 제정 논란, 국민주권론 재해석, 헌법 개정 등)를 다루며, '일베'는 극우세력의 준동이라는 정치적 현상 중 하나로 일괄 언급될 뿐 온라인 커뮤니티를 분석 대상이나 연구 재료로 삼지 않는다.",True,1/1,run1:없음
ART002174830,인터넷상 ‘아우슈비츠 거짓말’에 대한 독일 연방대법원 판례 고찰,김재윤(전남대학교),2016,법학논총,kor,ERR,,,run1:없음,"has_community=False role_relevant=False env_relevant=False | 이 논문은 5·18 부인행위에 대한 형법적 규제 방안을 논의하는 형법·형사정책 논문으로, 일베 등 온라인 커뮤니티는 부인 내용이 유포되는 매체로 서술에 언급될 뿐, 커뮤니티 자체의 구조·역할·환경을 분석 대상으로 삼지 않는다.","이 논문은 5·18 부인행위에 대한 형법적 규제 방안을 논의하는 형법·형사정책 논문으로, 일베 등 온라인 커뮤니티는 부인 내용이 유포되는 매체로 서술에 언급될 뿐, 커뮤니티 자체의 구조·역할·환경을 분석 대상으로 삼지 않는다.",True,1/1,run1:없음
ART002719641,파리기후변화협약체제와 온실가스 감축목표의 이행,최인호(충남대학교),2021,서울법학,kor,ERR,,,run1:없음,"has_community=True role_relevant=False env_relevant=False | 이 논문은 파리협정과 파리이행규칙의 문언·절차규범·투명성체계·시장메카니즘 등을 검토하는 국제환경법 연구로서, 온라인 커뮤니티를 분석 대상이나 연구 재료로 삼지 않으므로 커뮤니티 존재 여부를 인정할 수 없다.","이 논문은 파리협정과 파리이행규칙의 문언·절차규범·투명성체계·시장메카니즘 등을 검토하는 국제환경법 연구로서, 온라인 커뮤니티를 분석 대상이나 연구 재료로 삼지 않으므로 커뮤니티 존재 여부를 인정할 수 없다.",True,1/1,run1:없음
ART001727952,전자민주주의와 SNS 정치참여의 상관관계에 대한 고찰,이준복(서경대학교),2012,정보법학,kor,ERR,,,run1:없음,"has_community=False role_relevant=False env_relevant=False | 이 논문은 SNS 정치참여와 전자민주주의, 공직선거법상 표현의 자유를 헌법적 관점에서 검토하는 법·정책 연구이며, '온라인 커뮤니티'는 이메일·블로그·UCC 등과 나열된 디지털 플랫폼 중 하나로 잠깐 언급될 뿐, 특정 커뮤니티의 구조·역할·운영 방식을 분석 대상으로 삼지 않는다.","이 논문은 SNS 정치참여와 전자민주주의, 공직선거법상 표현의 자유를 헌법적 관점에서 검토하는 법·정책 연구이며, '온라인 커뮤니티'는 이메일·블로그·UCC 등과 나열된 디지털 플랫폼 중 하나로 잠깐 언급될 뿐, 특정 커뮤니티의 구조·역할·운영 방식을 분석 대상으로 삼지 않는다.",True,1/1,run1:없음
ART001615648,미국의 온라인상 청소년유해정보에 대한 규제와 위헌성심사기준 ― 청소년온라인보호법(The Child Online Protection Act)을 중심으로 ―,박정훈(경희대학교),2011,공법연구,kor,ERR,,,run1:없음,"has_community=True role_relevant=False env_relevant=False | 이 논문은 COPA(청소년온라인보호법) 위헌소송의 판례법리를 분석하여 인터넷상 표현 규제 입법의 헌법적 심사기준을 도출하는 법학 연구로, 특정 온라인 커뮤니티의 구조·역할·운영 환경을 분석 대상으로 삼지 않으며, '인터넷'은 콘텐츠 전달 매체로서 법적 규제의 대상 공간으로만 언급되므로 커뮤니티 분석 대상이 아니다.","이 논문은 COPA(청소년온라인보호법) 위헌소송의 판례법리를 분석하여 인터넷상 표현 규제 입법의 헌법적 심사기준을 도출하는 법학 연구로, 특정 온라인 커뮤니티의 구조·역할·운영 환경을 분석 대상으로 삼지 않으며, '인터넷'은 콘텐츠 전달 매체로서 법적 규제의 대상 공간으로만 언급되므로 커뮤니티 분석 대상이 아니다.",True,1/1,run1:없음
ART002764951,에너지 전환과 지방자치단체의 역할 범위- “강원 2040 탄소중립”을 중심으로,양철(성균관대학교 성균중국연구소),2021,환경법과 정책,kor,ERR,,,run1:없음,"has_community=True role_relevant=False env_relevant=False | 이 논문은 강원도 사례를 중심으로 지방자치단체의 탄소중립·에너지 전환 역할 범위를 정립하는 정책 연구이며, 초록 어디에도 온라인 커뮤니티를 분석 대상이나 연구 재료로 삼는 기사가 없어 온라인 커뮤니티는 존재하지 않는다.","이 논문은 강원도 사례를 중심으로 지방자치단체의 탄소중립·에너지 전환 역할 범위를 정립하는 정책 연구이며, 초록 어디에도 온라인 커뮤니티를 분석 대상이나 연구 재료로 삼는 기사가 없어 온라인 커뮤니티는 존재하지 않는다.",True,1/1,run1:없음
ART002576659,혐오표현 문제 해결을 위한 입법적 연구,윤혜선(한양대학교),2020,법학논총,kor,ERR,,,run1:없음,"has_community=False role_relevant=False env_relevant=False | 이 논문은 혐오표현에 대한 입법적 대응(혐오표현 특별법안)을 제안하는 법·정책 연구이며, 온라인 커뮤니티는 오프라인 집회와 함께 혐오표현이 발생하는 장소로 서술에 언급될 뿐, 특정 커뮤니티의 구조·역할·운영 조건을 분석 대상으로 삼지 않는다.","이 논문은 혐오표현에 대한 입법적 대응(혐오표현 특별법안)을 제안하는 법·정책 연구이며, 온라인 커뮤니티는 오프라인 집회와 함께 혐오표현이 발생하는 장소로 서술에 언급될 뿐, 특정 커뮤니티의 구조·역할·운영 조건을 분석 대상으로 삼지 않는다.",True,1/1,run1:없음
ART002362927,파리협정과 BAU 감축목표 이행에 대한 고찰,유승직(숙명여자대학교),2018,법학연구,kor,ERR,,,run1:없음,"has_community=True role_relevant=False env_relevant=False | 이 논문은 파리협정 하 BAU 감축목표 방식의 불확실성과 온실가스 감축목표 설정방식의 전환을 국제협상 관점에서 다루며, 온라인 커뮤니티를 분석 대상이나 연구 재료로 삼지 않으므로 커뮤니티가 존재하지 않는다.","이 논문은 파리협정 하 BAU 감축목표 방식의 불확실성과 온실가스 감축목표 설정방식의 전환을 국제협상 관점에서 다루며, 온라인 커뮤니티를 분석 대상이나 연구 재료로 삼지 않으므로 커뮤니티가 존재하지 않는다.",True,1/1,run1:없음
ART002846719,출판사업자의 저작인접권 도입에 관한 연구,남기연(단국대학교),2022,아주법학,kor,ERR,,,run1:없음,"has_community=False role_relevant=False env_relevant=False | 이 논문은 출판산업의 불법복제 문제와 저작권법 개정을 연구 대상으로 삼고 있으며, 온라인 커뮤니티는 웹하드·P2P·토렌트·SNS 등과 나란히 불법복제물의 유통 통로로 잠깐 언급될 뿐, 커뮤니티 자체의 구조·역할·운영 조건을 분석하지 않는다.","이 논문은 출판산업의 불법복제 문제와 저작권법 개정을 연구 대상으로 삼고 있으며, 온라인 커뮤니티는 웹하드·P2P·토렌트·SNS 등과 나란히 불법복제물의 유통 통로로 잠깐 언급될 뿐, 커뮤니티 자체의 구조·역할·운영 조건을 분석하지 않는다.",True,1/1,run1:없음
ART002937739,자녀에 대한 모계 성·본 부여의 제약요소와 그 극복방안 : 온라인 여성 커뮤니티의 담론 분석을 중심으로,채혜미(헌법재판소),2023,법과사회,kor,OK,ROLE_WINDOW_MISC,,run1:없음,"has_community=True role_relevant=True env_relevant=False | 이 논문은 맘스홀릭베이비 커뮤니티의 게시글과 댓글을 분석하여 모계 성·본 부여를 회피하는 사회적·규범적 제약요인을 파악하는 것으로, 온라인 커뮤니티는 부성 중심 성·본 관행이라는 외부 사회현상을 관찰하는 창(ROLE_WINDOW)으로 기능하며, 커뮤니티의 구조적·운영적 조건(회원제, 익명성, 제재 방식 등) 자체가 분석 변수로 고려되지 않아 env_relevant는 false이다.","[ROLE] 이 논문은 모계 성･본 미부유 현상의 원인(제약요소)을 규명하기 위해 맘스홀릭베이비 커뮤니티 게시글을 데이터 소스로 활용하는 창(WINDOW_MISC) 역할에 해당하며, 해당 현상은 오프라인 설문이나 면접에서도 동일하게 포착 가능한 부계 성본 관행의 지속이라는 외부 사회현상이므로 FIELD 계열은 배제된다.",True,0/1,run1:ROLE_WINDOW_MISC
ART002782326,유럽연합입법지침 2019/1152 상 온라인 플랫폼노무제공자 보호,김도환(고려대학교 법학연구원 전임연구원),2021,노동법포럼,kor,ERR,,,run1:없음,"has_community=True role_relevant=False env_relevant=False | 이 논문은 온라인 플랫폼노무제공자의 노동법상 보호와 EU 입법지침 2019/1152의 국내 전환을 다루는 법학 연구로서, 여기서의 '온라인 플랫폼'은 노무제공을 매개하는 노동 플랫폼이지 공통 관심사·목적에 기반한 사용자 간 지속적 상호작용과 관계 형성을 전제로 한 온라인 커뮤니티가 아니므로, 대상 커뮤니티가 존재하지 않는다.","이 논문은 온라인 플랫폼노무제공자의 노동법상 보호와 EU 입법지침 2019/1152의 국내 전환을 다루는 법학 연구로서, 여기서의 '온라인 플랫폼'은 노무제공을 매개하는 노동 플랫폼이지 공통 관심사·목적에 기반한 사용자 간 지속적 상호작용과 관계 형성을 전제로 한 온라인 커뮤니티가 아니므로, 대상 커뮤니티가 존재하지 않는다.",True,1/1,run1:없음
ART002467690,온라인 커뮤니티의 거버넌스 ― 운영자와 회원들의 민법상 법률관계 측면에서 ―,이병도(국민연금공단 준법지원실),2019,법학논총,kor,OK,,ENV_COMMUNITY_GOVERNANCE,run1:없음,"has_community=True role_relevant=False env_relevant=True | 이 논문은 온라인 커뮤니티의 회원제 구조, 운영자의 거버넌스 권한 집중, '규약'을 토대로 한 제재 방식, 사단으로서의 법적 성격 등 운영·제재 방식과 회원제 유무라는 구조적·환경적 조건을 민법적 관점에서 분석하고 있으므로 env_relevant이며, 다만 커뮤니티의 사회적 역할(창 또는 장)을 조명하는 것이 아닌 법리적 통제의 필요성을 논하는 것이므로 role_relevant는 false이다.","[ENV] 본 연구는 온라인 커뮤니티의 운영자 권한 집중과 자의적 거버넌스에 대한 민법적 통제를 핵심 분석 대상으로 삼아 ENV_COMMUNITY_GOVERNANCE가 명확히 부여되나, 회원제 차이·커뮤니티 생애주기·익명성 수준에 대한 비교 분석은 전무하여 나머지 세 코드는 미부여이다.",True,0/1,run1:ENV_COMMUNITY_GOVERNANCE
ART003291413,교정공무원의 감정노동과 직무소진의 관계: 자기연민을 통한 사회적 지원의 조절된 매개효과,권미경(서울구치소),2025,교정연구,kor,ERR,,,run1:없음,"has_community=False role_relevant=False env_relevant=False | 온라인 커뮤니티 '담장밖의 교도관'은 교정공무원 341명을 모집하기 위한 설문 배포 통로로만 언급될 뿐, 커뮤니티 자체나 그 내의 상호작용·구조를 분석 대상으로 삼지 않으므로 본 연구는 온라인 커뮤니티를 연구 대상이 아닌 채집 수단에 불과하게 활용한다.","온라인 커뮤니티 '담장밖의 교도관'은 교정공무원 341명을 모집하기 위한 설문 배포 통로로만 언급될 뿐, 커뮤니티 자체나 그 내의 상호작용·구조를 분석 대상으로 삼지 않으므로 본 연구는 온라인 커뮤니티를 연구 대상이 아닌 채집 수단에 불과하게 활용한다.",True,1/1,run1:없음
ART003333860,아동・청소년 성매매에서 성착취로의 개념 전환과 법제도적 과제,박상민(한국여성정책연구원),2026,비교형사법연구,kor,ERR,,,run1:없음,"has_community=False role_relevant=False env_relevant=False | 이 논문은 디지털 환경에서 아동·청소년 성적 침해의 법적·정책적 대응을 주된 연구 대상으로 삼고 있으며, '온라인 커뮤니티'는 SNS·메신저 등과 나란히 범죄가 발생하는 디지털 채널 중 하나로 잠깐 언급될 뿐, 특정 커뮤니티의 구조·운영·사회적 역할을 분석 대상으로 삼지 않는다.","이 논문은 디지털 환경에서 아동·청소년 성적 침해의 법적·정책적 대응을 주된 연구 대상으로 삼고 있으며, '온라인 커뮤니티'는 SNS·메신저 등과 나란히 범죄가 발생하는 디지털 채널 중 하나로 잠깐 언급될 뿐, 특정 커뮤니티의 구조·운영·사회적 역할을 분석 대상으로 삼지 않는다.",True,1/1,run1:없음
ART001027456,온라인 공동체 유형에 따른 서비스품질평가에 관한 연구,최철재(단국대학교),2006,경영법률,none,NO_ABSTRACT,,,,,초록 없음 (KOR_ABST/ENG_ABST 둘 다 없음),,,
ART002687487,노인의 디지털리터러시 능력이 정치효능감에 미치는 영향: 사회적 지지의 조절효과,지경미(숭실대학교),2021,인문사회 21,kor,ERR,,,run1:없음,"has_community=False role_relevant=False env_relevant=False | 이 논문은 노인의 디지털리터러시가 정치효능감에 미치는 영향과 사회적지지의 조절효과를 연구하는 개인 수준 변인 간 관계 분석이며, 온라인 커뮤니티는 도입부에서 정치참여의 '경로'로 일회성 언급될 뿐 그 상호작용·구조·동학이 분석 대상이 되지 않는다.","이 논문은 노인의 디지털리터러시가 정치효능감에 미치는 영향과 사회적지지의 조절효과를 연구하는 개인 수준 변인 간 관계 분석이며, 온라인 커뮤니티는 도입부에서 정치참여의 '경로'로 일회성 언급될 뿐 그 상호작용·구조·동학이 분석 대상이 되지 않는다.",True,1/1,run1:없음
ART001014638,청소년의 사이버커뮤니티 참여와 사회관계 특성에 관한 연구,조혜영(한국청소년정책연구원),2006,한국청소년연구,kor,OK,ROLE_FIELD_SOCIALCAPITAL,,run1:없음,"has_community=True role_relevant=True env_relevant=True | 이 논문은 청소년의 생활세계로서의 사이버커뮤니티를 사회관계 형성의 '장'으로 조명하면서, 커뮤니티 내 회원 등급·위계·규칙 등 구조적 조건이 오프라인(연령 기반) 위계와 비교해 지식·정보 능력 중심으로 사회관계의 성격이 어떻게 달라지는지를 분석하므로 환경 조건에 따른 차이 비교가 포함된다.","[ROLE] 본 연구는 청소년이 사이버커뮤니티 공간 안에서 형성하는 상호작용·사회관계의 구조(범위·깊이·이질성·위계)를 오프라인 관계와 비교하며 분석하므로, 커뮤니티 공간 자체에서 이용자 간 관계적 자원이 형성·운영되는 과정을 조명하는 FIELD–SOCIALCAPITAL에 해당한다. | [ENV] 회원 등급·위계·규칙의 존재를 서술만 하고, 회원 등급 간 결과 차이 비교나 구체적 운영체계의 분석, 커뮤니티 자체의 생애주기 추적, 익명성 수준 비교를 모두 다루지 않으므로 4개 ENV 코드 모두 미부여로 판단한다.",True,0/1,run1:ROLE_FIELD_SOCIALCAPITAL
ART001113729,온라인 게임에 나타난 청소년의 공동체 문화에 관한 연구,양철진(행신중학교),2006,청소년학연구,kor,OK,ROLE_FIELD_SOCIALCAPITAL,,run1:없음,"has_community=True role_relevant=True env_relevant=False | 이 논문은 온라인 게임 내 길드·가족 등 공동체 형성과 그 문화 현상을 분석 대상으로 삼아 공동체 공간 자체의 사회적 역할(윤리적 규범, 정서적 유대, 권력 구조)을 조명하나, 운영 방침·익명성·제재 방식 등 구조적 조건에 따른 차이나 비교는 다루지 않는다.","[ROLE] 온라인 게임이라는 공간 안에서 형성되는 길드·가족 등 공동체의 친밀감·정서적 유대·공동체 유지 규범 등 이용자 간 관계적 자원의 존재와 효과를 분석하므로 FIELD 계열의 SOCIALCAPITAL에 부여하고, 바깥 사회현상을 보여주는 WINDOW는 해당하지 않는다.",True,0/1,run1:ROLE_FIELD_SOCIALCAPITAL
ART001656173,CIPP 평가모형을 적용한 대학 e-러닝 영어전용강좌(EMI)의 학습만족도 연구,박종민(롯데인재개발원),2012,학습과학연구,kor,ERR,,,run1:없음,"has_community=False role_relevant=False env_relevant=False | 이 논문은 e-러닝 EMI의 만족도 및 학습환경 구성요인을 CIPP 모형으로 평가하는 연구로서, '온라인커뮤니티'는 학습관리시스템의 부가 기능(온라인콘텐츠, 온라인튜터, 학습도구 등) 중 하나로서 만족도 설문 항목에 불과하며, 공통 관심사를 가진 사용자의 지속적 상호작용과 관계 형성을 전제로 한 독립적 커뮤니티를 분석 대상으로 삼지 않는다.","이 논문은 e-러닝 EMI의 만족도 및 학습환경 구성요인을 CIPP 모형으로 평가하는 연구로서, '온라인커뮤니티'는 학습관리시스템의 부가 기능(온라인콘텐츠, 온라인튜터, 학습도구 등) 중 하나로서 만족도 설문 항목에 불과하며, 공통 관심사를 가진 사용자의 지속적 상호작용과 관계 형성을 전제로 한 독립적 커뮤니티를 분석 대상으로 삼지 않는다.",True,1/1,run1:없음
ART001170166,청소년의 인터넷 이용 시간이 일상적 시간에 미치는 영향 : 인터넷 이용유형을 기준으로,유승호(강원대학교),2005,한국청소년연구,kor,ERR,,,run1:없음,"has_community=False role_relevant=False env_relevant=False | 이 논문은 청소년 인터넷 이용유형별 시간 배분 패턴을 분석하는 시간사용(time-use) 연구로, '온라인 커뮤니티 참여 시간'은 미디어 이용시간이나 대인관계 시간과 나란히 측정되는 여러 시간 변수 중 하나에 불과하며, 커뮤니티 자체의 구조·역할·운영 조건을 분석 대상으로 삼지 않는다.","이 논문은 청소년 인터넷 이용유형별 시간 배분 패턴을 분석하는 시간사용(time-use) 연구로, '온라인 커뮤니티 참여 시간'은 미디어 이용시간이나 대인관계 시간과 나란히 측정되는 여러 시간 변수 중 하나에 불과하며, 커뮤니티 자체의 구조·역할·운영 조건을 분석 대상으로 삼지 않는다.",True,1/1,run1:없음
ART001234562,"청소년 미니홈피, 블로그의 사회관계 및 일상문화; 중학생 이용자의 사례를 중심으로",윤명희(보건복지가족부),2008,청소년학연구,kor,OK,ROLE_WINDOW_MISC,,run1:없음,"has_community=True role_relevant=True env_relevant=False | 이 논문은 청소년의 미니홈피·블로그를 커뮤니티 관점에서 분석하여 디지털 세대의 사회관계와 일상문화를 조명하는 창(ROLE_WINDOW)으로 활용하나, 회원제·익명성·운영 방침 등 커뮤니티의 구조적·환경적 조건에 따른 차이 또는 변화를 다루지 않는다.","[ROLE] 이 논문은 청소년 미니홈피·블로그를 데이터 소스로 삼아 디지털 세대의 형성, 탈현대적 일상문화(이미지주의·부족주의·자기표현), 오프라인 사회관계의 재생산 등 온라인 커뮤니티 외부에 실체가 있는 세대·문화 현상을 포착하는 창(WINDOW_MISC)으로 기능하며, 커뮤니티 공간 자체의 공론장 역할이나 이용자 간 관계적 자원 형성을 분석 대상으로 삼지 않는다.",True,0/1,run1:ROLE_WINDOW_MISC
ART002821247,"진로교육이 청소년의 진로성숙, 자기조절, 학업참여에 미치는 동시 및 지연효과",안현선(고려대학교),2022,청소년학연구,kor,ERR,,,run1:없음,"has_community=False role_relevant=False env_relevant=False | 이 논문은 진로교육 경험이 학생의 진로성숙·학업참여·자기조절에 미치는 효과를 종단자료로 검증하는 연구이며, '온라인 커뮤니티'는 진로교육 경험 항목 중 '대중매체 및 온라인 커뮤니티를 통한 정보 수집'이라는 설문 문항으로만 등장할 뿐, 커뮤니티 자체의 구조·역할·운영 조건을 분석 대상으로 삼지 않는다.","이 논문은 진로교육 경험이 학생의 진로성숙·학업참여·자기조절에 미치는 효과를 종단자료로 검증하는 연구이며, '온라인 커뮤니티'는 진로교육 경험 항목 중 '대중매체 및 온라인 커뮤니티를 통한 정보 수집'이라는 설문 문항으로만 등장할 뿐, 커뮤니티 자체의 구조·역할·운영 조건을 분석 대상으로 삼지 않는다.",True,1/1,run1:없음
ART002867777,MZ세대인 대학생들의 수강 신청 의사결정에 미치는 요인 연구,김현숙(대구대학교),2022,인문사회 21,kor,ERR,,,run1:없음,"has_community=False role_relevant=False env_relevant=False | 이 논문은 MZ세대 대학생의 수강 과목 선택 기준과 효율적 수업방식을 연구하는 것이 주목적이며, 에브리타임 등 온라인 커뮤니티 앱은 수강 결정에 미치는 영향의 한 변수로 서술될 뿐, 커뮤니티 자체의 상호작용·구조·역할을 분석 대상으로 삼지 않는다.","이 논문은 MZ세대 대학생의 수강 과목 선택 기준과 효율적 수업방식을 연구하는 것이 주목적이며, 에브리타임 등 온라인 커뮤니티 앱은 수강 결정에 미치는 영향의 한 변수로 서술될 뿐, 커뮤니티 자체의 상호작용·구조·역할을 분석 대상으로 삼지 않는다.",True,1/1,run1:없음
ART002559182,반일 민족주의와 시민적 조절의 가능성,이지원(한림대학교),2020,인문사회 21,kor,OK,ROLE_WINDOW_MISC,,run1:없음,"has_community=True role_relevant=True env_relevant=False | 이 논문은 '노 재팬' 불매운동 및 중구청의 깃발 게양 시도에 대한 클리앙 커뮤니티의 언설을 분석하여 한국 사회의 반일 민족주의와 시민적 조절 가능성을 파악하는 창(ROLE_WINDOW_POLARIZE)으로 온라인 커뮤니티를 활용하나, 커뮤니티의 구조적·환경적 조건(회원제, 익명성, 운영방침, 생애주기 등)에 따른 차이·비교는 고려하지 않는다.","[ROLE] 이 논문은 2019년 일본 경제규제 이후 고조된 '반일 민족주의'라는 외부 사회현상의 실상과 시민적 조절 가능성을 검토하기 위해 클리앙의 언설을 자료로 삼는 창(WINDOW_MISC)으로의 활용이 주된 역할이며, 민족주의적 진영 대립이나 혐오 표현 확산 자체가 분석 대상이 아닌 부차적 언급에 그친다.",True,0/1,run1:ROLE_WINDOW_MISC
ART002539691,온라인 커뮤니티에 나타난 부동산시장 참여자 심리와 부동산시장 변동 간의 인과관계분석,허선영(경상대학교 공학연구원),2019,주거환경,kor,OK,ROLE_WINDOW_MISC,,run1:없음,"has_community=True role_relevant=True env_relevant=False | 부동산 온라인 커뮤니티의 게시글을 정량화하여 심리지수를 산출하고 실제 시장 변화와 그랜저 인과관계를 규명하는 이 논문은, 커뮤니티를 시장참여자의 집단적 심리가 형성·유통되는 창(ROLE_WINDOW)으로 활용하나, 회원제·익명성·운영 방침 등 커뮤니티의 구조적·환경적 조건에 따른 차이·비교를 다루지 않으므로 env_relevant는 불인정된다.","[ROLE] 이 논문은 부동산 온라인 커뮤니티 게시글을 심리지수 산출의 자료원으로 활용하여 시장 참여자 심리와 부동산 가격·거래 변동 사이의 시계열적 인과관계를 규명하는 것이므로, 커뮤니티 자체의 역할이 아닌 외부 사회현상(부동산 시장 심리)을 측정하는 창(WINDOW_MISC)으로 기능한다.",True,0/1,run1:ROLE_WINDOW_MISC
ART002358828,디지털 공간에 구성되는 노스탤지어의 사회적 리얼리티,윤희진(인하대학교),2018,인문사회 21,kor,OK,ROLE_WINDOW_MISC,,run1:없음,"has_community=True role_relevant=True env_relevant=False | 이 논문은 고향에 대한 담론을 지속적으로 재생산하는 온라인 커뮤니티의 텍스트를 분석 대상으로 삼아 노스탤리아가 디지털 공간에서 어떻게 이야기되는지를 살펴봄으로써, 커뮤니티를 노스탤리아 담론이 구성·유지되는 장(ROLE_FIELD_PUBLICSPHERE)으로 조명하고 있으나, 커뮤니티의 구조적·환경적 조건(회원제, 익명성, 운영방침 등)에 따른 차이·비교는 다루지 않는다.","[ROLE] 노스탤리아·고향 담론이라는 외부 문화·정서 현상이 온라인 커뮤니티 텍스트라는 창을 통해 어휘·감정 구조로 드러나는 것을 분석하는 WINDOW_MISC에 해당하며, 커뮤니티 공간 자체의 공론장·사회자본 역할은 다루지 않는다.",True,0/1,run1:ROLE_WINDOW_MISC
ART002252452,21세기 참여민주주의 모색에 관한 연구-2016년 촛불집회를 중심으로-,이윤정(조선대학교),2017,인문사회 21,kor,ERR,,,run1:없음,"has_community=False role_relevant=False env_relevant=False | 이 논문의 분석 대상은 2016년 촛불집회라는 오프라인 집회와 자발적 참여 동학이며, 온라인 커뮤니티는 'SNS 상에 형성된 수많은 온라인 커뮤니티에 의해 추동됐다'는 결과 서술에서 스마트폰·단문메시지와 나란히 하나의 기여 요인으로만 언급될 뿐, 그 자체를 분석 대상으로 삼지 않는다.","이 논문의 분석 대상은 2016년 촛불집회라는 오프라인 집회와 자발적 참여 동학이며, 온라인 커뮤니티는 'SNS 상에 형성된 수많은 온라인 커뮤니티에 의해 추동됐다'는 결과 서술에서 스마트폰·단문메시지와 나란히 하나의 기여 요인으로만 언급될 뿐, 그 자체를 분석 대상으로 삼지 않는다.",True,1/1,run1:없음
ART001365182,청소년 인터넷 이용자의 ‘한류’ 인식에 대한 질적 연구,윤경원(캐나다 브리티시컬럼비아대학교),2009,청소년학연구,kor,OK,ROLE_WINDOW_MISC,,run1:없음,"has_community=True role_relevant=True env_relevant=False | 이 논문은 청소년 대상 온라인 커뮤니티의 게시글·토론글을 분석하여 한류 담론의 수용 과정을 고찰하며, 커뮤니티를 '청소년 공론장'으로서의 사회적 역할(장)로 조명하나, 회원제·익명성·운영 방침 등 구조적·환경적 조건에 따른 차이·비교를 다루지 않는다.","[ROLE] 이 논문은 온라인 커뮤니티를 '한류 담론의 수용·재생산과 지구화 속 청소년의 문화적 의미 재구성'이라는 외부 사회·문화 현상을 관찰하는 창으로 활용하므로 ROLE_WINDOW_MISC에 해당하며, '청소년 공론장' 언급은 데이터 소스 선택의 근거일 뿐 공론장 기능의 검증·평가 자체는 분석 대상이 아니므로 FIELD 계열은 미부여한다.",True,0/1,run1:ROLE_WINDOW_MISC
ART002849148,한국 거주 우즈베크 어머니들의 육아 경험에 관한 네트노그래피 연구,"SHUKUROVA MEKHRINISO(건국대학교 이주, 사회통합연구소)",2022,인문사회 21,kor,OK,ROLE_FIELD_SOCIALCAPITAL,,run1:없음,"has_community=True role_relevant=True env_relevant=False | 이 논문은 한국 거주 우즈벡 어머니들의 육아 문제를 해결하는 데 온라인 커뮤니티가 물리적 커뮤니티를 대체하여 소속감과 상호 지원의 장(ROLE_FIELD_SUPPORT)으로 기능하는가를 분석하나, 커뮤니티의 구조적·환경적 조건(회원제, 익명성, 운영 방침 등)에 따른 차이나 비교를 다루지 않는다.","[ROLE] 이 논문은 우즈베키스탄 모국 커뮤니티가 물리적 공동체를 대체하여 초보 산모와 경력 산모 간 경험·지도를 매개로 '함께함의 느낌(sense of togetherness)'을 형성하는 관계적 자원(신뢰·연대·네트워크)의 장으로서 기능하는지를 분석하므로, FIELD 계열 중 SOCIALCAPITAL이 부여되고, WINDOW 계열은 공론장·양극화·젠더·혐오와 무관하며 '외국인 가양육 과업'이라는 외부 현상을 보여준다는 약한 가능성 외에는 미부여된다.",True,0/1,run1:ROLE_FIELD_SOCIALCAPITAL
ART002910153,소셜 빅데이터로 알아본 코로나19와 초등 방과후돌봄: 네트워크와 토픽모델링 접근,장여옥(광운대학교),2022,미래청소년학회지,kor,ERR,,,run1:없음,"has_community=False role_relevant=False env_relevant=False | 이 논문은 네이버 카페를 초등 방과후돌봄 관련 텍스트 데이터의 수집 채널로만 활용하여 텍스트마이닝·토픽모델링을 수행하는 것으로, 커뮤니티 자체의 구조·역할·운영 조건을 분석 대상으로 삼지 않으므로 커뮤니티가 연구의 재료가 아닌 분석 대상이 아니다.","이 논문은 네이버 카페를 초등 방과후돌봄 관련 텍스트 데이터의 수집 채널로만 활용하여 텍스트마이닝·토픽모델링을 수행하는 것으로, 커뮤니티 자체의 구조·역할·운영 조건을 분석 대상으로 삼지 않으므로 커뮤니티가 연구의 재료가 아닌 분석 대상이 아니다.",True,1/1,run1:없음
ART002896907,디지털 네이티브의 정체성 동학: 일베 청소년을 중심으로,이수정(한국교육과정평가원),2022,청소년학연구,kor,ERR,,,run1:없음,"has_community=True role_relevant=True env_relevant=False | 이 논문은 일간베스트라는 온라인 커뮤니티를 장기간 이용해 온 디지털 네이티브 청소년의 정체성 동학을 분석함으로써, 커뮤니티를 정체성 구성·변화가 일어나는 사회적 장(ROLE_FIELD)이자 디지털 세대 정체성 현상을 보여주는 창(ROLE_WINDOW)으로 조명하지만, 회원제·익명성·생애주기·운영 방침 등 커뮤니티의 구조적·환경적 조건을 변수로 삼아 차이·비교·변화를 분석하지는 않는다.","[ROLE] 본 연구는 일간베스트 등 온라인 커뮤니티를 장기간 이용한 20대 후기 청소년의 심층 인터뷰를 통해 '정체성 동학'을 분석하며, 온라인 커뮤니티가 정체성 형성의 공간 자체로서 기능하지만, 그 분석 초점이 공론장 검증이나 이용자 간 관계적 자원(연대·네트워크)의 효과에 있는 것이 아니라 개인이 내면화하는 정체성·위계·규범의 구성 과정에 있으므로 FIELD 계열 두 코드 모두 적용 대상에서 제외되며, '디지털 네이티브 정체성 형성'이 광의의 사회현상으로 볼 여지가 있으나 온라인 커뮤니티가 그 현상을 보여주는 창이라기보다 현상 자체가 온라인 공간 안에서 구성되는 것이므로 WINDOW_MISC도 0.5에 미치지 못한다.",True,1/1,run1:없음
ART003102092,성차별주의와 피해자 의식이 여성정책에 대한 인식에 미치는 영향: 경쟁적 피해자 의식의 매개효과를 중심으로,석승혜(건국대학교 4단계 BK21 사업단),2024,사회통합연구,kor,ERR,,,run1:없음,"has_community=False role_relevant=False env_relevant=False | 이 논문은 젠더갈등에서의 경쟁적 피해자 의식과 성차별주의가 여성정책 인식에 미치는 영향을 분석하는 사회심리학 연구이며, '온라인 설문조사'란 말은 데이터 수집 방식일 뿐 온라인 커뮤니티를 분석 대상으로 삼지 않는다.","이 논문은 젠더갈등에서의 경쟁적 피해자 의식과 성차별주의가 여성정책 인식에 미치는 영향을 분석하는 사회심리학 연구이며, '온라인 설문조사'란 말은 데이터 수집 방식일 뿐 온라인 커뮤니티를 분석 대상으로 삼지 않는다.",True,1/1,run1:없음
ART003194888,Social and Religious Challenges and Social Adaptation of Uzbek Marriage Migrants in South Korea,Aliyorova Nazirakhon Lochinbek Kizi(전남대학교),2025,사회통합연구,kor,OK,ROLE_WINDOW_MISC,,run1:없음,"has_community=True role_relevant=True env_relevant=False | 이 논문은 우즈벡 결혼이민 여성의 문화·종교적 적응을 분석하는 과정에서 '우즈벡 여성 온라인 커뮤니티'를 핵심 변수 중 하나로 설정하고, 이 커뮤니티가 식료품 정보 공유·종교적 어려움 교환·정서적 안정 제공 등 적응을 매개하는 창(ROLE_WINDOW)으로 기능하는지를 조명하나, 회원제·운영 방식·익명성 등 커뮤니티의 구조적·환경적 조건에 따른 차이·비교는 다루지 않는다.","[ROLE] 본 연구의 핵심 분석 대상은 우즈베크 결혼이민 여성의 문화·종교적 적응과 사회통합이라는 외부 사회현상이며, 온라인 커뮤니티는 남편·시댁·정부 프로그램과 나란히 적응 과정의 영향 변수 중 하나로 제시되는 창(Window)이므로 WINDOW_MISC에 해당한다.",True,0/1,run1:ROLE_WINDOW_MISC
ART001116648,인터넷 커뮤니티의 사회적 지지가 커뮤니티 몰입과 동일시 및 개인의 자아존중감에 미치는 영향,박유진(아주대학교),2005,한국심리학회지: 사회및성격,kor,OK,ROLE_FIELD_SOCIALCAPITAL,,run1:없음,"has_community=True role_relevant=True env_relevant=False | 이 논문은 온라인 커뮤니티에서 교환되는 사회적 지지가 구성원의 몰입·자아존중감·스트레스 지각에 미치는 영향을 분석하여, 커뮤니티가 사회적 지지를 매개로 정신건강에 기여하는 사회적 역할(장)을 조명하나, 회원제·익명성·운영 방침 등 커뮤니티의 구조적·환경적 조건에 따른 차이를 변인으로 다루지 않는다.","[ROLE] 본 연구는 온라인 커뮤니티 공간 안에서 이용자 간 교환되는 사회적 지지(관계적 자원)가 커뮤니티 몰입·동일시 및 개인 심리(자아존중감·스트레스)에 미치는 영향을 분석하므로, 커뮤니티라는 장 내부의 관계적 자원 형성과 그 효과를 다룬 FIELD 계열(SOCIALCAPITAL)에 해당한다.",True,0/1,run1:ROLE_FIELD_SOCIALCAPITAL
ART001038658,유대강도에 따른 정보방향성과 정보유형이 구전의도에 미치는 영향,김재휘(중앙대학교),2006,한국심리학회지: 소비자·광고,kor,ERR,,,run1:없음,"has_community=True role_relevant=False env_relevant=False | 이 논문은 인적 네트워크를 통한 정보 확산에서 유대강도·정보방향성·정보유형이 구전의도에 미치는 영향을 다루며, 온라인 커뮤니티라는 디지털 공간을 분석 대상으로 삼지 않고 일반적인 interpersonal network에서 word-of-mouth를 연구하므로, 커뮤니티가 연구의 재료로 활용되지 않는다.","이 논문은 인적 네트워크를 통한 정보 확산에서 유대강도·정보방향성·정보유형이 구전의도에 미치는 영향을 다루며, 온라인 커뮤니티라는 디지털 공간을 분석 대상으로 삼지 않고 일반적인 interpersonal network에서 word-of-mouth를 연구하므로, 커뮤니티가 연구의 재료로 활용되지 않는다.",True,1/1,run1:없음
ART001640111,온라인 브랜드 커뮤니티 특성과 자기결정성이 브랜드 자산에 미치는 영향에 관한 연구,최수형(한양대학교),2012,한국심리학회지: 소비자·광고,kor,OK,ROLE_WINDOW_MISC,,run1:없음,"has_community=True role_relevant=True env_relevant=True | 이 논문은 온라인 브랜드 커뮤니티를 브랜드 자산 형성을 위한 '장'으로 분석하는 동시에, 정보제공성·활동보상성·상호작용성이라는 커뮤니티의 구조적·운영적 조건이 커뮤니티 몰입과 브랜드 자산에 미치는 차이를 검증하여 환경(ENV) 요인을 함께 고려한다.","[ROLE] 이 논문은 온라인 브랜드 커뮤니티를 '매개'로 삼아 브랜드-고객 관계와 브랜드 자산 형성이라는 커뮤니티 외부에 실체로 존재하는 마케팅 현상을 분석하는 것이므로, 해당 사회현상을 보여주는 창(WINDOW_MISC)으로 기능한다. | [ENV] 본 논문은 온라인 브랜드 커뮤니티의 세 가지 특성(정보제공성·활동보상성·상호작용성)을 설문 항목으로 포함하여 브랜드 자산에 대한 회귀분석을 수행하는 마케팅 연구이므로, 회원제·운영체계·생애주기·익명성 중 어느 하나도 집단 간 비교·차이 분석의 대상으로 삼지 않는다.",True,0/1,run1:ROLE_WINDOW_MISC
ART002234272,대인관계 불만족과 인터넷 게임 중독의 관계에서 게임 이용 동기의 매개효과: 성별 간 차이,정겨운(강원대학교),2017,한국심리학회지: 건강,kor,ERR,,,run1:없음,"has_community=False role_relevant=False env_relevant=False | 온라인 커뮤니티는 인터넷 게임 이용자 표본을 모집하는 통로로만 언급되며, 커뮤니티 자체가 분석 대상이 되거나 그 구조·역할이 조명되지 않으므로 커뮤니티 존재 여부를 인정할 수 없다.","온라인 커뮤니티는 인터넷 게임 이용자 표본을 모집하는 통로로만 언급되며, 커뮤니티 자체가 분석 대상이 되거나 그 구조·역할이 조명되지 않으므로 커뮤니티 존재 여부를 인정할 수 없다.",True,1/1,run1:없음
ART001531093,소비자 주도형 온라인 브랜드 커뮤니티의 자발적 생성에 미치는 요인에 대한 탐색적 연구,최지원(SK마케팅앤컴퍼니),2011,한국심리학회지: 소비자·광고,kor,OK,ROLE_WINDOW_MISC,,run1:없음,"has_community=True role_relevant=True env_relevant=False | 이 논문은 소비자가 주도하는 자발적 온라인 브랜드 커뮤니티를 분석 대상으로 삼아 그 생성 요인을 탐색함으로써, 커뮤니티 공간을 소비자 간 정보 공유와 브랜드 충성도 형성의 '장'으로 조명하나, 회원제·익명성·운영 방침 등 구조적·환경적 조건에 따른 차이·비교를 다루지 않으므로 env_relevant는 아니다.","[ROLE] 본 연구는 온라인 브랜드 커뮤니티를 공간 자체의 사회역할이 아니라, 소비자-브랜드 관계·브랜드 충성도·마케팅 효과라는 오프라인에도 존재하는 현상을 보여주는 사례로 활용하므로 WINDOW_MISC에 해당한다.",True,0/1,run1:ROLE_WINDOW_MISC
ART002863708,"자기자비 글쓰기가 유방암 환자의 우울, 불안, 주관적 웰빙 및 삶의 질에 미치는 영향",권보현(덕성여자대학교 심리학과),2022,한국심리학회지: 건강,kor,ERR,,,run1:없음,"has_community=False role_relevant=False env_relevant=False | 유방암 환자 온라인 커뮤니티는 연구 참여자 모집 통로로만 활용되었고, 커뮤니티 자체의 구조·역할·운영 방침이 분석 대상이 아니므로 연구의 재료로 활용되지 않는다.","유방암 환자 온라인 커뮤니티는 연구 참여자 모집 통로로만 활용되었고, 커뮤니티 자체의 구조·역할·운영 방침이 분석 대상이 아니므로 연구의 재료로 활용되지 않는다.",True,1/1,run1:없음
ART002511659,대학생의 젠더혐오표현에 대한 암묵적 태도 측정-암묵적 연합 검사(IAT)를 중심으로-,성나경(경기대학교),2019,한국심리학회지:여성,kor,ERR,,,run1:없음,"has_community=False role_relevant=False env_relevant=False | 일간베스트·워마드는 선행연구에서 추출한 혐오단어 목록을 IAT 실험 자극어로 이용하는 데 그칠 뿐, 본 연구의 분석 대상은 대학생을 대상으로 한 암묵적 연합검사 결과이며, 온라인 커뮤니티 자체의 구조·역할·환경을 연구하지 않으므로 커뮤니티 존재 여부가 성립하지 않는다.","일간베스트·워마드는 선행연구에서 추출한 혐오단어 목록을 IAT 실험 자극어로 이용하는 데 그칠 뿐, 본 연구의 분석 대상은 대학생을 대상으로 한 암묵적 연합검사 결과이며, 온라인 커뮤니티 자체의 구조·역할·환경을 연구하지 않으므로 커뮤니티 존재 여부가 성립하지 않는다.",True,1/1,run1:없음
ART002271701,인터넷 여성운동 커뮤니티 이용자들의 성적 정체감 및 자아정체감 변화에 대한 탐색적 연구: CQR-M분석을 중심으로,오보영(광운대학교),2017,한국심리학회지:여성,kor,OK,ROLE_WINDOW_MISC,,run1:없음,"has_community=True role_relevant=True env_relevant=False | 이 논문은 2세대 여성운동의 온라인 커뮤니티를 분석 대상으로 삼아, 회원들의 가입동기와 활동 후 정체감 변화를 통해 커뮤니티가 여성인권 운동의 공론장·정체성 형성의 장(ROLE_FIELD_PUBLICSPHERE)으로서 어떤 사회적 역할을 하는지 조명하지만, 회원제 유무·운영·제재 방식·익명성 등 커뮤니티의 구조적·환경적 조건을 비교·분석하지는 않으므로 env_relevant는 false이다.","[ROLE] 본 연구는 온라인 여성인권 커뮤니티를 통해 그 바깥에 실체가 있는 '2세대 여성운동'이라는 사회현상(여성인권 운동)을 이해하고자 하므로, 커뮤니티 공간 자체의 공론장·사회자본 기능을 평가하지 않고 외부 집단의 활동 사례로 커뮤니티를 활용하는 WINDOW_MISC에 해당한다.",True,0/1,run1:ROLE_WINDOW_MISC
ART002226187,의료사고 환자들의 외상후 스트레스 장애(PTSD) 실태: 의료진의 설명 및 태도와 사회적 지지의 상호작용,김나연(연세대학교),2017,한국심리학회지: 문화 및 사회문제,kor,ERR,,,run1:없음,"has_community=False role_relevant=False env_relevant=False | 의료사고 관련 온라인 커뮤니티는 PTSD 연구의 응답자 모집 통로로만 활용되었으며, 커뮤니티 자체의 구조·역할·환경이 분석 대상이 아니므로 커뮤니티 존재 여부를 부정한다.","의료사고 관련 온라인 커뮤니티는 PTSD 연구의 응답자 모집 통로로만 활용되었으며, 커뮤니티 자체의 구조·역할·환경이 분석 대상이 아니므로 커뮤니티 존재 여부를 부정한다.",True,1/1,run1:없음
ART003045729,평가염려 완벽주의와 진로스트레스의 관계 : 진로결정 자기효능감과 학업지연의 병렬다중매개효과,이지은(건양대학교 대학원),2023,명상심리상담,kor,ERR,,,run1:없음,"has_community=False role_relevant=False env_relevant=False | 이 논문은 평가염려 완벽주의와 진로스트레스의 매개효과를 검증하는 심리·진로 연구이며, 온라인 커뮤니티는 설문 표집 통로로만 활용되었을 뿐 커뮤니티 자체의 구조·역할·환경을 분석 대상으로 삼지 않는다.","이 논문은 평가염려 완벽주의와 진로스트레스의 매개효과를 검증하는 심리·진로 연구이며, 온라인 커뮤니티는 설문 표집 통로로만 활용되었을 뿐 커뮤니티 자체의 구조·역할·환경을 분석 대상으로 삼지 않는다.",True,1/1,run1:없음
ART003030817,한국판 의도적 동료지원 핵심역량 (Korean version of the Intentional Peer Support Core Competencies) 척도 타당화,심석(한동대학교),2023,재활심리연구,kor,ERR,,,run1:없음,"has_community=False role_relevant=False env_relevant=False | 정신장애인 당사자들의 온라인 커뮤니티는 설문조사 응답자 모집 통로로만 언급될 뿐, 커뮤니티 자체의 구조·역할·운영 조건이 분석 대상이 되지 않으므로 커뮤니티 분석 대상이 아니다.","정신장애인 당사자들의 온라인 커뮤니티는 설문조사 응답자 모집 통로로만 언급될 뿐, 커뮤니티 자체의 구조·역할·운영 조건이 분석 대상이 되지 않으므로 커뮤니티 분석 대상이 아니다.",True,1/1,run1:없음
ART003177042,대학생의 공허감과 스마트폰 과의존 간의 관계: 경험회피의 매개효과와 지각된 사회적 지지의 조절된 매개효과,성재경(경상국립대학교 심리학과),2025,한국심리학회지: 문화 및 사회문제,kor,ERR,,,run1:없음,"has_community=True role_relevant=False env_relevant=False | 온라인 커뮤니티는 대학생 281명을 모집하는 표집 통로로만 사용되었고, 커뮤니티 자체의 구조·역할·환경 조건이 분석 대상이 아니므로 커뮤니티 존재는 인정하되 ROLE·ENV 모두 해당하지 않는다.","온라인 커뮤니티는 대학생 281명을 모집하는 표집 통로로만 사용되었고, 커뮤니티 자체의 구조·역할·환경 조건이 분석 대상이 아니므로 커뮤니티 존재는 인정하되 ROLE·ENV 모두 해당하지 않는다.",True,1/1,run1:없음
ART003244485,진로스트레스가 학업지연에 미치는 영향: 평가염려 완벽주의와 개인기준 완벽주의의 다중병렬매개효과,정소연(건양대학교 대학원),2025,명상심리상담,kor,ERR,,,run1:없음,"has_community=False role_relevant=False env_relevant=False | 온라인 커뮤니티는 진로 스트레스·완벽주의·학업 지연을 다루는 설문 표집을 위한 모집 통로로만 활용되며, 커뮤니티 자체를 분석 대상이나 그 구조적 조건으로 고려하지 않으므로 커뮤니티 존재 여부를 인정하지 않는다.","온라인 커뮤니티는 진로 스트레스·완벽주의·학업 지연을 다루는 설문 표집을 위한 모집 통로로만 활용되며, 커뮤니티 자체를 분석 대상이나 그 구조적 조건으로 고려하지 않으므로 커뮤니티 존재 여부를 인정하지 않는다.",True,1/1,run1:없음
ART003204321,"자기자비 글쓰기 프로그램이 영유아 어머니의 양육 스트레스, 우울 및 주관적 웰빙에 미치는 효과",강현정(덕성여자대학교 심리학과),2025,한국심리학회지: 건강,kor,ERR,,,run1:없음,"has_community=False role_relevant=False env_relevant=False | 이 논문은 자기자비 글쓰기 프로그램의 심리적 효과를 연구하는 것으로, 온라인 커뮤니티는 참여자 모집 통로로만 언급될 뿐 커뮤니티 자체를 분석 대상으로 삼지 않으므로 커뮤니티 존재 여부가 성립하지 않는다.","이 논문은 자기자비 글쓰기 프로그램의 심리적 효과를 연구하는 것으로, 온라인 커뮤니티는 참여자 모집 통로로만 언급될 뿐 커뮤니티 자체를 분석 대상으로 삼지 않으므로 커뮤니티 존재 여부가 성립하지 않는다.",True,1/1,run1:없음
ART003340885,문화기억이 지역긍지 및 참여행동의지에 미치는 영향: 정서기반 지역정체성의 매개효과,전소현(광운대학교),2026,한국심리학회지: 문화 및 사회문제,kor,ERR,,,run1:없음,"has_community=False role_relevant=False env_relevant=False | 본 연구는 문화기억이 정서기반 지역정체성을 매개로 지역긍지와 참여행동의지에 미치는 영향을 구조방정식모형으로 검증하는 것으로, '온라인 커뮤니티·SNS'는 설문조사를 배포·수집하기 위한 채널로만 언급되어 커뮤니티 자체가 분석 대상이 아니다.","본 연구는 문화기억이 정서기반 지역정체성을 매개로 지역긍지와 참여행동의지에 미치는 영향을 구조방정식모형으로 검증하는 것으로, '온라인 커뮤니티·SNS'는 설문조사를 배포·수집하기 위한 채널로만 언급되어 커뮤니티 자체가 분석 대상이 아니다.",True,1/1,run1:없음
ART003275388,유아교사의 심리적 유연성이 유아-교사 애착관계에 미치는 영향: 인지적 유연성의 조절효과 검증,김혜성(김해유치원),2025,영유아아동정신건강연구,kor,ERR,,,run1:없음,"has_community=False role_relevant=False env_relevant=False | 교사대상 온라인 커뮤니티는 설문 응답자를 모집하는 통로로만 활용되었으며, 커뮤니티 자체의 구조·역할·운영 조건이 분석 대상이 아닌 유아교사의 심리적 유연성과 애착관계가 연구의 핵심이므로 커뮤니티를 분석 대상으로 삼지 않는다.","교사대상 온라인 커뮤니티는 설문 응답자를 모집하는 통로로만 활용되었으며, 커뮤니티 자체의 구조·역할·운영 조건이 분석 대상이 아닌 유아교사의 심리적 유연성과 애착관계가 연구의 핵심이므로 커뮤니티를 분석 대상으로 삼지 않는다.",True,1/1,run1:없음
ART001215274,기후변화에 대한 지방자치단체의 대응방안 연구: 경기도를 중심으로,고재경(경기개발연구원),2007,한국지방자치학회보,eng,ERR,,,run1:없음,"has_community=True role_relevant=False env_relevant=False | 이 논문은 한국의 지방정부가 기후변화 완화를 위해 직면한 기회와 장애를 분석하는 것으로, 온라인 커뮤니티를 분석 대상이나 연구 소재로 삼지 않으므로 커뮤니티가 존재하지 않는다.","이 논문은 한국의 지방정부가 기후변화 완화를 위해 직면한 기회와 장애를 분석하는 것으로, 온라인 커뮤니티를 분석 대상이나 연구 소재로 삼지 않으므로 커뮤니티가 존재하지 않는다.",True,1/1,run1:없음
ART002923577,2030세대 남성 중심 온라인 커뮤니티와 남성성 규범: 반 페미니즘 정서를 중심으로,김수아(서울대학교),2022,문화와 정치,kor,OK,ROLE_WINDOW_GENDER,,run1:없음,"has_community=True role_relevant=True env_relevant=False | 이 논문은 2030세대 남성중심 커뮤니티의 게시물을 분석하여 반페미니즘 정서와 남성성 규범의 구성을 논의하므로, 온라인 커뮤니티를 외부 사회현상(반페미니즘·남성성 규범)을 보여주는 '창'으로 활용하나(ROLE), 회원제·익명성·제재방식 등 커뮤니티의 구조적·환경적 조건을 비교하거나 그 조건에 따른 변화를 분석하지 않으므로 ENV는 해당하지 않는다.","[ROLE] 이 논문은 2030세대 남성중심 온라인 커뮤니티의 반 페미니즘 담론을 분석하여, 온라인 커뮤니티 바깥에 실체화된 남성 집단의 젠더 갈등·페미니즘 대립 현상을 포착하는 창(ROLE_WINDOW_GENDER)으로 커뮤니티를 사용한다.",True,0/1,run1:ROLE_WINDOW_GENDER
ART002521607,여혐-남혐 갈등: 온라인 커뮤니티를 중심으로,김감미(덕성여자대학교),2019,정치·정보연구,kor,OK,ROLE_WINDOW_GENDER,,run1:없음,"has_community=True role_relevant=True env_relevant=False | 이 논문은 메갈리아 등 온라인 커뮤니티의 게시글·댓글을 분석 대상을 삼아, 인터넷상 여혐-남혐 논쟁의 발전과정과 여성운동 시사점을 탐구하므로 커뮤니티를 외부 사회현상(성차별·여성운동)을 비추는 '창'으로 조명하나, 커뮤니티의 구조적·환경적 조건 자체를 비교·분석하지는 않는다.","[ROLE] 이 논문은 메갈리아 등 온라인 커뮤니티를 창(Window)으로 삼아, 그 바깥에 실체로 존재하는 젠더 갈등·페미니즘 대립 현상(여혐-남혐 논쟁, 여성운동 분열 vs 남성 결집)의 발전 과정을 분석하므로 WINDOW 계열 중 GENDER가 주된 판정이며, 혐오 표현 확산(HATE)은 젠더 갈등 서사 내 하위 요소로 보조적 수준에 그친다.",True,0/1,run1:ROLE_WINDOW_GENDER
ART002479172,한국적 사회적 자본에 대한 탐색적 연구,윤종빈(명지대학교),2019,문화와 정치,kor,ERR,,,run1:없음,"has_community=False role_relevant=False env_relevant=False | 이 논문은 퍼트남의 사회적 자본 개념을 한국 사회에 어떻게 변형·적용할 것인지를 탐색하는 이론적·개념적 연구이며, 온라인 커뮤니티는 '한국 사회의 맥락'으로만 언급되고 실제 특정 커뮤니티의 구조·담론·운영을 분석 대상으로 삼지 않으므로, 커뮤니티 분석 대상이 성립하지 않는다.","이 논문은 퍼트남의 사회적 자본 개념을 한국 사회에 어떻게 변형·적용할 것인지를 탐색하는 이론적·개념적 연구이며, 온라인 커뮤니티는 '한국 사회의 맥락'으로만 언급되고 실제 특정 커뮤니티의 구조·담론·운영을 분석 대상으로 삼지 않으므로, 커뮤니티 분석 대상이 성립하지 않는다.",True,1/1,run1:없음
ART003151715,온라인 커뮤니티 사용이 유권자의 정서적 양극화에 미치는 영향,신정섭(숭실대학교),2024,사회과학연구,kor,OK,ROLE_WINDOW_POLARIZE,,run1:없음,"has_community=True role_relevant=True env_relevant=False | 이 논문은 온라인 커뮤니티 이용 빈도가 양대 정당 지지자 간 정서적 양극화에 미치는 영향을 분석함으로써, 커뮤니티를 정치·정서적 극단화가 발생하는 '장' 또는 그 현상을 관찰하는 '창'으로 조명하나, 커뮤니티의 구조적·환경적 조건(회원제, 익명성, 운영 방침, 생애주기 등)을 구분하거나 비교하지 않고 '이용 빈도'라는 일반적 변수로만 다뤄 환경 조명은 없다.","[ROLE] 본 연구는 온라인 커뮤니티 이용 빈도를 독립변수로 삼아 양대 정당 지지자 간 정서적 양극화라는 외부 정치사회 현상을 설명하는 경험적 분석이므로, 커뮤니티 공간 내부의 상호작용 구조를 분석하는 장(FIELD)이 아니라 정치·이념 양극화 현상을 포착하는 창(WINDOW_POLARIZE)으로 기능한다.",True,0/1,run1:ROLE_WINDOW_POLARIZE
ART001993935,온라인 커뮤니티 이용목적유형에 따른 이용행태 연구: 미디어 이용과 정서요인 비교를 중심으로,조희정(이화여자대학교),2015,Oughtopia (오토피아),kor,OK,ROLE_FIELD_SOCIALCAPITAL,,run1:없음,"has_community=True role_relevant=True env_relevant=False | 이 논문은 개인지향·정보지향·관계지향 이용목적 유형에 따른 온라인 커뮤니티 내 이용행태와 정서요인(소속감·신뢰도·자존감·만족도)을 비교함으로써, 커뮤니티가 정보 공유·관계 유지·정서적 소속을 제공하는 사회적 '장'으로서의 기능을 조명하나, 회원제·운영 방침·익명성 등 구조적·환경적 조건에 따른 차이나 비교를 다루지 않는다.","[ROLE] 본 연구는 온라인 커뮤니티 공간 안에서 이용자 간 관계 유지·소속감·신뢰 등 정서적·관계적 요인을 이용목적 유형별로 비교 분석하므로, 커뮤니티라는 장 안에서 이용자 간 관계적 자원(신뢰·소속·연결)이 형성·작용하는지 다루는 FIELD 계열(SOCIALCAPITAL)에 해당하나, 설문 기반 정서요인 비교에 그쳐 네트워크 수준의 관계 형성·효과를 깊이 있게 검증하지는 못한다.",True,0/1,run1:ROLE_FIELD_SOCIALCAPITAL
ART001061688,한국에서의 시민중심적 e-거버넌스의 형성과 발전: 그 형성 과정에서의 정부 역할을 중심으로,김혁(서울시립대학교),2007,신아세아,kor,ERR,,,run1:없음,"has_community=False role_relevant=False env_relevant=False | 이 논문은 전자정부 구축과 시민중심적 e-거버넌스 형성이라는 정책·이론적 담론을 다루며, '온라인 공동체'는 정부-시민사회 관계 서사 안에서 일반적·추상적 표현으로 일회성 언급될 뿐, 특정 커뮤니티의 구조·역할·운영 조건을 분석 대상으로 삼지 않는다.","이 논문은 전자정부 구축과 시민중심적 e-거버넌스 형성이라는 정책·이론적 담론을 다루며, '온라인 공동체'는 정부-시민사회 관계 서사 안에서 일반적·추상적 표현으로 일회성 언급될 뿐, 특정 커뮤니티의 구조·역할·운영 조건을 분석 대상으로 삼지 않는다.",True,1/1,run1:없음
ART001689204,제19대 총선 트위터스피어 참여관찰: 격전지 선거구를 중심으로,장우영(대구가톨릭대학교),2012,의정연구,kor,OK,ROLE_WINDOW_POLARIZE,,run1:없음,"has_community=True role_relevant=True env_relevant=False | 이 논문은 19대 총선 기간 트위터스피어에 대한 참여관찰을 통해 후보와 유권자의 선거캠페인 전략과 행태를 구명함으로써, 트위터를 독립적인 정치과정이 발현되는 '장'으로 조명하나, 커뮤니티의 구조적·환경적 조건(운영 방침, 익명성, 생애주기 등)에 따른 차이·비교를 다루지는 않는다.","[ROLE] 본 논문은 19대 총선에서 형성된 '주요 정치적 대립 구도'(정권심판·탈지역주의 등)를 분석 틀로 삼고 트위터스피어를 그 정치적 양극화·진영 대립 현상을 관찰하는 창(Window)으로 활용하나, 공론장으로서의 기능 검증이나 이용자 간 관계적 자원 형성은 다루지 않으므로 ROLE_WINDOW_POLARIZE만 부여한다.",True,0/1,run1:ROLE_WINDOW_POLARIZE
ART002645635,혐오와 대항혐오 : 서로주체적 관계의 모색,김학노(영남대학교),2020,한국정치연구,kor,OK,ROLE_WINDOW_HATE,,run1:없음,"has_community=True role_relevant=True env_relevant=False | 일베와 메갈리아라는 온라인 커뮤니티를 혐오·대항혐오 정치가 재생산되는 '장'으로 삼아 홀로주체적 인정투쟁의 사회적 역할을 분석하나, 커뮤니티의 구조적·환경적 조건(회원제, 익명성, 운영방침 등)에 따른 차이나 변화는 다루지 않는다.","[ROLE] 이 논문은 일베·메갈리아 등 온라인 커뮤니티를 통해 우리 사회의 혐오 정치(혐오 표현·정서의 확산 및 대항 혐오의 역동)라는 외부 사회현상을 포착하는 '창'으로 활용하므로 ROLE_WINDOW_HATE가 부여되고, 젠더 갈등이 내용적 배경이나 분석의 핵심 축은 '혐오의 정치' 그 자체이므로 ROLE_WINDOW_GENDER는 미부여한다.",True,0/1,run1:ROLE_WINDOW_HATE
ART003094505,디지털 혐오 시대의 사이버 폭력,조계원(고려대 정치연구소),2024,시민정치연구,kor,OK,ROLE_WINDOW_HATE,,run1:없음,"has_community=True role_relevant=True env_relevant=False | 이 논문은 사이버 폭력의 전반적 특징을 다루되, 온라인 커뮤니티를 혐오 감정이 집단적으로 형성·표출되는 공간(장)으로 언급하여 온라인 극단주의의 매개 역할을 분석의 소재로 삼고 있으므로 커뮤니티가 존재하며 역할 조명이 해당하나, 익명성·무경계성·전파성은 인터넷 환경의 일반적 속성으로 서술될 뿐 커뮤니티 운영 방침 차원의 조건 비교·분석은 이루어지지 않으므로 환경 조명은 해당하지 않는다.","[ROLE] 본 논문은 디지털 혐오 시대의 사이버 폭력 특징을 다각도로 서술하며, 온라인 커뮤니티를 혐오·차별이라는 외부 사회현상이 집단적으로 형성·표출되는 창으로 활용하므로 ROLE_WINDOW_HATE가 부여된다.",True,0/1,run1:ROLE_WINDOW_HATE
ART002949873,천안함 피격사건과 2030세대 남성 보수화: 온라인 커뮤니티 게시물에 대한 문화해석,조대근,2023,문화와 정치,kor,OK,ROLE_WINDOW_POLARIZE,,run1:없음,"has_community=True role_relevant=True env_relevant=False | 이 논문은 2030세대 남성 중심 온라인 커뮤니티에서 생산·공유되는 천안함 관련 게시물을 분석 대상으로 삼아 2030세대 남성 보수화 현상을 관찰하는 창(ROLE_WINDOW)으로 커뮤니티를 활용하나, 커뮤니티의 구조적·환경적 조건(회원제, 익명성, 운영방침 등)에 따른 차이나 변화를 별도로 다루지는 않는다.","[ROLE] 이 논문은 2030세대 남성 중심 온라인 커뮤니티의 게시글·댓글을 자료로 삼되, 분석 대상은 커뮤니티 공간 자체가 아니라 커뮤니티 밖에도 실체가 있는 '2030세대 남성' 집단의 보수화·반북한·반중 정서 등 정치-이념적 양극화 현상이므로, 온라인 커뮤니티는 그 집단의 정치의식을 드러내는 창(ROLE_WINDOW_POLARIZE)으로 기능한다.",True,0/1,run1:ROLE_WINDOW_POLARIZE
ART003192486,지자체 온실가스 배출 유형과 특성에 대한 연구 -경기도를 중심으로-,고현수(한국수자원공사),2025,한국지방자치학회보,kor,ERR,,,run1:없음,"has_community=True role_relevant=False env_relevant=False | 이 논문은 경기도 지자체의 온실가스 배출량을 군집분석하여 탄소중립 정책 수립에 기여하는 연구로, 온라인 커뮤니티를 분석 대상이나 연구 재료로 활용하지 않으며, 초록 어디에도 온라인 커뮤니티에 해당하는 디지털 공간에 대한 언급이 없다.","이 논문은 경기도 지자체의 온실가스 배출량을 군집분석하여 탄소중립 정책 수립에 기여하는 연구로, 온라인 커뮤니티를 분석 대상이나 연구 재료로 활용하지 않으며, 초록 어디에도 온라인 커뮤니티에 해당하는 디지털 공간에 대한 언급이 없다.",True,1/1,run1:없음
ART002636007,대규모 집단의 이익표출 과정 재고찰:2018-2020 한국유치원총연합 사태 내에서 ‘정치하는엄마들’을 중심으로,유승준(매사추세츠 주립대학교(앰허스트) 정치학과 박사과정),2020,문화와 정치,kor,ERR,,,run1:없음,"has_community=True role_relevant=False env_relevant=False | 이 논문은 '정치하는엄마들'의 집합행동 조직화를 분석하며 온라인 커뮤니티를 참여비용을 낮추는 수단·통로로 언급할 뿐, 커뮤니티 자체의 사회적 역할(창/장)이나 구조적·환경적 조건(회원제, 익명성, 생애주기 등)을 분석 대상으로 삼지 않는다.","이 논문은 '정치하는엄마들'의 집합행동 조직화를 분석하며 온라인 커뮤니티를 참여비용을 낮추는 수단·통로로 언급할 뿐, 커뮤니티 자체의 사회적 역할(창/장)이나 구조적·환경적 조건(회원제, 익명성, 생애주기 등)을 분석 대상으로 삼지 않는다.",True,1/1,run1:없음
ART003350735,계엄 이후 한국 온라인 커뮤니티의 공격 지형: 정당-정체성 상징적 연결을 중심으로,조은미(연세대학교),2026,한국정당학회보,kor,OK,ROLE_WINDOW_POLARIZE,,run1:없음,"has_community=True role_relevant=True env_relevant=False | 이 논문은 FM코리아와 클리앙의 게시글을 분석 대상으로 삼아 정당·정체성 공격의 양극화 현상을 관찰하는 창(ROLE_WINDOW_POLARIZE)으로 커뮤니티를 활용하되, 커뮤니티의 구조적·환경적 조건(익명성, 운영 방침, 회원제 등)을 변수로 다루지는 않는다.","[ROLE] 이 논문은 2024년 비상계엄~2025년 대선 국면에서 FM코리아·클리앙 두 온라인 커뮤니티의 정당-정체성 공격 결합 패턴을 분석하여, 온라인 커뮤니티를 매개로 한국의 정서적 양극화가 정당 간 적대를 넘어 정당-사회집단 연결 구조로 확장되는 정치적 양극화·이념 대립 현상을 포착하는 창(ROLE_WINDOW_POLARIZE)으로 활용한다.",True,0/1,run1:ROLE_WINDOW_POLARIZE
ART003293123,미디어 이용 행태가 정서적 양극화에 미치는 영향,최재준(건국대학교 정치외교학과),2025,의정논총,kor,OK,ROLE_WINDOW_POLARIZE,,run1:없음,"has_community=True role_relevant=True env_relevant=False | 이 논문은 정치정보의 정서적 양극화 영향 경로를 분석하면서 온라인 커뮤니티 이용을 뉴미디어 기반 정보 획득과 적대 감정 사이의 매개변수로 삼아, 커뮤니티를 정치 양극화를 읽어내는 창(ROLE_WINDOW_POLARIZE)으로 활용하나, 회원제·익명성·운영 방침 등 커뮤니티의 구조적·환경적 조건에 대한 비교나 분석은 제시하지 않는다.","[ROLE] 이 논문은 정서적 양극화라는 외부 사회현상을 분석 대상으로 삼고, 온라인 커뮤니티 이용을 뉴미디어 기반 정보 획득과 적대적 감정 간의 매개변수로 투입한 통계 모형을 구축하므로, 커뮤니티 공간 자체의 공론장 기능이나 관계적 자원 형성을 검증하는 것이 아니라 정치·이념 양극화 현상을 실증하는 창(WINDOW)으로 온라인 커뮤니티를 활용한다.",True,0/1,run1:ROLE_WINDOW_POLARIZE
ART001944121,온라인 커뮤니티 참여 고령자 간 공유된 의미구조 분석: 의미연결망 분석을 중심으로,차혜경(숭실대학교 평생교육학과 박사수료),2014,사회복지정책,kor,OK,ROLE_WINDOW_MISC,,run1:없음,"has_community=True role_relevant=True env_relevant=False | 이 논문은 고령자 두 온라인 커뮤니티의 텍스트를 분석하여 고령층의 사회참여와 사회적 연결을 탐구함으로써, 온라인 커뮤니티를 고령자의 사회참여를 가능하게 하는 '장'으로 조명하나, 커뮤니티의 운영 방식·회원제·익명성 등 구조적·환경적 조건을 변수로 삼아 차이·비교를 분석하지는 않는다.","[ROLE] 이 논문은 고령자 온라인 커뮤니티의 구조적 특성과 공유된 의미를 분석하지만, 궁극적 목표가 고령층의 사회참여와 사회적 연결이라는 외부 사회현상(고령화·노년 사회참여)을 조명하고 사회복지 정책 시사점을 도출하는 데 있으므로, 온라인 커뮤니티는 고령자 집단의 사회참여를 들여다보는 창(ROLE_WINDOW_MISC)으로 기능한다.",True,0/1,run1:ROLE_WINDOW_MISC
ART001075555,이혼 공동체의 현황과 특징:온라인·오프라인 공동체를 중심으로,성정현(협성대학교),2007,한국가족복지학,kor,OK,ROLE_WINDOW_MISC,,run1:없음,"has_community=True role_relevant=True env_relevant=False | 이 논문은 이혼여성들의 온라인 카페·소모임을 분석 대상으로 삼아, 심리·정서적 지지와 정보 공유, 정체성 구축, 사회적 임파워먼트 등 커뮤니티가 수행하는 사회적 기능과 역할을 분석하므로 '장'으로 조명하나, 회원제·익명성·제재·생애주기 등 구조적·환경적 조건에 따른 차이·비교를 체계적으로 다루지는 않으므로 env는 false이다.","[ROLE] 이 논문은 이혼 공동체라는 외부 사회현상(상호부조·정체성 형성)을 온라인·오프라인 양측에 대칭적으로 관찰하므로, 온라인 커뮤니티는 이혼자 집단을 보는 창(ROLE_WINDOW_MISC)으로 기능하며, 커뮤니티 공간 자체의 공론장·사회자본 역할이 분석 대상이 아니다.",True,0/1,run1:ROLE_WINDOW_MISC
ART002287875,온라인 커뮤니티의 익명게시판에서 본 근육장애인들의 경험세계,진진주(서강대학교),2017,한국사회복지학,kor,OK,ROLE_WINDOW_MISC,,run1:없음,"has_community=True role_relevant=True env_relevant=False | 이 논문은 근육장애인의 경험세계를 규명하기 위해 근육장애인 온라인 커뮤니티의 익명 게시판 게시글을 분석 대상으로 삼고 있으나, 이는 커뮤니티 자체의 구조적·환경적 조건을 조명하는 것이 아니라 커뮤니티를 그 구성원들의 실존적 고통과 의미를 들여다보는 '창'으로 활용하는 것이며, 익명 게시판이라는 서술은 데이터 출처의 기술에 그쳐 환경 조건에 따른 차이·비교·변화를 분석하지 않는다.","[ROLE] 근육장애인이라는 온라인 커뮤니티 외부에 실체가 있는 집단의 실존적 경험과 고통을 온라인 커뮤니티 게시글을 자료로 들여다보는 창(Window)으로 활용하며, 결론은 커뮤니티 공간 자체의 역할이 아니라 그 집단의 삶(총체적 붕괴, 자기 존엄성 찾기 등)에 관한 것이므로 ROLE_WINDOW_MISC에 해당한다.",True,0/1,run1:ROLE_WINDOW_MISC
ART001933988,발달장애아동 부모의 온라인 공동체 상호작용과 성장과정 유형에 관한 연구,이경아(단국대학교),2014,한국사회복지학,kor,OK,ROLE_FIELD_SOCIALCAPITAL,,run1:없음,"has_community=True role_relevant=True env_relevant=False | 이 논문은 포털사이트의 발달장애아동 부모 온라인 공동체를 분석 대상으로 삼아, 부모 간 상호작용과 성장 과정을 연구하므로 커뮤니티가 존재하며, 해당 커뮤니티가 상호지지·공감·정보공유라는 사회적 역할을 수행하는 '장'으로서 조명되나, 회원제·익명성·운영방침 등 구조적·환경적 조건에 따른 차이·비교는 논의되지 않는다.","[ROLE] 이 논문은 포털 온라인 공동체 내 게시자-댓글자 간 상호작용을 분석하여 강한 유대감·신뢰·비공식적 지원체계 등 이용자 간 관계적 자원의 형성 과정을 규명하므로, 온라인 커뮤니티를 사회적 자본(신뢰·연대·네트워크)이 형성되는 장(FIELD)으로 조명한다.",True,0/1,run1:ROLE_FIELD_SOCIALCAPITAL
ART002974850,정신장애인의 동료지지와 사회통합의 관계에서 자기결정의 매개효과,박다은(한동대학교대학원),2023,장애인복지연구,kor,ERR,,,run1:없음,"has_community=False role_relevant=False env_relevant=False | 정신장애인 당사자 온라인커뮤니티는 설문 응답자를 모집하는 통로로만 언급될 뿐, 커뮤니티 자체의 구조·역할·운영 환경이 분석 대상이 되지 않으므로 연구 대상 커뮤니티로 볼 수 없다.","정신장애인 당사자 온라인커뮤니티는 설문 응답자를 모집하는 통로로만 언급될 뿐, 커뮤니티 자체의 구조·역할·운영 환경이 분석 대상이 되지 않으므로 연구 대상 커뮤니티로 볼 수 없다.",True,1/1,run1:없음
ART001519184,온라인게임 커뮤니티에서 청소년의 ‘관계 맺기’ - ‘MMORPG’의 하위문화 사례 -,이관용(동국대학교),2010,청소년문화포럼,kor,OK,ROLE_FIELD_SOCIALCAPITAL,,run1:없음,"has_community=True role_relevant=True env_relevant=False | 이 논문은 MMORPG 중심의 온라인게임 커뮤니티에서 청소년이 '관계 맺기'를 형성하는 과정을 분석하여, 이 커뮤니티 공간이 청소년에게 갖는 사회적 의미와 관계 형성의 장으로서의 역할을 조명하지만, 운영·제재 방식이나 익명성·회원제 등 구조적 환경 조건을 비교·분석하지 않는다.","[ROLE] 본 논문은 온라인게임 커뮤니티 내에서 청소년 간 교우관계의 형성·유지·전환 과정을 분석하여, 커뮤니티 공간 안의 이용자 간 관계적 연결의 존재·강도·효과를 다루므로 ROLE_FIELD_SOCIALCAPITAL에 부여하며, 교육현실·청소년의 사회적 열위성 등 외부 제약은 부차적 서술에 그쳐 WINDOW 계열에는 미부여한다.",True,0/1,run1:ROLE_FIELD_SOCIALCAPITAL
ART002442104,빈곤층의 온라인공동체에 관한 탐색적 사례연구 - 수급자 인터넷카페 회원들의 정보행태를 중심으로 -,김수영(서울대학교),2019,한국사회복지학,kor,OK,ROLE_WINDOW_MISC,,run1:없음,"has_community=True role_relevant=True env_relevant=False | 이 논문은 수급자 온라인카페를 저소득층의 정보 생산·공유 행태와 온라인공동체 참여동기, 상호작용양태를 분석하는 장(ROLE_FIELD_COMMUNITY)으로 삼고 있으나, 회원제·운영·제재·익명성 등 구조적 환경 조건에 따른 차이·비교를 다루지 않으므로 env_relevant는 false이다.","[ROLE] 본 연구는 수급자 온라인카페를 사례로 저소득층의 정보 생산·공유 행위를 조명하는 것이므로, 온라인 커뮤니티는 외부에 실체가 있는 저소득층(수급자) 집단의 정보행위를 보여주는 창(WINDOW_MISC)으로 기능한다.",True,0/1,run1:ROLE_WINDOW_MISC
ART002509761,근육장애인들이 경험한 인터넷 사용의 의미,진진주(서강대학교),2019,한국장애인복지학,kor,OK,ROLE_WINDOW_MISC,,run1:없음,"has_community=True role_relevant=True env_relevant=False | 이 논문은 근육장애인의 인터넷 사용 의미 현상학 분석에서 '온라인 커뮤니티 결속으로의 도피·보호'와 '익명의 무장애 유토피아'를 경험 구조의 한 단계로 포함하여, 장애인의 사회적 소외·포함이라는 외부 현상을 보여주는 창(ROLE_WINDOW)으로 커뮤니티를 활용하나, 익명성은 온라인/오프라인 일반 매체 특성에 대한 서술이지 특정 커뮤니티의 운영 방침이나 구조적 조건에 따른 차이·비교로 분석되지 않으므로 env_relevant는 아니다.","[ROLE] 본 연구는 근육장애인이라는 온라인 커뮤니티 외부에 실체가 있는 특정 집단의 사회적 소외·의미부여 경험을 현상학적으로 기술하며, 온라인 커뮤니티는 그 집단의 도피·보호·소통 창구로 기능하는 사례를 보여 주는 창(WINDOW_MISC)으로서 활용된다.",True,0/1,run1:ROLE_WINDOW_MISC
ART002907524,청소년의 사이버비행과 현실비행과의 관계에서 팬덤활동의 조절 효과,윤명숙(전북대학교),2022,한국사회복지교육,kor,ERR,,,run1:없음,"has_community=True role_relevant=False env_relevant=False | 이 논문은 패널 설문 데이터(KCYPS 2018)를 기반으로 사이버비행과 현실비행의 관계를 팬덤활동 수준으로 조절변수로 검증하는 통계분석 연구이며, '사이버 커뮤니티'는 결론 제언에서 사회복지 교육과정 개발 대상으로 일회성 언급될 뿐 분석 대상 커뮤니티가 존재하지 않으므로 role·env 모두 해당하지 않는다.","이 논문은 패널 설문 데이터(KCYPS 2018)를 기반으로 사이버비행과 현실비행의 관계를 팬덤활동 수준으로 조절변수로 검증하는 통계분석 연구이며, '사이버 커뮤니티'는 결론 제언에서 사회복지 교육과정 개발 대상으로 일회성 언급될 뿐 분석 대상 커뮤니티가 존재하지 않으므로 role·env 모두 해당하지 않는다.",True,1/1,run1:없음
ART003240265,마약류 중독 성소수자의 회복 경험에 관한 연구: 회복 요인을 중심으로,최진묵(을지대학교 보건복지대학원 중독재활복지학과),2025,미래사회복지연구,kor,ERR,,,run1:없음,"has_community=False role_relevant=False env_relevant=False | 이 논문은 마약류 중독 성소수자의 회복 요인을 심층 탐구하는 것이 목적이며, '성소수자 SNS 커뮤니티'는 회복 요인 목록 중 하나로 '유혹 차단' 대상에 지나지 않고, 커뮤니티 자체의 구조·역할·운영 조건을 분석 대상으로 삼지 않으므로 온라인 커뮤니티를 연구의 분석 대상으로 삼지 않는다.","이 논문은 마약류 중독 성소수자의 회복 요인을 심층 탐구하는 것이 목적이며, '성소수자 SNS 커뮤니티'는 회복 요인 목록 중 하나로 '유혹 차단' 대상에 지나지 않고, 커뮤니티 자체의 구조·역할·운영 조건을 분석 대상으로 삼지 않으므로 온라인 커뮤니티를 연구의 분석 대상으로 삼지 않는다.",True,1/1,run1:없음
ART003143331,한국판 장애인 직무만족 척도(Korean version of the Job Satisfaction of People with Disabilities Scale: JSPDS-K) 타당화: 정신장애인을 중심으로,백진주(한동대학교 일반대학원 심리학과),2024,장애와 고용,kor,ERR,,,run1:없음,"has_community=False role_relevant=False env_relevant=False | 정신장애인 당사자 온라인 커뮤니티는 척도 타당화를 위한 설문 응답자 모집 통로로만 언급되며, 커뮤니티 자체의 구조·역할·운영 조건이 분석 대상이 되지 않으므로 온라인 커뮤니티를 연구 재료로 활용하지 않는다.","정신장애인 당사자 온라인 커뮤니티는 척도 타당화를 위한 설문 응답자 모집 통로로만 언급되며, 커뮤니티 자체의 구조·역할·운영 조건이 분석 대상이 되지 않으므로 온라인 커뮤니티를 연구 재료로 활용하지 않는다.",True,1/1,run1:없음
ART003352755,주요 우울장애 가족 돌봄자의 자기돌봄에 관한 질적 연구,조영윤(충남대학교 사회복지학과),2026,한국가족복지학,kor,ERR,,,run1:없음,"has_community=False role_relevant=False env_relevant=False | 온라인 커뮤니티는 우울장애 가족 돌봄자 연구참여자를 모집하는 표집 통로로만 언급될 뿐, 커뮤니티 자체를 분석 대상으로 삼지 않으며, 연구의 핵심은 심층면담을 통한 돌봄자의 자기돌봄 경험 탐색이므로 커뮤니티의 역할·환경 조명도 없다.","온라인 커뮤니티는 우울장애 가족 돌봄자 연구참여자를 모집하는 표집 통로로만 언급될 뿐, 커뮤니티 자체를 분석 대상으로 삼지 않으며, 연구의 핵심은 심층면담을 통한 돌봄자의 자기돌봄 경험 탐색이므로 커뮤니티의 역할·환경 조명도 없다.",True,1/1,run1:없음
ART003153009,팬데믹 속 돌봄 지원 정책의 경험 -코로나19 기간 온라인 육아 커뮤니티의 여론 분석-,도유록(울산대학교 생활과학연구소),2024,한국가족복지학,kor,OK,ROLE_WINDOW_MISC,,run1:없음,"has_community=True role_relevant=True env_relevant=False | 이 논문은 코로나19 시기 돌봄 지원 정책에 대한 부모들의 경험과 여론을 온라인 육아 커뮤니티 게시글을 통해 분석함으로써 외부 사회현상(돌봄 정책 수용/거부 경험)을 보여 주는 창(ROLE_WINDOW_POLICY)으로 커뮤니티를 활용하나, 커뮤니티의 구조적·환경적 조건(회원제, 제재 방식, 익명성 등)을 비교·분석하지는 않는다.","[ROLE] 이 논문은 코로나19 시기 돌봄 지원 정책이라는 외부 사회현상의 경험과 여론을 포착하기 위해 온라인 육아 커뮤니티를 데이터 소스로 활용하는 것이므로, 커뮤니티 공간 자체의 역할이 아닌 바깥 현상을 보여주는 창(ROLE_WINDOW_MISC)으로 분류된다.",True,0/1,run1:ROLE_WINDOW_MISC
ART001402952,우리나라 온실가스 배출권거래제도의도입에 관한 연구,노상환(경남대학교),2009,환경정책연구,kor,ERR,,,run1:없음,"has_community=True role_relevant=False env_relevant=False | 이 논문은 온실가스 배출권거래제도의 배출량 설정·할당·인벤토리·등록소·거래소 등 정책·제도적 설계를 다루는 환경경제학 논문으로, 온라인 커뮤니티를 분석 대상이나 연구 재료로 삼지 않으므로 커뮤니티 존재 여부를 인정할 수 없다.","이 논문은 온실가스 배출권거래제도의 배출량 설정·할당·인벤토리·등록소·거래소 등 정책·제도적 설계를 다루는 환경경제학 논문으로, 온라인 커뮤니티를 분석 대상이나 연구 재료로 삼지 않으므로 커뮤니티 존재 여부를 인정할 수 없다.",True,1/1,run1:없음
ART001253934,기초자치단체 온실가스 배출량 산정에 관한 연구 - 경기도시ㆍ군 지자체를 중심으로,고재경(경기개발연구원),2008,환경정책,kor,ERR,,,run1:없음,"has_community=True role_relevant=False env_relevant=False | 이 논문은 경기도 31개 기초자치단체의 온실가스 배출량 산정 방법론과 지역 기후정책을 다루며, 온라인 커뮤니티나 디지털 공간의 상호작용·구조적 조건과는 무관하다.","이 논문은 경기도 31개 기초자치단체의 온실가스 배출량 산정 방법론과 지역 기후정책을 다루며, 온라인 커뮤니티나 디지털 공간의 상호작용·구조적 조건과는 무관하다.",True,1/1,run1:없음
ART001539581,전력부문 온실가스 배출 관련 지자체의 책임성에 관한 연구,진상현(경북대학교),2011,환경정책,kor,ERR,,,run1:없음,"has_community=True role_relevant=False env_relevant=False | 이 논문은 기후변화 및 전력 부문의 온실가스 배출 책임 배분을 이론적·실증적으로 검토하는 연구로, 온라인 커뮤니티를 분석 대상이나 연구 재료로 활용하지 않으므로 커뮤니티 존재 여부가 성립하지 않는다.","이 논문은 기후변화 및 전력 부문의 온실가스 배출 책임 배분을 이론적·실증적으로 검토하는 연구로, 온라인 커뮤니티를 분석 대상이나 연구 재료로 활용하지 않으므로 커뮤니티 존재 여부가 성립하지 않는다.",True,1/1,run1:없음
ART002335853,하향식 지역자치단체 배출량 산정방안: 지역온실가스 산업연관표 작성,장미란(한국환경정책평가연구원),2018,환경정책,kor,ERR,,,run1:없음,"has_community=True role_relevant=False env_relevant=False | 이 논문은 지방자치단체 온실가스 배출량 산정 방법론(지역산업연관표·지역에너지밸런스)을 다루는 환경경제 연구로, 공통의 관심사나 목적을 가진 사용자들이 상호작용하는 디지털 공간인 온라인 커뮤니티를 분석 대상으로 삼지 않는다.","이 논문은 지방자치단체 온실가스 배출량 산정 방법론(지역산업연관표·지역에너지밸런스)을 다루는 환경경제 연구로, 공통의 관심사나 목적을 가진 사용자들이 상호작용하는 디지털 공간인 온라인 커뮤니티를 분석 대상으로 삼지 않는다.",True,1/1,run1:없음
ART002389360,특정수질유해물질 관리를 위한 배출량조사제도의도입 효과분석 및 개선방향,한대호(한국환경정책․평가연구원),2018,환경정책,kor,ERR,,,run1:없음,"has_community=False role_relevant=False env_relevant=False | 이 논문은 사업장의 특정수질유해물질 배출량조사제도의 특성과 도입효과, 개선방향을 검토하는 환경정책 연구로서, 온라인 커뮤니티를 분석 대상이나 연구 재료로 활용하지 않는다.","이 논문은 사업장의 특정수질유해물질 배출량조사제도의 특성과 도입효과, 개선방향을 검토하는 환경정책 연구로서, 온라인 커뮤니티를 분석 대상이나 연구 재료로 활용하지 않는다.",True,1/1,run1:없음
ART002078843,온라인 미디어와 이념갈등의 위기,장우영(대구가톨릭대학교),2016,Crisisonomy,kor,OK,ROLE_WINDOW_POLARIZE,,run1:없음,"has_community=True role_relevant=True env_relevant=False | 이 논문은 한국 사회의 온라인 이념갈등이라는 광범위한 현상을 분석 대상으로 삼고, 일간베스트 저장소를 그 대표 사례 중 하나로 제시하여 온라인 커뮤니티를 외부 사회현상(이념 갈등)을 관찰하는 '창'으로 활용하지만, 커뮤니티 자체의 구조적·환경적 조건(회원제, 익명성, 운영 방침 등)에 따른 차이·비교를 다루지는 않는다.","[ROLE] 이 논문은 한국 사회의 광범위한 이념갈등·이념균열 구조라는 외부 사회현상을 일간베스트 저장소 등 온라인 커뮤니티 사례를 통해 포착·분석하는 것이므로, 온라인 커뮤니티는 정치적 양극화 현상을 보여주는 창(ROLE_WINDOW_POLARIZE)으로 기능한다.",True,0/1,run1:ROLE_WINDOW_POLARIZE
ART002009200,국내 백두산 분화 관련 연구 동향 분석 및 향후 발전방향 제시,박숭환(서울시립대학교),2015,환경정책연구,kor,ERR,,,run1:없음,"has_community=True role_relevant=False env_relevant=False | 이 논문은 1980년대~2014년 국내 백두산 관련 연구 문헌 225건을 인벤토리로 정리하여 분화 감시예측 연구 동향과 공간정보 활용 경향을 분석하는 문헌고찰로, 온라인 커뮤니티를 분석 대상으로 삼지 않으므로 has_community를 false로 판단한다.","이 논문은 1980년대~2014년 국내 백두산 관련 연구 문헌 225건을 인벤토리로 정리하여 분화 감시예측 연구 동향과 공간정보 활용 경향을 분석하는 문헌고찰로, 온라인 커뮤니티를 분석 대상으로 삼지 않으므로 has_community를 false로 판단한다.",True,1/1,run1:없음
ART003223513,지자체 온실가스 인벤토리를 활용한 BAU 전망에 관한 연구,이준형(인하대학교 스마트시티공학전공),2025,환경정책,kor,ERR,,,run1:없음,"has_community=True role_relevant=False env_relevant=False | 이 논문은 동대문구 온실가스 인벤토리를 활용해 BAU 전망 분석을 수행하는 환경·기후 정책 연구로, 온라인 커뮤니티를 분석 대상이나 연구 재료로 활용하지 않으므로 커뮤니티 존재 여부가 성립하지 않는다.","이 논문은 동대문구 온실가스 인벤토리를 활용해 BAU 전망 분석을 수행하는 환경·기후 정책 연구로, 온라인 커뮤니티를 분석 대상이나 연구 재료로 활용하지 않으므로 커뮤니티 존재 여부가 성립하지 않는다.",True,1/1,run1:없음
ART003169485,"국내･외 국가 온실가스 인벤토리 보고서 분석을통한 시사점 도출:토지이용, 토지이용변화 및 임업 부문을 중심으로",조소연(국립생태원 기후탄소연구팀),2024,환경정책,kor,ERR,,,run1:없음,"has_community=True role_relevant=False env_relevant=False | 이 논문은 UNFCCC 체제 하의 국가 온실가스 인벤토리 보고서와 LULUCF 부문 산정 현황을 비교 분석하는 기후·환경 정책 연구로, 온라인 커뮤니티를 분석 대상이나 연구 도구로 삼지 않으므로 커뮤니티 존재 여부가 성립하지 않는다.","이 논문은 UNFCCC 체제 하의 국가 온실가스 인벤토리 보고서와 LULUCF 부문 산정 현황을 비교 분석하는 기후·환경 정책 연구로, 온라인 커뮤니티를 분석 대상이나 연구 도구로 삼지 않으므로 커뮤니티 존재 여부가 성립하지 않는다.",True,1/1,run1:없음
ART003044279,상수관망 관리를 위한 3D 공간정보 시스템 및 모델 프로토타입 개발,강슬기((주)한국케이지티콘설턴트),2023,Crisisonomy,kor,ERR,,,run1:없음,"has_community=True role_relevant=False env_relevant=False | 이 논문은 디지털 트윈 기술을 적용한 스마트 상수관망 관리 3D 시각화 정보 시스템 개발을 다루며, 온라인 커뮤니티의 상호작용·정보 공유·관계 형성과 관련된 분석 대상이 존재하지 않는다.","이 논문은 디지털 트윈 기술을 적용한 스마트 상수관망 관리 3D 시각화 정보 시스템 개발을 다루며, 온라인 커뮤니티의 상호작용·정보 공유·관계 형성과 관련된 분석 대상이 존재하지 않는다.",True,1/1,run1:없음
ART002389272,도로교통 그린인프라성능지수 개발 및 활용방안 연구,최재성(국토연구원),2018,환경정책,kor,ERR,,,run1:없음,"has_community=False role_relevant=False env_relevant=False | 이 논문은 도로교통 그린인프라성능지수를 개발하여 16개 광역시·도별 탄소감축 잠재량을 추정하고 정책·제도 개선방안을 제시하는 환경·기후 정책 연구로서, 온라인 커뮤니티를 분석 대상이나 연구 재료로 활용하지 않는다.","이 논문은 도로교통 그린인프라성능지수를 개발하여 16개 광역시·도별 탄소감축 잠재량을 추정하고 정책·제도 개선방안을 제시하는 환경·기후 정책 연구로서, 온라인 커뮤니티를 분석 대상이나 연구 재료로 활용하지 않는다.",True,1/1,run1:없음
ART002302768,업종별 비에너지 온실가스 배출량 산정방안,양유경(한국환경정책평가연구원),2017,환경정책,kor,ERR,,,run1:없음,"has_community=True role_relevant=False env_relevant=False | 이 논문은 비에너지 온실가스 배출량의 산업별 산정과 LMDI 분해분석을 다루는 환경·경제 연구로, 온라인 커뮤니티를 분석 대상이나 연구 재료로 활용하지 않는다.","이 논문은 비에너지 온실가스 배출량의 산업별 산정과 LMDI 분해분석을 다루는 환경·경제 연구로, 온라인 커뮤니티를 분석 대상이나 연구 재료로 활용하지 않는다.",True,1/1,run1:없음
ART003318406,도시 기후탄력성 정책 인벤토리 및 정책 이행 평가 체계의 개발과 적용,손철희(한국환경연구원),2026,환경정책,kor,ERR,,,run1:없음,"has_community=True role_relevant=False env_relevant=False | 이 논문은 지자체 기후탄력성 정책의 이행 평가 체계를 개발·검증하는 정책 연구로, 텍스트 마이닝은 정책 문헌 분석에 사용되며 온라인 커뮤니티를 분석 대상이나 연구 재료로 삼지 않으므로 온라인 커뮤니티가 연구에 관여하지 않는다.","이 논문은 지자체 기후탄력성 정책의 이행 평가 체계를 개발·검증하는 정책 연구로, 텍스트 마이닝은 정책 문헌 분석에 사용되며 온라인 커뮤니티를 분석 대상이나 연구 재료로 삼지 않으므로 온라인 커뮤니티가 연구에 관여하지 않는다.",True,1/1,run1:없음
ART001854838,아프가니스탄 베그람 출토 유리용기와 포도주,이송란(덕성여자대학교),2014,Journal of China Studies,kor,ERR,,,run1:없음,"has_community=True role_relevant=False env_relevant=False | 이 논문은 아프가니스탄 베그람 궁전 유적에서 출토된 로마 유리그릇의 기형과 출토 양상을 고고학적으로 분석하는 연구로, 온라인 커뮤니티를 연구 대상으로 삼거나 그 구조·역할을 다루지 않는다.","이 논문은 아프가니스탄 베그람 궁전 유적에서 출토된 로마 유리그릇의 기형과 출토 양상을 고고학적으로 분석하는 연구로, 온라인 커뮤니티를 연구 대상으로 삼거나 그 구조·역할을 다루지 않는다.",True,1/1,run1:없음
ART002436180,중국 일대일로(一帶一路) 구상에 대응하는 베트남의 헤징(hedging) -국경 경제협력과 남중국해 갈등을 중심으로-,정혜영(건국대학교 KU중국연구원),2019,한중사회과학연구,kor,ERR,,,run1:없음,"has_community=True role_relevant=False env_relevant=False | 이 논문은 베트남의 외교정책, 남중국해 분쟁, 중국의 일대일로 이니셔티브, 미중 간 헤지 전략 등 국제정치·외교 안보를 다루며, 온라인 커뮤니티를 분석 대상이나 연구 재료로 삼고 있지 않으므로 커뮤니티 존재 여부를 인정할 수 없다.","이 논문은 베트남의 외교정책, 남중국해 분쟁, 중국의 일대일로 이니셔티브, 미중 간 헤지 전략 등 국제정치·외교 안보를 다루며, 온라인 커뮤니티를 분석 대상이나 연구 재료로 삼고 있지 않으므로 커뮤니티 존재 여부를 인정할 수 없다.",True,1/1,run1:없음
ART002686541,유럽연합의 북극 지역 블랙카본 감축을 위한 노력과 전망,정혁(한국외국어대학교),2021,EU연구,kor,ERR,,,run1:없음,"has_community=True role_relevant=False env_relevant=False | 이 논문은 유럽연합의 북극 지역 블랙카본 배출량 감축 정책과 국제 기후 거버넌스를 다루며, 온라인 커뮤니티를 분석 대상이나 연구 재료로 삼고 있지 않으므로 커뮤니티 존재 여부가 성립하지 않는다.","이 논문은 유럽연합의 북극 지역 블랙카본 배출량 감축 정책과 국제 기후 거버넌스를 다루며, 온라인 커뮤니티를 분석 대상이나 연구 재료로 삼고 있지 않으므로 커뮤니티 존재 여부가 성립하지 않는다.",True,1/1,run1:없음
ART003107683,탄소 흡수원 발굴을 위한 기초연구: 갯잔디(Zoysia sinica Hance)군락 이산화탄소 호흡량 측정 및 환경인자 상관성 분석,박재찬(국립목포대학교),2024,한국도서연구,kor,ERR,,,run1:없음,"has_community=True role_relevant=False env_relevant=False | 이 논문은 전남 서남해안 갯잔디의 탄소 호흡량 측정과 IPCC 인벤토리 등록 가능성을 다루는 해양생태학 연구로, 온라인 커뮤니티를 분석 대상이나 연구 재료로 삼지 않으므로 커뮤니티 존재 자체가 성립하지 않는다.","이 논문은 전남 서남해안 갯잔디의 탄소 호흡량 측정과 IPCC 인벤토리 등록 가능성을 다루는 해양생태학 연구로, 온라인 커뮤니티를 분석 대상이나 연구 재료로 삼지 않으므로 커뮤니티 존재 자체가 성립하지 않는다.",True,1/1,run1:없음
ART001913767,토지피복도와 구글어스를 이용한 백두산의 화산성 홍수에 의한 피해범위,이길하(대구대학교),2014,국제지역연구,kor,ERR,,,run1:없음,"has_community=True role_relevant=False env_relevant=False | 이 논문은 백두산 화산성 홍수 시나리오의 피해범위 산정과 토지피복도·구글어스를 활용한 인벤토리 구축을 다룬 지질·재해관리 연구로서, 온라인 커뮤니티를 분석 대상이나 연구 재료로 활용하지 않으므로 커뮤니티 존재 여부를 인정할 수 없다.","이 논문은 백두산 화산성 홍수 시나리오의 피해범위 산정과 토지피복도·구글어스를 활용한 인벤토리 구축을 다룬 지질·재해관리 연구로서, 온라인 커뮤니티를 분석 대상이나 연구 재료로 활용하지 않으므로 커뮤니티 존재 여부를 인정할 수 없다.",True,1/1,run1:없음
ART002167178,EU 바이오연료 정책 전망과 그 발전 방향: 간접토지변경,김정인(중앙대학교),2016,유럽연구,kor,ERR,,,run1:없음,"has_community=True role_relevant=False env_relevant=False | 이 논문은 EU 바이오연료 정책과 간접토지변경(ILUC)에 따른 탄소배출 영향 및 경감 방안을 다루는 환경·에너지 정책 연구로, 온라인 커뮤니티를 분석 대상으로 삼지 않는다.","이 논문은 EU 바이오연료 정책과 간접토지변경(ILUC)에 따른 탄소배출 영향 및 경감 방안을 다루는 환경·에너지 정책 연구로, 온라인 커뮤니티를 분석 대상으로 삼지 않는다.",True,1/1,run1:없음
ART002885991,‘재한 중국동포’의 사회문화적 초국가주의 실천과 함의,김윤태(동덕여자대학교),2022,중국과 중국학,kor,ERR,,,run1:없음,"has_community=True role_relevant=False env_relevant=False | 이 논문은 재한 중국동포의 초국가적 공간 구축과 초국가주의 실천을 분석 대상으로 삼고 있으며, 온라인 커뮤니티는 해외 네트워크와 함께 초국가적 사회공간을 확장하는 통로로 잠깐 언급될 뿐, 커뮤니티 자체의 사회적 역할(창·장)이나 구조적·환경적 조건이 분석되지 않는다.","이 논문은 재한 중국동포의 초국가적 공간 구축과 초국가주의 실천을 분석 대상으로 삼고 있으며, 온라인 커뮤니티는 해외 네트워크와 함께 초국가적 사회공간을 확장하는 통로로 잠깐 언급될 뿐, 커뮤니티 자체의 사회적 역할(창·장)이나 구조적·환경적 조건이 분석되지 않는다.",True,1/1,run1:없음
ART003344488,지속가능한 자원관리로서 동북아 해양기후 거버넌스: 녹색전환(GX) 전략을 통한 한일 블루카본 정책의 제도적 전환 분석,최종민(서울대학교),2026,아시아연구,kor,ERR,,,run1:없음,"has_community=True role_relevant=False env_relevant=False | 이 논문은 한국·일본의 해상풍력과 블루카본 정책이 해양기후 거버넌스로 제도화되는 경로를 비교 분석하는 정책 연구로서, 온라인 커뮤니티를 분석 대상으로 삼지 않으며 초록 어디에도 디지털 공간에서의 상호작용·정보 공유·관계 형성에 대한 언급이 없다.","이 논문은 한국·일본의 해상풍력과 블루카본 정책이 해양기후 거버넌스로 제도화되는 경로를 비교 분석하는 정책 연구로서, 온라인 커뮤니티를 분석 대상으로 삼지 않으며 초록 어디에도 디지털 공간에서의 상호작용·정보 공유·관계 형성에 대한 언급이 없다.",True,1/1,run1:없음
ART003294551,염생식물 갈대 ‘Phragmites australis’의 탄소 저장량 및 이산화탄소 호흡량 정량화를 통한 블루카본 가치 분석,박재찬(국립목포대학교),2025,한국도서연구,kor,ERR,,,run1:없음,"has_community=False role_relevant=False env_relevant=False | 이 논문은 무안갯벌 갈대 군락의 블루카본(탄소흡수·저장) 잠재력을 정량적으로 평가하는 생태·환경과학 연구로, 온라인 커뮤니티를 분석 대상이나 연구 소재로 삼고 있지 않다.","이 논문은 무안갯벌 갈대 군락의 블루카본(탄소흡수·저장) 잠재력을 정량적으로 평가하는 생태·환경과학 연구로, 온라인 커뮤니티를 분석 대상이나 연구 소재로 삼고 있지 않다.",True,1/1,run1:없음
ART001869725,Joint Implementation and double deduction of credits by the linkage with the EU ETS,정혁(한국외국어대학교),2014,유럽연구,kor,ERR,,,run1:없음,"has_community=True role_relevant=False env_relevant=False | 이 논문은 교토의정서 하의 JI 메커니즘과 EU ETS 간의 이중 공제(double deduction) 문제를 분석하는 국제 환경정책·탄소배출권 연구로, 온라인 커뮤니티를 분석 대상으로 삼지 않으므로 커뮤니티 존재 자체가 성립하지 않는다.","이 논문은 교토의정서 하의 JI 메커니즘과 EU ETS 간의 이중 공제(double deduction) 문제를 분석하는 국제 환경정책·탄소배출권 연구로, 온라인 커뮤니티를 분석 대상으로 삼지 않으므로 커뮤니티 존재 자체가 성립하지 않는다.",True,1/1,run1:없음
ART002163496,지방 대도시 도시재생 상 사유재산 활용의 한계와 과제에 관한 고찰: 대구광역시 사례를 중심으로,권용석(대구경북연구원),2015,대구경북연구,kor,ERR,,,run1:없음,"has_community=True role_relevant=False env_relevant=False | 이 논문은 대구광역시 도시재생의 지속가능성 방안을 모색하는 정책 연구로서, 온라인 커뮤니티를 분석 대상으로 삼지 않으며, '우리마을주민위원회' 등은 오프라인 조직이므로 온라인 커뮤니티의 존재 자체가 해당하지 않는다.","이 논문은 대구광역시 도시재생의 지속가능성 방안을 모색하는 정책 연구로서, 온라인 커뮤니티를 분석 대상으로 삼지 않으며, '우리마을주민위원회' 등은 오프라인 조직이므로 온라인 커뮤니티의 존재 자체가 해당하지 않는다.",True,1/1,run1:없음
ART003165818,채용 온라인 커뮤니티 상호작용이 소수민족 구직자의 지원의도에 미치는 영향: 중국 자동차 회사 사례를 중심으로,황민(한양대학교 경영학과),2024,국제학논총,kor,OK,ROLE_WINDOW_MISC,,run1:없음,"has_community=True role_relevant=True env_relevant=False | 이 논문은 비야디(BYD)의 채용 온라인 커뮤니티 내 상호작용이 소수민족 구직자의 조직 다양성 지각과 지원의도에 미치는 영향을 검증함으로써, 커뮤니티를 채용·교류의 '장'으로 조명하나, 회원제·익명성·운영 방침 등 커뮤니티의 구조적·환경적 조건에 따른 차이 비교는 다루지 않는다.","[ROLE] 채용 온라인 커뮤니티의 상호작용을 매개로 소수민족 구직자의 조직 다양성 지각과 지원 의도라는 외부 사회현상(민족 소수자의 채용 경험)을 분석하므로, 온라인 커뮤니티는 그 현상을 보여주는 창(WINDOW_MISC)의 역할을 한다.",True,0/1,run1:ROLE_WINDOW_MISC
ART003207107,중국 브이튜버 팬 커뮤니티에 관한 고찰: 빌리빌리(Bilibili) 플랫폼을 중심으로,YUANMING CHANG(한국외국어대학교),2025,아시아연구,kor,OK,ROLE_FIELD_SOCIALCAPITAL,,run1:없음,"has_community=True role_relevant=True env_relevant=False | 이 논문은 Bilibili 내 VTuber 팬 커뮤니티의 유지·활성화 메커니즘을 분석 대상으로 삼아 커뮤니티 자체의 사회적 역할(장)을 조명하나, 회원제·익명성·생애주기 등 구조적·환경적 조건에 따른 차이·비교·변화를 분석하지 않으므로 env_relevant는 false이다.","[ROLE] 본 논문은 빌리빌리 상 브이튜버 팬 커뮤니티의 결속력·상호작용·소통 등 이용자 간 관계적 자원의 형성과 유지 메커니즘을 분석하므로, 온라인 커뮤니티 공간 안의 관계 형성이라는 장(FIELD)으로서의 사회자본(SOCIALCAPITAL)에 약한 부여가 인정되나, 이론적 사회자본 개념보다는 커뮤니티 운영·유지 전략에 가깝고 외부 사회현상을 창으로 보여주는 WINDOW 계열은 해당하지 않는다.",True,0/1,run1:ROLE_FIELD_SOCIALCAPITAL
ART001704546,지역할당 방식을 이용한 지자체의 온실가스 배출량 전망: 에너지부문을 중심으로,진상현(경북대학교),2012,서울도시연구,kor,ERR,,,run1:없음,"has_community=True role_relevant=False env_relevant=False | 이 논문은 환경부의 기후변화대책과 지자체 온실가스 배출전망 방법론, 영국 기후변화위원회의 지역할당방식을 다루는 환경정책 연구로, 온라인 커뮤니티를 분석 대상이나 연구 소재로 삼고 있지 않다.","이 논문은 환경부의 기후변화대책과 지자체 온실가스 배출전망 방법론, 영국 기후변화위원회의 지역할당방식을 다루는 환경정책 연구로, 온라인 커뮤니티를 분석 대상이나 연구 소재로 삼고 있지 않다.",True,1/1,run1:없음
ART002365625,국내 그린캠퍼스 추진현황 연구－ 관련제도 고찰과 전국 대학교의 추진실태 조사 －,최윤정(충북대학교),2018,주거환경,kor,ERR,,,run1:없음,"has_community=True role_relevant=False env_relevant=False | 이 논문은 대학 캠퍼스의 물리적 환경(건물 에너지 사용, 온실가스 감축, 그린리모델링 등)과 관련 정책·제도를 분석하는 연구로, 온라인 커뮤니티를 분석 대상이나 연구 재료로 삼고 있지 않으므로 커뮤니티 존재 여부를 충족하지 못한다.","이 논문은 대학 캠퍼스의 물리적 환경(건물 에너지 사용, 온실가스 감축, 그린리모델링 등)과 관련 정책·제도를 분석하는 연구로, 온라인 커뮤니티를 분석 대상이나 연구 재료로 삼고 있지 않으므로 커뮤니티 존재 여부를 충족하지 못한다.",True,1/1,run1:없음
ART003004597,탄소저장 가치를 고려한 도시공원의 경제적 가치 추정 연구:광주 중앙근린공원1지구를 중심으로,김영민(전남대학교),2023,한국지역개발학회지,kor,ERR,,,run1:없음,"has_community=True role_relevant=False env_relevant=False | 이 논문은 도시공원의 경제적 타당성 평가와 탄소저장 가치 추정을 다루는 환경경제·공원계획 연구이며, 온라인 커뮤니티를 분석 대상이나 연구 재료로 삼지 않으므로 커뮤니티 존재 자체가 성립하지 않는다.","이 논문은 도시공원의 경제적 타당성 평가와 탄소저장 가치 추정을 다루는 환경경제·공원계획 연구이며, 온라인 커뮤니티를 분석 대상이나 연구 재료로 삼지 않으므로 커뮤니티 존재 자체가 성립하지 않는다.",True,1/1,run1:없음
ART002509483,연안지역의 재해 취약성을 고려한 공간분류 및 적응전략 인벤토리 구축: 부산광역시를 대상으로,김효정(부산대학교),2019,한국지역개발학회지,kor,ERR,,,run1:없음,"has_community=True role_relevant=False env_relevant=False | 이 논문은 부산광역시 연안지역의 자연재해 취약성과 기후변화에 따른 적응전략을 공간분류와 인벤토리 구축을 통해 분석하는 물리·지형적 재해관리 연구로, 온라인 커뮤니티를 분석 대상이나 연구 재료로 활용하지 않는다.","이 논문은 부산광역시 연안지역의 자연재해 취약성과 기후변화에 따른 적응전략을 공간분류와 인벤토리 구축을 통해 분석하는 물리·지형적 재해관리 연구로, 온라인 커뮤니티를 분석 대상이나 연구 재료로 활용하지 않는다.",True,1/1,run1:없음
ART002829728,공주시 마을습지 인벤토리 구축 및 분포 특성 연구,박미옥(나사렛대학교),2020,토지주택연구,kor,ERR,,,run1:없음,"has_community=True role_relevant=False env_relevant=False | 이 논문은 공주시 습지 보전을 위한 GIS 기반 데이터베이스 구축을 다루며, 'network'는 지역 주민·행정·관계 주체 간 물리적 협업체계를 의미할 뿐 온라인 커뮤니티를 분석 대상으로 삼지 않으므로 커뮤니티 존재 여부가 성립하지 않는다.","이 논문은 공주시 습지 보전을 위한 GIS 기반 데이터베이스 구축을 다루며, 'network'는 지역 주민·행정·관계 주체 간 물리적 협업체계를 의미할 뿐 온라인 커뮤니티를 분석 대상으로 삼지 않으므로 커뮤니티 존재 여부가 성립하지 않는다.",True,1/1,run1:없음
ART001486328,항공분야 온실가스 배출량 산정방법 정립을 위한 정책적 제언,박진서(한국교통연구원),2010,교통연구,kor,ERR,,,run1:없음,"has_community=False role_relevant=False env_relevant=False | 이 논문은 항공부문 온실가스 배출량 산정방법론과 탄소배출권 거래제 관련 정책 제언을 다루는 환경·에너지 분야 연구로서, 온라인 커뮤니티를 분석 대상이나 연구 재료로 활용하지 않는다.","이 논문은 항공부문 온실가스 배출량 산정방법론과 탄소배출권 거래제 관련 정책 제언을 다루는 환경·에너지 분야 연구로서, 온라인 커뮤니티를 분석 대상이나 연구 재료로 활용하지 않는다.",True,1/1,run1:없음
ART001919372,FGI를 통한 산업단지 온실가스배출 감축전략 도출,반영운(충북대학교),2014,한국지역개발학회지,kor,ERR,,,run1:없음,"has_community=True role_relevant=False env_relevant=False | 이 논문은 산업단지 단위 온실가스 감축전략을 표적집단면접(FGI)을 통해 도출하는 환경정책 연구로, 온라인 커뮤니티를 분석 대상이나 연구 재료로 활용하지 않으므로 커뮤니티 존재 자체가 성립하지 않는다.","이 논문은 산업단지 단위 온실가스 감축전략을 표적집단면접(FGI)을 통해 도출하는 환경정책 연구로, 온라인 커뮤니티를 분석 대상이나 연구 재료로 활용하지 않으므로 커뮤니티 존재 자체가 성립하지 않는다.",True,1/1,run1:없음
ART002366328,한국형 그린 캠퍼스 모델개발 및 추진전략 제안연구,최윤정(충북대학교),2018,주거환경,kor,ERR,,,run1:없음,"has_community=True role_relevant=False env_relevant=False | 이 논문은 대학의 물리적 교정 조성, 에너지·탄소 배출 감축, 교육·연구 프로그램 등 그린캠퍼스 추진전략을 다루며, 온라인 커뮤니티를 분석 대상이나 연구 재료로 활용하지 않으므로 온라인 커뮤니티가 존재하지 않는다.","이 논문은 대학의 물리적 교정 조성, 에너지·탄소 배출 감축, 교육·연구 프로그램 등 그린캠퍼스 추진전략을 다루며, 온라인 커뮤니티를 분석 대상이나 연구 재료로 활용하지 않으므로 온라인 커뮤니티가 존재하지 않는다.",True,1/1,run1:없음
ART003037415,도시 가로유형 체계화와 가로수 선정 연구,홍승현(국민대학교),2023,한국지적정보학회지,kor,ERR,,,run1:없음,"has_community=True role_relevant=False env_relevant=False | 이 논문은 지속가능한 도시 구현을 위한 가로수 및 가로녹지 조성, 가로유형 분류와 수종별 적합성 분석을 다루는 도시 환경·산림 계획 연구로, 온라인 커뮤니티를 분석 대상으로 삼지 않는다.","이 논문은 지속가능한 도시 구현을 위한 가로수 및 가로녹지 조성, 가로유형 분류와 수종별 적합성 분석을 다루는 도시 환경·산림 계획 연구로, 온라인 커뮤니티를 분석 대상으로 삼지 않는다.",True,1/1,run1:없음
ART003273116,새만금 염생식물 모니터링을 위한 AI 모델 구축 및 탄소 흡수량 산정,이고은(전북대학교),2025,지적과 국토정보,kor,ERR,,,run1:없음,"has_community=True role_relevant=False env_relevant=False | 이 논문은 드론과 AI 기반 염생식물 탐지로 갯벌의 블루카본 잠재력을 정량화하는 환경생태학 연구이므로, 온라인 커뮤니티를 분석 대상이나 연구 재료로 삼지 않는다.","이 논문은 드론과 AI 기반 염생식물 탐지로 갯벌의 블루카본 잠재력을 정량화하는 환경생태학 연구이므로, 온라인 커뮤니티를 분석 대상이나 연구 재료로 삼지 않는다.",True,1/1,run1:없음
ART001401398,온라인상의 정책의제 형성과정에 관한 연구,홍성운(전남대학교 공공행정연구소),2009,한국거버넌스학회보,kor,OK,ROLE_FIELD_PUBLICSPHERE,,run1:없음,"has_community=True role_relevant=True env_relevant=False | 이 논문은 사이버 커뮤니티에서 자발적 시민참여가 정책의제로 형성되는 과정을 분석하여 사이버 커뮤니티가 새로운 공론장으로서의 가능성을 고찰하므로, 온라인 커뮤니티를 공론장이라는 사회적 역할(장)로 조명하나, 회원제·운영 방침·익명성 등 구조적·환경적 조건에 따른 차이나 변화를 분석하지는 않는다.","[ROLE] 이 논문은 사이버 커뮤니티 안에서 자발적 시민참여가 공중의제로 집약되어 정책의제로 진입하는 과정을 4개 사례로 분석하며, 커뮤니티 공간 자체가 새로운 공론장으로서의 가능성을 검증·평가하는 지점(ROLE_FIELD_PUBLICSPHERE)을 핵심 질문으로 삼고 있으므로 FIELD 계열의 공론장 코드가 부여되며, 외부 사회현상을 보여주는 창 계열은 해당하지 않는다.",True,0/1,run1:ROLE_FIELD_PUBLICSPHERE
ART002144110,경찰공무원의 유머감각이 직무열의에 미치는 영향,임운식(서라벌대학교),2016,한국민간경비학회보,kor,ERR,,,run1:없음,"has_community=True role_relevant=False env_relevant=False | 이 논문은 경찰공무원의 유머감각이 직무열의(활력·헌신·몰두)에 미치는 영향을 실증적으로 분석하는 조직행위 연구로, 온라인 커뮤니티나 디지털 공간의 상호작용·구조·운영 방침을 분석 대상으로 삼지 않는다.","이 논문은 경찰공무원의 유머감각이 직무열의(활력·헌신·몰두)에 미치는 영향을 실증적으로 분석하는 조직행위 연구로, 온라인 커뮤니티나 디지털 공간의 상호작용·구조·운영 방침을 분석 대상으로 삼지 않는다.",True,1/1,run1:없음
ART002688997,극단주의 테러 동화현상에 관한 연구: 사이버 매체의 영향력을 중심으로,김태훈(가천대학교),2021,한국치안행정논집,kor,OK,ROLE_WINDOW_MISC,,run1:없음,"has_community=True role_relevant=True env_relevant=False | 이 논문은 8chan, 일간베스트, 워마드 등 특정 온라인 커뮤니티를 자생적 극단주의 동화의 매개 사례로 식별하며 극단화 현상을 보여주는 '창'으로 활용하나, 커뮤니티의 구조적·환경적 조건(회원제, 익명성, 운영·제재 방식의 비교 등)을 분석 변수로 삼지 않고 모니터링·자율심의제 등 정책 권고 수준에서만 언급하므로 env_relevant는 false로 판단한다.","[ROLE] 본 연구는 '자생적 극단주의 테러'라는 온라인 커뮤니티 밖에도 실재하는 사회현상을 분석 대상으로 삼고, 8chan·디시인사이드·워마드 등 커뮤니티를 극단주의 동화의 채널로서 활용하는 창(WINDOW_MISC)의 역할을 조명한다.",True,0/1,run1:ROLE_WINDOW_MISC
ART002875692,사회적경제 참여가 비제도적 정치참여에 미치는 영향,한상일(연세대학교),2022,한국사회와 행정연구,kor,ERR,,,run1:없음,"has_community=False role_relevant=False env_relevant=False | 이 논문은 사회적경제 참여와 비제도적 정치참여의 관계를 실증적으로 검증하는 연구이며, '온라인 커뮤니티 활동'은 서명·시위·방문 등과 나란히 비제도적 정치참여의 한 유형으로 설문 항목에 언급될 뿐, 온라인 커뮤니티 자체를 분석 대상으로 삼지 않는다.","이 논문은 사회적경제 참여와 비제도적 정치참여의 관계를 실증적으로 검증하는 연구이며, '온라인 커뮤니티 활동'은 서명·시위·방문 등과 나란히 비제도적 정치참여의 한 유형으로 설문 항목에 언급될 뿐, 온라인 커뮤니티 자체를 분석 대상으로 삼지 않는다.",True,1/1,run1:없음
ART003001396,중간지원조직 근무자 - 환경적합성과 직무만족의 관계에서 사회적 지지의 매개효과,김두순(주식회사 지역사회역량연구소),2023,한국자치행정학보,kor,ERR,,,run1:없음,"has_community=False role_relevant=False env_relevant=False | 이 논문은 지역개발 중간지원조직 근무자의 환경적합성과 직무만족 연구로, 온라인 커뮤니티는 시사점 부분에서 '사회적 지지를 향상시킬 수 있는 방안' 중 하나로 잠깐 언급될 뿐 분석 대상이 아니며, 커뮤니티의 역할이나 구조적·환경적 조건이 전혀 논의되지 않는다.","이 논문은 지역개발 중간지원조직 근무자의 환경적합성과 직무만족 연구로, 온라인 커뮤니티는 시사점 부분에서 '사회적 지지를 향상시킬 수 있는 방안' 중 하나로 잠깐 언급될 뿐 분석 대상이 아니며, 커뮤니티의 역할이나 구조적·환경적 조건이 전혀 논의되지 않는다.",True,1/1,run1:없음
ART003005702,흉기 난동 등 소프트타깃 테러 언론보도에 관한 탐색적 연구 : 텍스트마이닝과 사회연결망 분석을 중심으로,정화성(서울지방경찰청),2023,시큐리티연구,kor,ERR,,,run1:없음,"has_community=False role_relevant=False env_relevant=False | 본 연구의 분석 대상은 2023년 5~8월 언론보도 3,689건이며, 온라인 커뮤니티는 연구 결과에서 '무분별한 살인 예고 키워드가 게시되는 곳'으로 한 줄 언급될 뿐, 커뮤니티 자체의 구조·상호작용·운영 방식을 분석 대상으로 삼지 않으므로 온라인 커뮤니티를 연구의 재료로 활용하지 않는다.","본 연구의 분석 대상은 2023년 5~8월 언론보도 3,689건이며, 온라인 커뮤니티는 연구 결과에서 '무분별한 살인 예고 키워드가 게시되는 곳'으로 한 줄 언급될 뿐, 커뮤니티 자체의 구조·상호작용·운영 방식을 분석 대상으로 삼지 않으므로 온라인 커뮤니티를 연구의 재료로 활용하지 않는다.",True,1/1,run1:없음
ART003079795,텍스트 마이닝을 통한 메타버스 아바타 성착취 처벌에 대한 대중의 인식 분석,최승훈(동국대학교 경찰사법대학 경찰행정학부),2024,한국범죄학,kor,ERR,,,run1:없음,"has_community=False role_relevant=False env_relevant=False | 이 논문은 유튜브를 '대중의 인식'을 수렴하는 데이터 수집 채널로만 활용하여 아바타 성착취 처벌에 대한 사회적 합의 여부를 파악하는 데 그치며, 유튜브 내 댓글 커뮤니티의 구조·역할·운영 조건을 분석 대상으로 삼지 않는다.","이 논문은 유튜브를 '대중의 인식'을 수렴하는 데이터 수집 채널로만 활용하여 아바타 성착취 처벌에 대한 사회적 합의 여부를 파악하는 데 그치며, 유튜브 내 댓글 커뮤니티의 구조·역할·운영 조건을 분석 대상으로 삼지 않는다.",True,1/1,run1:없음
ART002969997,공공가치의 확장된 인벤토리: 학제간 접근,김흥회(동국대학교),2023,한국행정논집,kor,ERR,,,run1:없음,"has_community=True role_relevant=False env_relevant=False | 이 논문은 행정학의 다차원적·학제간 공공가치 인벤토리를 개발하는 것으로, 온라온 커뮤니티를 분석 대상이나 연구 재료로 삼지 않으므로 커뮤니티가 존재하지 않는다.","이 논문은 행정학의 다차원적·학제간 공공가치 인벤토리를 개발하는 것으로, 온라온 커뮤니티를 분석 대상이나 연구 재료로 삼지 않으므로 커뮤니티가 존재하지 않는다.",True,1/1,run1:없음
ART003274372,공중협박에 대한 경찰의 대응체계 연구: 공중협박죄를 중심으로,구대일(경찰인재개발원),2025,한국민간경비학회보,kor,ERR,,,run1:없음,"has_community=False role_relevant=False env_relevant=False | 이 논문은 공중협박죄 제정 이후 경찰의 대응체계를 분석하는 법·치안 연구이며, SNS·온라인 커뮤니티는 위협이 '확산되는 통로'로 한 문장 언급될 뿐 그 구조·상호작용·운영 방식을 분석 대상으로 삼지 않으므로 커뮤니티 연구가 아니다.","이 논문은 공중협박죄 제정 이후 경찰의 대응체계를 분석하는 법·치안 연구이며, SNS·온라인 커뮤니티는 위협이 '확산되는 통로'로 한 문장 언급될 뿐 그 구조·상호작용·운영 방식을 분석 대상으로 삼지 않으므로 커뮤니티 연구가 아니다.",True,1/1,run1:없음
ART002795051,사이버 공간의 청소년 성매매에 관한 소고: CPTED모델의 적용,고나영(경기대학교 일반대학원 범죄학과),2021,한국경찰연구,kor,ERR,,,run1:없음,"has_community=False role_relevant=False env_relevant=False | 이 논문은 '온라인 커뮤니티의 발달'을 청소년 성매매가 온라인으로 확산된 일반적 배경으로 한 문장 언급할 뿐, 특정 커뮤니티를 분석 대상으로 삼지 않으며, 핵심 연구는 사이버공간에 CPTED 범죄예방 모델을 적용하는 것으로, 커뮤니티의 사회적 역할이나 운영 환경 조건을 다루지 않는다.","이 논문은 '온라인 커뮤니티의 발달'을 청소년 성매매가 온라인으로 확산된 일반적 배경으로 한 문장 언급할 뿐, 특정 커뮤니티를 분석 대상으로 삼지 않으며, 핵심 연구는 사이버공간에 CPTED 범죄예방 모델을 적용하는 것으로, 커뮤니티의 사회적 역할이나 운영 환경 조건을 다루지 않는다.",True,1/1,run1:없음
ART002378806,한국과 미국 경찰의 사회적 자본 비교를 통한 시사점 검토,박선영(목원대학교),2018,경찰학논총,kor,ERR,,,run1:없음,"has_community=True role_relevant=False env_relevant=False | 폴네띠앙·무궁화 클럽 등 경찰관 온라인 커뮤니티는 한국 경찰 조직 내 사회적 자본 결핍의 증거로 서론에 잠깐 언급될 뿐, 실제 분석 대상(미국 경찰 조직의 신뢰·소통·규범 비교)이 아니며, 커뮤니티의 창·장 역할이나 구조적·환경적 조건에 대한 분석이 전혀 수행되지 않는다.","폴네띠앙·무궁화 클럽 등 경찰관 온라인 커뮤니티는 한국 경찰 조직 내 사회적 자본 결핍의 증거로 서론에 잠깐 언급될 뿐, 실제 분석 대상(미국 경찰 조직의 신뢰·소통·규범 비교)이 아니며, 커뮤니티의 창·장 역할이나 구조적·환경적 조건에 대한 분석이 전혀 수행되지 않는다.",True,1/1,run1:없음
ART001565708,온라인 커뮤니티에서 지식공유행동의 영향요인이 지식공유행동과 온라인 커뮤니티 애호도에 미치는 영향,김유경(신라대학교),2011,마케팅논집(Journal of Marketing Studies),kor,OK,ROLE_WINDOW_MISC,,run1:없음,"has_community=True role_relevant=True env_relevant=True | 이 논문은 온라인 커뮤니티를 지식공유가 이루어지는 공간으로서의 사회적 역할(장)을 분석 대상으로 삼고, 동시에 커뮤니티 특성인 신뢰·보상·친밀감이라는 구조적·환경적 조건이 구성원의 지식공유행동에 미치는 영향을 규명하여 활성화 방안을 모색하므로 role과 env 모두에 해당한다.","[ROLE] 이 논문은 지식공유행동이라는 일반적인 조직·사회 현상을 분석 대상으로 삼고, 온라인 커뮤니티는 그 현상을 관찰하는 자료 수집 장소(창)로서 기능하며, 오프라인 집단에서도 동일한 요인 구조가 성립할 수 있으므로 WINDOW_MISC으로 분류된다. | [ENV] 본 연구는 개인적·커뮤니티 특성이 지식공유행동에 미치는 인과관계를 검증하는 실증 연구로, 회원제 유무·운영체계·생애주기·익명성 중 어느 하나를 분석 대상의 조건·비교·변화로 삼지 않아 4개 코드 모두 미부여이다.",True,0/1,run1:ROLE_WINDOW_MISC
ART001680611,소셜네트워크(SNS) 상에서의 정보전달과 시민참여의 권유 및 참여결정 특성에 관한 연구: 촛불집회 참여와 On-Line 커뮤니티 단체들의 성격 분석,유영철(명지전문대학),2012,한국지역정보화학회지,kor,OK,ROLE_WINDOW_MISC,,run1:없음,"has_community=True role_relevant=True env_relevant=False | 이 논문은 촛불집회 참여와 온라인 SNS 커뮤니티 가입·활동의 관계를 분석하여 커뮤니티가 사회운동 동원의 장(ROLE_FIELD_PUBLICSPHERE)으로서 기능하는지 조명하나, 회원제·익명성·운영 방침 등 커뮤니티의 구조적·환경적 조건을 비교·분석하지는 않는다.","[ROLE] 이 논문은 2008년과 2012년 쇠고기 촛불집회의 참여 규모 격차를 설명하기 위해 온라인 SNS 커뮤니티의 유형(정치·사회 vs. 사교·친목)과 오프라인 집회 참여의 관계를 분류·교차분석함으로써, 온라인 커뮤니티를 사회운동 동원·시민 참여라는 외부 사회현상을 읽는 창(ROLE_WINDOW_MISC)으로 활용한다.",True,0/1,run1:ROLE_WINDOW_MISC
ART001127312,오프라인 기반 가상공동체 구성원의 심리적 유형과 온라인 의사소통 매체에 대한 사회 연결망 분석,조남재(한양대학교),2006,정보화정책,kor,ERR,,,run1:없음,"has_community=False role_relevant=False env_relevant=False | 이 논문은 '오프라인 기반 가상공동체'의 구성원 간 사회관계 형성을 위해 전자우편과 메신저라는 온라인 매체가 보완적 채널로 기능하는지 분석하는 것이지, 공통 관심사·목적 아래 사용자들이 지속적으로 상호작용하며 관계를 형성하는 디지털 공간인 온라인 커뮤니티를 연구 대상으로 삼지 않으므로 커뮤니티 존재 여부가 성립하지 않는다.","이 논문은 '오프라인 기반 가상공동체'의 구성원 간 사회관계 형성을 위해 전자우편과 메신저라는 온라인 매체가 보완적 채널로 기능하는지 분석하는 것이지, 공통 관심사·목적 아래 사용자들이 지속적으로 상호작용하며 관계를 형성하는 디지털 공간인 온라인 커뮤니티를 연구 대상으로 삼지 않으므로 커뮤니티 존재 여부가 성립하지 않는다.",True,1/1,run1:없음
ART001383163,Introducing Hierarchy in the Networked Audience: A Case Study of Online Communities of Musical Theater Audiences,이호영(정보통신정책연구원),2009,정보화정책,kor,OK,,ENV_COMMUNITY_SUBSCRIPTION,run1:없음,"has_community=True role_relevant=True env_relevant=True | 이 논문은 뮤지컬 관객 온라인 커뮤니티를 정보 탐색·공연 선택과 동료 상호작용의 공간(장)으로 조명하면서도, 그 커뮤니티의 등급제·배타적 회원제 정책이 무임승차자 감축을 위해 도입되어 공적재를 클럽재로 전환시키고 정보 순환을 제약하는 구조적 조건(ENV)이 어떻게 작동하는지를 분석하여, 커뮤니티의 사회적 역할과 운영 환경을 동시에 검토한다.","[ROLE] 이 논문은 뮤지컬 관객 온라인 커뮤니티의 내부 거버넌스(등급제, 배제적 회원 정책, 공적재→클럽재 전환)를 분석하여 디지털 사회의 배제·위계화 현상을 규명하지만, 공론장 기능 검증이나 이용자 간 관계적 자원 형성이라는 FIELD 코드의 핵심 판별 기준에 부합하지 않으며, 외부 집단을 비추는 창으로서의 WINDOW 판정에도 명확히 해당하지 않아 6개 코드 모두 미부여된다. | [ENV] 음악극 관객 온라인 커뮤니티의 등급제(grading system)가 집단재에서 클럽재로 전환되는 과정을 분석하며, 회원 등급에 따른 정보 접근·유통의 차이를 핵심 분석 대상으로 삼아 ENV_COMMUNITY_SUBSCRIPTION만 부여하고, 나머지 세 코드는 해당 조건에 대한 비교·분석이 부재하여 미부여로 판단한다.",True,0/1,run1:ENV_COMMUNITY_SUBSCRIPTION
ART001047164,온라인 정치지형의 분화와 재편성,김선미(국제뇌교육종합대학원대학교),2007,정보화정책,kor,OK,ROLE_WINDOW_POLARIZE,,run1:없음,"has_community=True role_relevant=True env_relevant=False | 이 논문은 정치웹진·정치포럼 등 온라인 커뮤니티의 이념·정치적 지형과 현실정치 간 상호작용을 분석하여 온라인 공간의 '정상화'를 밝히려 하므로, 커뮤니티를 공론장(ROLE_FIELD_PUBLICSPHERE)이자 오프라인 정치 갈등을 재현·강화하는 창(ROLE_WINDOW_POLARIZE)으로 조명하나, 회원제·제재·익명성·생애주기 등 구조적·환경적 조건을 비교·분석하는 변수로 다루지는 않는다.","[ROLE] 본 연구는 정치웹진·정치포럼 등 온라인 커뮤니티의 이념·정치적 지형을 분석하여 보수-진보 양극화 및 진영 갈등이 온라인 공간에서 재현·증폭되는 현상을 포착하므로, 온라인 커뮤니티는 외부의 정치적 양극화 현상을 보여주는 창(WINDOW_POLARIZE)으로 기능한다.",True,0/1,run1:ROLE_WINDOW_POLARIZE
ART001356118,현실 기반형 커뮤니티와 온라인 기반형 커뮤니티의 기능적 관계 - 수용자 충족 적소분석을 중심으로 -,이윤복,2009,정보화정책,kor,ERR,,,run1:없음,"has_community=True role_relevant=True env_relevant=False | 이 논문은 현실 기반형과 온라인 기반형 커뮤니티의 기능적 적소(정보습득, 관계형성, 재미/기분전환)를 비교하여 두 유형이 보완적으로 공존하는 구조를 규명함으로써, 커뮤니티 공간 자체의 사회적 기능(장)을 분석 대상으로 삼지만, 회원제·익명성·운영 방침 등 구조적·환경적 조건에 따른 차이는 다루지 않는다.","[ROLE] 본 논문은 수용자 충족 적소분석으로 현실 기반형 커뮤니티와 온라인 기반형 커뮤니티의 기능적 분화·보완 공존을 규명하는 매체 연구로, 6개 코드 중 공론장·사회자본·양극화·젠더·혐오 어느 하나에도 매치되지 않으며, WINDOW_MISC(매체 기능 분화 현상)에 가장 근접하나 온라인 커뮤니티 공간 자체의 역할을 그 자체로 분석하기보다 오프라인 대 온라인 매체의 기능 비교를 하는 구조이므로 모든 코드가 0.5 미만에 그친다.",True,1/1,run1:없음
ART001129554,아파트 사이버공동체의 가능성과 한계 －아파트 홈페이지의 운영 실태를 중심으로－,임석회(대구대학교),2005,지역과 지리,kor,OK,ROLE_FIELD_SOCIALCAPITAL,,run1:없음,"has_community=True role_relevant=True env_relevant=False | 이 논문은 아파트 거주공간 기반의 사이버공동체(온라인 커뮤니티) 자체의 가능성과 한계를 운영 실태 조사를 통해 고찰함으로써, 온라인 커뮤니티라는 공간의 사회적 역할(장)을 분석 대상으로 삼고 있으나, 회원제·익명성·운영 방침 등 구조적·환경적 조건에 따른 차이·비교·변화를 분석하지는 않는다.","[ROLE] 본 연구는 아파트 홈페이지라는 온라인 커뮤니티 공간 자체가 거주민 간 공동체적 유대(연대·신뢰·네트워크)를 형성하는 장으로 기능하는지의 가능성과 한계를 조사·평가하는 것이므로, FIELD 계열 중 SOCIALCAPITAL에 해당한다.",True,0/1,run1:ROLE_FIELD_SOCIALCAPITAL
ART001567334,온라인 공동체 이용의도의 영향요인-대학생의 인식을 중심으로-,김구(강릉원주대학교),2011,정보화정책,kor,ERR,,,run1:없음,"has_community=True role_relevant=False env_relevant=False | 이 논문은 20대 대학생의 온라인 공동체 이용의도에 영향을 미치는 개인·사회적 요인(사회적 영향, 일체감, 유용성 인식 등)을 기술수용 관점에서 분석할 뿐, 커뮤니티의 사회현상 창·사회적 장으로서의 역할이나 구조적·환경적 조건(회원제, 익명성, 운영 방침 등)을 조명하지 않는다.","이 논문은 20대 대학생의 온라인 공동체 이용의도에 영향을 미치는 개인·사회적 요인(사회적 영향, 일체감, 유용성 인식 등)을 기술수용 관점에서 분석할 뿐, 커뮤니티의 사회현상 창·사회적 장으로서의 역할이나 구조적·환경적 조건(회원제, 익명성, 운영 방침 등)을 조명하지 않는다.",True,1/1,run1:없음
ART001137913,블레디드 e러닝 기법을 활용한 국제학습공동체 구축에 관한 연구,최성우(숭실대학교),2005,교육정보미디어연구,kor,ERR,,,run1:없음,"has_community=True role_relevant=False env_relevant=False | 이 논문은 APEC ALCom 프로젝트의 기획·설계·개발 과정을 소개하고 활동 결과를 보고하는 프로젝트 리포트로서, ALCoB.com은 국제교육협력의 수단·산출물로 언급될 뿐 온라인 커뮤니티의 사회적 역할(창/장)이나 구조적·환경적 조건(운영 방침, 익명성, 생애주기 등)을 분석 대상으로 삼지 않는다.","이 논문은 APEC ALCom 프로젝트의 기획·설계·개발 과정을 소개하고 활동 결과를 보고하는 프로젝트 리포트로서, ALCoB.com은 국제교육협력의 수단·산출물로 언급될 뿐 온라인 커뮤니티의 사회적 역할(창/장)이나 구조적·환경적 조건(운영 방침, 익명성, 생애주기 등)을 분석 대상으로 삼지 않는다.",True,1/1,run1:없음
ART001329805,성별영향평가를 통한 김포한강신도시의 여성친화도시 계획수립에 관한 연구,이상문(협성대학교),2009,국토연구,kor,ERR,,,run1:없음,"has_community=True role_relevant=False env_relevant=False | 이 논문은 신도시 건설 과정에서 성별영향평가를 통해 여성친화적 도시계획을 실현하는 것을 다루며, 온라인 커뮤니티를 분석 대상이나 연구 재료로 활용하지 않으므로 커뮤니티 존재 자체가 성립하지 않는다.","이 논문은 신도시 건설 과정에서 성별영향평가를 통해 여성친화적 도시계획을 실현하는 것을 다루며, 온라인 커뮤니티를 분석 대상이나 연구 재료로 활용하지 않으므로 커뮤니티 존재 자체가 성립하지 않는다.",True,1/1,run1:없음
ART003008047,생태⋅자연도 등급변화에 영향을 미치는 요인 분석 -경상남도 일대를 대상으로-,강다인(국립생태원),2023,경관과 지리,kor,ERR,,,run1:없음,"has_community=False role_relevant=False env_relevant=False | 이 논문은 경상남도 일대의 생태·자연도 등급변화 양상과 그 요인을 분석하는 환경·생태 연구로, 온라인 커뮤니티를 분석 대상이나 연구 재료로 삼지 않으므로 커뮤니티 존재 자체가 성립하지 않는다.","이 논문은 경상남도 일대의 생태·자연도 등급변화 양상과 그 요인을 분석하는 환경·생태 연구로, 온라인 커뮤니티를 분석 대상이나 연구 재료로 삼지 않으므로 커뮤니티 존재 자체가 성립하지 않는다.",True,1/1,run1:없음
ART001434368,"Cities as Place for Climate Mitigation and Adaptation: A Case Study of Portland, Oregon, USA",장희준(Portland State University),2010,대한지리학회지,kor,ERR,,,run1:없음,"has_community=True role_relevant=False env_relevant=False | 이 논문에서 등장하는 'community'는 도시의 물리적·제도적 커뮤니티(공·사부문 지역사회 조직)를 의미하며, 공통 관심사를 가진 사용자가 디지털 공간에서 지속적으로 상호작용하는 온라인 커뮤니티가 분석 대상이 아니므로 해당 정의에 부합하지 않는다.","이 논문에서 등장하는 'community'는 도시의 물리적·제도적 커뮤니티(공·사부문 지역사회 조직)를 의미하며, 공통 관심사를 가진 사용자가 디지털 공간에서 지속적으로 상호작용하는 온라인 커뮤니티가 분석 대상이 아니므로 해당 정의에 부합하지 않는다.",True,1/1,run1:없음
ART003166129,IPCC 가이드라인 기반 서울특별시 탄소 지도 구축과 공간적 특성 분석,임희수(경희대학교 지리학과),2024,대한지리학회지,kor,ERR,,,run1:없음,"has_community=True role_relevant=False env_relevant=False | 이 논문은 IPCC 가이드라인 기반 탄소 지도 구축 방법론과 온실가스 배출량 산정, 공간적 자기상관 분석을 다루며, 온라인 커뮤니티를 연구 대상이나 분석 매개로 삼고 있지 않다.","이 논문은 IPCC 가이드라인 기반 탄소 지도 구축 방법론과 온실가스 배출량 산정, 공간적 자기상관 분석을 다루며, 온라인 커뮤니티를 연구 대상이나 분석 매개로 삼고 있지 않다.",True,1/1,run1:없음
ART001264215,고대 문명사회 재해석을 위한 고환경 인벤토리 구축 방안,박의준(인제대학교),2008,국토지리학회지,kor,ERR,,,run1:없음,"has_community=True role_relevant=False env_relevant=False | 이 논문은 고대 문명사회의 인문·사회·자연환경 정보를 GIS 기반으로 통합하는 '고환경 인벤토리' 방법론을 제안하는 고고학·역사지리학 연구로, 온라인 커뮤니티를 분석 대상이나 연구 재료로 삼지 않으므로 커뮤니티 존재 자체가 성립하지 않는다.","이 논문은 고대 문명사회의 인문·사회·자연환경 정보를 GIS 기반으로 통합하는 '고환경 인벤토리' 방법론을 제안하는 고고학·역사지리학 연구로, 온라인 커뮤니티를 분석 대상이나 연구 재료로 삼지 않으므로 커뮤니티 존재 자체가 성립하지 않는다.",True,1/1,run1:없음
ART002752198,도시림의 경관 회복 기능 평가를 위한 딥러닝 적용 가능성 모색: 문헌 및 방법론 리뷰를 중심으로,김유진(강릉원주대학교),2021,한국지리학회지,kor,ERR,,,run1:없음,"has_community=False role_relevant=False env_relevant=False | 이 논문은 딥러닝 기반 도시림 경관 평가 모형 개발의 타당성을 문헌 분석으로 검토하는 연구로, 온라인 커뮤니티를 연구 대상이나 분석 자료로 삼지 않으며, 커뮤니티의 역할이나 환경적 조건도 전혀 다루지 않는다.","이 논문은 딥러닝 기반 도시림 경관 평가 모형 개발의 타당성을 문헌 분석으로 검토하는 연구로, 온라인 커뮤니티를 연구 대상이나 분석 자료로 삼지 않으며, 커뮤니티의 역할이나 환경적 조건도 전혀 다루지 않는다.",True,1/1,run1:없음
ART002551444,수재해 손실평가 모델을 위한 차량손실 평가 및손상함수 개발에 관한 연구 (1) - 방법론,김길호(한국건설기술연구원),2019,기후연구,eng,ERR,,,run1:없음,"has_community=True role_relevant=False env_relevant=False | 이 논문은 홍수 재해에 의한 차량 손실 평가 방법론(노출 DB 구축, 취약도 곡선, 손실 정량화)을 다루는 물리·공학적 연구로, 온라인 커뮤니티의 존재·역할·환경 조건 중 어느 것도 분석 대상이나 연구 재료로 삼지 않는다.","이 논문은 홍수 재해에 의한 차량 손실 평가 방법론(노출 DB 구축, 취약도 곡선, 손실 정량화)을 다루는 물리·공학적 연구로, 온라인 커뮤니티의 존재·역할·환경 조건 중 어느 것도 분석 대상이나 연구 재료로 삼지 않는다.",True,1/1,run1:없음
ART002989567,팬데믹 전후 국제항공여객 운송시장의 CO2 배출 시공간 패턴 분석,박용하(전북대학교),2023,한국지도학회지,kor,ERR,,,run1:없음,"has_community=True role_relevant=False env_relevant=False | 이 논문은 팬데믹 전후 국제항공여객 운송시장의 CO2 배출량과 배출 효율성을 노선·기종 기준으로 분석하는 환경·교통 연구로서, 온라인 커뮤니티를 분석 대상으로 삼지 않으며 커뮤니티의 역할이나 환경 조건도 다루지 않는다.","이 논문은 팬데믹 전후 국제항공여객 운송시장의 CO2 배출량과 배출 효율성을 노선·기종 기준으로 분석하는 환경·교통 연구로서, 온라인 커뮤니티를 분석 대상으로 삼지 않으며 커뮤니티의 역할이나 환경 조건도 다루지 않는다.",True,1/1,run1:없음
ART003126349,장소마케팅 관점에서 소셜네트워크 이용행태 유형에 따른 관광지에 대한 관광객 행동의도 차이 분석,정은성(호남대학교 관광경영학과),2024,국토지리학회지,kor,ERR,,,run1:없음,"has_community=True role_relevant=False env_relevant=False | 이 논문은 SNS를 온라인 커뮤니티로 지칭하나, 분석 대상은 관광지를 둘러싼 관광객의 행동의도 차이이며, 커뮤니티 자체의 사회적 역할이나 구조·운영 조건(익명성, 회원제, 생애주기 등)을 분석하지 않고 관광 홍보 수단으로서의 SNS 이용 행태만을 조사하므로, 커뮤니티는 연구의 재료(데이터 소스)로만 기능한다.","이 논문은 SNS를 온라인 커뮤니티로 지칭하나, 분석 대상은 관광지를 둘러싼 관광객의 행동의도 차이이며, 커뮤니티 자체의 사회적 역할이나 구조·운영 조건(익명성, 회원제, 생애주기 등)을 분석하지 않고 관광 홍보 수단으로서의 SNS 이용 행태만을 조사하므로, 커뮤니티는 연구의 재료(데이터 소스)로만 기능한다.",True,1/1,run1:없음
ART002978874,놀이로서의 정치?: #멸공 챌린지와 온라인 커뮤니티 내 익명성의 문제,김용현(서울대학교 사회학과),2023,비교문화연구,kor,OK,,ENV_ONLINE_ANNONIMITY,run1:없음,has_community=True role_relevant=True env_relevant=True | 이 논문은 에펨코리아를 정치적 발화가 이루어지는 '장'으로 삼아(ROLE_FIELD_PUBLICSPHERE) 익명성이라는 커뮤니티의 구조적 조건(ENV_ANONYMITY)이 진지한 정치 담론과 놀이의 연행에 어떻게 위상학적 조건을 생성하는지를 분석한다.,"[ROLE] 이 논문은 #멸공 챌린지라는 외부 정치적 사건을 계기로 에펨코리아 내부의 익명성·이중 재현 구조가 '진지한 정치 담론'과 '놀이의 재현'을 양립시키는 고유한 발화 양태를 생성하는지를 분석하므로, 커뮤니티의 내부 구조(FIELD)와 정치적 담론이라는 외부 현상(WINDOW_MISC)이 교차하나, 공론장 기능의 검증이나 정치 양극화 포착으로까지 확장되지 않아 어느 한 코드도 0.5를 넘기지 못한다. | [ENV] 본 연구는 에펨코리아의 완전 익명 공간과 인스타그램·담론장이라는 비익명 공간 사이의 '이중 재현'을 통해 익명성이라는 구조적 조건이 정치적 발화 양태(관조와 몰입의 모호성, 측정 불가능성)를 어떻게 구성하는지를 분석 대상으로 삼고 있으므로 ENV_ONLINE_ANNONIMITY를 부여하되, 익명성 수준 간 체계적 비교가 아닌 단일 익명 공간의 조건 효과를 중심으로 다루어 0.6으로 제한한다.",True,0/1,run1:ENV_ONLINE_ANNONIMITY
ART001174270,온라인 커뮤니티에서 개인의 참여 동기와 사회적 영향 요인이 몰입에 미치는 영향,이문봉(동의대학교),2005,정보시스템연구,eng,ERR,,,run1:없음,"has_community=True role_relevant=True env_relevant=False | 이 논문은 온라인 커뮤니티 내 참여 동기와 사회적 영향 요인이 사용자의 태도적·행동적 헌신에 미치는 영향을 분석하여, 커뮤니티를 관계 형성과 참여가 이루어지는 사회 공간(장)으로서의 역할을 조명하되, 커뮤니티의 구조적·환경적 조건(회원제, 익명성, 운영 방침 등) 자체를 변수로 다루지는 않는다.","[ROLE] 본 논문은 온라인 커뮤니티 내 개인의 참여 동기(TAM 변수)와 사회적 영향이 태도적·행동적 충성도에 미치는 영향을 실증 분석하는 것으로, 공론장 검증이나 이용자 간 관계적 자원(신뢰·연대·네트워크)의 형성·효과를 다루지 않으며, 외부 사회현상을 보여주는 창으로도 기능하지 않아 6개 코드 모두 미부여로 판단된다.",True,1/1,run1:없음
ART001589977,온라인 브랜드 커뮤니티 몰입이 브랜드 충성도에 미치는 영향,곽기영(국민대학교),2011,한국경영과학회지,kor,OK,ROLE_FIELD_SOCIALCAPITAL,,run1:없음,"has_community=True role_relevant=True env_relevant=False | 이 논문은 브랜드 온라인 커뮤니티라는 공간 자체가 브랜드 충성도를 형성하는 '장'으로 조명하고 있으나, 회원제·운영·제재·익명성 등 커뮤니티의 구조적·환경적 운영 조건에 따른 차이·비교를 다루지 않으므로 env_relevant는 false이다.","[ROLE] 이 논문은 온라인 브랜드 커뮤니티 공간 내에서 상호작용·목적·놀이성·보상이라는 4요인이 커뮤니티 충성도(commitment)를 형성하고 브랜드 충성도로 이어지는 과정을 사회적 정체성 이론으로 분석하며, 커뮤니티 안의 이용자 간 관계적 자원(참여·소속·충성)의 형성을 조명하는 장(FIELD)으로서의 역할을 다룬다.",True,0/1,run1:ROLE_FIELD_SOCIALCAPITAL
ART001208597,온라인 커뮤니티 의식 측정을 위한 척도 개발,임언석(오리콤 브랜드전략연구소),2007,마케팅연구,kor,ERR,,,run1:없음,"has_community=True role_relevant=True env_relevant=False | 이 논문은 온라인 커뮤니티 의식(SOC)을 오프라인 의식과 구별되는 개념으로 파악하고 해당 척도를 개발하는 것을 목적으로 하므로, 온라인 커뮤니티를 소속감·감정적 유대·욕구 충족·flow를 형성하는 사회 공간으로서의 '장'으로 조명한다(ROLE), 그러나 회원제 유무·익명성·운영 방침 등 구조적·환경적 조건을 변수로 삼아 차이·비교·변화를 분석하지는 않는다(ENV 불충분).","[ROLE] 본 논문은 온라인 커뮤니티 의식(SOC) 척도 개발을 목표로 회원소속감·감정적 연결 등 관계적 차원을 다루나, 실질적 관계 자원 분석이 아닌 측정 도구 제작에 머물러 6개 코드 중 어느 하나도 0.5를 넘기지 못한다.",True,1/1,run1:없음
ART001712583,온라인 쇼핑몰에서 라이프스타일 유형이 커뮤니티활동과 고객관계형성에 미치는 영향,문승제(건국대학교),2012,상업경영연구,kor,ERR,,,run1:없음,"has_community=True role_relevant=False env_relevant=False | 이 논문은 인터넷쇼핑몰 맥락에서 라이프스타일 유형이 커뮤니티활동과 고객관계 형성에 미치는 영향을 실증적으로 검증하는 마케팅 연구로, 온라인 커뮤니티는 고객관계 형성에 이르는 매개 변수(수단)로만 사용될 뿐 커뮤니티 공간의 사회적 역할(창/장)이 분석 대상이 아니며, 회원제·운영 방식·익명성 등 구조적·환경적 조건도 다루지 않는다.","이 논문은 인터넷쇼핑몰 맥락에서 라이프스타일 유형이 커뮤니티활동과 고객관계 형성에 미치는 영향을 실증적으로 검증하는 마케팅 연구로, 온라인 커뮤니티는 고객관계 형성에 이르는 매개 변수(수단)로만 사용될 뿐 커뮤니티 공간의 사회적 역할(창/장)이 분석 대상이 아니며, 회원제·운영 방식·익명성 등 구조적·환경적 조건도 다루지 않는다.",True,1/1,run1:없음
ART001563874,온라인 커뮤니티에서 자기결정성이 현실감과 몰입에 미치는 영향,권두순(서강대학교),2011,정보시스템연구,kor,ERR,,,run1:없음,"has_community=True role_relevant=False env_relevant=False | 이 논문은 자결이론의 자율성·유능감·관계성 변수가 내적 동기·몰입·신뢰·충성도에 미치는 인과관계를 일반 심리학적 맥락에서 분석할 뿐, 온라인 커뮤니티를 분석 대상이나 연구 재료로 삼지 않으므로 커뮤니티 존재 여부가 성립하지 않는다.","이 논문은 자결이론의 자율성·유능감·관계성 변수가 내적 동기·몰입·신뢰·충성도에 미치는 인과관계를 일반 심리학적 맥락에서 분석할 뿐, 온라인 커뮤니티를 분석 대상이나 연구 재료로 삼지 않으므로 커뮤니티 존재 여부가 성립하지 않는다.",True,1/1,run1:없음
ART001513501,통합적 마케팅커뮤니케이션 도구로써 온라인 브랜드 커뮤니티의 역할,강용수(울산과학대학),2010,경영과 정보연구,kor,OK,ROLE_WINDOW_MISC,,run1:없음,"has_community=True role_relevant=True env_relevant=False | 이 논문은 온라인 브랜드커뮤니티가 브랜드 충성도를 형성하는 공간으로서의 사회적 역할(광고·구전·신뢰를 매개로 한 IMC 도구)을 분석 대상으로 삼아 '장'으로 조명하나, 회원제·익명성·운영 방침 등 구조적·환경적 조건에 따른 차이·비교·변화를 분석하지 않으므로 env_relevant는 false이다.","[ROLE] 이 논문은 온라인 브랜드커뮤니티를 광고·구전·다이렉트마케팅을 포용하는 IMC '도구'로 위치시키고, 궁극적으로 브랜드 충성도라는 마케팅 현상을 설명하는 메카니즘을 규명하는 것이므로, 커뮤니티 공간 자체의 역할이 아니라 커뮤니티를 매개로 한 외부 마케팅·브랜드 충성 현상을 보여주는 창(WINDOW_MISC)으로 분류된다.",True,0/1,run1:ROLE_WINDOW_MISC
ART001700943,온라인 커뮤니티에서의 지식공유행동의 동기요인에 관한 연구,김유경(신라대학교),2012,경영과 정보연구,kor,ERR,,,run1:없음,"has_community=True role_relevant=True env_relevant=False | 이 논문은 YF소나타·Sony디카 브랜드 커뮤니티를 지식공유 행동이 발생하는 '장'으로 설정하여 회원들의 지식공유 동기요인을 분석하므로 커뮤니티의 사회적 역할을 조명하나, 회원제·익명성·운영 방침 등 구조적·환경적 조건에 따른 비교·차이 분석은 다루지 않으므로 env_relevant는 false이다.","[ROLE] 본 연구는 온라인 커뮤니티를 지식공유 동기 요인을 탐구하는 자료원으로 활용하며, 신자유주의적 개인 동기(과시욕구, 인지도, 즐거움 등)를 중심으로 개별 이용자들의 심리적 동기를 규명하는 데 초점을 두어, 커뮤니티 공간 내부의 관계적 자원이나 공론장 역할보다는 지식공유 행동이라는 일반적 사회·심리 현상을 관찰하는 창(WINDOW_MISC)에 가까우나, 오프라인 동호회로도 대체 가능한 동기 요인 연구이므로 FIELD 계열보다 WINDOW 계열이 우세하나 0.5 미만으로 미부여한다.",True,1/1,run1:없음
ART002247973,온라인 커뮤니티 혜택이 참여도와 공동구매의도에 미치는 영향과 집단주의의 조절효과에 대한 연구,박찬권(경북대학교),2017,고객만족경영연구,kor,ERR,,,run1:없음,"has_community=True role_relevant=True env_relevant=False | 이 논문은 온라인 커뮤니티의 기능적·사회적·쾌락적 혜택이 참여도와 공동구매 의도에 미치는 영향을 분석하여, 커뮤니티를 집단적 소비와 사회적 상호작용을 매개하는 '장'으로서의 사회적 역할을 조명하나, 회원제·제재·익명성·생애주기 등 구조적·환경적 조건에 따른 차이나 비교를 다루지 않으므로 env_relevant는 false이다.","[ROLE] 본 연구는 온라인 커뮤니티가 제공하는 기능적·사회적·쾌락적 혜택이 참여도와 공동구매 의도에 미치는 영향을 정량적으로 검증하는 소비자 행동 연구로, 커뮤니티 공간을 장(FIELD)으로 삼고 있으나 공론장 기능이나 이용자 간 관계적 자원 형성을 직접 검증하지 않아 6개 코드 중 어느 하나도 부여 기준에 미치지 못한다.",True,1/1,run1:없음
ART001406357,온라인 브랜드 커뮤니티 애착의 영향요인과 결과변수에 관한 연구,김유경(신라대학교),2009,고객만족경영연구,kor,OK,ROLE_FIELD_SOCIALCAPITAL,,run1:없음,"has_community=True role_relevant=True env_relevant=False | 이 논문은 브랜드에 대한 공통 관심으로 형성된 온라인 브랜드 커뮤니티 자체의 사회적 역할(브랜드 애착·애호도 형성의 '장')을 분석 대상으로 삼되, 회원제·익명성·생애주기·운영 방침 등 구조적·환경적 조건을 비교·대조하는 논의는 포함하지 않는다.","[ROLE] 이 논문은 온라인 브랜드 커뮤니티라는 공간 안에서 이용자 간 상호작용성·친밀감·관계지향성 등 관계적 자원의 형성과 그 효과가 커뮤니티·브랜드 애착에 미치는 영향을 분석하므로, 장으로서의 사회자본 형성·효과를 다루는 ROLE_FIELD_SOCIALCAPITAL에 해당한다.",True,0/1,run1:ROLE_FIELD_SOCIALCAPITAL
ART001672525,온라인커뮤니티에서 공부와 게임의 재미와 플로우 관계,권순재(대구대학교),2012,정보시스템연구,kor,ERR,,,run1:없음,"has_community=True role_relevant=False env_relevant=False | 이 논문은 온라인 커뮤니티를 학습·게임 활동의 장소로서만 설정하고, 개인의 몰입(flow)·쾌감·만족 등 심리 상태를 분석할 뿐, 커뮤니티의 사회적 역할(창/장)이나 구조적·환경적 조건(회원제, 익명성, 운영 방침 등)을 어떠한 형태로도 고려하지 않는다.","이 논문은 온라인 커뮤니티를 학습·게임 활동의 장소로서만 설정하고, 개인의 몰입(flow)·쾌감·만족 등 심리 상태를 분석할 뿐, 커뮤니티의 사회적 역할(창/장)이나 구조적·환경적 조건(회원제, 익명성, 운영 방침 등)을 어떠한 형태로도 고려하지 않는다.",True,1/1,run1:없음
ART002843579,고령자 1인 가구의 디지털 리터러시와 온라인 커뮤니티 및 사회참여: MZ세대 및 고령자 1인-다인 가구 집단 비교를 중심으로,박노일(차의과학대학교),2022,한국소통학보,kor,ERR,,,run1:없음,"has_community=False role_relevant=False env_relevant=False | 이 논문은 디지털 리터러시와 사회참여 활동 간의 인과 모형에서 '온라인 커뮤니티 참여'를 행동 변수·매개변수로 사용하여 세대·가구 유형 간 격차를 분석하는 것으로, 온라인 커뮤니티 자체의 구조·역할·운영 조건을 분석 대상으로 삼지 않는다.","이 논문은 디지털 리터러시와 사회참여 활동 간의 인과 모형에서 '온라인 커뮤니티 참여'를 행동 변수·매개변수로 사용하여 세대·가구 유형 간 격차를 분석하는 것으로, 온라인 커뮤니티 자체의 구조·역할·운영 조건을 분석 대상으로 삼지 않는다.",True,1/1,run1:없음
ART001926218,"온라인 공동체 규범인식과 몰입이 운영방식 만족, 지각된 가치, 오프라인 모임의 참여에 미치는 영향관계",임종섭(서강대학교),2014,한국언론학보,kor,ERR,,,run1:없음,"has_community=True role_relevant=True env_relevant=True | 이 논문은 온라인 공동체를 규범·몰입·운영방식 만족·지각된 가치 등 내부 역학이 작동하는 '장'으로 조명하는 동시에, 공동체가 운영하는 규범과 운영방식이라는 구조적 조건이 이용자들의 만족과 지각된 가치에 미치는 영향을 SEM으로 구조적으로 분석하여 그 조건에 따른 차이 관계를 드러내고 있으므로 role과 env 모두 해당한다.","[ROLE] 본 연구는 온라인 공동체 공간 내부의 규범·몰입·운영방식 만족·지각된 가치 등 이용자 인식 구조를 SEM으로 분석하는 FIELD 계열이나, 공론장 검증도 이용자 간 관계적 자원(신뢰·연대·네트워크)의 형성·효과도 명시적으로 다루지 않으므로 6개 코드 모두 미부여. | [ENV] 규범·운영방식 만족을 SEM 변인으로 다루고 있으나 특정 운영체계(삭제·제재·신고·투표 등)를 비교·분석하지 않고 일반적 인식을 측정하는 데 그치며, 나머지 세 코드에 해당하는 근거는 전무하여 4개 코드 모두 미부여로 판단한다.",True,1/1,run1:없음
ART001830333,온라인-오프라인 자기개방이 공동체 소속감과 행복감에 미치는 영향:수평적 집단주의와 수직적 집단주의의 비교,김소정(고려대학교),2013,사이버커뮤니케이션학보,kor,ERR,,,run1:없음,"has_community=False role_relevant=False env_relevant=False | 이 논문은 SNS를 온라인 대인관계의 일반적인 매체로 언급할 뿐, 공통의 관심사나 목적을 가진 사용자가 지속적 상호작용을 하는 특정 온라인 커뮤니티를 분석 대상으로 삼지 않으며, 오프라인·온라인을 비교 변수로 사용하는 대인관계의 심리·문화적 연구이다.","이 논문은 SNS를 온라인 대인관계의 일반적인 매체로 언급할 뿐, 공통의 관심사나 목적을 가진 사용자가 지속적 상호작용을 하는 특정 온라인 커뮤니티를 분석 대상으로 삼지 않으며, 오프라인·온라인을 비교 변수로 사용하는 대인관계의 심리·문화적 연구이다.",True,1/1,run1:없음
ART001059754,원천 기업에 대한 개인 커뮤니티 몰입과 도덕적 책임감의 역할에 관한 연구,최낙환(전북대학교),2007,소비문화연구,kor,ERR,,,run1:없음,"has_community=True role_relevant=False env_relevant=False | 이 논문은 블로그·미니홈피 등 개인 커뮤니티를 기업 충성도와 도덕적 책임감을 매개하는 마케팅 채널로 위치시켜 소비자 반응을 분석하므로, 커뮤니티 자체의 사회적 역할(창/장)이나 구조적·운영적 조건(회원제, 익명성, 제재 방식 등)을 독립적 분석 대상으로 삼지 않는다.","이 논문은 블로그·미니홈피 등 개인 커뮤니티를 기업 충성도와 도덕적 책임감을 매개하는 마케팅 채널로 위치시켜 소비자 반응을 분석하므로, 커뮤니티 자체의 사회적 역할(창/장)이나 구조적·운영적 조건(회원제, 익명성, 제재 방식 등)을 독립적 분석 대상으로 삼지 않는다.",True,1/1,run1:없음
ART001867293,온라인커뮤니티 특성에 의한 관계품질이 충성도에 미치는 영향: 커피 전문점을 중심으로,박경태(가야대학교),2014,관광연구저널,kor,ERR,,,run1:없음,"has_community=True role_relevant=True env_relevant=False | 이 논문은 커피 브랜드의 온라인 커뮤니티를 고객 관계 구축과 충성도 형성을 위한 '장'으로 분석 대상 삼아 커뮤니티 특성이 관계질에 미치는 역할을 조명(role)하나, 회원제·제재·생애주기·익명성 등 커뮤니티의 구조적·환경적 운영 방침을 조건으로 비교·분석하지는 않으므로 env_relevant는 false이다.","[ROLE] 본 논문은 커피 브랜드 온라인 커뮤니티의 특성(상호작용성, 정보제공성, 명성, 즐거움)이 고객-브랜드 간 신뢰·만족·충성도에 미치는 영향을 실증 분석한 마케팅·고객관계관리 연구로, 커뮤니티 공간 자체의 관계를 다루긴 하나 그 관계의 당사자가 이용자 간이라기보다 고객-브랜드 간이므로 SOCIALCAPITAL에 근접하나 0.5 미만에 그치고, 공론장·양극화·젠더·혐오·기타 창 역할은 전혀 해당하지 않는다.",True,1/1,run1:없음
ART002667545,UGC(User Generated Contents)형 온라인 여행 커뮤니티의 사이트 특성과 정보 특성이 관광목적지 방문의도에 미치는 영향 : 중국 ‘샤오홍슈’ 애플리케이션을 중심으로,김현지(경희대학교 대학원),2020,관광연구,kor,ERR,,,run1:없음,"has_community=True role_relevant=True env_relevant=True | 이 논문은 온라인 여행 커뮤니티를 구전정보 전달 채널로서 분석 대상으로 삼아(장), 커뮤니티의 구조적 조건인 상호작용성·용이성·지각된 즐거움(ENV)이 정보의 신뢰와 유용성에 미치는 영향을 실증적으로 비교·검증한다.","[ROLE] 본 연구는 온라인 여행 커뮤니티의 사이트 특성(상호작용성·용이성·즐거움)과 정보 특성, 제공자-수용자 간 동질성이 정보 신뢰와 관광 의사결정에 미치는 영향을 분석하는 것으로, 커뮤니티 공간 자체의 기능적 속성을 다루지만 공론장 검증이나 이용자 간 관계적 자원 형성이라는 FIELD 코드의 핵심 기준에는 부합하지 않으며, 동시에 '관광객 의사결정'이라는 외부 현상을 창으로 보기는 하나 커뮤니티의 구조적 속성이 독립변수로 작동하므로 WINDOW 판정도 확신하기 어려운, 6개 코드 모두에 미부여에 가까운 경계적 논문이다. | [ENV] 본 연구는 온라인 여행 커뮤니티를 구전정보 전달 채널로서 그 사이트 특성(상호작용성·용이성·지각된 즐거움)과 정보 특성, 동질성이 신뢰·유용성에 미치는 영향을 분석하는 것으로, 커뮤니티의 회원제 차이·운영 체제·생애주기·익명성 비교를 다루지 않으므로 4개 ENV 코드 모두 미부여이다.",True,1/1,run1:없음
ART002260451,항공사 승무원 취업 온라인 커뮤니티 몰입이 구직효능감 및 구직활동에 미치는 영향,고민환(경희사이버대학교 호텔관광대학원 관광레저항공MBA),2017,관광연구저널,kor,OK,ROLE_WINDOW_MISC,,run1:없음,"has_community=True role_relevant=True env_relevant=True | 이 논문은 항공사 승무원 취업 준비생들이 상호작용하는 온라인 커뮤니티를 분석 대상으로 삼아, 커뮤니티의 구조적 특성(인터페이스, 정보서비스, 상호작용, 신뢰도)이 회원의 몰입과 구직효능·구직활동에 미치는 영향을 검증함으로써 커뮤니티 공간의 사회적 역할(장)과 그 환경적 조건(구조적 특성)을 동시에 조명한다.","[ROLE] 이 논문은 항공사 승무원 취업 준비생이라는 외부 집단의 구직 효능감·구직활동이라는 사회현상을 온라인 커뮤니티의 특성(인터페이스, 정보서비스, 상호작용, 신뢰도)과 몰입을 매개로 살펴보는 창(WINDOW_MISC)으로 활용한다. | [ENV] 본 연구는 승무원 취업 커뮤니티의 일반적 특성(인터페이스, 정보서비스, 상호작용, 신뢰도)과 몰입이 구직효능감·구직활동에 미치는 영향만을 횡단면 설문으로 다루며, 회원제·운영체계·커뮤니티 생애주기·익명성 수준 중 어느 하나도 다른 조건과 비교·대조하는 분석을 포함하지 않으므로 4개 코드 모두 미부여이다.",True,0/1,run1:ROLE_WINDOW_MISC
ART001167401,"온라인 커뮤니티 이용자 몰입에 관한 연구- 온라인 커뮤니티 신뢰, 태도, 몰입간의 관계를 중심으로-",이국용(전주대),2005,산업경제연구,kor,ERR,,,run1:없음,"has_community=True role_relevant=True env_relevant=True | 이 논문은 온라인 커뮤니티의 구조적 특성(친밀감, 상호작용성, 놀이성, 편리성, 명성, 컨텐츠)을 도출하여 각 조건이 사용자 신뢰·태도·몰입에 미치는 차등적 영향을 비교·분석함으로써, 커뮤니티라는 공간의 구조적 환경(ENV)과 이용자 몰입을 매개하는 사회적 역할(ROLE)을 동시에 조명한다.","[ROLE] 본 연구는 온라인 커뮤니티의 플랫폼 특성(상호작용성·놀이성·컨텐츠 등)이 사용자 신뢰·태도를 매개로 이용자 몰입에 미치는 영향을 실증적으로 검증하는 UX·마케팅 성격의 연구로, 공론장 기능 검증이나 이용자 간 관계적 자원 분석이 아니며, 외부 사회현상을 보여주는 창으로서의 역할도 뚜렷하지 않아 6개 코드 모두 미부여로 판단된다. | [ENV] 본 연구는 온라인 커뮤니티의 친밀감·상호작용성·놀이성·편리성·명성·컨텐츠 등 여섯 가지 구조적 특성이 사용자 신뢰와 태도를 경유하여 몰입에 미치는 영향력을 실증적으로 검증하는 것이지, 회원제·운영체계·생애주기·익명성 중 어느 하나의 조건에 따른 결과 차이·비교·변화를 분석하는 것이 아니므로 4개 ENV 코드 모두 미부여로 판단한다.",True,1/1,run1:없음
ART001433712,네트노그라피를 활용한 소비자의 온라인 소비자 커뮤니티 참여행동 분석,최아영(서울대학교),2010,소비자학연구,kor,OK,ROLE_FIELD_SOCIALCAPITAL,,run1:없음,"has_community=True role_relevant=True env_relevant=False | 이 논문은 소비자를 중심으로 자발적으로 형성된 온라인 소비자 커뮤니티를 정보원천 및 집단적 소비자 행동을 가능하게 하는 사회적 매개체라는 '장'으로서의 역할을 분석 대상으로 삼고 있으나, 회원제·익명성·운영 방침 등 구조적 환경 조건에 따른 차이나 비교를 다루지는 않는다.","[ROLE] 본 연구는 온라인 소비자 커뮤니티라는 공간 안에서 소비자의 참여행동(정보·표현·관계)과 이용자 유형화를 분석하는 것으로, 공간 자체의 참여 구조를 다루되 공론장 검증이나 관계적 자원의 효과 분석까지 깊이 다루지 않아 FIELD 계열 어느 코드도 명확히 부여되지 않는다.",True,0/1,run1:ROLE_FIELD_SOCIALCAPITAL
ART001498881,대학의 온라인 커뮤니티 특성이 커뮤니티 몰입과 재이용의도에 미치는 영향에 관한 연구,이항(가천의과학대학교),2010,e-비즈니스연구,kor,ERR,,,run1:없음,"has_community=True role_relevant=True env_relevant=False | 이 논문은 대학 온라인 커뮤니티라는 공간 자체에서 학생의 몰입·만족·재이용의도가 어떻게 형성되는지를 분석 대상으로 삼아 커뮤니티를 '장'으로 조명하나, 상호작용성과 정보제공성은 커뮤니티의 기능적 속성으로서의 변수이므로 회원제·제재·익명성·생애주기 등 운영 방침 차원의 구조적·환경적 조건을 비교·분석하는 것은 아니다.","[ROLE] 본 연구는 대학 온라인 커뮤니티의 상호작용성·정보제공성이 학생의 몰입·만족·재이용의도에 미치는 영향을 SEM으로 검증한 정보시스템·마케팅 관점의 연구로, 온라인 커뮤니티를 이용자가 참여하는 '장'으로 다루지만 공론장 기능의 검증도 이용자 간 관계적 자원(신뢰·연대·네트워크)의 분석도 아니며, 외부 사회현상을 보여주는 '창'도 아니어서 6개 코드 모두 미부여에 그친다.",True,1/1,run1:없음
ART001219520,온라인 커뮤니티 특성이 성과에 미치는 영향 연구,문영주(우송대학교),2007,e-비즈니스연구,kor,ERR,,,run1:없음,"has_community=True role_relevant=True env_relevant=False | 이 논문은 온라인 커뮤니티를 충성도와 구매의도라는 성과 형성을 매개하는 '장'으로 조명하나, 커뮤니티 명성·사회적 실재감·즐거움·상호작용성 등은 정의에 명시된 운영·제재 방식, 익명성, 생애주기 등 구조적·환경적 조건이 아니므로 env_relevant는 false이다.","[ROLE] 본 논문은 온라인 커뮤니티의 명성·사회적 실재감·상호작용성 등 공간 내부 특성이 이용자 충성도와 구매의도에 미치는 영향을 검증하는 마케팅·소비자 행동 연구로, 커뮤니티 공간 자체를 분석 대상(FIELD)으로 삼으나 공론장 검증도 이용자 간 관계적 자원(사회자본) 분석도 아니며, 궁극적 목적이 기업 수익성 중심 마케팅 전략 제시이므로 6개 코드 중 어느 하나에도 명확히 부합하지 않는다.",True,1/1,run1:없음
ART001594779,온라인 브랜드 커뮤니티에서 가치적합성이 관계품질과 충성도에 미치는 영향,김정희(제주대학교),2011,유통경영학회지,kor,ERR,,,run1:없음,"has_community=True role_relevant=True env_relevant=False | 이 논문은 온라인 브랜드 커뮤니티를 기업-소비자 간 관계 형성과 브랜드 충성도 향상의 '장'으로 조명하나(ROLE_FIELD), 회원제·운영 방식·익명성·생애주기 등 구조적·환경적 조건에 따른 차이·비교·변화를 분석하지 않으므로 ENV는 해당하지 않는다.","[ROLE] 본 논문은 온라인 브랜드 커뮤니티 내에서 가치적합성→신뢰→충성도 경로로 브랜드-소비자 관계 품질을 검증하는 마케팅 연구로서, 관계적 자원(신뢰·충성도)을 다루나 그것이 이용자 간 연결이 아닌 브랜드-소비자 간 관계이므로 SOCIALCAPITAL 적용이 제한되며, 브랜드 충성도라는 외부 현상을 커뮤니티가 매개로 보여주기는 하나 온라인 커뮤니티 공간 자체의 고유한 사회역할을 분석하기보다 특정 브랜드 커뮤니티의 기능 검증에 머물러 WINDOW_MISC에 가까우나 0.5 미만으로 미부여한다.",True,1/1,run1:없음
ART001027606,온라인 커뮤니티 결정요인이 재방문의도에 미치는 영향 연구,문영주(협성대학교),2006,e-비즈니스연구,kor,OK,ROLE_FIELD_SOCIALCAPITAL,,run1:없음,"has_community=True role_relevant=True env_relevant=False | 이 논문은 마케팅·전자상거래 도구로서의 온라인 커뮤니티 공간이 사회적 실재감·즐거움·몰입·신뢰를 매개로 재방문 의도에 미치는 영향을 분석함으로써, 커뮤니티를 사용자 참여와 신뢰 형성을 위한 '장'으로 조명하나, 회원제·운영 방침·익명성 등 구조적·환경적 조건의 비교나 차이를 다루지 않는다.","[ROLE] 이 논문은 온라인 커뮤니티 공간 내에서 사회적 실재감이 커뮤니티 신뢰라는 관계적 자원의 형성에 미치는 영향을 분석하여, 커뮤니티가 이용자 간 신뢰·연대라는 사회자본을 형성하는 장(ROLE_FIELD_SOCIALCAPITAL)으로서 기능하는지 조명한다.",True,0/1,run1:ROLE_FIELD_SOCIALCAPITAL
ART001284003,온라인 포털사이트 커뮤니티와 고객충성도에 관한 실증분석,이제홍(조선대학교),2008,e-비즈니스연구,kor,ERR,,,run1:없음,"has_community=True role_relevant=False env_relevant=False | 이 논문은 포털 사이트의 온라인 커뮤니티 관리 활동과 충성도 간 관계에서 커뮤니티 의식의 매개 효과를 분석하는 마케팅·충성도 연구로, 커뮤니티는 사이트의 기능적 구성요소로서 충성도 변수에 종속되어 활용될 뿐, 그 자체의 사회적 역할(창·장)이나 구조적·환경적 조건(회원제, 익명성, 운영 방침 등)의 차이를 비교·분석하지 않는다.","이 논문은 포털 사이트의 온라인 커뮤니티 관리 활동과 충성도 간 관계에서 커뮤니티 의식의 매개 효과를 분석하는 마케팅·충성도 연구로, 커뮤니티는 사이트의 기능적 구성요소로서 충성도 변수에 종속되어 활용될 뿐, 그 자체의 사회적 역할(창·장)이나 구조적·환경적 조건(회원제, 익명성, 운영 방침 등)의 차이를 비교·분석하지 않는다.",True,1/1,run1:없음
ART001758862,성소수자들의 공간 전유와 커뮤니티 만들기: 이태원 소방서 골목 사례 연구,한유석(전북대학교 문화인류학과 박사과정),2013,서울도시연구,kor,ERR,,,run1:없음,"has_community=False role_relevant=False env_relevant=False | 이 논문의 분석 대상은 이태원 소방서 골목의 오프라인 성소수자 커뮤니티 공간이며, 온라인 커뮤니티는 이 오프라인 커뮤니티 형성에 기여한 세 가지 원인 중 하나로만 일문 언급되어 있을 뿐, 그 자체의 구조·운영·역할이 분석 대상이 아니다.","이 논문의 분석 대상은 이태원 소방서 골목의 오프라인 성소수자 커뮤니티 공간이며, 온라인 커뮤니티는 이 오프라인 커뮤니티 형성에 기여한 세 가지 원인 중 하나로만 일문 언급되어 있을 뿐, 그 자체의 구조·운영·역할이 분석 대상이 아니다.",True,1/1,run1:없음
ART001663431,아파트 온라인 커뮤니티 특성과 충성도 간의 관계에 대한 연구,최용길(경기대학교),2012,부동산학보,kor,ERR,,,run1:없음,"has_community=True role_relevant=True env_relevant=False | 아파트 온라인 커뮤니티를 브랜드 충성도 형성을 위한 공간(장)으로 분석하는 연구이나, 상호작용·정보제공·경험제공이라는 기능적 특성을 분류할 뿐 회원제·제재·익명성 등 구조적·환경적 조건에 따른 차이·비교·변화를 다루지 않는다.","[ROLE] 본 논문은 아파트 온라인 커뮤니티의 특성(상호작용·정보제공·경험제공)이 브랜드 충성도에 미치는 영향을 설문조사로 분석한 마케팅 연구로, 공론장·사회자본·양극화·젠더·혐오·기타 사회현상 중 어느 한 코드에도 0.5 이상으로 부합하지 않는다.",True,1/1,run1:없음
ART001299005,프리어나운싱 맥락에서 정보속성이 이중적 구전커뮤니케이션에 미치는 영향 −온라인 커뮤니티를 중심으로−,송용태(선문대학교),2008,산업혁신연구,kor,OK,ROLE_WINDOW_MISC,,run1:없음,"has_community=True role_relevant=True env_relevant=False | 이 논문은 신제품 프리어나운싱 맥락에서 온라인 커뮤니티를 고객관계 구축의 수단이자 내적·외적 구전 커뮤니케이션이 일어나는 '장'으로 분석 대상 삼고 있으나, 회원제·익명성·운영 방침 등 커뮤니티의 구조적·환경적 조건을 고려하지 않으므로 env_relevant는 false이다.","[ROLE] 이 논문은 신제품 프리어나운싱 상황에서의 소비자 구전(WOM) 행동을 연구 대상으로 삼고, 온라인 커뮤니티를 그 행동을 관찰하는 데이터 소스(창)로 활용하므로, 외부에 실체가 있는 마케팅·소비자 행동 현상을 보여주는 WINDOW_MISC에 해당한다.",True,0/1,run1:ROLE_WINDOW_MISC
